{"type": "FeatureCollection", "name": "Nyamukau site 2", "features": [{"type": "Feature", "properties": {"OBJECTID": 2, "Id": 2, "gridcode": 2, "Name": "Nyamukau site 2"}, "geometry": {"type": "Polygon", "coordinates": [[[30.29096326013352, 1.5316408319818524], [30.29070592993573, 1.531812940629138], [30.29061929986541, 1.5318725100062531], [30.290583260581258, 1.531898302088837], [30.290548046709407, 1.5319245001997666], [30.290513854790422, 1.5319513803826246], [30.290481105197113, 1.5319792164928185], [30.29045036438345, 1.5320083760706955], [30.29042238551983, 1.532039346032082], [30.29039815703695, 1.5320727631825701], [30.29037866386292, 1.532108686546734], [30.290362762087007, 1.5321469280367688], [30.29034947108515, 1.5321868257944722], [30.290338088759427, 1.532227886579223], [30.29032813595693, 1.5322697448737337], [30.290319315492134, 1.5323121299271165], [30.290311484640487, 1.53235483959108], [30.290304639822637, 1.5323977196432], [30.290298912376315, 1.5324406473533987], [30.290294574582607, 1.5324835182069563], [30.290292055330674, 1.5325262348859974], [30.290291964849814, 1.5325686978099071], [30.290295127679006, 1.5326107967437712], [30.29030197814568, 1.5326514702600456], [30.290311777746627, 1.5326918143614183], [30.29032356740666, 1.5327319513904096], [30.290363390141707, 1.5328522247369234], [30.29037599150539, 1.532892649236233], [30.29038718096878, 1.5329334620240658], [30.29039675687177, 1.5329763181543625], [30.290404581452314, 1.5330196206542257], [30.290411095376765, 1.5330632509974194], [30.290416640130836, 1.5331071188130088], [30.290425801752196, 1.5331953128670337], [30.290436987308954, 1.5333281816599587], [30.29045646395977, 1.5335945330322203], [30.290487027560616, 1.5340391007008543], [30.290494314889905, 1.5341275536341206], [30.290498729509185, 1.5341714609986392], [30.290504008818044, 1.534215007320373], [30.290510541597516, 1.5342580277681552], [30.29051885437078, 1.5343002987039387], [30.290529650520767, 1.534341520884396], [30.290543856771027, 1.5343812994657196], [30.290562207848055, 1.5344192875604807], [30.29058396132094, 1.5344558390388388], [30.290608189388163, 1.5344913523102783], [30.29063418806046, 1.5345261286767629], [30.29066143156613, 1.5345603910608443], [30.29068953433889, 1.5345942991409227], [30.290747299836678, 1.5346614402184728], [30.290806207700765, 1.5347279125658493], [30.29086591786283, 1.5347934358268305], [30.290926857156894, 1.5348569476145044], [30.290958150988796, 1.534887309897799], [30.290990323414963, 1.5349161975743468], [30.291023733698754, 1.5349430234248982], [30.291058856991555, 1.5349670132821862], [30.291096378704868, 1.5349876869868593], [30.291135644651007, 1.5350054760447205], [30.291176177506735, 1.5350211593457672], [30.291217617370638, 1.5350353226689766], [30.291302223235462, 1.535060695015885], [30.291388103244383, 1.5350837401239155], [30.29147461121663, 1.5351053631295772], [30.29177381033688, 1.5351747027958813], [30.291901280363017, 1.5352059112101129], [30.29198525149405, 1.5352293074560392], [30.292026677356834, 1.5352424707507737], [30.292067546864583, 1.5352570977594842], [30.292108488978776, 1.535273824776216], [30.29214885871056, 1.5352920626672437], [30.292188811373574, 1.5353114041875058], [30.292267906261824, 1.5353522456172013], [30.292424609375615, 1.535438014011002], [30.292815179331946, 1.5356573887776972], [30.29289363893896, 1.5357000899571545], [30.29293303781458, 1.5357206194539879], [30.29297261690835, 1.5357402159932751], [30.2930124503254, 1.5357584480299853], [30.293052637668225, 1.5357747270584525], [30.29309331101271, 1.535788261981646], [30.29313464306861, 1.5357980045454578], [30.293176115039003, 1.5358030518470809], [30.293218213514503, 1.5358043804035488], [30.293260754443896, 1.5358029652941527], [30.293303585101263, 1.5357995253401013], [30.293346572147268, 1.535794565975864], [30.29338958977366, 1.5357884121434247], [30.293432507557185, 1.5357812308504804], [30.2934751775039, 1.5357730434216035], [30.293517419679723, 1.535763727569199], [30.293559005785326, 1.535753009378055], [30.29359964005716, 1.5357404452505279], [30.293638936991513, 1.535725393931025], [30.293676395655, 1.5357069790570137], [30.29371230089267, 1.5356839944242775], [30.293746298669596, 1.5356575589588912], [30.293778909797368, 1.5356286321524537], [30.293810528526816, 1.535597936394767], [30.293841449073724, 1.535566007580097], [30.29387188791547, 1.535533237317726], [30.293931903305978, 1.535466215990533], [30.293991356454704, 1.5353982541039621], [30.29437656462463, 1.53495385322516], [30.29443631479368, 1.5348866550567357], [30.294466477807756, 1.53485389471126], [30.29449696935749, 1.534822109578842], [30.29452794395288, 1.5347917717639794], [30.294559613997986, 1.534763531951386], [30.294592267298224, 1.5347382741017717], [30.294626288418286, 1.5347171824549841], [30.294662183973784, 1.5347018213062802], [30.294699208812656, 1.5346936209565056], [30.294737991554875, 1.5346909040658225], [30.294778036330392, 1.534692260907824], [30.294818948732996, 1.5346966229637318], [30.294860408858224, 1.5347031924741685], [30.294902146638417, 1.5347113817619222], [30.29494391907592, 1.534720761531877], [30.29502660260951, 1.5347419057427907], [30.295139612875253, 1.5347734257558265], [30.295174491351013, 1.5347806534185287], [30.295208276468443, 1.5347840052534951], [30.29524077192962, 1.5347816933829515], [30.29527388889113, 1.5347714309844265], [30.295305674450844, 1.534754490978136], [30.29533648861668, 1.5347326203188174], [30.29536660558844, 1.5347071610521175], [30.29539623158529, 1.5346791307141152], [30.295425519778924, 1.5346492911110354], [30.295483500870628, 1.5345862845042517], [30.295569882892462, 1.5344880543566657], [30.295828148908605, 1.5341906100408753], [30.29588418957875, 1.534123914070258], [30.295938255090476, 1.534055877224158], [30.29596403907022, 1.5340209742895907], [30.295988560294987, 1.5339854994521844], [30.296035114757753, 1.5339127608603882], [30.296101525112796, 1.5338011924557668], [30.29623154225122, 1.533576113528402], [30.29627619509179, 1.5335021890899072], [30.296299296412137, 1.533465873569947], [30.296323204848466, 1.5334302353255373], [30.296348226852583, 1.5333955350813437], [30.29637476262391, 1.5333621141766418], [30.296404083533226, 1.5333292380159493], [30.296435009258797, 1.5332977134106882], [30.296467112493044, 1.5332671720449604], [30.2965336625857, 1.53320802230033], [30.29660213440752, 1.533150460846241], [30.296671883231465, 1.5330940869064953], [30.29674297409351, 1.5330393288494804], [30.296779223134337, 1.533012950894635], [30.296816139787353, 1.5329876077278373], [30.29685394201224, 1.5329637056360732], [30.29689291438825, 1.5329417858645493], [30.296931682012726, 1.532923004113863], [30.296971493695004, 1.532906061598338], [30.297012030358786, 1.5328904553497296], [30.297052999390413, 1.532875795777424], [30.29721464882946, 1.5328215567365184], [30.297252193587166, 1.532808270423243], [30.29728713834527, 1.53279486818301], [30.297318319005733, 1.5327812653973907], [30.297344188745036, 1.5327673850851506], [30.297362709122122, 1.5327531564222925], [30.29737025312199, 1.5327424377083037], [30.297371411791286, 1.5327322556977447], [30.29736300773754, 1.5327210898910315], [30.29734557300187, 1.5327115699604457], [30.29732135091576, 1.532703344024435], [30.29729209029241, 1.532696146071294], [30.297265197086617, 1.5326909544811997], [30.297293948941586, 1.5326938941358308], [30.297373279107806, 1.5327007324661541], [30.297412950264576, 1.5327030627459317], [30.29745263454041, 1.5327042589527644], [30.297493186695192, 1.5327040467405524], [30.297533755434433, 1.532702607662558], [30.297574336646036, 1.5327002252419064], [30.297655520750876, 1.5326934235145224], [30.297736704238584, 1.5326846862353116], [30.29781783746528, 1.5326743486323147], [30.297858361431512, 1.532668525855176], [30.297943589219454, 1.5326547631667453], [30.298240899337433, 1.5326015779324647], [30.298324883161055, 1.5325891126559632], [30.298366378109844, 1.5325845739575141], [30.29840734290122, 1.532581844847407], [30.29844756287286, 1.53258165466265], [30.29848675353501, 1.532584967547966], [30.29852454289605, 1.5325930424734662], [30.298560385353046, 1.5326067790156412], [30.298594839934683, 1.532625223314486], [30.298628268144125, 1.5326471423260304], [30.29866094501099, 1.5326715922979621], [30.298693075530473, 1.5326978617210572], [30.298724808349622, 1.5327254231391914], [30.298787456849517, 1.5327830034882193], [30.29887993763649, 1.5328726944937876], [30.29894040704628, 1.5329340065315984], [30.29897157382036, 1.5329667229134345], [30.299063464713498, 1.5330663640319824], [30.299274967243594, 1.5333009184940223], [30.29933589636583, 1.5333669047084708], [30.299366750002527, 1.5333992420242113], [30.29939803998787, 1.5334308483680077], [30.299429962803465, 1.5334613956224312], [30.299462785469625, 1.5334904367211533], [30.299496866092095, 1.5335173711100796], [30.29953267830041, 1.5335414035707267], [30.29956757849191, 1.5335604030493604], [30.299603990538266, 1.533576861209018], [30.29964153734159, 1.533591402867821], [30.299679928930452, 1.5336045041583384], [30.299718946068957, 1.5336165190842268], [30.299798252327754, 1.5336382244254143], [30.29983834271032, 1.5336481913166184], [30.299919126238063, 1.533666594830413], [30.300003886807577, 1.5336837000313175], [30.300215922176992, 1.533723755974122], [30.30029920404058, 1.5337417082240934], [30.30033994900565, 1.5337519960660826], [30.300379746028376, 1.5337636870210545], [30.30041821936344, 1.5337773431851858], [30.30045487247722, 1.53379370536712], [30.30048905729924, 1.533813739330587], [30.30052136957874, 1.5338392181155482], [30.30055105427686, 1.5338686064716156], [30.30057882664704, 1.5339008403149386], [30.300605230494906, 1.5339351120075921], [30.300630675486026, 1.5339708155154375], [30.300655469028413, 1.5340074998649595], [30.300776311782116, 1.5341963646825443], [30.300825817006935, 1.5342713306181872], [30.300851467995706, 1.534308067704747], [30.300878056203757, 1.5343440145729563], [30.300902373806593, 1.5343747474964256], [30.30092753646592, 1.5344047312356297], [30.30095345646184, 1.5344340033499653], [30.300980101746312, 1.5344625484227448], [30.301007495766427, 1.5344902954281345], [30.3010357190909, 1.534517113270345], [30.30106491286407, 1.5345428044561056], [30.301099144264125, 1.5345702583630887], [30.301134474673574, 1.5345964019067557], [30.301170598070076, 1.534621595489405], [30.301244368610575, 1.5346701379656404], [30.30131928188294, 1.5347172488764167], [30.301394795168296, 1.5347635017198051], [30.301509029275827, 1.5348310860323016], [30.301586309312164, 1.534873841604067], [30.301625566090113, 1.5348939534455752], [30.301665601140595, 1.5349130356432403], [30.30170609433702, 1.534931179342246], [30.301787984548497, 1.534965608404304], [30.301870563329693, 1.5349986134747602], [30.302119319781287, 1.5350954137345019], [30.302242866915268, 1.535145287556618], [30.302323946669365, 1.5351808870207653], [30.302363748854734, 1.5352000364976663], [30.302402807504578, 1.5352205462384367], [30.3024403694255, 1.5352423555895809], [30.30247720863574, 1.5352654875709613], [30.302549448238473, 1.535314387659968], [30.30265592332863, 1.535391204998279], [30.30307804825986, 1.535706437289583], [30.30343022437835, 1.535972921531814], [30.303500939928767, 1.536025423936183], [30.30353641579445, 1.536050852052136], [30.303572012956856, 1.5360753026789733], [30.30360777684366, 1.5360982916521555], [30.303643767207078, 1.5361191538519754], [30.303680061673088, 1.5361369881936657], [30.30371675974532, 1.5361505901832404], [30.303753987057682, 1.5361583713146627], [30.303791952715336, 1.5361589848339763], [30.303830246036117, 1.5361534369757737], [30.303868516251537, 1.5361430014736388], [30.30390640077893, 1.5361285068929433], [30.303943500021862, 1.5361103881892364], [30.303979350685356, 1.536088722314466], [30.30401428907473, 1.5360629568629944], [30.304047826665553, 1.536034339323999], [30.304080334447963, 1.536003704914888], [30.304112095114277, 1.5359716689778973], [30.30417417308389, 1.5359050645761088], [30.304356590897616, 1.5357010166258], [30.304387184508784, 1.5356682594813185], [30.30441805315463, 1.5356365888869292], [30.30444933583034, 1.5356065153861462], [30.304481220597197, 1.5355787408174393], [30.304513961148633, 1.5355542196355334], [30.304547896730913, 1.5355342333409059], [30.304583475625066, 1.535520478706475], [30.30462053983185, 1.5355143698240141], [30.30465920737396, 1.5355143395663762], [30.304699043692885, 1.535518741007108], [30.304739718622287, 1.5355263234405894], [30.304780984702305, 1.535536150055622], [30.30482265891118, 1.5355475286020976], [30.304864607701795, 1.5355599546072844], [30.304948972810266, 1.535586606576737], [30.305329758401218, 1.5357115453362054], [30.305541082548128, 1.5357786896828063], [30.305625847211832, 1.535803996464618], [30.30566837463589, 1.535815925098518], [30.30571105562143, 1.5358271209405816], [30.305753949556074, 1.5358373189271814], [30.3057968266553, 1.535846250308556], [30.305883158711985, 1.5358614284291805], [30.3060134316942, 1.5358805799845048], [30.30679760277059, 1.5359833602564072], [30.306928180919297, 1.5360011602165546], [30.307058485446007, 1.5360205941086826], [30.307144934118124, 1.5360355721954988], [30.307273975373743, 1.5360610907590464], [30.307617201751313, 1.5361345195832676], [30.307745957001284, 1.5361611640926476], [30.307831934973642, 1.5361771167140188], [30.307875007098716, 1.5361840190285982], [30.30791816414804, 1.536189820446316], [30.307961437115406, 1.5361941164837654], [30.308005807971142, 1.5361966160304832], [30.308050299202637, 1.5361975547447089], [30.308094878096462, 1.5361973621816403], [30.308184206560288, 1.5361948009559612], [30.30831841914529, 1.5361882873033375], [30.308766402733823, 1.536163787527508], [30.309170310475853, 1.5361443730403486], [30.309259583416427, 1.5361389342253102], [30.309303884705123, 1.536135402537739], [30.30934780597567, 1.5361309490044412], [30.309391172718183, 1.5361251502244782], [30.309433747553623, 1.536117430626984], [30.309475212042756, 1.5361070184357664], [30.309515145001694, 1.536092893182065], [30.309553100867493, 1.5360742834458125], [30.309589533444043, 1.5360519729977882], [30.30962486187681, 1.5360269694861488], [30.309659403644346, 1.5360000339795477], [30.3096933959951, 1.535971732622518], [30.309760384960068, 1.5359125745018571], [30.309892873300658, 1.5357897499039426], [30.310191350009703, 1.5355085729844047], [30.31025748095011, 1.5354478722486773], [30.310290279747672, 1.535418887555169], [30.310322759615982, 1.5353914987176656], [30.310354762127925, 1.5353664839247207], [30.310386070201105, 1.5353449162410981], [30.310416390158707, 1.5353282540237625], [30.310445329800935, 1.5353184516571134], [30.310472372363364, 1.5353180913889395], [30.310497018485414, 1.5353292122766486], [30.310519776507135, 1.5353497198503854], [30.310541158221405, 1.535377052290091], [30.310561555749256, 1.5354092647975046], [30.310581269392298, 1.5354448976977193], [30.310600532120276, 1.535482864616471], [30.3106765276718, 1.53564465988464], [30.310716275520438, 1.535725652288748], [30.310737413845683, 1.5357649973740612], [30.310759905534898, 1.5358030511993652], [30.310784288866962, 1.5358393018172518], [30.31081127008976, 1.535873094633819], [30.31084050293092, 1.5359030472807005], [30.310872208298253, 1.5359306657450995], [30.31090573607712, 1.5359565525045245], [30.310940589706746, 1.5359811703982975], [30.310976395194103, 1.5360048703269524], [30.31101287482699, 1.5360279149273377], [30.311124598089034, 1.5360948073753533], [30.311427298396172, 1.5362689763836668], [30.311540257044317, 1.536335413625568], [30.311613899940145, 1.5363815530540428], [30.311649622016972, 1.5364057240980933], [30.311684150924076, 1.5364310323716879], [30.311716985048733, 1.5364579060306813], [30.31174745492091, 1.536486905126096], [30.31177513172669, 1.5365186864499976], [30.31180011805534, 1.5365525966277964], [30.311822758075216, 1.5365880442128412], [30.311843150602204, 1.5366245682628856], [30.311861144442585, 1.5366618083715284], [30.31187632036264, 1.5366994784896868], [30.311887958423135, 1.536737344323839], [30.31189499002467, 1.536775203837229], [30.31189593490675, 1.536812870313133], [30.311889735866067, 1.5368496284530815], [30.311877712179292, 1.5368860922906429], [30.311861400655054, 1.536922323281222], [30.3118419796879, 1.5369583718865816], [30.311820345856574, 1.536994278859989], [30.311773003658647, 1.5370657908419105], [30.311698208382126, 1.5371726087518542], [30.311649698465917, 1.537243662901893], [30.311626965898594, 1.5372791633867418], [30.311605954777697, 1.537314651639705], [30.311587400156203, 1.5373501306281108], [30.311572270330824, 1.537385602793481], [30.31156183604515, 1.5374210703464557], [30.311557750452657, 1.537456535551536], [30.311561474821275, 1.5374926640072675], [30.311571747038037, 1.5375287897462986], [30.31158682658186, 1.5375649106070486], [30.3116053838048, 1.5376010254573258], [30.311626414339077, 1.537637134516561], [30.31164916603483, 1.537673239849662], [30.311673077900515, 1.537709346091749], [30.311773198078125, 1.5378540326447403], [30.31182245136786, 1.5379269449123536], [30.311846014220762, 1.5379637483678104], [30.311868412316002, 1.538000925631234], [30.311889177123945, 1.538038630805686], [30.311907695508143, 1.5380770688281482], [30.311923168041872, 1.5381165085965012], [30.31193508852816, 1.538157724737168], [30.311943902367716, 1.538199965875242], [30.31195044558994, 1.5382429535264885], [30.311955354282684, 1.5382864763032769], [30.311962054069944, 1.538374535570841], [30.31196650179606, 1.538463318254732], [30.312001660991744, 1.5393991360100523], [30.312014854887376, 1.539801503193508], [30.312018556133864, 1.5398904737918744], [30.312021083110462, 1.5399345691170998], [30.312024403854707, 1.5399782071133026], [30.312028904910658, 1.5400211653686522], [30.312035116790334, 1.540063138702438], [30.312043757602645, 1.5401037140971716], [30.312055786346722, 1.5401423400849992], [30.31207246621255, 1.5401782903953136], [30.31209395010016, 1.540209883083498], [30.312119808973037, 1.5402389603542255], [30.31214889067575, 1.5402661862537153], [30.31218031033981, 1.5402920717148871], [30.31221339634851, 1.5403170058780813], [30.312282678790545, 1.540365124286999], [30.31246207594752, 1.540482542915234], [30.31256886322862, 1.5405548507626015], [30.312636725876228, 1.540603758154773], [30.312803829723983, 1.5407287919378547], [30.312871022229814, 1.5407776874730479], [30.31290503007009, 1.5408012961384512], [30.31293948481234, 1.540824022797514], [30.312974559813973, 1.5408455389670033], [30.313010475092337, 1.5408654250953222], [30.313048849006123, 1.5408840044196903], [30.31308812052645, 1.5409008476125459], [30.313128046408362, 1.5409164238427462], [30.313209131355382, 1.5409451770556375], [30.31333186150979, 1.5409860557906676], [30.313413083758757, 1.5410142490634682], [30.31345310923648, 1.5410293472957695], [30.313492489597916, 1.541045556820209], [30.313530966294024, 1.5410633255738748], [30.313568206775166, 1.5410832285095042], [30.313604194709658, 1.5411058956159844], [30.31363892791731, 1.541130730703673], [30.313672740624312, 1.5411571580326835], [30.31370588860877, 1.5411847371318257], [30.31373856515423, 1.5412131353538654], [30.313803043403755, 1.541271462063503], [30.314281644478033, 1.5417187808918933], [30.31434492781312, 1.5417787348540737], [30.31440693709438, 1.5418396073966822], [30.314437057055656, 1.5418706891208727], [30.314466250930018, 1.541902449177009], [30.31449416147848, 1.5419351506887422], [30.314520321103746, 1.5419691378443985], [30.314544243677027, 1.542004518151674], [30.31456642560204, 1.5420411771475695], [30.314587325289125, 1.5420787780037917], [30.314607293360467, 1.542117063103542], [30.314626595206548, 1.5421558374637747], [30.314663948868517, 1.5422343039739375], [30.31477368228897, 1.5424714094978753], [30.314811828925773, 1.5425492905133584], [30.314831804220933, 1.5425875678362897], [30.314852713193602, 1.5426251586983744], [30.314874906924825, 1.5426618049906997], [30.31489884439594, 1.5426971692729738], [30.314925036850834, 1.542731153420083], [30.314952986488397, 1.54276384572965], [30.3149822261382, 1.542795589720586], [30.315012399404374, 1.5428266474712304], [30.315074543198662, 1.5428874423323515], [30.315202068335918, 1.5430066567503575], [30.31558804992797, 1.5433618842905779], [30.315651545375882, 1.5434216967029943], [30.315713576196085, 1.5434825444260103], [30.315743584313303, 1.5435136773330314], [30.315772539069734, 1.5435455500584692], [30.315800032914275, 1.543578447482283], [30.315825530814216, 1.5436127433637696], [30.31584836934595, 1.5436483515636776], [30.315869251640116, 1.5436853327075926], [30.315888701497578, 1.5437233230207483], [30.315924805224864, 1.5438012879524743], [30.315975389774486, 1.5439208009547887], [30.316024175753064, 1.544041519705534], [30.316055796455892, 1.544122356538442], [30.316085915991632, 1.544203597257824], [30.316099962775173, 1.544244467764966], [30.316112954366748, 1.5442855901490538], [30.316124486532168, 1.5443270538751952], [30.316134031283454, 1.5443689738126822], [30.316141118581356, 1.5444112035199467], [30.316146168053596, 1.544453889252714], [30.31614962877499, 1.5444969184608313], [30.31615182506919, 1.544540195909355], [30.316152979056934, 1.5445836347217772], [30.31615323027347, 1.544627146766114], [30.31614944734682, 1.5448327058866211], [30.31614998385604, 1.544871757118788], [30.3161519536781, 1.5449092776940299], [30.316156004030553, 1.5449446512802372], [30.316162966376513, 1.5449770661909024], [30.316173909688132, 1.545005464730886], [30.316190201360516, 1.54502848426623], [30.31621401549939, 1.545045605954166], [30.316243582133662, 1.5450569538075272], [30.31627739077628, 1.5450640479070368], [30.316314282229403, 1.545068056150228], [30.31635337811428, 1.5450698664641098], [30.316394020924978, 1.545070148626193], [30.316435724383062, 1.5450694060674086], [30.316650676709028, 1.5450611295543992], [30.31673717517566, 1.5450597296906612], [30.316780283725663, 1.545060337062659], [30.316823251728632, 1.5450622463102919], [30.316867902192477, 1.545065907672316], [30.316912400699547, 1.5450709655646429], [30.317001069359776, 1.5450838469422807], [30.317133598030694, 1.5451067213504042], [30.317353917492245, 1.5451476884672115], [30.31748535688362, 1.5451737321395616], [30.31757182312732, 1.5451933182621544], [30.317614333872886, 1.5452045261699683], [30.31765608061747, 1.5452172415090082], [30.31769675906122, 1.5452320715344985], [30.317735966938105, 1.5452498183672674], [30.317773538379452, 1.545271233436236], [30.31780962875985, 1.5452955889478517], [30.31784464548935, 1.5453220753350663], [30.317878896557072, 1.5453500807099205], [30.31791261152805, 1.5453791490931035], [30.317945959153324, 1.5454089453864015], [30.318012006537412, 1.5454698201784187], [30.318339953988854, 1.5457786890835994], [30.318865921632124, 1.5462703890370206], [30.319226675788524, 1.546610257814398], [30.319292734535537, 1.5466710524777363], [30.31935984551836, 1.5467296037316791], [30.31939414661944, 1.5467572905800957], [30.31942924063011, 1.546783288376998], [30.319465446293187, 1.546806918575898], [30.319503185197984, 1.546827283774746], [30.319542703378367, 1.5468436204681675], [30.31958374906122, 1.5468567035715834], [30.319625903697887, 1.5468674232724497], [30.31966885064697, 1.5468764530560686], [30.319712353647184, 1.5468842956132725], [30.31975623871767, 1.5468913215044935], [30.319844684585156, 1.5469039292073556], [30.320066954613516, 1.54693317888231], [30.32015570627076, 1.5469455779044432], [30.320244095622595, 1.5469593788062956], [30.320288066119996, 1.5469671739439113], [30.320331816102403, 1.546975864354399], [30.320375270614772, 1.5469857642648341], [30.320415255569383, 1.5469962555641295], [30.320454986829922, 1.5470077883510278], [30.320533945781648, 1.547032905989172], [30.32069110964293, 1.5470859528420313], [30.320769906499446, 1.5471111639674935], [30.320809506281147, 1.5471227090652], [30.320849319166754, 1.5471331396813008], [30.320889422843244, 1.5471420489683347], [30.32093003036311, 1.547149133722667], [30.320970933383563, 1.5471546618692156], [30.321012056719287, 1.5471590145783267], [30.32109474364375, 1.5471652599392312], [30.321136227386972, 1.5471674985841368], [30.321219339993796, 1.5471706149119895], [30.321302527477155, 1.5471718431449855], [30.32134411530888, 1.547171527399524], [30.32138568319773, 1.5471703599580604], [30.321471455563913, 1.5471649769075286], [30.321600021840617, 1.5471525874053036], [30.321985994946434, 1.547109152140375], [30.322071389475088, 1.547098711468446], [30.32215588147466, 1.547086571222641], [30.322197480115257, 1.5470792647306646], [30.322238387182825, 1.547070630525825], [30.322278322654114, 1.547060127105358], [30.322316915769477, 1.5470470381536754], [30.32235368202426, 1.5470304282567602], [30.322389196211336, 1.5470088862417959], [30.322422795987478, 1.546983647923764], [30.322455006310822, 1.5469557201580428], [30.32248622625254, 1.5469258673277797], [30.322516755168458, 1.5468946618070127], [30.322576566420338, 1.5468297689784656], [30.322635575684, 1.5467632052245288], [30.322811652092135, 1.5465614182964074], [30.322898389238386, 1.5464599387030744], [30.322953932591258, 1.5463911770594703], [30.322980290112564, 1.5463560888796761], [30.323005169009374, 1.546320259686962], [30.323028000887664, 1.5462834077355592], [30.323048042807965, 1.5462451686164402], [30.323063768986046, 1.5462077563183667], [30.323077038270284, 1.5461691449557942], [30.3230885320058, 1.5461296953092767], [30.323098809303737, 1.5460897198073924], [30.323126851804417, 1.5459695121779211], [30.323136651642233, 1.5459303913103954], [30.323147428205175, 1.5458924009566661], [30.323159743895566, 1.5458560814865636], [30.323174292699765, 1.5458221233550506], [30.323191946919327, 1.5457914123153884], [30.32321380921731, 1.5457650809858954], [30.323241514047897, 1.545743554451383], [30.323273650294837, 1.5457266246568613], [30.32330907782366, 1.5457131030104647], [30.3233469169928, 1.545702074510619], [30.323386494861914, 1.5456928414727573], [30.3234272983968, 1.5456848748534147], [30.32351109489118, 1.5456712256824148], [30.323680216669995, 1.5456460196079989], [30.323721411284392, 1.5456388802318053], [30.323761536000728, 1.5456308583173397], [30.3238001119762, 1.545621546941499], [30.323836508827434, 1.545610410195185], [30.323869897415463, 1.5455967414514273], [30.32389919450878, 1.5455796143423324], [30.323922999249422, 1.5455578261374963], [30.32394078606665, 1.5455292501024933], [30.323952989985475, 1.545495760281159], [30.323961471097753, 1.545458755044569], [30.323967783758356, 1.5454193272131114], [30.323979237045958, 1.5453364806902539], [30.32398690213382, 1.5452943388832483], [30.323997188986077, 1.545252661148326], [30.324009856822848, 1.5452112654731236], [30.324024424863307, 1.5451701997253422], [30.324040561323418, 1.545129525029051], [30.32405807342563, 1.5450893292840433], [30.324076902087302, 1.545049740951319], [30.324097122519046, 1.5450109442438766], [30.324118951380107, 1.5449731966211895], [30.324142760672242, 1.544936849225687], [30.324166057864925, 1.5449057900853704], [30.324191075901563, 1.544876092869344], [30.324217630797552, 1.5448477140174977], [30.32424564760765, 1.5448206986526172], [30.32427603406244, 1.5447942719527714], [30.324307570409218, 1.5447689961021756], [30.324339907852462, 1.5447445079312054], [30.324472312408165, 1.5446489935884598], [30.324540396885613, 1.5445975173662994], [30.324575182180297, 1.5445698407649049], [30.324643897673873, 1.5445132105442736], [30.324813157745442, 1.5443701773987293], [30.324846837922525, 1.5443428423535785], [30.324880513757428, 1.5443167431710652], [30.324914207038926, 1.5442924963979294], [30.324947942702913, 1.5442709391805327], [30.324981751076567, 1.5442531969978674], [30.325015670406863, 1.5442407658435462], [30.325049749738117, 1.5442356093564986], [30.32508170198189, 1.5442388060846264], [30.325113808087323, 1.544248440258009], [30.325146040378733, 1.5442628657216158], [30.325178382535, 1.5442807970736934], [30.325210829192187, 1.5443012377803178], [30.325243386058645, 1.5443234178131287], [30.32540893857831, 1.5444432964259596], [30.325482125166353, 1.5444928588002769], [30.325593794235775, 1.5445642937256612], [30.32581799201336, 1.5447042009501661], [30.325956918883918, 1.5447930889282475], [30.32602536854613, 1.5448345538382888], [30.326060129292586, 1.5448537707631351], [30.326095475735386, 1.5448714131652481], [30.326131628980548, 1.5448869231669946], [30.326170784529985, 1.5449004876196226], [30.326210840064252, 1.5449116973514794], [30.32625156077474, 1.544921169667254], [30.32629276504015, 1.5449293832233921], [30.326376099571238, 1.544943427255211], [30.326544218194346, 1.5449681872302783], [30.326628174883922, 1.5449814416080156], [30.3267115718987, 1.5449970818561927], [30.326752907306158, 1.5450064137191946], [30.32679447726941, 1.5450172287316029], [30.326876873390727, 1.5450419270347744], [30.327121885351943, 1.5451241748671296], [30.3272038131557, 1.5451494014792582], [30.327245010580178, 1.5451605004038484], [30.327286449020043, 1.5451700398467105], [30.32732821409739, 1.5451774583668487], [30.327369819879717, 1.545182258183501], [30.327411746071995, 1.545184979892703], [30.3274539104256, 1.5451861624866132], [30.327538699353507, 1.545185513093789], [30.327750960576648, 1.5451787167038176], [30.32779296721407, 1.5451783360797269], [30.327834591752534, 1.5451789875085697], [30.32787566729942, 1.545181139821698], [30.327915973111356, 1.5451854049910034], [30.327955219443414, 1.5451925809319835], [30.327993029873678, 1.5452037008735997], [30.32803083775026, 1.5452204874704543], [30.328067086235873, 1.5452415587959305], [30.328102201390355, 1.5452657477365725], [30.32813650580209, 1.5452921702881686], [30.328170240282237, 1.5453201663641898], [30.328203582090726, 1.5453492500321844], [30.328269565289546, 1.5454093713928725], [30.3283350966973, 1.5454707796401035], [30.328792923741737, 1.5459053124013737], [30.32885865736606, 1.5459663842050138], [30.328924999256653, 1.5460248266535401], [30.328958609060017, 1.5460521040129658], [30.32899269232362, 1.546077259980768], [30.32902744660369, 1.546099389927457], [30.329063136163228, 1.546117280409206], [30.32910010951565, 1.5461293267283098], [30.32913813343017, 1.5461342017610702], [30.329177405956216, 1.5461333494687395], [30.329217582409413, 1.5461283043801646], [30.329258395574143, 1.5461202218283927], [30.329299637419002, 1.5461099519268187], [30.32934114296576, 1.5460981004216827], [30.32938277608861, 1.5460850765569079], [30.329465949713263, 1.5460563696417977], [30.3295072525769, 1.5460407903466324], [30.329548185357257, 1.5460242671369175], [30.329588578485758, 1.546006559346101], [30.32962822058547, 1.54598730080102], [30.329666360713258, 1.5459665196065207], [30.329703760096724, 1.5459442701159387], [30.329740611131438, 1.545920958895767], [30.329813233556795, 1.545872338620557], [30.329992617456636, 1.5457483989268552], [30.330028668460674, 1.5457247153906677], [30.330064961226284, 1.5457020353602111], [30.330101612858016, 1.5456808041395391], [30.330138775648187, 1.545661612550297], [30.33017664831476, 1.5456452400673233], [30.330215488929152, 1.5456327050838732], [30.33025593264098, 1.5456247666117202], [30.330297365197623, 1.5456207279238963], [30.330339525320912, 1.5456195360633238], [30.330382214558085, 1.5456203879414094], [30.330425284454687, 1.5456226788488163], [30.33051215915346, 1.54562989784952], [30.33059959501998, 1.5456388605091418], [30.330994924443736, 1.5456809477857614], [30.33108205745195, 1.5456909062890942], [30.331125105410475, 1.5456965572015564], [30.331167562523785, 1.5457030082183167], [30.331209154138183, 1.5457106514788441], [30.331249505116755, 1.5457200206180655], [30.331288109980463, 1.545731832920302], [30.331324296610727, 1.545747040634591], [30.331357183340277, 1.5457668916867155], [30.331385394527416, 1.5457917074939125], [30.331410444682778, 1.5458209770389033], [30.33143316359597, 1.5458535320217144], [30.331454193695603, 1.5458884695906714], [30.33147403107922, 1.5459250949197152], [30.331493061577152, 1.5459628709575266], [30.331566641838464, 1.5461179626601533], [30.331585596158366, 1.5461561704851148], [30.331605312740678, 1.5461934755283826], [30.331626162097375, 1.5462294219210175], [30.331648618948886, 1.5462634277940823], [30.331673297010905, 1.546294741478222], [30.331700988475596, 1.5463223918213829], [30.331732889208237, 1.5463459488990148], [30.33176789955586, 1.5463656748045398], [30.33180520287303, 1.5463825125894635], [30.331844178709964, 1.5463971493875486], [30.33188436430725, 1.546410056365672], [30.331925422308625, 1.5464215193644375], [30.331967114600747, 1.5464316599722339], [30.332009281776237, 1.5464404472932833], [30.332051827535395, 1.5464477009684152], [30.33209470728386, 1.54645308627202], [30.332138761034162, 1.54645636445519], [30.332183049473123, 1.5464578437652532], [30.33222749216394, 1.5464580312316714], [30.332272032052984, 1.5464573087183437], [30.33236125357184, 1.5464542084762174], [30.332584048860873, 1.5464444538287982], [30.332672449454382, 1.5464428106380015], [30.332716258340604, 1.5464433691975317], [30.332759651028823, 1.5464453816939756], [30.33280245702279, 1.5464494200091878], [30.332844447270986, 1.5464562415059], [30.332885318540978, 1.5464668371203847], [30.33292409601451, 1.5464816723749313], [30.332961785175225, 1.546500091402759], [30.3329986686051, 1.5465210677678527], [30.33303495694687, 1.5465437651813565], [30.333176495586795, 1.546638325027267], [30.33321119764927, 1.546659543819976], [30.333245591518736, 1.5466780985945014], [30.333279598901218, 1.54669276757901], [30.33331310232827, 1.5467019790405496], [30.333345939546685, 1.5467037084807445], [30.33337858018643, 1.5466961167883573], [30.333410562748117, 1.5466808029515873], [30.33344209368727, 1.5466598954206279], [30.33347334437246, 1.5466350376875024], [30.33350446503443, 1.5466074996172], [30.33359852145408, 1.546517852254524], [30.333630688656847, 1.5464879680091894], [30.33366365796469, 1.5464591496757811], [30.333697767667115, 1.5464321002934611], [30.33373345527707, 1.5464076449649566], [30.33377106284065, 1.546386439992132], [30.33381025575144, 1.5463679328065465], [30.333850606702335, 1.5463514233207933], [30.333891791034045, 1.5463363739439913], [30.33397575008604, 1.5463091287398538], [30.33410362682035, 1.5462719032440901], [30.33436077695385, 1.5462005009793303], [30.33448881083747, 1.5461637488262558], [30.33457343524014, 1.5461376688502362], [30.334615335558144, 1.5461237398775598], [30.334656819801133, 1.5461089190079353], [30.33469773781812, 1.5460928926184587], [30.334737893616218, 1.5460752552207027], [30.334774402043745, 1.5460571479145488], [30.33481029019657, 1.54603779392474], [30.334916303561403, 1.5459773498489857], [30.33495170681153, 1.5459580650213698], [30.334987456903907, 1.545940138733251], [30.335023772673082, 1.5459242635998223], [30.33506091178866, 1.5459112798580112], [30.33510236803564, 1.5459012000080365], [30.335144817288963, 1.5458945453276576], [30.335187994023865, 1.5458903911444424], [30.335231695857154, 1.5458880346259143], [30.335275770688508, 1.545886949019384], [30.335364618592674, 1.5458871383888744], [30.3355434928955, 1.5458914176872756], [30.336081171491063, 1.5459069292049832], [30.3363952613964, 1.545916747246052], [30.336484723192697, 1.5459188135344226], [30.336573440831685, 1.545918955384439], [30.336617246471636, 1.545917599448112], [30.336660447500513, 1.545914685859577], [30.33670278562672, 1.5459095507216594], [30.336743914424254, 1.5459013039488507], [30.336783375739405, 1.5458887688852074], [30.33681825997115, 1.5458723749949757], [30.33685165600041, 1.5458521744362002], [30.336883928673107, 1.5458291262037551], [30.336915354368102, 1.545803965688557], [30.336946136826782, 1.5457772469703923], [30.33697642041373, 1.5457493787365495], [30.337035833677188, 1.5456912737931174], [30.337095407006835, 1.5456297392385128], [30.337243028309555, 1.5454741310231157], [30.337303143544858, 1.5454136030893184], [30.33733386192758, 1.5453843339225737], [30.337365263561082, 1.5453560793148087], [30.337397601243854, 1.5453292062101096], [30.337431202795738, 1.5453041914011851], [30.337467193800826, 1.5452808946147785], [30.33750450419697, 1.5452595312049102], [30.337542788447912, 1.5452395920327975], [30.337621292680662, 1.5452025306033395], [30.337741630328733, 1.5451506331117597], [30.338065740595127, 1.5450166789904056], [30.33814530148263, 1.5449817528827057], [30.338184212553667, 1.544963459918831], [30.33822217918686, 1.544944274957379], [30.338258801627312, 1.5449238276032633], [30.338293542939827, 1.544901620992963], [30.338325691214372, 1.5448769971368792], [30.338354315076874, 1.5448490962366044], [30.338378789081382, 1.5448170459918777], [30.33839972323607, 1.5447817120015264], [30.338418085117183, 1.5447439975895743], [30.33843462955725, 1.5447046152893813], [30.338449951102902, 1.544664137847488], [30.338493081053603, 1.5445407337760548], [30.338507819743207, 1.5445004029302605], [30.33852343241005, 1.5444613224775008], [30.338540442803538, 1.5444241732639852], [30.338559508822897, 1.5443898288644367], [30.33858147389024, 1.5443594223754205], [30.338607424756713, 1.5443344227318754], [30.338638719974654, 1.5443157869443642], [30.338674115888498, 1.5443027075479479], [30.338712503056907, 1.5442936766435873], [30.338753038660705, 1.544287549611787], [30.338795091179144, 1.5442834695011889], [30.3388381937199, 1.5442808033190167], [30.33892628252836, 1.5442779979407664], [30.339329327551315, 1.5442740673287831], [30.339597158043567, 1.5442699924041758], [30.339909056644213, 1.5442636634719913], [30.340310308036734, 1.5442534905413903], [30.340399249198484, 1.5442519142651454], [30.340487622832477, 1.5442521117778998], [30.34053139594775, 1.5442534993602124], [30.340574721785387, 1.5442562773242277], [30.340617413602235, 1.5442610233309448], [30.340659222020953, 1.5442685080754692], [30.3406998185897, 1.5442797458011577], [30.34073863889765, 1.5442954177315615], [30.340776265372416, 1.5443147889868503], [30.340813022876183, 1.5443368576371395], [30.34084916156279, 1.5443608498594956], [30.340884874124203, 1.544386165636902], [30.341026104730513, 1.5444921768410187], [30.34106153312396, 1.54451806103423], [30.341097226904562, 1.5445428881906909], [30.34113332839445, 1.5445660964556305], [30.341170018400543, 1.5445869588672594], [30.341207530327548, 1.5446045258593626], [30.341246166081305, 1.5446175592763127], [30.34128618730819, 1.544625059459264], [30.3413273286537, 1.544628001493888], [30.341369282698466, 1.5446275968951901], [30.341411809671072, 1.5446247524185035], [30.341454720953454, 1.544620126418331], [30.341497864301257, 1.544614174248515], [30.341584341456258, 1.5445992928940258], [30.341627438004878, 1.5445905152179062], [30.341670268940817, 1.5445807319165463], [30.341712678738443, 1.5445696928410277], [30.341754474753156, 1.5445570018738755], [30.34179541322411, 1.5445420956839082], [30.34183452791682, 1.5445248775409381], [30.341872806249786, 1.5445055543158335], [30.34191047029792, 1.5444847051037678], [30.341984592574395, 1.5444400723422387], [30.342057793975478, 1.5443932889114957], [30.342166758434576, 1.5443214535664773], [30.342274785067193, 1.5442484371410448], [30.342345673461626, 1.5441985128435862], [30.342380461161166, 1.5441728056119768], [30.342414575878728, 1.5441463222227805], [30.342447770198557, 1.544118768667912], [30.34248023241318, 1.5440895449994991], [30.342511755947907, 1.54405922394941], [30.3425729536692, 1.5439964155988026], [30.342632761825104, 1.5439319638760591], [30.34289901562251, 1.5436375380977598], [30.343137975789496, 1.5433763074712488], [30.34319613855082, 1.5433105177996735], [30.34322410571982, 1.543277296481719], [30.343250813861307, 1.5432437134910546], [30.343275691811836, 1.5432096114428393], [30.343297966853584, 1.543174779249318], [30.343316607423038, 1.54313893731438], [30.3433302548961, 1.5431017201316712], [30.343337487440817, 1.5430653281600895], [30.34334019113789, 1.5430277333668028], [30.343339443181886, 1.542989273947104], [30.34333604711189, 1.5429502265304804], [30.343330575079676, 1.5429108227707635], [30.34332340141173, 1.5428712647813845], [30.343314727218697, 1.5428317395897075], [30.343304596275495, 1.5427924329169305], [30.343292902654188, 1.5427535426279186], [30.343279390775656, 1.542715292157851], [30.343263648767188, 1.5426779441030798], [30.34324355144612, 1.5426384095090993], [30.343221095704738, 1.5425999268518589], [30.34319707797434, 1.5425621686316398], [30.343121786207288, 1.5424506637475266], [30.34309740552608, 1.5424133232183903], [30.343074329312614, 1.5423754967099874], [30.343053258060817, 1.5423368915513294], [30.343035053772066, 1.5422971503770222], [30.343021043384155, 1.5422580221922362], [30.34300972747371, 1.5422178158874078], [30.34300041929013, 1.5421768073280613], [30.342992584841596, 1.5421352109050288], [30.34298581076335, 1.5420931925704133], [30.342974226141642, 1.542008379779237], [30.34295297054978, 1.541838066953477], [30.34294014504468, 1.541753887775632], [30.34293223618434, 1.5417124486207854], [30.342922761590902, 1.5416716892145166], [30.34291113336161, 1.5416318648044234], [30.342896591241512, 1.5415933058549973], [30.342877865756805, 1.5415550641585318], [30.34285604825347, 1.5415181635419677], [30.34283195743702, 1.5414822464811992], [30.342806216778584, 1.5414470407891563], [30.34275154881936, 1.5413779956369664], [30.342579557506227, 1.5411744148971227], [30.34252437224052, 1.5411059959331694], [30.342498353587455, 1.5410713247105665], [30.342474035285118, 1.5410361571796665], [30.342452119359134, 1.5410002912683605], [30.342433540665006, 1.5409634584143186], [30.34241952923969, 1.540925305610517], [30.342411229877037, 1.5408865671297325], [30.342407292964666, 1.5408465654428056], [30.342406558901857, 1.5408056308667615], [30.342408139078533, 1.540764016263577], [30.34241136151963, 1.5407219127627594], [30.342420861209483, 1.5406367731779231], [30.342438636528524, 1.5405079422271009], [30.342464429934495, 1.5403358788347399], [30.34247850675236, 1.5402503465431858], [30.342494847089352, 1.5401657771947346], [30.34250458229401, 1.5401241278299795], [30.342515945642376, 1.5400831254000709], [30.342529548644738, 1.5400430048553375], [30.342545897170645, 1.5400039475961218], [30.34256453005601, 1.5399658001080285], [30.342584882677812, 1.5399283583748686], [30.3426065429602, 1.539891482550382], [30.342629227181806, 1.5398550896551249], [30.342652761282626, 1.5398191488799624], [30.342677067762164, 1.5397836796356312], [30.34270215796997, 1.5397487523710227], [30.342728129420504, 1.5397144920903312], [30.342755167619504, 1.5396810843856668], [30.342782874881706, 1.5396492955058745], [30.34284087887698, 1.53958787481692], [30.34290084436564, 1.5395281204309583], [30.343052312110906, 1.5393801998348509], [30.343111248831296, 1.5393196962259672], [30.343139784380238, 1.5392886676368467], [30.343167390665833, 1.5392568619616014], [30.343195485936718, 1.5392220537292485], [30.343222553396057, 1.5391863836662663], [30.343248878691405, 1.5391500903767474], [30.343325300199897, 1.5390390662473012], [30.343397590523264, 1.5389303638761958], [30.343441888713542, 1.5388624297454288], [30.343485011467603, 1.5387938939760244], [30.343505795634034, 1.5387592274837745], [30.343525797638346, 1.5387241581583324], [30.343544748911047, 1.53868854620819], [30.343563869490403, 1.5386492054685983], [30.343581777387595, 1.5386092378832776], [30.343598798860725, 1.5385688126929242], [30.343615182503893, 1.5385280587172838], [30.343646738272927, 1.538445927454131], [30.343769403636486, 1.5381155007279304], [30.34380145436756, 1.5380335024031064], [30.343835483597896, 1.5379523855322172], [30.343873141520387, 1.5378710291187032], [30.34391283120377, 1.5377905746650173], [30.344056144562764, 1.537511014295846], [30.344095881362286, 1.537430753082187], [30.344114946189023, 1.5373903445489372], [30.34413315638647, 1.5373496403108318], [30.34415017114929, 1.5373085226240626], [30.344165541103443, 1.5372668363453912], [30.34417865394697, 1.5372253058115828], [30.34419017926397, 1.5371832260706852], [30.34420054501711, 1.5371407444098304], [30.344219022789858, 1.5370549963158986], [30.344235833520234, 1.5369686601620474], [30.344355316837788, 1.536318282728827], [30.344369774700414, 1.5362314796676975], [30.344376199396493, 1.5361880587360095], [30.344381768192513, 1.5361446232266054], [30.344386137802903, 1.5361011729372487], [30.344388854460103, 1.5360577090783882], [30.344389325973946, 1.536014234994707], [30.34438718377155, 1.5359721100243926], [30.34438291819828, 1.5359299774250488], [30.344377081251714, 1.5358878380178491], [30.344370110269118, 1.5358456990168], [30.344362357648276, 1.5358035762023177], [30.344329128149962, 1.5356360691870539], [30.344321673429103, 1.5355948530838879], [30.34431528498869, 1.535554200669164], [30.34431050017972, 1.5355143650199803], [30.34430802318578, 1.5354756878139666], [30.34430877867726, 1.5354386245148266], [30.344313975137908, 1.5354037747598288], [30.34432517826166, 1.5353719180477297], [30.344344658555823, 1.5353424517270866], [30.34437063534851, 1.5353162242219576], [30.34440135221909, 1.5352923615830594], [30.344435474382745, 1.5352701994697662], [30.344471999273633, 1.5352492379040201], [30.344510180565305, 1.5352291025593787], [30.344589440290473, 1.5351902511061788], [30.344750723015018, 1.535113246540473], [30.34479024189101, 1.5350931829078356], [30.34482891750543, 1.535072351721407], [30.344866377229536, 1.535050412271802], [30.344902133385066, 1.535026911465571], [30.344935544571705, 1.535001248920212], [30.344965771608408, 1.534972636442185], [30.344992331143413, 1.5349401842840618], [30.345015711216487, 1.53490477104326], [30.34503681790336, 1.5348672304743827], [30.345056362198406, 1.5348282088158511], [30.345074910154825, 1.5347882098304915], [30.34512897819695, 1.5346660472447144], [30.345147793869163, 1.5346256159223537], [30.345167715863962, 1.5345858227447478], [30.345189274070552, 1.5345470105265793], [30.345212619594964, 1.5345098547187714], [30.345237639478125, 1.5344737236867405], [30.345263897745514, 1.5344383559936865], [30.345291060450844, 1.5344035502741193], [30.345347153877125, 1.5343350508276408], [30.345433560904333, 1.5342337605980803], [30.345608162734703, 1.534032412709925], [30.34569413767483, 1.5339308609335396], [30.345749492166746, 1.5338618249013636], [30.345776041542283, 1.5338265382377558], [30.345801452151314, 1.5337904757540004], [30.34582518533054, 1.5337539257159543], [30.34584779761674, 1.533716613651991], [30.34586958063658, 1.5336787400637488], [30.345911461011177, 1.5336018682328658], [30.3459518629902, 1.5335240626399926], [30.345991076470224, 1.5334456153146814], [30.346028740742213, 1.5333664600564632], [30.34604668583227, 1.5333265014581159], [30.34606376798693, 1.5332861780375826], [30.346094095569665, 1.5332068165564103], [30.346122028075328, 1.5331264456008262], [30.346202325139036, 1.5328837943845643], [30.346230752602974, 1.5328035682277121], [30.34624593108625, 1.532763853693642], [30.346262774006146, 1.532722644270946], [30.34629880759541, 1.5326412679788513], [30.346337303189774, 1.5325611551349947], [30.34635748099791, 1.5325216663286207], [30.346378425746448, 1.532482693282727], [30.3464003506854, 1.532444407092218], [30.346423567831792, 1.5324070471709768], [30.34644850668784, 1.5323709362042028], [30.346475479692366, 1.5323363775985632], [30.346504131730626, 1.5323030472358705], [30.34653398866274, 1.5322706019377779], [30.346595903977363, 1.5322073521047923], [30.34672146623258, 1.5320825240077343], [30.346751842332612, 1.5320507771708034], [30.346781207658086, 1.532018446591485], [30.346809119444522, 1.531985269646544], [30.346835004643246, 1.5319509082912868], [30.346858122356384, 1.5319149265068408], [30.34687708877672, 1.5318786957060841], [30.346893602561288, 1.5318410144955972], [30.346908439854708, 1.5318023235364093], [30.34696311891588, 1.5316441419336446], [30.34697834762504, 1.5316051855163009], [30.346995384528693, 1.5315670657997407], [30.347014775160964, 1.531529937028173], [30.347036103970666, 1.5314937265249646], [30.347058864137768, 1.531458200278668], [30.347082641497405, 1.531423170607364], [30.34718142948886, 1.5312852931674523], [30.34720551055571, 1.5312508235994267], [30.347228614483644, 1.5312161254353438], [30.34725023148243, 1.5311810550887752], [30.34726971008918, 1.5311454349042941], [30.347286211724388, 1.5311090405127221], [30.34729865878969, 1.5310715866859288], [30.347306355268763, 1.5310315930676957], [30.34730976160786, 1.530990471970774], [30.34731003235299, 1.530948521840643], [30.34730804852387, 1.5309059699977783], [30.34730447374163, 1.5308629871221628], [30.347299801665336, 1.5308196995393215], [30.347288516489996, 1.5307325527147626], [30.347218798499945, 1.53025045981588], [30.347204354492956, 1.5301639734505614], [30.3471960110242, 1.5301213517753984], [30.347186436027908, 1.530079394964087], [30.347175106788924, 1.53003837525248], [30.347161328962738, 1.5299986554308977], [30.347144191947173, 1.5299607123203856], [30.347122572278206, 1.5299243478644813], [30.34709749261874, 1.529889810013407], [30.34706989961541, 1.5298565995521851], [30.347040510337997, 1.5298243382159977], [30.347009860431793, 1.529792743332583], [30.34697834457768, 1.5297616065118191], [30.346913780613868, 1.5297001439212041], [30.346552882188906, 1.529365090420717], [30.346129479176128, 1.5289668086912906], [30.346030394698175, 1.528876681705635], [30.345996715212618, 1.528847520102239], [30.345962474898805, 1.5288191311804569], [30.345927460697617, 1.528791818936634], [30.345891393692774, 1.5287659837290193], [30.3458546675019, 1.5287423307471908], [30.345816905633797, 1.5287201186229509], [30.345778365138337, 1.528698967926945], [30.345699705179943, 1.5286587585800446], [30.34546097643349, 1.5285436968447463], [30.345422622009167, 1.5285241363180533], [30.34538555139284, 1.5285040835610446], [30.345350382658914, 1.528483295800204], [30.345317956511316, 1.5284614470486644], [30.34528940421583, 1.5284381011364767], [30.34526622995688, 1.5284126794105761], [30.34525040814565, 1.5283844228363215], [30.345243513767965, 1.528352467142261], [30.34524407374474, 1.5283176421025753], [30.345250081256154, 1.5282807235890787], [30.345260012545626, 1.5282423012393995], [30.345272726118562, 1.5282028170558228], [30.345287377479117, 1.5281625979369151], [30.34530334876178, 1.528121882340279], [30.345337580835974, 1.5280395971266254], [30.34542576861739, 1.5278324598340753], [30.345458388879194, 1.527749648211913], [30.345473102809173, 1.5277082839890586], [30.345486130591873, 1.5276669507070164], [30.345496796500996, 1.5276256518153795], [30.345504196289806, 1.527584393294225], [30.345507135376376, 1.5275431852378853], [30.345504894426913, 1.5275043702167495], [30.345498481013106, 1.5274656746784459], [30.345488775948017, 1.5274271694169106], [30.34547640361273, 1.5273889401000829], [30.345461768474806, 1.5273510921160984], [30.345445084552196, 1.5273137558396015], [30.345427103300516, 1.5272781000873712], [30.345407890280004, 1.5272428693352187], [30.345348212479433, 1.5271379101680493], [30.34532928166445, 1.5271025774113511], [30.345311700687358, 1.5270667452159659], [30.345296090471127, 1.5270301751140283], [30.3452823366794, 1.526990780291722], [30.34527084468462, 1.5269505350227754], [30.345261043504088, 1.5269096567817144], [30.345252486963144, 1.526868314334803], [30.34523780310304, 1.5267847244301407], [30.34519973724692, 1.5265314874015838], [30.345185820541687, 1.5264472300906433], [30.345169354701788, 1.5263618420093414], [30.345122337191015, 1.5261457437297954], [30.34511397983548, 1.5261024606613982], [30.345106694066686, 1.5260590600665922], [30.345100932178617, 1.526015486419446], [30.345097031696152, 1.5259713175853542], [30.3450947170585, 1.5259269632710772], [30.3450932662635, 1.525837871486205], [30.345094286608894, 1.5257484590985668], [30.34510062760665, 1.5254794998166477], [30.34510055433936, 1.525389992677452], [30.345099190355104, 1.5253453988517491], [30.345096428118023, 1.525300994649766], [30.345091722590993, 1.5252568728631304], [30.345084663244805, 1.5252133624534985], [30.34507560693724, 1.5251701959423407], [30.34506500657346, 1.5251273562877599], [30.345053157554222, 1.5250848732602855], [30.345040211617082, 1.5250428301530272], [30.34502618291294, 1.5250013743228286], [30.34501094558352, 1.5249607322933074], [30.344994222306966, 1.5249212301707709], [30.34497556340219, 1.5248833200879757], [30.34495431628173, 1.5248476132293571], [30.34492958547832, 1.5248149195804912], [30.344900650966398, 1.5247859036102491], [30.344868279037424, 1.5247598876737396], [30.344833415607784, 1.5247360494257556], [30.344796778331972, 1.5247137618651592], [30.34475890505477, 1.5246925517448953], [30.344680939836387, 1.5246520343466523], [30.344484598427403, 1.5245544083761804], [30.34421574683207, 1.5244181223437103], [30.344138754269412, 1.5243800797234792], [30.344061091981914, 1.5243437664396398], [30.34402181027996, 1.5243267218851901], [30.343981721620633, 1.5243105150462746], [30.343900602153692, 1.5242803748384977], [30.343818724729992, 1.5242520231074856], [30.34336432520691, 1.5241018421846269], [30.343239827965995, 1.5240595940000665], [30.34315688413982, 1.5240305921009023], [30.343033468554918, 1.5239853077529795], [30.34295321059647, 1.5239537350695218], [30.342874962697078, 1.5239216051633417], [30.342837756827628, 1.523907356826375], [30.34280232458732, 1.5238957806389155], [30.342769263779402, 1.523888318659158], [30.34273940376964, 1.5238868143674207], [30.342713858406153, 1.5238936350892052], [30.34269429887748, 1.5239097704662259], [30.342678694046757, 1.5239337074067307], [30.342665995139658, 1.5239634133478677], [30.342655382282384, 1.523997316231177], [30.342646212913067, 1.524034210747227], [30.342637976034908, 1.5240731774243188], [30.342606581081412, 1.5242378468881206], [30.342597314571485, 1.524279171074306], [30.342586632902822, 1.5243199007276667], [30.342573955768156, 1.5243596993173374], [30.34255855489393, 1.5243981814900782], [30.34253931911651, 1.5244359963497984], [30.342517210113193, 1.5244723858799267], [30.34249297593721, 1.524507701809516], [30.342467189970527, 1.5245422175283954], [30.342412588985432, 1.5246096374315987], [30.342326840809676, 1.5247085937822384], [30.342152932807327, 1.5249046699351432], [30.34209658760697, 1.5249707647955926], [30.3420693086281, 1.5250042678770799], [30.342042960670604, 1.5250382531377475], [30.342017903029287, 1.525072911218185], [30.341994610541455, 1.5251084938029689], [30.341973702768943, 1.5251453291844939], [30.341955977108498, 1.5251829567144184], [30.341940499758365, 1.5252217726423076], [30.341926612731967, 1.525261436617446], [30.341913779232375, 1.5253016741213004], [30.341877333132842, 1.525423710103257], [30.34186459509947, 1.5254642256858553], [30.341850896347466, 1.5255043592967221], [30.341835759461244, 1.5255439037670966], [30.341817897224857, 1.525584663828367], [30.34179837633148, 1.5256247338985007], [30.341777634594767, 1.5256642943813994], [30.341756010369714, 1.5257034853563496], [30.341711099022575, 1.525781169613965], [30.341596495615967, 1.5259744706169855], [30.341552653943516, 1.526052744406416], [30.341531951271083, 1.5260924515542929], [30.341512497327873, 1.5261327424821285], [30.34149612858364, 1.5261700299062666], [30.341480822963735, 1.526207817233826], [30.34145238383402, 1.5262844287871198], [30.341412665532893, 1.5264008209090232], [30.34137483382047, 1.5265171727624358], [30.341338966594122, 1.526634455579134], [30.341327790948124, 1.5266738594134022], [30.34130562924888, 1.526758605993528], [30.341244141692766, 1.5270132929100821], [30.341233213636738, 1.5270545202551906], [30.34122153806893, 1.527094719858732], [30.34120874844877, 1.5271334067725064], [30.34119435305556, 1.5271699235830152], [30.34117769645179, 1.5272033893683061], [30.341157913187054, 1.5272326379211005], [30.34113387346386, 1.527256144921975], [30.34110356196482, 1.5272731468892156], [30.34106873656175, 1.5272840606587832], [30.34103063249564, 1.5272905539049382], [30.340990185120184, 1.5272938892010186], [30.340948092868697, 1.5272950091557884], [30.340904870150176, 1.5272946079140517], [30.34086089054574, 1.5272931895359787], [30.34077165049369, 1.5272886369477636], [30.340501583166024, 1.527271931287394], [30.340277306781218, 1.5272593188080215], [30.340053672549395, 1.5272481339960542], [30.3396960509846, 1.5272320023885986], [30.339562284123033, 1.5272244831134427], [30.339473763998907, 1.5272167548225037], [30.33942992405945, 1.5272112207836852], [30.339386531584307, 1.5272039431289557], [30.339343766337603, 1.5271942527767755], [30.3393024301713, 1.5271818234901138], [30.3392617159233, 1.5271670369669959], [30.339221465904856, 1.5271505234770941], [30.339181572977953, 1.5271327512516237], [30.339141976078782, 1.5271140545463044], [30.339063649244533, 1.527074678784347], [30.338986933857264, 1.5270330532821315], [30.33895262661317, 1.5270130326057074], [30.33891920913389, 1.5269921368603259], [30.338887031058043, 1.5269700186507997], [30.33885654329326, 1.5269462249401176], [30.338828321580273, 1.5269201744061296], [30.338802821060945, 1.5268914044388413], [30.338779577078146, 1.5268603737479622], [30.338758003285406, 1.5268276612091176], [30.33873763593539, 1.5267937204932536], [30.3387181090686, 1.5267589046961927], [30.338678263890365, 1.5266830984234485], [30.338639702105038, 1.5266059437714372], [30.33860187471701, 1.5265281291422688], [30.33845125632472, 1.5262090030181075], [30.338412163980507, 1.5261304359852317], [30.338391762864426, 1.5260919495998169], [30.338370445904168, 1.5260543118228898], [30.338347838824156, 1.5260178670588602], [30.338323443423747, 1.5259830743679326], [30.33829660513301, 1.5259505373366276], [30.338266340857604, 1.525920327733674], [30.338233574592252, 1.525892427789419], [30.338198987940945, 1.5258662083356853], [30.33816309757078, 1.5258411924946242], [30.338088848984487, 1.5257934397007893], [30.33797451987787, 1.525724543470105], [30.33735948302384, 1.5253622159452704], [30.337245400307193, 1.5252929182359858], [30.33717094077895, 1.5252448656753461], [30.337134667366417, 1.5252197276911812], [30.337099382481153, 1.5251934408881118], [30.337065457414933, 1.5251655741913535], [30.33703444826242, 1.525136997718464], [30.33700470527701, 1.5251069490075622], [30.336975892216113, 1.5250758173396706], [30.33694775117372, 1.5250439013225783], [30.336892754932162, 1.52497856264693], [30.33683869381357, 1.5249121238741457], [30.33673167524107, 1.524778037528115], [30.336652380704344, 1.5246767978782303], [30.3366007776145, 1.5246085299116492], [30.3365757234853, 1.5245739294798812], [30.336551434971664, 1.5245388472898245], [30.336528190478855, 1.5245031053881484], [30.336505178837825, 1.5244647713394521], [30.3364833028644, 1.5244257180047494], [30.33646225131406, 1.524386142687375], [30.3364217424483, 1.5243059823536422], [30.336324347757767, 1.5241031047506137], [30.336113037894467, 1.5236545791914602], [30.33605368598503, 1.523533681022792], [30.33603297455558, 1.5234941828143955], [30.336011413683003, 1.5234554219904866], [30.33598864031041, 1.5234177158796978], [30.335964166836266, 1.523381491004788], [30.335937347699833, 1.5233473125313017], [30.33590900146807, 1.5233169753453542], [30.335878463364477, 1.5232885637493927], [30.33584628860455, 1.5232616062085758], [30.335812893874195, 1.5232357555508522], [30.335778582449198, 1.5232107683721163], [30.335743564879255, 1.5231864885832687], [30.335671883715403, 1.5231397932002584], [30.33559768627129, 1.523094959302072], [30.335522500030777, 1.5230515249329162], [30.33518148133907, 1.5228603917152237], [30.33506830269148, 1.5227962525072574], [30.33499382810977, 1.5227524184124437], [30.33495720482092, 1.5227298273687806], [30.334921234223327, 1.5227065210056736], [30.334886179979986, 1.52268221150637], [30.33485239253734, 1.522656516607358], [30.334820331315438, 1.5226289354848357], [30.33479052196091, 1.5225992304708018], [30.33476241838081, 1.5225676592808934], [30.334735563297254, 1.5225347183305697], [30.334709607066202, 1.5225007874030223], [30.334659407500734, 1.5224310275990005], [30.334586236005013, 1.5223240399615081], [30.334514306311572, 1.5222159590601911], [30.334467352281628, 1.5221434062715071], [30.33442224393964, 1.5220700311662827], [30.334400925822774, 1.5220327909213442], [30.334380878062657, 1.5219949791482341], [30.33436256807127, 1.5219563830026477], [30.33434673877902, 1.5219177800167696], [30.33433259675904, 1.5218784124527391], [30.334319724179668, 1.5218384682549484], [30.334296618232965, 1.521757379345863], [30.334286000466545, 1.5217164125748361], [30.3342661425039, 1.5216338859336644], [30.334248043687882, 1.521550689563405], [30.334232076205893, 1.521466338261152], [30.334218046379238, 1.521380959466152], [30.33419182423763, 1.521210509213302], [30.3341773557888, 1.5211274518475935], [30.334169012926505, 1.5210873491196912], [30.334159438273453, 1.5210488043722024], [30.334148105120263, 1.5210124762157953], [30.33413431461283, 1.520979243001279], [30.334117148120395, 1.5209502621800741], [30.33409541155821, 1.5209270400237995], [30.33406727596941, 1.5209104065412815], [30.334034340270065, 1.5208998208408608], [30.33399789217691, 1.5208936573103913], [30.3339589130469, 1.5208906770727637], [30.33391814076163, 1.5208899484701754], [30.333876122847162, 1.5208907799100453], [30.33383326012316, 1.5208926646905183], [30.333746073265477, 1.5208982349974858], [30.333393501512194, 1.5209244091256473], [30.333042702388916, 1.5209470823027529], [30.33295558851519, 1.5209535714312223], [30.332869222541056, 1.5209621162166165], [30.332826538714453, 1.520967824774558], [30.332784371049183, 1.5209750397629542], [30.332742915657906, 1.520984344076194], [30.332702430103318, 1.5209965005291064], [30.332664558212894, 1.5210114867360163], [30.332627588221378, 1.52102913159693], [30.332591278934405, 1.5210487268078927], [30.3325554411462, 1.5210697154660955], [30.33248461571293, 1.5211142001948892], [30.33237900592071, 1.5211826380039388], [30.332308084486908, 1.5212263648798838], [30.332272217664922, 1.5212467674204213], [30.33223593822351, 1.5212656628883592], [30.332199111615168, 1.5212825293816181], [30.332161573649934, 1.5212967155102408], [30.332121337145843, 1.5213082837554321], [30.331999784277688, 1.5213351662186416], [30.331960772216565, 1.5213463284443447], [30.331923566454865, 1.5213612045727967], [30.33188862093355, 1.5213811464452296], [30.331855634698513, 1.5214053127741807], [30.331824086771626, 1.5214325947276615], [30.33179357967767, 1.5214621420131347], [30.331763814829138, 1.5214933120007137], [30.33170569032769, 1.5215587328147389], [30.331620268571235, 1.5216606397950008], [30.331535896896284, 1.5217642441614077], [30.331452948958226, 1.5218690335094258], [30.331402256470643, 1.521935639153265], [30.331252383189142, 1.5221368090840448], [30.33120167436946, 1.522203096488606], [30.33114951044928, 1.5222680686426637], [30.33112252129712, 1.5222997433041079], [30.33109293428602, 1.5223326615442305], [30.331031743638647, 1.5223967002055465], [30.330968959992113, 1.5224593176573618], [30.3305855748042, 1.5228290772094775], [30.33049079985675, 1.5229225801904784], [30.330428959950247, 1.5229859312118115], [30.330368294393924, 1.5230501323066654], [30.330278242771524, 1.5231473677802116], [30.329620794663363, 1.5238635350816858], [30.32953180159434, 1.523961702987196], [30.329473645936464, 1.524028039785357], [30.329417596352922, 1.5240959718787535], [30.329390904570918, 1.524130946043562], [30.32936519283717, 1.5241671218036277], [30.329340474195405, 1.524204050780302], [30.32931648317847, 1.5242415350980494], [30.329269925157902, 1.5243176064535844], [30.329134093181914, 1.524549077939708], [30.32908813383581, 1.5246258332899154], [30.329064581473215, 1.5246637721760619], [30.329040405316896, 1.5247012110034293], [30.329015344712733, 1.524737922122657], [30.32898905236321, 1.5247735983430093], [30.328961070814298, 1.5248078303923691], [30.32893197372641, 1.524839316137826], [30.328901274989843, 1.524869420606172], [30.32886939651032, 1.5248985037355816], [30.32880331113165, 1.5249545293401139], [30.328735443126533, 1.5250083203432587], [30.32870115104593, 1.5250342673948658], [30.32866671727396, 1.5250593163027204], [30.328632185434053, 1.525083105075922], [30.3285975823394, 1.5251051041326014], [30.32856292181164, 1.5251245724522993], [30.328528207444766, 1.5251405014498134], [30.328493434555348, 1.525151545575742], [30.328458591536084, 1.5251559394342167], [30.328424214176305, 1.5251523723390608], [30.32838977650354, 1.5251423305714709], [30.328355300930305, 1.525127506730219], [30.328320810407597, 1.5251091958682732], [30.328286331528293, 1.5250883721448911], [30.328251898145673, 1.5250657531156286], [30.328183366848044, 1.5250170170359634], [30.32811582725628, 1.5249652955037132], [30.32808275692339, 1.5249385135301157], [30.328050424778244, 1.5249110260930452], [30.328019121375583, 1.524882645269], [30.327989229435026, 1.5248530800642235], [30.327961246829332, 1.5248219237332603], [30.327934394071395, 1.5247872125148183], [30.327909609208252, 1.5247507948004768], [30.327886328691456, 1.5247131544906642], [30.32786412525577, 1.524674654748264], [30.32782175592512, 1.524596078080541], [30.32774052602622, 1.5244364184475518], [30.32756076675101, 1.5240759806564574], [30.327503165482813, 1.5239571060545924], [30.32737179890946, 1.5236807506176784], [30.32733319108965, 1.5236024905696817], [30.327292531647217, 1.5235257159109723], [30.327270828344414, 1.5234883563380044], [30.327247718187753, 1.5234520702095484], [30.327222686744104, 1.523417268538885], [30.327194460764076, 1.5233833193420887], [30.327164211137877, 1.5233509519356259], [30.32713248996778, 1.5233197508872907], [30.327099711293894, 1.5232894284288803], [30.327066178216654, 1.5232598105358564], [30.326997634173512, 1.5232025258814383], [30.326962848960214, 1.5231750543864222], [30.326927781331936, 1.5231487049858876], [30.326892416098683, 1.5231239299836838], [30.326856691273207, 1.5231013845464942], [30.326820494937817, 1.5230819799134223], [30.326783658799236, 1.523066950613362], [30.326745948673853, 1.5230579359149767], [30.326708223397187, 1.523056226394693], [30.326669669754995, 1.5230602611772714], [30.326630514386927, 1.5230685123113343], [30.326590928953777, 1.5230798128899872], [30.326551041497947, 1.5230932811494207], [30.326510945924582, 1.5231082555274453], [30.32643037985396, 1.5231408590084599], [30.326268581692897, 1.5232083535180143], [30.326228041026837, 1.5232242756131005], [30.326187448288547, 1.5232392249134623], [30.326146782979396, 1.5232527649852983], [30.326106016534442, 1.5232643214990147], [30.32606511115691, 1.5232731376606383], [30.32602401834369, 1.5232782227512704], [30.32598439922267, 1.5232788256192402], [30.32594463317557, 1.5232758994622615], [30.3259047944859, 1.523270267332699], [30.32586495533075, 1.523262533139809], [30.325825191079485, 1.5232531137433876], [30.325785586026797, 1.5232422638096532], [30.325746239703467, 1.523230093208916], [30.32570727391601, 1.523216577152663], [30.32566884063408, 1.5232015595346733], [30.325631130758683, 1.5231847501828544], [30.325594040100768, 1.523165773948325], [30.325557679333993, 1.523145146887986], [30.32552185094759, 1.5231233484042768], [30.325486395579723, 1.52310076335929], [30.325345900793923, 1.5230084519278502], [30.325310576245766, 1.5229862496953654], [30.325274935790322, 1.522965039376997], [30.325238824099785, 1.5229452620108324], [30.32520204758034, 1.522927474951528], [30.325164362276002, 1.5229123866217433], [30.32512287454112, 1.5228998581099096], [30.32508035974721, 1.5228903656846606], [30.325037097258445, 1.5228830829876594], [30.32499329889535, 1.5228773835957663], [30.324904686449713, 1.522868984573196], [30.32481534686313, 1.5228627308779525], [30.323828001792872, 1.5228047921499914], [30.323329864187066, 1.5227787060772828], [30.323241262653845, 1.522772266403736], [30.32319838842392, 1.5227678207861233], [30.323157132706022, 1.5227619845269955], [30.32311823970871, 1.5227541182431747], [30.323082722019073, 1.5227433519661582], [30.323051938369144, 1.522728518328557], [30.32302768636468, 1.5227080728952382], [30.323011514489504, 1.5226809745898455], [30.32300179658404, 1.5226483312331467], [30.322996767699255, 1.522611659211439], [30.32299509091724, 1.5225721071603344], [30.32299576757391, 1.5225305330982868], [30.322998061828102, 1.5224875692344428], [30.3230014390441, 1.5224436749081596], [30.32301002495262, 1.5223543126466423], [30.32304849368774, 1.521993317369105], [30.323075355024752, 1.5217242726471711], [30.323118106910957, 1.5212774964005267], [30.323185014922064, 1.5205632099572097], [30.323199639281047, 1.5204296924802503], [30.32321202054721, 1.5203411879334712], [30.32321969436991, 1.5202972213622443], [30.323228392861225, 1.5202548956447948], [30.323238121164707, 1.5202127682981772], [30.323248606069658, 1.5201707867187406], [30.323271061130534, 1.5200871098075737], [30.3233066403614, 1.5199619602677341], [30.323415726473016, 1.5195869493794616], [30.323463331472784, 1.5194200417800225], [30.323522130119958, 1.5192058602141547], [30.323661069827743, 1.5186912107985684], [30.32370839549737, 1.5185199569610126], [30.323733103893932, 1.5184346472296744], [30.323759335178913, 1.5183496141820587], [30.323856967557038, 1.5180532921994936], [30.323882724898375, 1.5179681951978095], [30.32389435106162, 1.5179253642965973], [30.32390470135213, 1.5178822449985987], [30.32391335452818, 1.5178395142978565], [30.323920760527393, 1.517796501029138], [30.32393306171733, 1.5177099034516557], [30.323943393808, 1.5176228552933066], [30.32397124630543, 1.5173610311822585], [30.323981575569853, 1.5172740888181504], [30.32398745857893, 1.5172308344459389], [30.323994108665065, 1.5171878118885687], [30.32400183438032, 1.5171451148179245], [30.324011044350137, 1.5171028673691518], [30.324022273491376, 1.5170612320824703], [30.324035945957068, 1.5170203608625508], [30.32405163730136, 1.5169801018144904], [30.324068814358114, 1.5169402930244764], [30.324087069094094, 1.5169008106254094], [30.324125648154478, 1.516822472190607], [30.32424607701472, 1.5165889028242334], [30.324284416469155, 1.5165105480167265], [30.32430243972126, 1.516471048687039], [30.324319265588656, 1.5164312132594444], [30.32433443713154, 1.5163909136499356], [30.324347356664326, 1.5163499823522055], [30.324357589564638, 1.5163080633822257], [30.3243655529861, 1.5162655079554996], [30.3243718550554, 1.5162224866249623], [30.324376959131108, 1.5161791293667937], [30.324384876557726, 1.5160917727666987], [30.324393957214152, 1.5159599558769028], [30.32442333198975, 1.5154755871400045], [30.32443756500929, 1.5152556257311958], [30.324447868122235, 1.5151239196175683], [30.32445693330081, 1.515036439636198], [30.32446268184677, 1.5149928780983146], [30.324477105280394, 1.514906894691179], [30.324503263207436, 1.5147785820487785], [30.324541384737635, 1.5146079722010921], [30.32462920949661, 1.5142243936321427], [30.324657484860417, 1.5140964082456654], [30.324674943442986, 1.5140109121696224], [30.324682860072485, 1.5139680636489845], [30.32468994848561, 1.513925112793944], [30.32469590831698, 1.5138820225323468], [30.32470056876259, 1.5138379803035147], [30.324706717448635, 1.5137495040343876], [30.324711698225922, 1.5136162654847027], [30.324727206096558, 1.5128596377892918], [30.324740791199158, 1.5122809870859422], [30.324743143773023, 1.5121474973188969], [30.324743285850886, 1.5120586118106345], [30.324740808107578, 1.5119699337934152], [30.324737892150427, 1.5119257305204445], [30.32473345346341, 1.511881483585339], [30.324727772853787, 1.5118373364809479], [30.3247211851053, 1.5117932603843411], [30.324698145932093, 1.5116612808019647], [30.32467239877456, 1.511529564215469], [30.32465387574607, 1.5114420311000214], [30.32463344747871, 1.5113550435572378], [30.324622050267614, 1.511311923596361], [30.324609476547085, 1.511269194390929], [30.32459532247968, 1.5112270066989724], [30.324579778475048, 1.5111867027318628], [30.324562824824035, 1.5111469234473824], [30.324544941809684, 1.5111075410781696], [30.32448997375109, 1.5109910208812092], [30.32447270197496, 1.5109526188622893], [30.32445687817698, 1.5109144511955637], [30.324443261598486, 1.510876568461931], [30.32443282870953, 1.5108390525742712], [30.3244268428981, 1.5108020216895546], [30.32442693450848, 1.510765636715767], [30.324434510048512, 1.5107297141696931], [30.324448281355405, 1.5106944410670808], [30.324466607306533, 1.510659644384245], [30.324488230074316, 1.5106251911576207], [30.324512194289436, 1.5105909791888128], [30.324537777438774, 1.5105569288366913], [30.32456443093417, 1.5105229757431566], [30.32467426974727, 1.5103870214672153], [30.324701008404386, 1.5103526724671121], [30.324726795133753, 1.5103179908590747], [30.324751176783465, 1.510282828773324], [30.324773570188587, 1.5102469897961301], [30.3247932171527, 1.5102102145888407], [30.32480913344494, 1.5101721641129722], [30.324820650485787, 1.5101320379398098], [30.324828358565522, 1.5100906088785981], [30.324833278654832, 1.5100482284201415], [30.3248361885936, 1.510005163934681], [30.324837673057083, 1.5099616160590799], [30.324837984291353, 1.5098736243743354], [30.32483644893363, 1.5097850173352059], [30.324827130624485, 1.5094296169622061], [30.324811231270683, 1.5087641779441157], [30.324808772751613, 1.508631190046358], [30.324808599703502, 1.5085427288840318], [30.32480944145733, 1.5084986290540154], [30.32481126788369, 1.5084546708644635], [30.32481447192314, 1.5084109134339378], [30.324819572099912, 1.5083674353862129], [30.324826975978745, 1.5083243802194681], [30.324836286373998, 1.5082816113236488], [30.324847006678002, 1.5082390598680853], [30.324858771767627, 1.5081966799019324], [30.324884506304944, 1.5081123540768038], [30.324912491250874, 1.5080286778101124], [30.324927354107984, 1.5079871957201219], [30.32494296204943, 1.5079460676956415], [30.32495954392319, 1.5079054277287915], [30.32497742818846, 1.5078654576782018], [30.324997061133026, 1.5078263985167246], [30.32501833857566, 1.507789214106451], [30.325041281727625, 1.5077529044631035], [30.3250654389036, 1.5077172354953385], [30.325116033665076, 1.5076471291864684], [30.32521931336021, 1.5075086328254086], [30.325244134628733, 1.507473833339596], [30.325267897948283, 1.5074387634315263], [30.325290109450194, 1.5074032861240467], [30.325310122132652, 1.5073672262286477], [30.32532708921779, 1.5073303574368317], [30.325339910165734, 1.5072923876599207], [30.325347906623747, 1.5072515642061115], [30.325351481358005, 1.5072095657738516], [30.32535184242666, 1.5071667121441925], [30.325349902704104, 1.5071232462866553], [30.325346340574338, 1.507079350698589], [30.325341650496576, 1.5070351612675372], [30.325330179721668, 1.5069462782289609], [30.32531709569096, 1.5068571393284111], [30.325302815858432, 1.5067680907377645], [30.325286839795073, 1.5066794463791133], [30.325277804996325, 1.5066353987733754], [30.325267714401527, 1.506591624555982], [30.325257023898455, 1.5065506643558637], [30.32523317265864, 1.5064693938928047], [30.325194953991492, 1.5063482296112514], [30.325170300776794, 1.5062673914240832], [30.325158916909164, 1.506226806194354], [30.32514856874113, 1.506186027627153], [30.325139653271606, 1.5061449767670754], [30.325132147658554, 1.5061013703913022], [30.32512623241725, 1.5060574588573163], [30.32512148115948, 1.5060133239625944], [30.325114252110055, 1.505924617930457], [30.325108728101043, 1.5058355848293], [30.32506806304586, 1.5050325569922733], [30.325007254880102, 1.5038729621827718], [30.325001050457136, 1.5037391519365906], [30.324997019498554, 1.5036053078707026], [30.32499694547683, 1.503471871984038], [30.325001855690548, 1.5032049198053683], [30.325021229959226, 1.502359227918534], [30.32503545770223, 1.501868299928318], [30.32503744850842, 1.5017792620312087], [30.325037523481157, 1.5016909738335251], [30.325036147992392, 1.5016473851819752], [30.325033236963417, 1.501604401604658], [30.32502814347128, 1.5015622792735517], [30.32502000306175, 1.501521360805971], [30.325007676381446, 1.501482098177248], [30.324992691976732, 1.5014494519322872], [30.324974368082305, 1.501418138922998], [30.32495348211327, 1.5013878636720885], [30.324930639311845, 1.5013584008614862], [30.32490630201576, 1.5013295845042243], [30.324880814800427, 1.5013012988291563], [30.324850364283698, 1.5012692508769276], [30.324819098604713, 1.5012376245849428], [30.324755153944924, 1.5011751275535652], [30.32439878459002, 1.500834516032422], [30.323980451484836, 1.5004311227763372], [30.32372228831184, 1.5001834428825795], [30.323626207893703, 1.500090044385837], [30.323563700879745, 1.5000267126404492], [30.32353343237035, 1.4999943712158608], [30.32350421183251, 1.4999613127195253], [30.32347646053996, 1.4999272503355827], [30.32345073536382, 1.4998918052426151], [30.323427871984393, 1.4998553260653609], [30.323406977399102, 1.4998175040712165], [30.323387522783815, 1.4997787002047869], [30.323369109209274, 1.4997391882527666], [30.32335144283498, 1.4996991722372761], [30.323317584871166, 1.499618179337448], [30.323269216408384, 1.4994953815257588], [30.323238772748038, 1.4994128816511945], [30.323224445524527, 1.4993713746283919], [30.32321101686139, 1.4993296170098362], [30.32319881487904, 1.4992875182374164], [30.323188071772215, 1.4992448516381591], [30.323178564716116, 1.4992018408345495], [30.323169962605405, 1.4991585775020964], [30.323154537554846, 1.4990715488978474], [30.323133739077107, 1.4989403129993302], [30.323081305026125, 1.4985892424615828], [30.323066892409066, 1.4985021537144458], [30.32305885977021, 1.4984590678814746], [30.32304991136222, 1.4984164983032573], [30.32303964335758, 1.4983746787801766], [30.323027509445595, 1.498333926317436], [30.323012780579628, 1.498294664830213], [30.322994497230944, 1.4982574533568784], [30.322971560745945, 1.4982223054949717], [30.322944990074163, 1.4981892568239021], [30.322915776779894, 1.4981577350459243], [30.322884668532406, 1.498127315244432], [30.322852218206624, 1.4980976936623756], [30.32278476370324, 1.4980401200574471], [30.32271527566881, 1.4979843873199397], [30.32264427723655, 1.497931140606323], [30.322608082005587, 1.4979060489053335], [30.322571220124455, 1.4978825354756842], [30.32253344368475, 1.4978612159093656], [30.322494412480218, 1.4978429096659476], [30.322454954766776, 1.4978286336573288], [30.3224142967875, 1.497817240434853], [30.322372756471477, 1.4978079708661447], [30.322330575191227, 1.497800245888498], [30.322287934377695, 1.4977936286539204], [30.32220178394749, 1.4977824911983675], [30.321942017712416, 1.4977533343489189], [30.32185728105813, 1.4977410631113952], [30.32181599604184, 1.4977333549290055], [30.3217758642315, 1.4977239777069604], [30.32173735030431, 1.4977122646133167], [30.321701071003886, 1.4976973317485063], [30.321667834496587, 1.4976780218068897], [30.321638672815542, 1.4976537653714646], [30.321612503724023, 1.4976252283708253], [30.321588569478198, 1.4975935221087915], [30.32156629934373, 1.4975594951408149], [30.321545275322464, 1.497523784782233], [30.32152520380059, 1.4974868606330674], [30.32148723617182, 1.4974106179738542], [30.32145181053881, 1.4973323569217059], [30.32141923034165, 1.497252509997735], [30.321372514619412, 1.4971321473386459], [30.32135588942036, 1.497092830832044], [30.321337928572543, 1.4970543683695623], [30.321318015387007, 1.4970171126437541], [30.32129511628089, 1.4969805308632402], [30.321270100507366, 1.4969452358182445], [30.32124352532586, 1.4969108903472284], [30.321215817630847, 1.4968772359340754], [30.321187300081565, 1.4968440769701399], [30.32109899336709, 1.4967462940626137], [30.320617645585738, 1.4962312986907285], [30.32034601479064, 1.4959420212267955], [30.32025690135834, 1.4958448941383446], [30.32019999190253, 1.4957789128699106], [30.32017306812081, 1.495745167970404], [30.320147741551857, 1.4957106356310057], [30.320124625781276, 1.4956750128661032], [30.320104524665243, 1.4956379026039985], [30.320088669220603, 1.4956005579238285], [30.320075598154038, 1.4955618370724981], [30.320064555514428, 1.4955221108847327], [30.320054940606013, 1.4954816728233458], [30.32004627024677, 1.4954407573145412], [30.3200221593989, 1.4953169408075173], [30.320004317151337, 1.4952350505435772], [30.319993750663397, 1.4951947995034576], [30.319981437946222, 1.495155295755931], [30.319966749361758, 1.4951168138120392], [30.319948597192532, 1.4950783972395219], [30.319927987057895, 1.4950410479152578], [30.319905658864208, 1.4950044554683022], [30.31988223055832, 1.494968365289661], [30.31981060127627, 1.4948610399045732], [30.319788019109485, 1.4948249355285785], [30.319767104097778, 1.4947883104219062], [30.319748657342792, 1.4947508951629271], [30.319733680141656, 1.4947123576316874], [30.319722698998795, 1.4946711551561973], [30.31971544057767, 1.4946287413072465], [30.319710894513907, 1.4945854434861672], [30.319708294078424, 1.4945415104460038], [30.319707065535823, 1.4944971285542556], [30.31970714531309, 1.4944075318689902], [30.31970896570554, 1.4943173599292323], [30.319719101030667, 1.4939556861922838], [30.31973072687017, 1.4935038207690303], [30.31974406730867, 1.49305102079233], [30.319745438985716, 1.4929608721330345], [30.319745201895525, 1.4929161339794406], [30.319743915834486, 1.492871785252416], [30.319741096915894, 1.4928280114905468], [30.319736086450202, 1.4927850663003213], [30.31972800024381, 1.4927432913486929], [30.319715668116753, 1.4927031403008313], [30.319698787716394, 1.4926662002123103], [30.319677897937307, 1.492630786524745], [30.319654073777333, 1.4925964765715056], [30.319628135102693, 1.4925629506059255], [30.319600697815094, 1.4925299735353466], [30.319543020563668, 1.4924650674073463], [30.31945306087211, 1.4923695724430928], [30.319391883403682, 1.492307894387136], [30.31936088882426, 1.49227827445035], [30.319329486427495, 1.4922499886908456], [30.319297500700713, 1.4922236192573262], [30.31926468500112, 1.4921999530913674], [30.31923070593666, 1.4921800370404203], [30.31919512383036, 1.4921652434364732], [30.31915749056074, 1.492156666595775], [30.3191182416744, 1.4921532385554837], [30.31907781487424, 1.4921535836697077], [30.31903654350246, 1.4921566542362896], [30.31899467817824, 1.492161663912037], [30.318909860881494, 1.4921753354610408], [30.318824329269344, 1.49219164846951], [30.318738590057706, 1.492209207433378], [30.31829858278655, 1.4923038624771778], [30.318123006660667, 1.4923403354491296], [30.318035205026792, 1.4923567295749718], [30.317991282491402, 1.4923638825780658], [30.31794733479796, 1.4923699336049265], [30.317903351101513, 1.4923744437009965], [30.317859317522334, 1.492376831212159], [30.317816604224763, 1.4923766665758267], [30.317773841803085, 1.4923744971220536], [30.317731041254728, 1.4923708634728357], [30.317645358214, 1.4923607507711518], [30.31751672124542, 1.4923419895472854], [30.317345337711075, 1.4923143749042818], [30.317260038913734, 1.4922993275687266], [30.317175478616697, 1.4922822384461303], [30.31713369021737, 1.492272322412253], [30.31709240424144, 1.4922609940736422], [30.31705180340274, 1.492247731315528], [30.31701144104359, 1.4922318602910047], [30.316971780682813, 1.4922139988391603], [30.316932631412033, 1.4921946842405673], [30.316855320562354, 1.4921532224170884], [30.316740565740375, 1.492087415818384], [30.316473616722707, 1.4919292735654097], [30.316128716933186, 1.4917226160827972], [30.3160526427799, 1.4916782719408292], [30.31601508914614, 1.4916573573126313], [30.315978095139553, 1.4916379046474046], [30.315941926247078, 1.491620615422563], [30.315906944852937, 1.4916064504603854], [30.315873639099788, 1.4915967077990506], [30.31584265795105, 1.4915931176265722], [30.31581485257292, 1.4915979548233405], [30.315791227883405, 1.4916127637626344], [30.315770636732623, 1.4916357618412175], [30.315752191404368, 1.4916647314681222], [30.315735182234782, 1.4916979657813842], [30.315719031245333, 1.4917341602964225], [30.31567107895123, 1.4918516539528155], [30.315653731156, 1.4918923133478141], [30.31563565377112, 1.4919329735144569], [30.315597931245538, 1.4920140154866128], [30.3155588557585, 1.4920945097618323], [30.315519006441075, 1.4921744531039147], [30.315358225323173, 1.4924911520927935], [30.315319751332865, 1.4925705288901072], [30.315301407583437, 1.4926104916260485], [30.31528399108413, 1.4926507527408264], [30.315267852990058, 1.4926914319601898], [30.315253451854705, 1.4927326839123913], [30.315241145784867, 1.4927746584856822], [30.315230555714347, 1.4928171990611887], [30.315212670359163, 1.4929033496001207], [30.315189077637136, 1.493033463476328], [30.315172216574492, 1.4931194902238143], [30.31516246835549, 1.4931618571099776], [30.315151234156218, 1.4932035114099698], [30.31513789714744, 1.4932441628031086], [30.315121662227927, 1.4932834347792163], [30.31510207662568, 1.4933206994692572], [30.315079616704583, 1.4933565994199463], [30.315055036478174, 1.4933914955282857], [30.31502891083342, 1.4934256630693943], [30.315001671962424, 1.4934593091453636], [30.31497364037253, 1.4934925874979441], [30.31491607247808, 1.49355846041339], [30.314709715972075, 1.493786925543697], [30.314651730757213, 1.4938524729445477], [30.314596196807333, 1.4939187017185336], [30.314570165508776, 1.4939522900289404], [30.314545982834773, 1.493986379421015], [30.314524397997168, 1.4940211707162754], [30.314506407513967, 1.4940569312428398], [30.31449331895287, 1.4940940119861732], [30.314486098541046, 1.4941334954621879], [30.31448394667404, 1.494174343421765], [30.314485481116506, 1.4942161842241155], [30.31448965369596, 1.4942587361219994], [30.31449568039062, 1.4943017884895793], [30.314502982522736, 1.4943451860409416], [30.314519846051926, 1.4944325974584272], [30.31460242799017, 1.4948282517199583], [30.314627955541006, 1.4949575932107748], [30.314685696904885, 1.4952593167613926], [30.314702870398033, 1.4953451461651777], [30.314721600366674, 1.495430309593472], [30.314732042683584, 1.495472437950468], [30.31474360966367, 1.4955140954265451], [30.31475673219401, 1.4955551027958216], [30.314771973526753, 1.4955952255077967], [30.314789889895145, 1.495634484074551], [30.31480994133329, 1.495672851864405], [30.314831550980863, 1.4957105697695532], [30.314877759311727, 1.4957847594488454], [30.314974501476666, 1.4959313281579143], [30.315021701277814, 1.496005078143174], [30.31504417548748, 1.4960424067763916], [30.315065430541267, 1.4960802260056987], [30.315084985848454, 1.4961187282235402], [30.315102219769063, 1.49615816189189], [30.315116968296927, 1.4961997712310102], [30.31512930280585, 1.496242349451375], [30.31513989678442, 1.4962856272197962], [30.315157827082547, 1.4963734900031693], [30.315189565048687, 1.4965507112475176], [30.315198060839805, 1.49659467505184], [30.315207290272134, 1.4966382396528577], [30.3152175906527, 1.4966812188742245], [30.315229386682514, 1.4967233725219247], [30.31524321863401, 1.496764389415875], [30.315259772303037, 1.496803868525963], [30.31527788680477, 1.4968387541748678], [30.31533757752645, 1.4969390274261023], [30.315355018652166, 1.4969728430997409], [30.31536890022215, 1.4970078010052128], [30.31537842199586, 1.4970462700435196], [30.31538359179122, 1.4970862384717925], [30.315385546779442, 1.4971273287728573], [30.31538516372755, 1.4971692490943755], [30.31538310979581, 1.4972117770517956], [30.315379886332686, 1.4972547454807708], [30.315371318976513, 1.4973415405508348], [30.315361373870818, 1.4974289898999222], [30.31533515241727, 1.497648447386644], [30.315324007196864, 1.4977358648443553], [30.31531121745913, 1.4978222925010118], [30.315303576749788, 1.4978647900344222], [30.315294571052814, 1.497906517061958], [30.315283622199054, 1.4979471552688703], [30.31526996216668, 1.4979862802454122], [30.31525258409915, 1.4980233337961941], [30.31523108004, 1.498057299869356], [30.315205961958803, 1.4980892605793994], [30.315178189392935, 1.4981197550758305], [30.315148496422456, 1.498149194240239], [30.315117436488443, 1.498177884681555], [30.315052745746144, 1.4982338375216333], [30.314952547839017, 1.4983156331979655], [30.314884706201102, 1.4983686221234063], [30.31485046940957, 1.4983942842060372], [30.31481592576688, 1.4984190551290277], [30.31478094718304, 1.4984425546409286], [30.314745352073633, 1.4984642677451308], [30.314708894500686, 1.4984835100625153], [30.314671250402984, 1.4984993864581342], [30.314631393708144, 1.4985113659294347], [30.31459030547144, 1.4985198655873315], [30.314548321523446, 1.4985258243060566], [30.314505696757536, 1.4985299569442097], [30.314462621964356, 1.498532800556922], [30.314419237985355, 1.4985347533849112], [30.314288117576105, 1.4985377963605806], [30.31389335748802, 1.498543318171326], [30.313499000600856, 1.4985522635976165], [30.313411642697265, 1.4985536525899557], [30.31332479413141, 1.4985533761931087], [30.313281727453994, 1.4985520450464882], [30.313239039703163, 1.4985494409754383], [30.31319688241156, 1.49854504955276], [30.313155456351225, 1.4985381893920515], [30.313115023973463, 1.4985279697436356], [30.313076187345793, 1.4985138435751046], [30.31303831306794, 1.498496456862798], [30.313001129079993, 1.4984767247205748], [30.312964417672745, 1.498455375451231], [30.31292800055678, 1.4984330000145136], [30.31281903902186, 1.4983644960633629], [30.31278233662889, 1.4983427039865815], [30.312745166753906, 1.4983222770975704], [30.312707313289486, 1.498303863406356], [30.312668506388725, 1.4982882670634599], [30.312627712791535, 1.4982759162347148], [30.312585917927375, 1.4982665302540683], [30.312543388660902, 1.4982593207505936], [30.312500328598176, 1.4982536857963409], [30.312413189611487, 1.4982454423726619], [30.31232530605065, 1.498239415082834], [30.31170704035638, 1.498206166285117], [30.31130866381987, 1.498186150727583], [30.311176354873158, 1.4981780725502676], [30.311132666803882, 1.498174393387814], [30.311089386677136, 1.4981697702657555], [30.311046707522415, 1.4981637729975679], [30.31100489270285, 1.49815581793997], [30.3109642965643, 1.4981451239915982], [30.310925389306743, 1.4981306600880158], [30.31089157961294, 1.49811333754537], [30.310859310056344, 1.4980927072725572], [30.310828300063847, 1.4980695205705707], [30.310798369661022, 1.49804433447678], [30.31076943162259, 1.4980175404479736], [30.3107414871862, 1.4979893872547856], [30.31071462548222, 1.4979599980036375], [30.31068902661149, 1.4979293815828258], [30.310664968077898, 1.4978974390961457], [30.310640871885834, 1.4978612475128683], [30.31061838351872, 1.497823803518507], [30.310596974180196, 1.4977855422862163], [30.31053507133116, 1.4976692033505938], [30.31051397982678, 1.4976308859903678], [30.310492008383257, 1.4975933157607588], [30.31046867782798, 1.497556873207076], [30.310443402663044, 1.4975220248076215], [30.31041672757002, 1.4974902674225339], [30.310388175118923, 1.4974600401045837], [30.31035822379206, 1.4974309541934911], [30.310327244258794, 1.497402708150084], [30.31026326735816, 1.4973478653476975], [30.310197780133127, 1.4972942525472608], [30.309999249037844, 1.497134834301093], [30.30993361103489, 1.4970809653832675], [30.309866637297592, 1.4970244756815587], [30.309734114463215, 1.4969096678688023], [30.30947078601632, 1.4966778196703858], [30.309404466087447, 1.4966212648667707], [30.30937097540625, 1.4965938735553923], [30.309337119481693, 1.4965674579358532], [30.30930273974832, 1.4965424399532472], [30.309267623168395, 1.4965193865521083], [30.309231487121068, 1.4964990498131407], [30.309193961584597, 1.4964824143099282], [30.30915573694421, 1.4964705284859636], [30.309116189692848, 1.4964622114193307], [30.309075676287325, 1.4964565621758503], [30.309034476170975, 1.4964528882797274], [30.308991029194914, 1.49645055893556], [30.308859475994197, 1.4964468727300055], [30.308815716806674, 1.4964449583197386], [30.30877224266875, 1.4964417686284328], [30.308729218941373, 1.4964366203448913], [30.308686843497796, 1.496428677963344], [30.30864643623556, 1.4964176422000453], [30.30860666392738, 1.4964038855775437], [30.308567363338742, 1.4963881154358758], [30.308528406434633, 1.4963708849591324], [30.30845114141244, 1.49633368887075], [30.30829732601384, 1.4962564191541237], [30.30825867381243, 1.4962379895961402], [30.308219798234035, 1.4962205337352878], [30.30818059720839, 1.4962044910514554], [30.308140940022195, 1.4961904249710551], [30.308100658773608, 1.4961790597656592], [30.308059049097675, 1.4961708858611786], [30.308016797855185, 1.4961654868737506], [30.307974075660443, 1.4961621250904222], [30.307931012680015, 1.496160237645485], [30.30784423093276, 1.4961593004505536], [30.30775696670384, 1.49616045162021], [30.307669488523924, 1.496162529069517], [30.307187816192027, 1.4961762511733339], [30.307100407243546, 1.496177986539398], [30.307013316955786, 1.496178317838936], [30.306969997426854, 1.496177494474237], [30.306926918617496, 1.4961756188362412], [30.30688417850207, 1.496172265126597], [30.306841907456946, 1.496166867175726], [30.306800276601113, 1.496158682404172], [30.306758935491537, 1.4961469518806771], [30.306718247602586, 1.4961323697828262], [30.306678035958107, 1.496115696357009], [30.306638165694576, 1.4960975100394824], [30.306559067258366, 1.4960582360101993], [30.30632312927563, 1.4959339004649892], [30.306283628749135, 1.4959141400408378], [30.306243969448584, 1.495895325851564], [30.306204087416077, 1.495877897374101], [30.30616389910028, 1.4958624455885532], [30.306123295578264, 1.4958497596139726], [30.30608213605495, 1.4958408817416957], [30.306041478859235, 1.4958367280893772], [30.306000325808956, 1.4958362652091322], [30.305958846098935, 1.4958385953435933], [30.305917189719793, 1.4958430712186228], [30.305875498795054, 1.4958492603987674], [30.30583391933166, 1.4958569192735307], [30.305792613716346, 1.495865977127327], [30.30575177437685, 1.4958765303326498], [30.305711639041515, 1.4958888464895719], [30.30567250796366, 1.4959033781540936], [30.305634763296112, 1.4959207854993009], [30.305597497769135, 1.4959423815646777], [30.305561714633587, 1.4959669326043108], [30.305527012135624, 1.4959936103355296], [30.305493085181602, 1.49602179161181], [30.305459705271875, 1.496051014253375], [30.305393957051173, 1.4961113265298553], [30.305069794471923, 1.4964200440433617], [30.30451851240807, 1.4969422248516748], [30.304453387988268, 1.4970031559756307], [30.304387632281106, 1.4970630008057326], [30.304354302926672, 1.497092148692626], [30.30432049045933, 1.4971204691287565], [30.304285997549325, 1.4971476252342006], [30.304250561732708, 1.4971731691658046], [30.30421383869894, 1.4971965137337182], [30.304177759790992, 1.4972160914590802], [30.30414055058425, 1.4972337436811303], [30.304102545103312, 1.4972500464881493], [30.303947578983678, 1.4973105222743315], [30.303909175692922, 1.4973263695008212], [30.303871354132905, 1.4973433199568198], [30.303834389645658, 1.4973618820018668], [30.30379661409405, 1.4973836036719053], [30.303759821435072, 1.4974071686901351], [30.30372374995713, 1.4974320896676687], [30.303653012219204, 1.4974845938556198], [30.303583302764213, 1.497539095664177], [30.30334142949995, 1.4977325695780561], [30.303103676170636, 1.4979199273902686], [30.303037158029973, 1.497974117808686], [30.303004823332806, 1.4980017070846408], [30.30297350976826, 1.4980298474688198], [30.30294365905941, 1.4980587801417349], [30.302915862717242, 1.4980888276394158], [30.302890903050077, 1.4981204162014947], [30.30286980151022, 1.4981541021099798], [30.302853017966285, 1.4981912850627304], [30.30284026350485, 1.4982306585510234], [30.30283044895236, 1.498271629727163], [30.302822746748845, 1.4983137480914888], [30.302816536655286, 1.4983566759692124], [30.302811359970313, 1.49840016362794], [30.302802861621444, 1.4984881407002086], [30.302777993779557, 1.4987987501823563], [30.302766276122405, 1.4989316246275246], [30.30275709631788, 1.4990199166381857], [30.302751771829644, 1.4990639244946504], [30.302745721401802, 1.4991078017621033], [30.30273869627414, 1.4991515069056023], [30.30273078715311, 1.4991935587608547], [30.302712466635565, 1.4992772263528544], [30.30269215023981, 1.499360542039625], [30.302639635435604, 1.4995682585112966], [30.30262083294665, 1.4996513027464347], [30.302612792555916, 1.499692836257294], [30.30260617395056, 1.499734383227472], [30.30260151516671, 1.4997759486656848], [30.3025995148697, 1.4998175384868708], [30.30260083554887, 1.4998607002189464], [30.30260498883479, 1.499903889398702], [30.30261121097841, 1.4999471009733512], [30.302618923971167, 1.4999903309209794], [30.302627698049438, 1.5000335758265761], [30.30264727026143, 1.5001200970125494], [30.302679378415455, 1.5002498814861744], [30.30271391786743, 1.5003793939975227], [30.302739195764378, 1.5004652214074867], [30.30275301053139, 1.500507819039915], [30.30276737965129, 1.5005488123673905], [30.3027982829601, 1.5006301710747014], [30.302878831209, 1.5008309833642166], [30.30289369220465, 1.5008704365600438], [30.302907299291117, 1.5009093950882], [30.302919047810022, 1.5009476424239994], [30.30292812883222, 1.5009848815745703], [30.302933467059926, 1.5010207127836692], [30.302933646375443, 1.5010546063252435], [30.30292682263208, 1.501085870291157], [30.302912290491125, 1.5011128536684688], [30.302891232111225, 1.5011373792984135], [30.30286528980041, 1.5011600562768161], [30.302835736179087, 1.501181353833566], [30.302803545344407, 1.5012016278150786], [30.3027694540585, 1.5012211433929668], [30.302697629864912, 1.5012586174987939], [30.302622777032305, 1.5012949221049403], [30.302508601534335, 1.5013487966838008], [30.302433498530885, 1.5013855045034845], [30.302396791511427, 1.5014045510868834], [30.302360985387313, 1.5014243597165233], [30.30232642890009, 1.5014452431546914], [30.302293578303388, 1.5014676109738356], [30.30226302819626, 1.501491996430914], [30.302235546799572, 1.5015190874778193], [30.302211798879526, 1.501549361432521], [30.302191107120315, 1.5015823315985788], [30.30217270898383, 1.5016173161773871], [30.30215601736821, 1.501653788420158], [30.302140587693472, 1.5016913469286637], [30.3021260898367, 1.5017296902543944], [30.30211228485314, 1.5017685957370681], [30.302084595603915, 1.5018520364649257], [30.302004866511503, 1.502104826109881], [30.301977361514158, 1.502188586862271], [30.301948122236354, 1.502271447687485], [30.301932396524673, 1.5023123188438317], [30.301915566102245, 1.5023526376794385], [30.301897247399967, 1.5023922159478325], [30.301878016090694, 1.5024292879179189], [30.301857422149386, 1.5024656823193108], [30.301813533694855, 1.502537118501251], [30.301699121686983, 1.5027130461856228], [30.301677087657264, 1.5027484958970905], [30.301655932197185, 1.5027842725399496], [30.301636032751638, 1.5028205217097454], [30.301617870837777, 1.5028574275983837], [30.30160206115013, 1.5028952242624718], [30.301588645460754, 1.502935618676329], [30.30157775034651, 1.502976969389512], [30.3015687087805, 1.5030190245019197], [30.301561009421974, 1.5030615911049425], [30.301548178478885, 1.5031477102190065], [30.301521289220943, 1.5033651510540427], [30.301509746964122, 1.503452000717181], [30.301495941148655, 1.5035382139978757], [30.301487559014717, 1.5035808906963188], [30.301477695307838, 1.503623129414545], [30.30146583865212, 1.5036647725841545], [30.30145213074097, 1.5037042385562494], [30.30143656877506, 1.5037431495397786], [30.30141963912877, 1.5037816528550545], [30.301401735716308, 1.50381986300049], [30.301308237411554, 1.5040089589227144], [30.301290890989677, 1.504046668919679], [30.301274959917315, 1.504084390283533], [30.301261087372247, 1.5041221283938788], [30.301250110430363, 1.504159880842376], [30.301243116688127, 1.5041976355971494], [30.30124116447738, 1.5042294488096541], [30.301243052858, 1.5042609528818371], [30.301248992474648, 1.5042918350780439], [30.30126199182342, 1.5043286289380347], [30.301279994316282, 1.5043643237717683], [30.301301638437526, 1.5043992027753084], [30.30132589264367, 1.5044334841004394], [30.301351984359318, 1.504467334065842], [30.30137934040003, 1.5045008787691563], [30.301436263998, 1.5045674142844785], [30.301552359038354, 1.5046999911634318], [30.30160878805529, 1.5047669757336517], [30.301635883844124, 1.5048009470104773], [30.30166180656489, 1.5048354312547105], [30.301686104108274, 1.5048706348059804], [30.301708179236197, 1.5049068304318678], [30.301727250408913, 1.5049443748519813], [30.301742825400787, 1.5049839510070593], [30.30175535634943, 1.5050248975782832], [30.301765657143523, 1.5050668467390498], [30.301774352375105, 1.5051095166533088], [30.30178872395207, 1.5051962101883207], [30.301820037366976, 1.5054150844446035], [30.301827303680014, 1.5054584569204903], [30.30183555033151, 1.505501427014796], [30.301845201953597, 1.505543820294066], [30.30185681224086, 1.5055854096759587], [30.30187110180812, 1.5056258998072882], [30.301887775264564, 1.5056632697879402], [30.301906923037727, 1.5056996254080757], [30.301927914478924, 1.5057352258527772], [30.301950263652607, 1.5057702709582343], [30.301973601220105, 1.505804912716273], [30.30202220706833, 1.5058734121767081], [30.302072294528514, 1.5059413157601875], [30.30214873818773, 1.5060426469637616], [30.302356803473018, 1.5063137642104603], [30.302407203732713, 1.5063820713472587], [30.302431304735393, 1.5064164769621786], [30.302454210412, 1.5064511554438513], [30.302475417700606, 1.5064862199773652], [30.302494254591814, 1.5065218212377414], [30.30250983441071, 1.506558157533101], [30.302521002036407, 1.506595486669733], [30.30252689760726, 1.5066348607146585], [30.302528190280647, 1.5066752570871222], [30.302526073069018, 1.5067163945755782], [30.30252144284063, 1.506758054530391], [30.302514956035314, 1.5068000667998136], [30.302507074618994, 1.5068422974797264], [30.302488212513776, 1.5069269979728914], [30.302477466902992, 1.5069692935770074], [30.302465829314805, 1.5070114444888025], [30.30244023441457, 1.507094415762865], [30.302371858551712, 1.5073001866193285], [30.30234703493628, 1.5073825676213684], [30.30233624974141, 1.5074239358212147], [30.3023271350394, 1.5074655020050092], [30.30232029133966, 1.5075073453346748], [30.302316103889858, 1.5075509799332352], [30.302314324454013, 1.5075949129060315], [30.30231430159777, 1.5076390632197723], [30.30231554040874, 1.5076833693622533], [30.30232041611674, 1.5077722770145403], [30.30232701373295, 1.5078613958921196], [30.30236053811497, 1.5082629169724044], [30.302385656005402, 1.5085752516710533], [30.3024027772574, 1.5087985636450743], [30.302428608147302, 1.509156519619557], [30.302435682199626, 1.509245708488349], [30.302444477224398, 1.5093340756031872], [30.302450145062608, 1.5093776531769996], [30.302457194551547, 1.5094205718995923], [30.302466209161626, 1.5094625536980906], [30.302477969206087, 1.5095032266945148], [30.30249350389677, 1.509542100404121], [30.302512985467867, 1.5095777099945002], [30.302536054953343, 1.509611608941336], [30.30256176543817, 1.509644248137975], [30.30258939335989, 1.5096759720475954], [30.302618393197026, 1.5097070402973178], [30.302678992604726, 1.5097679310158525], [30.30274145911968, 1.50982792125744], [30.302962816500088, 1.5100365698350287], [30.303024815738127, 1.5100968806994903], [30.303084661518426, 1.510158419020705], [30.30311315628439, 1.5101900073665506], [30.30314018474545, 1.5102224391038206], [30.303165199955913, 1.510256030317535], [30.3031874858271, 1.5102911947743254], [30.303207117596983, 1.5103296853167592], [30.303223848008937, 1.510369848649297], [30.303238470357513, 1.5104112269300156], [30.303251585879945, 1.5104534734337556], [30.3032636448017, 1.510496328968078], [30.303285840975924, 1.510583152277696], [30.30333810664821, 1.51080228397311], [30.30335994354693, 1.510889707529814], [30.303383698218234, 1.5109765010148668], [30.303396776235612, 1.5110195064351226], [30.303425352359085, 1.5111029301800936], [30.303456526721146, 1.5111855269541057], [30.303505739507425, 1.5113086843968226], [30.30360615820567, 1.5115544670383017], [30.303637969889028, 1.5116366711181293], [30.303652826814368, 1.5116779227855357], [30.303666541235756, 1.5117193263621427], [30.30367863111071, 1.5117609364656492], [30.303688452621543, 1.5118028241624686], [30.30369515727405, 1.5118450808998332], [30.30369804866488, 1.5118874773191906], [30.303697855440078, 1.5119302339711542], [30.30369540161459, 1.5119732539422654], [30.303691303227136, 1.5120164542208998], [30.30367980659903, 1.512103087270938], [30.303665312386887, 1.5121894434146528], [30.303657041930325, 1.512232216186831], [30.303647923204796, 1.512274478016473], [30.303637679304654, 1.5123159684826493], [30.30362588724018, 1.512356336262757], [30.303611947027818, 1.5123951106141542], [30.303595041151876, 1.5124316669097295], [30.303574084495157, 1.5124651859417269], [30.30354830394738, 1.512494892190317], [30.30351849191113, 1.5125215482071752], [30.30348571679429, 1.512545927776177], [30.30345078629767, 1.5125686039263604], [30.303414298766548, 1.5125899837371783], [30.303376685946507, 1.5126103361359868], [30.30333824736524, 1.5126298126462991], [30.303299177072905, 1.5126484614384457], [30.303259583692633, 1.5126662352355265], [30.303219504801767, 1.5126829937570718], [30.303178916677457, 1.5126985015460044], [30.303139816487334, 1.5127119263824942], [30.30294268559313, 1.5127721871927453], [30.302904088327672, 1.5127854868528425], [30.3028662197538, 1.5128001885018878], [30.30282934944626, 1.51281686077906], [30.302791204286102, 1.5128373851115147], [30.3027541912143, 1.5128601761126748], [30.302717998995952, 1.5128846113765921], [30.302647146416454, 1.5129365601873368], [30.302507050233686, 1.5130438754332485], [30.302471559824344, 1.513069869493088], [30.302435568039815, 1.5130949327116634], [30.302398860770126, 1.5131186616557126], [30.302361169787737, 1.5131405510977631], [30.30232386043549, 1.5131594690403165], [30.302285677765077, 1.5131767378065735], [30.302246911523493, 1.5131928844075846], [30.30212956060525, 1.513238936773804], [30.302090881982583, 1.513254844545823], [30.302052866520533, 1.5132717668843727], [30.302015850820922, 1.5132902489199076], [30.30198024794462, 1.5133109534381666], [30.30194475276614, 1.5133356317337825], [30.30191083093233, 1.5133627967463361], [30.301878058786606, 1.5133917807672919], [30.301846113925713, 1.513422075283983], [30.30181475436416, 1.5134532983413302], [30.301753122503666, 1.5135174737744912], [30.301358798548, 1.5139449052702354], [30.300932256814644, 1.514403364963123], [30.300872445685343, 1.5144696932185193], [30.30084315751692, 1.5145033035474278], [30.30081452870754, 1.514537386095137], [30.300786825923065, 1.514572128061794], [30.300760401438193, 1.5146077758753487], [30.300737821715142, 1.5146409901027864], [30.3007162253302, 1.514674905897356], [30.3005914134272, 1.514882128758828], [30.300551765416554, 1.5149517154424574], [30.300533552863143, 1.5149870327921546], [30.30051705558412, 1.515022932656955], [30.300502906457677, 1.5150596423528229], [30.300490621859357, 1.5151011585259142], [30.300481144543568, 1.5151436508410066], [30.300473710197988, 1.5151868531344856], [30.300467739291935, 1.515230563668702], [30.300462798587702, 1.515274631710402], [30.300454817728763, 1.5153634266447298], [30.30044195268369, 1.5155420895404499], [30.30039676086648, 1.51621332861254], [30.300386232447256, 1.5163469584951919], [30.300381784403577, 1.5163910934401166], [30.30037644698495, 1.5164348410200916], [30.300369819064866, 1.516478026369502], [30.300361356407997, 1.5165204122623666], [30.300350330778784, 1.5165616812897378], [30.30033578129608, 1.516601414657744], [30.3003168843841, 1.5166393523807449], [30.300294450148233, 1.5166757485283329], [30.300269444268444, 1.5167110239381967], [30.300242597954337, 1.5167454972642145], [30.300214457053034, 1.5167794063774778], [30.3001854233042, 1.5168129263451904], [30.30012575908117, 1.5168792702455478], [30.299698446494375, 1.517339448480885], [30.299637763257383, 1.517405346462437], [30.29957810594347, 1.5174716999246234], [30.299549062690613, 1.5175052254563979], [30.299520896378546, 1.5175391404543195], [30.29949400055114, 1.5175736196910399], [30.299468909813466, 1.5176089005714506], [30.2994463401843, 1.5176453010494975], [30.299427237124927, 1.5176832409519785], [30.299412587642916, 1.517722372861796], [30.299401308615064, 1.517763001736237], [30.29939249915139, 1.5178047277661864], [30.29938547426092, 1.5178472470065119], [30.299379720415022, 1.5178903316467822], [30.29937485798891, 1.5179338133335187], [30.299366778792724, 1.5180215119200597], [30.299340309539186, 1.51837495345006], [30.2993328812616, 1.5184629205008437], [30.29932358796633, 1.5185499728465124], [30.29931763332842, 1.5185928551600605], [30.299310287737605, 1.518635051816369], [30.299300986709692, 1.518676283987543], [30.299288977532363, 1.518716179934471], [30.29927327047213, 1.5187542509197383], [30.299252795592565, 1.5187905251925364], [30.29922854993137, 1.5188249383416426], [30.299201559055085, 1.5188579966084463], [30.299172601160528, 1.5188900841265587], [30.29914225865914, 1.5189214883873778], [30.299110961580848, 1.5189524216675516], [30.299014054679077, 1.5190437343755667], [30.29871896227732, 1.5193155440654946], [30.298458483937864, 1.5195582275891328], [30.29823145289534, 1.5197716289527432], [30.297940393032402, 1.520047797201663], [30.297875196754124, 1.5201078817501474], [30.297842247380185, 1.5201370511027408], [30.29780890290465, 1.5201652378785353], [30.29777498494339, 1.5201919978365521], [30.29774025186089, 1.5202167290391202], [30.297704380741667, 1.5202386268688304], [30.29766694596271, 1.5202566305440148], [30.297628003148425, 1.5202697696243932], [30.297587523086154, 1.5202790783223785], [30.297545920361635, 1.520285587478036], [30.297503510447452, 1.5202900798071004], [30.297460530162716, 1.520293140403016], [30.2974171549308, 1.5202951991044695], [30.297329696508125, 1.5202974533849836], [30.297197760603872, 1.5202984092362257], [30.297109694067746, 1.5202979491722655], [30.29697611771785, 1.5202954756434401], [30.296398227317013, 1.5202802305455023], [30.296309450463877, 1.5202793092583295], [30.296265121802275, 1.5202795697555807], [30.296220861301382, 1.5202805981481602], [30.296176700656684, 1.5202827048866763], [30.296132682896502, 1.5202863014896995], [30.2960909120497, 1.5202914290971181], [30.296049273246005, 1.520297929162272], [30.2960077301176, 1.520305441855569], [30.29592484653962, 1.5203224986162942], [30.295801042789545, 1.520351151791356], [30.29571924121815, 1.5203720427995868], [30.295678801039276, 1.5203832956408592], [30.295638859085695, 1.5203953664144014], [30.295599625541648, 1.5204085789392925], [30.29556138217613, 1.5204233747096556], [30.295524501335553, 1.5204403415316912], [30.29548946839526, 1.5204602478648288], [30.29545534742963, 1.5204847655380311], [30.295423221847553, 1.520512446422807], [30.29539256689813, 1.5205424453415723], [30.295362993317887, 1.5205741263775483], [30.295334223012578, 1.520607021292354], [30.295278425028435, 1.5206752184485315], [30.29522456442149, 1.520745504471493], [30.29519845972302, 1.520781274533237], [30.295173089950847, 1.5208174918014785], [30.29514868658723, 1.5208542398392981], [30.295125569139273, 1.520891650287164], [30.295104160149634, 1.520929903906581], [30.29508618149481, 1.5209660738827337], [30.295021607581024, 1.521111629358244], [30.295004565533564, 1.5211459732687282], [30.29498596024904, 1.5211783397366436], [30.294965025604732, 1.5212079183647509], [30.294940832709944, 1.5212336971720735], [30.29491036539026, 1.5212563069356053], [30.2948761011063, 1.521274558560259], [30.29483904534883, 1.5212896187551481], [30.29479996748987, 1.5213023790995719], [30.29475944846237, 1.5213135123852661], [30.294717921365255, 1.5213235204166389], [30.2946330312394, 1.521341541992487], [30.294372360759514, 1.521392141065653], [30.294152735650574, 1.5214357786312254], [30.294065068356097, 1.521452306717758], [30.29397742950349, 1.5214666357401136], [30.29393359831251, 1.5214722682635209], [30.293889744364062, 1.5214763024213391], [30.29384585383978, 1.5214781311736603], [30.293803205781327, 1.5214773212930746], [30.293760514102875, 1.521474401570287], [30.293717782747365, 1.5214699197097603], [30.293632207173296, 1.5214578327854966], [30.2935035572572, 1.52143548226992], [30.293202746026346, 1.5213787671413086], [30.29311786044165, 1.521364865031415], [30.29307613454282, 1.5213593736675377], [30.29303521514115, 1.521355484415346], [30.292995465115826, 1.5213538875473476], [30.292957374694307, 1.5213555115792552], [30.29292159753901, 1.5213615894846941], [30.29288899386823, 1.5213737369795164], [30.29286135338939, 1.5213923794042148], [30.29283688858005, 1.5214167619856263], [30.292815052511184, 1.5214455079807925], [30.292795510093164, 1.5214775837206118], [30.292778119618305, 1.521512239553163], [30.292762920882197, 1.5215489606376704], [30.292749132091437, 1.5215900793330925], [30.29273731769943, 1.5216325675906979], [30.29272687550809, 1.521675958992875], [30.292717336306193, 1.5217199058519906], [30.29268133370493, 1.5218965937871234], [30.29267130501616, 1.521940032545948], [30.292660115445315, 1.5219827477041203], [30.292647229767045, 1.522024437092344], [30.292631955477734, 1.5220647090417698], [30.29261339379418, 1.522103053602187], [30.292590773613128, 1.5221391275060228], [30.29256485043074, 1.5221732765745075], [30.292536519115075, 1.5222060198474365], [30.292506459417712, 1.5222377522983856], [30.29247518069335, 1.5222687705457347], [30.292410371038446, 1.5223294854960077], [30.292344025240265, 1.5223893012234093], [30.29210983519726, 1.5225976744078875], [30.291810180281143, 1.5228664446450766], [30.291742636328177, 1.5229243695621384], [30.291708298038312, 1.5229523498597033], [30.29167335311332, 1.522979282037421], [30.29163755592843, 1.5230047430140379], [30.291600582499637, 1.5230281737144742], [30.291564626980026, 1.5230478662398563], [30.29152761470602, 1.5230657313353873], [30.291489814109397, 1.5230822281727734], [30.291412617912847, 1.523112418297477], [30.291334121104587, 1.52314021543723], [30.291254852793816, 1.5231663592158402], [30.29117496151508, 1.5231907906419053], [30.291134746276658, 1.523202144196899], [30.291091470351105, 1.5232135014840456], [30.291004370143654, 1.5232344150099928], [30.290916797547414, 1.523253923870086], [30.29078485468836, 1.523281956393239], [30.290386787987416, 1.5233638576903743], [30.290300444885787, 1.523383666755621], [30.29025872228551, 1.5233946121615258], [30.290218639277313, 1.5234067262882065], [30.290180946055205, 1.5234205377231578], [30.290146662325938, 1.5234367646766027], [30.29011715501349, 1.5234563694921996], [30.290094230842872, 1.5234806235398934], [30.29007939894736, 1.5235104315701256], [30.29007110150513, 1.5235448590195528], [30.29006754582513, 1.5235826480880281], [30.290067374605098, 1.5236228449922635], [30.29006957613667, 1.5236647357369517], [30.29007340944574, 1.523707791869057], [30.290078343998893, 1.5237516257759278], [30.290090176905, 1.5238405701375763], [30.29010353792293, 1.5239300718033826], [30.290118357207778, 1.524019177737975], [30.290126649953265, 1.5240633062352313], [30.290135896344804, 1.5241069700021947], [30.290146516775753, 1.524149986559051], [30.290159081665905, 1.5241921178099924], [30.290174347001383, 1.5242330524791552], [30.29019243543218, 1.524271583732544], [30.29021312842302, 1.5243089742412161], [30.290235731701596, 1.5243455202136544], [30.29025971645069, 1.5243814486757585], [30.290284684681826, 1.5244169316459157], [30.290336461466186, 1.524487045265811], [30.29046940328656, 1.5246605573524044], [30.290521803042182, 1.5247302157682003], [30.290572160188397, 1.5248007039688924], [30.290595957441955, 1.5248365179740724], [30.29061833048141, 1.5248729226074063], [30.290638745113313, 1.5249101410838835], [30.290656501657963, 1.524948465558023], [30.29067071197725, 1.524987133368734], [30.290682383461867, 1.5250268586748765], [30.290692178485127, 1.5250673661312142], [30.290700608461336, 1.525108443539365], [30.2907148436402, 1.5251917010291693], [30.29075096244021, 1.5254445357124997], [30.29077097381285, 1.525570748432448], [30.290787217166752, 1.52565506122594], [30.29084352088603, 1.5259083726424163], [30.29085178946613, 1.5259506552345796], [30.290859014964827, 1.5259930509526878], [30.290864779873896, 1.5260356099650652], [30.290868869936737, 1.526080016070169], [30.290871376288017, 1.526124602125271], [30.29087325645459, 1.5262141308244583], [30.29087201724463, 1.5263488873554183], [30.29084416263883, 1.527518720385766], [30.290840750121138, 1.5276986197995455], [30.29084051245909, 1.5277884548109046], [30.290842765419523, 1.5278780953942614], [30.290845489060644, 1.5279227910111857], [30.290849583438792, 1.5279667985473415], [30.290854823925468, 1.5280107166320156], [30.290867574407354, 1.5280983757386246], [30.290897353318332, 1.5282733608467227], [30.291053249205508, 1.5291477874020254], [30.291077320629288, 1.5292787900846438], [30.291094398209466, 1.5293659065741998], [30.291103513209006, 1.5294093420635342], [30.29112333923324, 1.5294964937391897], [30.291155324602943, 1.5296267609067258], [30.291199761035994, 1.5298001473024236], [30.291279026234516, 1.530103484274272], [30.291311660854053, 1.5302334424605593], [30.29133083771169, 1.5303199799347957], [30.291338798878222, 1.5303631829711282], [30.291345031678667, 1.5304063156905028], [30.291348839741755, 1.5304493494548808], [30.291349297385597, 1.5304922462351795], [30.29134570388212, 1.5305345155305792], [30.29133879657171, 1.5305766492151118], [30.29132946340438, 1.5306186836479108], [30.291318380327397, 1.5306606465039123], [30.29129286462155, 1.5307444352694553], [30.291264914240383, 1.5308281245735464], [30.291116954028595, 1.5312516382817352], [30.290988782675043, 1.5316227431015066], [30.29096326013352, 1.5316408319818524]], [[30.296147500642956, 1.5325358252409687], [30.296105950849082, 1.5325153198915364], [30.29617032982167, 1.5325466256038807], [30.296147500642956, 1.5325358252409687]], [[30.293259279260432, 1.5320755898879919], [30.293282465710664, 1.5320855717771367], [30.29332299264726, 1.5321039252355972], [30.293259279260432, 1.5320755898879919]], [[30.293118211614026, 1.5320163936951279], [30.293200651489077, 1.5320503503226004], [30.29322432731496, 1.532060542890852], [30.293118211614026, 1.5320163936951279]], [[30.292631311681255, 1.531824704334865], [30.292661880711645, 1.5318361314490612], [30.292682707623168, 1.5318443149138963], [30.292631311681255, 1.531824704334865]], [[30.292519537428486, 1.531783560891682], [30.292536847073706, 1.5317893921941441], [30.292555587812952, 1.5317963977346873], [30.292519537428486, 1.531783560891682]]]}}]}