{"type": "FeatureCollection", "name": "Nyamukau site 3", "features": [{"type": "Feature", "properties": {"OBJECTID": 1, "Id": 1, "gridcode": 3, "Name": "Nyamukau site 3"}, "geometry": {"type": "Polygon", "coordinates": [[[30.29096326013352, 1.5316408319818524], [30.29070592993573, 1.531812940629138], [30.29061929986541, 1.5318725100062531], [30.290583260581258, 1.531898302088837], [30.290548046709407, 1.5319245001997666], [30.290513854790422, 1.5319513803826246], [30.290481105197113, 1.5319792164928185], [30.29045036438345, 1.5320083760706955], [30.29042238551983, 1.532039346032082], [30.29039815703695, 1.5320727631825701], [30.29037866386292, 1.532108686546734], [30.290362762087007, 1.5321469280367688], [30.29034947108515, 1.5321868257944722], [30.290338088759427, 1.532227886579223], [30.29032813595693, 1.5322697448737337], [30.290319315492134, 1.5323121299271165], [30.290311484640487, 1.53235483959108], [30.290304639822637, 1.5323977196432], [30.290298912376315, 1.5324406473533987], [30.290294574582607, 1.5324835182069563], [30.290292055330674, 1.5325262348859974], [30.290291964849814, 1.5325686978099071], [30.290295127679006, 1.5326107967437712], [30.29030197814568, 1.5326514702600456], [30.290311777746627, 1.5326918143614183], [30.29032356740666, 1.5327319513904096], [30.290336320131168, 1.5327704673974367], [30.2903170548875, 1.5327359877121522], [30.29029538630955, 1.5327040251745299], [30.290270974356257, 1.5326758719754392], [30.29024307965981, 1.5326528593324693], [30.290209259275077, 1.5326353362505059], [30.29017181663062, 1.532623571701223], [30.29013182050178, 1.5326161861199887], [30.2900901016966, 1.532612237376097], [30.290047314830353, 1.5326111631214732], [30.290003992637935, 1.5326127420938713], [30.2899605938212, 1.5326170748159171], [30.28991754588007, 1.5326245831394518], [30.28988389389298, 1.532633169615269], [30.28985085479062, 1.532644014537529], [30.289818572797255, 1.5326570430004192], [30.289787226054937, 1.5326723149190586], [30.289750328958018, 1.5326940666939928], [30.289714732467502, 1.5327184663573947], [30.289680099648347, 1.5327447513307568], [30.28964617034857, 1.5327723512203484], [30.289579676888554, 1.5328299269598153], [30.289319100472625, 1.5330674883198196], [30.289123862627633, 1.5332443598627148], [30.289059607726497, 1.533303642889118], [30.288997114176656, 1.5333640243609739], [30.28896710205284, 1.5333950089364965], [30.28893839001708, 1.5334268368354391], [30.288911486499792, 1.5334598412442217], [30.288887058628273, 1.5334944582337917], [30.288865928374868, 1.5335305096570828], [30.288847209539274, 1.5335681369894678], [30.288830255178755, 1.5336069223702977], [30.288814570008288, 1.5336465459077033], [30.28879978042888, 1.533686765921459], [30.288758381500465, 1.5338094301258263], [30.28871892151212, 1.533933299579098], [30.288693391547753, 1.5340160398021367], [30.288669207302885, 1.5340988273609513], [30.28865807508192, 1.5341402532611081], [30.288647977939757, 1.5341817207515045], [30.28863934417918, 1.5342232535422449], [30.28863274134251, 1.5342648835140575], [30.288628910732672, 1.5343066523178215], [30.288628469456835, 1.5343493564108786], [30.28863089119928, 1.5343922069235036], [30.288635402916327, 1.5344351633158362], [30.288641416080978, 1.5344781949787978], [30.288656292844077, 1.5345643991256859], [30.28867320447737, 1.5346507019354774], [30.288798743190963, 1.5352548060161655], [30.288817906534682, 1.5353407170753937], [30.28883872812419, 1.5354261196326344], [30.288861208574758, 1.5355110196203263], [30.288908349329912, 1.5356802923366653], [30.28899235654414, 1.5359761606696538], [30.289029445209632, 1.5361024810221624], [30.28905580308593, 1.5361859711251993], [30.289069958325367, 1.536227285173064], [30.289085116894018, 1.5362681568972796], [30.289101648330874, 1.5363084237668698], [30.28912035356491, 1.5363489918072868], [30.28914049593259, 1.5363889267613666], [30.289183612572657, 1.5364675484749801], [30.28925193748214, 1.5365838702934076], [30.289461293027834, 1.536930989801791], [30.289528854047667, 1.537047915329414], [30.289570727084442, 1.5371254774275735], [30.289609829740908, 1.5372024387849017], [30.289647870744453, 1.5372799927859844], [30.28972249076761, 1.5374359641030633], [30.289870324363406, 1.537748969004212], [30.289908035562455, 1.5378266791978443], [30.289947202106717, 1.5379032389550853], [30.289967305879895, 1.5379399052858822], [30.289988308821513, 1.5379758115683209], [30.290010488034508, 1.538010695832448], [30.29003422419469, 1.5380442051246044], [30.290060024047392, 1.538075874517195], [30.29008989213449, 1.5381068708940249], [30.290121994443677, 1.5381358643514518], [30.290155721906967, 1.5381633999035358], [30.290190614790863, 1.5381898866995924], [30.29026262854135, 1.538240823499315], [30.290373549132184, 1.538314283441697], [30.290448619998624, 1.5383615971116313], [30.290524792097365, 1.538406689148422], [30.290563537149165, 1.5384278391162822], [30.29060294377819, 1.5384475835267062], [30.29064245137937, 1.5384653104450823], [30.2906826014236, 1.5384816715960172], [30.2907232211722, 1.538497030666715], [30.29076417977814, 1.538511664535411], [30.290846746189747, 1.5385395392133487], [30.291096024541822, 1.538619753429508], [30.291178629625875, 1.5386474356467268], [30.291260154271825, 1.5386771817683025], [30.29130018719627, 1.5386934270990558], [30.291339468318967, 1.538711072738241], [30.291377717369627, 1.5387306279500694], [30.29141544123935, 1.5387529669204072], [30.291452094648086, 1.538777281101313], [30.291487967042904, 1.5388030349907524], [30.291558141996134, 1.538857362004156], [30.29159267002964, 1.5388854341821732], [30.291660742902337, 1.5389427064955108], [30.29172699907149, 1.5390012431737388], [30.291758985671194, 1.539031090361361], [30.291789774995536, 1.5390614892143224], [30.29181887624845, 1.5390926460746284], [30.29184562545771, 1.5391248485827969], [30.291869140804927, 1.5391584834723584], [30.291888270219374, 1.539194058014088], [30.291902083523098, 1.5392317231888135], [30.29191192675303, 1.5392710883291445], [30.291919350069428, 1.5393114080462964], [30.291932344419834, 1.5393922153343345], [30.291940522083188, 1.5394313477147272], [30.29195169257438, 1.5394686224814167], [30.29196751322505, 1.5395031234582894], [30.291987163523117, 1.5395316096342426], [30.292010900526982, 1.539557845358495], [30.292037526433578, 1.5395826853772916], [30.29212876526824, 1.5396589224255572], [30.29219552815197, 1.539716510748689], [30.29226228555666, 1.5397759381981289], [30.292361970902213, 1.5398668755752083], [30.29249403659915, 1.539989494215391], [30.292691066169247, 1.5401741585107307], [30.293246993530314, 1.5406985914705065], [30.29334625948046, 1.5407893796538057], [30.293379944304785, 1.5408187697551585], [30.293414155402946, 1.5408473895918313], [30.293449102427388, 1.5408749322569721], [30.29348506224413, 1.540900992401008], [30.2935213592076, 1.5409246813512356], [30.293558630081687, 1.5409469449016657], [30.29359661655795, 1.5409681614157804], [30.29367399447206, 1.541008539679106], [30.29394929634721, 1.541143263359626], [30.29402704466096, 1.541182992718119], [30.294065312005007, 1.5412036969827327], [30.294102944825266, 1.5412252788797771], [30.29413969982231, 1.5412480745433839], [30.294175258290128, 1.541272524216329], [30.294209254473383, 1.5412988943337664], [30.294242061513522, 1.5413269086752261], [30.294273995850784, 1.5413561305950556], [30.294305298722325, 1.54138622736261], [30.294366688640643, 1.541448110403413], [30.29448727046769, 1.5415749738891813], [30.29484658320729, 1.5419596264773723], [30.294907182317434, 1.5420223861370357], [30.294937890954113, 1.54205294643742], [30.294969049730092, 1.5420826007747663], [30.29500085425499, 1.5421109527625023], [30.295033568245312, 1.5421374680054551], [30.295067542457343, 1.5421614356768145], [30.295103237094423, 1.5421819230381517], [30.2951421145422, 1.5421985799392512], [30.295182796410682, 1.5422115935073029], [30.295224788536817, 1.5422219722325043], [30.295267717569228, 1.5422304798077935], [30.2953113054897, 1.5422376868567327], [30.295355348224163, 1.542244014271335], [30.295444250239687, 1.542255169296269], [30.295847169089992, 1.5423013702893544], [30.295936200890758, 1.5423104860362542], [30.295980433344425, 1.5423141376967662], [30.29602435876739, 1.5423167392854702], [30.296067844913296, 1.5423177962600214], [30.296110711408097, 1.5423166380040412], [30.296152715903883, 1.5423123669741121], [30.296193537628486, 1.542303798068875], [30.296231999972417, 1.542290351815163], [30.296269329665474, 1.542272776916625], [30.296305831367413, 1.5422521849658886], [30.296341738964276, 1.5422294253500832], [30.29637723105689, 1.5422051407562756], [30.296412444370514, 1.5421798145692442], [30.296587506719675, 1.542047802063934], [30.296658503821092, 1.5419961268628368], [30.29669460317557, 1.5419712855305716], [30.29673130988301, 1.5419474574672187], [30.296769248953787, 1.5419245721606882], [30.296846828854758, 1.5418816335235452], [30.296925756646157, 1.54184091526514], [30.297045283003918, 1.5417815828917127], [30.297405399157828, 1.5416045093698874], [30.297525345382905, 1.5415475645729382], [30.297565293211285, 1.5415299844545933], [30.297605214782113, 1.541513737813208], [30.29764510133601, 1.5414994258163193], [30.297684941002274, 1.5414878619487198], [30.297724717972734, 1.5414801323578142], [30.29776441154906, 1.541477667528806], [30.297803333583776, 1.5414815094603913], [30.297842177317435, 1.541490462816669], [30.297880965738536, 1.541503156780437], [30.297919718377415, 1.5415185414933414], [30.297958452871963, 1.541535819971114], [30.29799718656366, 1.54155438977364], [30.298192417629334, 1.5416541370775059], [30.298271699720775, 1.5416932424127152], [30.29831157834264, 1.541711888165452], [30.298351687659903, 1.5417295954001826], [30.29839211199875, 1.5417460084982306], [30.298432966882544, 1.5417606543479474], [30.298474406491923, 1.5417729096761177], [30.298516756334944, 1.5417823099671377], [30.298559692389215, 1.541789315560291], [30.298603054963664, 1.5417945718219912], [30.298646722928567, 1.5417985695803111], [30.298690605660813, 1.5418016771075547], [30.298778766078172, 1.5418062387702753], [30.299309765687365, 1.5418245783235789], [30.300194154088697, 1.5418570871177977], [30.300680905474596, 1.5418738982315994], [30.300769287636527, 1.5418775045937145], [30.30085736835985, 1.5418823351804298], [30.300901192108963, 1.541885614744895], [30.30094478377858, 1.5418898115483048], [30.300988048523642, 1.5418952931118493], [30.301030860377985, 1.5419025461529894], [30.30107305435911, 1.5419122064677966], [30.301111296628417, 1.5419236920847257], [30.301149030531704, 1.5419371649732958], [30.301186420726278, 1.5419519954912282], [30.301335165118072, 1.5420147390223178], [30.301372744953547, 1.542028898899309], [30.30141074073524, 1.542041379720425], [30.301449311949078, 1.5420514974599648], [30.30149210485257, 1.5420592358271845], [30.301535566414746, 1.5420641746935915], [30.301579494590744, 1.5420671003779995], [30.301623707600523, 1.5420686501756933], [30.301799487433904, 1.5420711924225894], [30.30184180882199, 1.5420734114188006], [30.301879350594085, 1.5420770664953747], [30.301915108864158, 1.5420828576753924], [30.301948402821758, 1.5420915110681286], [30.301978350812014, 1.542103979894076], [30.302003821722877, 1.5421214983372546], [30.30202487351548, 1.542146497011127], [30.302041009143135, 1.5421770022267531], [30.302053520645355, 1.542211563536209], [30.302063396787485, 1.5422490703187905], [30.30207138461939, 1.5422886831172657], [30.302078041897772, 1.542329775307999], [30.302088902907208, 1.5424146749687047], [30.302116041368418, 1.5426759490933497], [30.302126500542865, 1.542762622411415], [30.302132660966112, 1.5428055636558886], [30.30213979961505, 1.5428481010713864], [30.302148301377414, 1.5428900844036129], [30.302158678384966, 1.5429313122694626], [30.30217160412425, 1.5429715172484597], [30.302187354463754, 1.543009840236002], [30.30220567420052, 1.5430470819436526], [30.30222602022074, 1.543083401614093], [30.302248022984532, 1.5431188754512488], [30.302271467072515, 1.5431534986378141], [30.30229627802395, 1.5431871837868358], [30.30232251559205, 1.543219755653959], [30.302350373105096, 1.543250942191198], [30.302381823556875, 1.5432822275644356], [30.302414857713956, 1.543312062835018], [30.302449017264006, 1.5433408541151055], [30.302483961746915, 1.5433689060876157], [30.302555279169916, 1.543423631694287], [30.30266384989601, 1.5435041019948401], [30.303063747075207, 1.5437968449007615], [30.30313588325342, 1.5438505060079741], [30.30320683728674, 1.5439050899189986], [30.303241449011647, 1.5439330547274408], [30.303275118699112, 1.5439617505994596], [30.30330744524035, 1.543991487626079], [30.303337889858096, 1.5440226821486633], [30.30336573930927, 1.5440558851256487], [30.303390331004223, 1.5440914103101384], [30.30341235055028, 1.5441289308713755], [30.30343251154537, 1.544167900341786], [30.303451355498858, 1.5442079050837259], [30.30348660909905, 1.5442898669103635], [30.30353679943904, 1.544415127480243], [30.30366831146925, 1.5447511720236131], [30.303698734517376, 1.5448349727637387], [30.303712445812423, 1.5448768120951766], [30.303724502700423, 1.5449185977746258], [30.303734190936265, 1.5449603146476627], [30.303740554690005, 1.5450019416025313], [30.303742332228268, 1.5450434499893066], [30.30373856346533, 1.5450844024494983], [30.30373028291277, 1.5451252409992036], [30.303718715930795, 1.5451659961760922], [30.303704792694376, 1.545206691278993], [30.30368920959742, 1.5452473438670535], [30.303672480940797, 1.5452879670260398], [30.303636979120387, 1.5453691610773779], [30.303340244652055, 1.5460189857380369], [30.303189867644427, 1.5463450852108642], [30.303153570981106, 1.5464262342582624], [30.303136484212562, 1.5464664952750082], [30.30312064045808, 1.5465063896792552], [30.30310664317677, 1.546545740065107], [30.303095320443706, 1.5465843032119793], [30.303087792919232, 1.5466217501978852], [30.303085556857955, 1.5466576421285723], [30.303090582689496, 1.5466914013357154], [30.303104133505652, 1.5467220018708026], [30.303124716459468, 1.546750538760147], [30.303150454885326, 1.5467775642344104], [30.303179914695356, 1.5468035020036828], [30.303212013459003, 1.5468286744405326], [30.30324594325845, 1.5468533259036221], [30.303281106871847, 1.5468776423845025], [30.303463539716645, 1.5469984950380915], [30.303536071740417, 1.5470484155533182], [30.303571547931924, 1.5470740087728476], [30.303641550901027, 1.5471264442795825], [30.303779725588416, 1.547233788849893], [30.30391696776544, 1.5473421583127493], [30.304017691820988, 1.5474239246063766], [30.304049954222403, 1.547451445277215], [30.3040809697219, 1.5474792272150568], [30.304110172607718, 1.547507396598064], [30.304136794808226, 1.5475361264442562], [30.304159807651384, 1.5475656503055109], [30.304177851467745, 1.5475962790553257], [30.304189152918337, 1.5476284209171938], [30.304192332369716, 1.5476587669743067], [30.304190088920574, 1.5476904133116693], [30.304183897560137, 1.5477231089773267], [30.304174976454004, 1.547756675507257], [30.304141391213033, 1.5478617447868683], [30.3041184785217, 1.5479412289618295], [30.3040978351765, 1.5480225565246974], [30.304049496558022, 1.5482280546195621], [30.30402830061192, 1.5483096621983998], [30.30401717455272, 1.5483479252752488], [30.304005359275433, 1.5483859606824644], [30.303980033093765, 1.5484614270432193], [30.30395265692875, 1.5485360855865904], [30.303938136233338, 1.5485730595430967], [30.303906454161083, 1.5486474153979006], [30.303837797732257, 1.5487965089311468], [30.30382138144767, 1.5488338765977054], [30.303805919651964, 1.5488714923038334], [30.303791845573905, 1.548909486362698], [30.30377969191348, 1.5489480155332573], [30.30376915545286, 1.5489905112213787], [30.30376086565557, 1.5490336425071747], [30.303754214713575, 1.5490772406038527], [30.30374873917721, 1.5491211770543742], [30.303740008268605, 1.549209704891546], [30.303732834575623, 1.5492987240822453], [30.30369284655341, 1.5498349723835796], [30.303687480564857, 1.5499239049958604], [30.303685741622353, 1.549968078341828], [30.30368506354342, 1.5500119244517188], [30.30368592217502, 1.5500552966701142], [30.30368896007781, 1.5500979960037753], [30.3036950337954, 1.5501397561866332], [30.30370526991987, 1.5501802259202282], [30.303719971453557, 1.5502177907253167], [30.30373860234121, 1.5502541413663793], [30.303760145298348, 1.550289598507895], [30.303783816143422, 1.5503244078306428], [30.30380901298874, 1.5503587550754385], [30.303835271525692, 1.5503927787871943], [30.303944367038085, 1.5505272898817801], [30.30399730523853, 1.5505941849932838], [30.304022087509722, 1.5506276014450806], [30.30404497331626, 1.5506609978364692], [30.304065144854842, 1.5506943671181463], [30.304081518091547, 1.5507276964445709], [30.30409266632353, 1.5507609668495217], [30.304096731136244, 1.5507941525393716], [30.30409186043173, 1.5508286176630601], [30.304079396664385, 1.55086299010839], [30.304061413413187, 1.5508972970556347], [30.30403948117883, 1.5509315587703618], [30.304014772832325, 1.5509657901321863], [30.303988152224047, 1.551000001896823], [30.303960246556695, 1.551034201712955], [30.303872670761397, 1.55113677497237], [30.30333698768422, 1.551752840012421], [30.303278781261405, 1.551821372537921], [30.303250798460315, 1.5518556195739635], [30.303224140575796, 1.5518898365666223], [30.30319946435195, 1.551924002957144], [30.303177675947964, 1.5519580893917235], [30.30316000766445, 1.5519920547230082], [30.30314811204455, 1.5520258422128117], [30.30314417410161, 1.5520593748195537], [30.303149192526146, 1.552089969904136], [30.30316115280998, 1.5521203062467717], [30.303178327344888, 1.5521504053434239], [30.303199392017113, 1.552180265296807], [30.303223353316607, 1.5522098593871192], [30.303249487077103, 1.5522391333776862], [30.30327728884592, 1.5522680014000778], [30.30330643513979, 1.5522963402970846], [30.303336754475193, 1.552323982359344], [30.303368206886667, 1.5523507064916593], [30.30340343606696, 1.5523783495430856], [30.3034396417934, 1.5524049549743073], [30.303513779152773, 1.5524561238472354], [30.30370166994595, 1.5525796242129644], [30.303775778211943, 1.5526296223874478], [30.303812179096685, 1.5526552647981766], [30.30384791026863, 1.5526816086365256], [30.3038827225399, 1.5527089384662325], [30.303916286519645, 1.5527376264168922], [30.303947571358986, 1.5527672166337585], [30.303977665345876, 1.5527981113585423], [30.304006881051436, 1.552829965728704], [30.304035453218916, 1.5528625186271054], [30.304091294397214, 1.5529290034503564], [30.304172876604024, 1.5530307566473067], [30.304225670473997, 1.5530996985920222], [30.30425128631413, 1.5531346385249933], [30.304276115832664, 1.553170038098779], [30.30429986566991, 1.553206065480153], [30.304322146669577, 1.553242946293922], [30.304342924428568, 1.553281412003833], [30.304362198315886, 1.5533207504759452], [30.304380374318942, 1.55336072470637], [30.30439776019496, 1.5534011553518492], [30.304431020792073, 1.5534828863762964], [30.30447904318408, 1.5536065515363278], [30.30460521100976, 1.5539373649218993], [30.304637504646614, 1.554019593056467], [30.304671128832947, 1.5541009855878496], [30.304688848625407, 1.5541411114528576], [30.30470751583051, 1.5541806417921578], [30.304727497123388, 1.5542193460122347], [30.30474927515772, 1.5542569205922716], [30.304773281419795, 1.5542931789836398], [30.304799087664712, 1.5543283056575652], [30.304826207292088, 1.5543626065781755], [30.304854270324196, 1.5543963143793749], [30.304882999255973, 1.5544296035513174], [30.304941688695525, 1.5544954077404471], [30.30544936718478, 1.5550492519790937], [30.305687265969805, 1.5553107298913573], [30.305924507654655, 1.55557301425477], [30.306013965833152, 1.555670728149215], [30.30607457947549, 1.555734593192804], [30.30610549631887, 1.555765725170451], [30.306137056104607, 1.5557960128348318], [30.30616951161642, 1.5558251237403216], [30.30620319544832, 1.5558526203811902], [30.306238364202773, 1.555878139779245], [30.306274762202772, 1.5559020444864768], [30.30631205905812, 1.555924769829037], [30.306350004556048, 1.5559466454353483], [30.30642714668524, 1.555988761720836], [30.306505238657966, 1.5560296383201875], [30.30662327864732, 1.5560897386490262], [30.306973698101245, 1.5562641938261155], [30.307247755542807, 1.556403935089415], [30.30732666843953, 1.5564417279558023], [30.30736569676081, 1.5564583560352574], [30.30740428769904, 1.5564724538683394], [30.307442268637132, 1.556482921909004], [30.30747940496011, 1.5564882947904948], [30.307515384379116, 1.5564866425582036], [30.30754955039226, 1.5564765667541538], [30.307582585958848, 1.556459593439552], [30.30761479730016, 1.5564375786186466], [30.307646416983175, 1.5564119312753417], [30.307677619208288, 1.556383705910373], [30.307708532679086, 1.5563536806127227], [30.30773925114047, 1.5563224211867017], [30.30780035209902, 1.5562577010761744], [30.308013381124624, 1.5560252890348347], [30.308074254887455, 1.5559601987373994], [30.30813513685618, 1.5558980429169436], [30.308165581166662, 1.5558690547749896], [30.3081960307636, 1.5558423159868418], [30.30822649123214, 1.5558187688557585], [30.308256972218924, 1.5557996821622417], [30.308287489117212, 1.5557867410018396], [30.30831806533794, 1.5557821522524768], [30.308348629405376, 1.5557876173464364], [30.30837934407293, 1.5558011251232158], [30.308410287253345, 1.5558201960097537], [30.30844156437145, 1.5558427974794213], [30.308505735088527, 1.555891845888188], [30.30853906784619, 1.555915214538214], [30.308573642019393, 1.5559357051232658], [30.308609878726912, 1.555951509901553], [30.308646869677442, 1.555960967346147], [30.308685318746623, 1.5559654850033506], [30.308724707407276, 1.555966170828866], [30.30876456817354, 1.5559638229956827], [30.308804449504564, 1.5559589649635237], [30.308843879022177, 1.5559518699264594], [30.308882323990666, 1.5559425732558814], [30.308919147764566, 1.5559308722432026], [30.308953560880354, 1.5559163128626101], [30.30898456569322, 1.5558981636466727], [30.30901089404533, 1.5558753773157683], [30.309031852712902, 1.555846548832066], [30.309047942378793, 1.5558130748854917], [30.309060437873143, 1.5557762063136553], [30.309070314989864, 1.555736893797307], [30.30907831185385, 1.5556958510083927], [30.30908498154015, 1.5556536079325725], [30.309095884102664, 1.5555669791659832], [30.309119536743705, 1.5553473941662357], [30.309131425399503, 1.555261395600414], [30.30913894698422, 1.5552195425423276], [30.30914813918376, 1.555178886525275], [30.309159663913302, 1.555139890603248], [30.30917439742017, 1.5551031685373424], [30.309193486529672, 1.5550695245994817], [30.309217457259518, 1.555040027803073], [30.309245668416544, 1.555013526264481], [30.30927701384741, 1.5549892432315036], [30.309310645779693, 1.5549665847604417], [30.309345923612167, 1.5549451040293585], [30.309382370467667, 1.554924471173168], [30.3094574741765, 1.554884870862646], [30.309776310447564, 1.554728089017784], [30.309855534295462, 1.554686876747415], [30.309894681418445, 1.5546654299835192], [30.3099333834698, 1.5546431986267704], [30.30996912366478, 1.5546215690397804], [30.310143996310995, 1.554509300584268], [30.310178746573353, 1.554488006929926], [30.310213565453903, 1.554468019312554], [30.310248513224817, 1.5544499527700317], [30.310283656243143, 1.5544346057122747], [30.310319070350655, 1.5544230130390961], [30.310354843995285, 1.5544165079046357], [30.310390855686965, 1.55441619455389], [30.31042704527903, 1.554421231872003], [30.31046313338433, 1.5544306257180587], [30.310498826529933, 1.5544437215290998], [30.310533800117668, 1.5544601682821153], [30.310567680450834, 1.5544798923634433], [30.31060037212665, 1.554502999089681], [30.310631906986817, 1.5545286426926357], [30.310662610107332, 1.554556053248926], [30.310692751843458, 1.55458460890964], [30.310782033723157, 1.5546721846009683], [30.310812105765816, 1.5547004842032026], [30.310842710465504, 1.5547274941703344], [30.310874127136604, 1.5547525727287543], [30.31090669571519, 1.554774923330261], [30.310940836619764, 1.554793542885104], [30.310976562803923, 1.5548075133999661], [30.311013818444344, 1.5548176739496213], [30.31105217045182, 1.5548248531488464], [30.311091259563185, 1.5548296395411199], [30.311130778833988, 1.5548324081497789], [30.311170453155462, 1.5548333384774131], [30.311210019554824, 1.5548324232697008], [30.311249207853855, 1.5548294677527668], [30.311287721201154, 1.5548240793105383], [30.311325216040405, 1.5548156478276307], [30.3113612812464, 1.5548033173252258], [30.311390566512873, 1.554789193865567], [30.31141872822571, 1.5547722076622372], [30.31144598672021, 1.5547529911499482], [30.311472519467525, 1.5547320578522492], [30.311503073839233, 1.5547057570238407], [30.311533104926514, 1.5546783053735218], [30.31162251138961, 1.5545943876457446], [30.31165288099304, 1.5545675507370376], [30.311683984965253, 1.5545421870179437], [30.311716164924782, 1.5545189701428666], [30.311749838668778, 1.5544987197144027], [30.31178848807983, 1.554480795872326], [30.311828897261687, 1.5544663591381067], [30.311870591428928, 1.5544544720446363], [30.31191320979978, 1.5544444201729664], [30.311956482055443, 1.5544356662936551], [30.312044243270087, 1.554420562965972], [30.31266667964128, 1.554329029696271], [30.312755411789546, 1.5543173109938808], [30.31279967668221, 1.5543123900015592], [30.312843831148164, 1.5543085162278278], [30.31288782638604, 1.554306151946195], [30.312931595427543, 1.5543059180963212], [30.312975047987134, 1.554308637381848], [30.31301583996909, 1.5543145659817874], [30.313056328730035, 1.5543232158615778], [30.31309657573313, 1.5543339066222994], [30.313136618256834, 1.5543461328551158], [30.313176470472875, 1.5543595357280768], [30.3132161232771, 1.5543738806886394], [30.313294666838754, 1.554404990291569], [30.313333400908164, 1.5544217940549672], [30.313371610722815, 1.5544396162195548], [30.3134091140935, 1.5544587240663044], [30.313445670429395, 1.5544795008529244], [30.31348185835997, 1.5545027843188504], [30.31351706653494, 1.554527760103751], [30.31355155476841, 1.5545539721810784], [30.313619123114407, 1.554608786769622], [30.313818342324723, 1.5547779825396373], [30.313851868910984, 1.5548050474644424], [30.31388574478561, 1.554831113641829], [30.313920126665288, 1.5548557432692547], [30.31395522116032, 1.5548783540431417], [30.31399129996588, 1.5548981768580028], [30.31402871746488, 1.5549142064165302], [30.314068315638167, 1.5549257627062179], [30.314109285660138, 1.5549334345570187], [30.314151261518752, 1.5549382636031044], [30.31419396519232, 1.5549410414750011], [30.314237188583117, 1.5549423612871873], [30.314280778260922, 1.5549426610869306], [30.314368643304878, 1.55494138455863], [30.314457007836367, 1.5549388040456584], [30.314811854470996, 1.5549257137597337], [30.31490021128035, 1.5549231141787239], [30.314987535602338, 1.5549222202328414], [30.315030422085677, 1.5549230425518452], [30.315072453696686, 1.5549252611249], [30.315113257658055, 1.554929484714321], [30.315152330833868, 1.554936536343889], [30.315189003255814, 1.554947513419982], [30.31522239496197, 1.554963858966782], [30.315252203439417, 1.5549871206349644], [30.315278657911197, 1.555015879626121], [30.315302685194396, 1.5550486276914108], [30.315324996659555, 1.555084216581591], [30.31534613801023, 1.5551217792654561], [30.31536653263641, 1.5551606626558625], [30.31544681037413, 1.5553209135885298], [30.31546794145715, 1.5553606089975545], [30.31549014482631, 1.5553995847508562], [30.315513868732925, 1.5554374965140378], [30.315538672574718, 1.5554729723502694], [30.315564965062336, 1.5555073604278853], [30.315592387959686, 1.5555408846166507], [30.3156206817711, 1.5555736908934272], [30.31564967251015, 1.5556058512836783], [30.315679262230276, 1.555637364164555], [30.31570942364216, 1.5556681502906493], [30.31574019897503, 1.5556980440032417], [30.31577170316533, 1.5557267791311364], [30.315804131412985, 1.5557539691544622], [30.3158377710686, 1.5557790813581907], [30.315873017637724, 1.5558014050505926], [30.315911057409075, 1.555820763548462], [30.315950736688865, 1.5558372547858867], [30.31599159961003, 1.555851669541646], [30.31603329548331, 1.555864618608685], [30.31607555368119, 1.5558765759569788], [30.3162464370016, 1.555921201593934], [30.316288841051684, 1.555932979394227], [30.31633078245639, 1.5559456340390239], [30.31637203602065, 1.5559595923923433], [30.316412315424287, 1.555975398812019], [30.316451252715467, 1.5559937538117214], [30.31648899697652, 1.5560154993039077], [30.316525366476625, 1.5560398562928444], [30.31656073408854, 1.5560661155009918], [30.316595382803968, 1.5560937388531995], [30.316629524456744, 1.556122323773711], [30.31669686999404, 1.556181270421632], [30.31712932237683, 1.5565745958942174], [30.317496969762153, 1.5569054728886855], [30.317596820771644, 1.5569962119447887], [30.317662278525386, 1.55705777371582], [30.317694300095386, 1.5570892129206975], [30.31772557034514, 1.5571213399428694], [30.317755789632443, 1.5571544191417834], [30.317783030408066, 1.5571866064921072], [30.31780931713094, 1.5572196551178803], [30.317859942738867, 1.5572875061416576], [30.317932811048745, 1.5573917926249063], [30.31797944707158, 1.5574623480070333], [30.31800184967117, 1.557497939980554], [30.31802331460146, 1.557533807259368], [30.318043464292366, 1.5575700380364856], [30.318061783223932, 1.557606757738983], [30.318077582939633, 1.5576441362745435], [30.31808995980123, 1.5576823969901377], [30.318097130699574, 1.557715655631704], [30.318101450630422, 1.5577495457283457], [30.31810320814045, 1.5577838918663582], [30.3181025490144, 1.5578185437541379], [30.318098798843376, 1.5578600786461287], [30.318092523706742, 1.5579017945433125], [30.318084412271485, 1.5579436434188403], [30.318064656663694, 1.558027608127618], [30.31800877856111, 1.558237729045845], [30.317989051920115, 1.558320689692923], [30.31798114334069, 1.5583614278500701], [30.31797533890549, 1.5584013320343715], [30.317972490599654, 1.5584400272336292], [30.317973723941467, 1.5584770063018645], [30.3179805110383, 1.5585115922399058], [30.31799113406291, 1.5585374888015069], [30.31800600174769, 1.5585610321047119], [30.31802462228759, 1.5585819207415792], [30.318046701791204, 1.558599712712744], [30.31807962162903, 1.558617558559721], [30.318116522948852, 1.5586309332165103], [30.31815624756111, 1.5586410703579063], [30.31819793595136, 1.5586489001384285], [30.318240959166634, 1.5586551139548075], [30.318284863713764, 1.558660218418415], [30.318374127508676, 1.558668455961337], [30.31877870863388, 1.5586986886637852], [30.31886787033727, 1.5587062084969676], [30.31895640796633, 1.5587151577088574], [30.319000292467255, 1.5587206206125033], [30.319043786121764, 1.5587271341381976], [30.319086738872993, 1.558735128463676], [30.319128947950656, 1.5587451808260342], [30.319170144146035, 1.5587580542922899], [30.31920978694947, 1.558774221532279], [30.31924843477231, 1.5587931683282439], [30.31928635513595, 1.5588141452151163], [30.31932375152514, 1.5588365826412274], [30.319360776872973, 1.55886005330204], [30.31943414019869, 1.5589089105727523], [30.31965278309795, 1.559059984800472], [30.319726165151074, 1.5591096169329721], [30.319800457525115, 1.5591576907820806], [30.31983817848431, 1.5591807390512278], [30.31987531402643, 1.5592022832889223], [30.319950675199777, 1.5592434785694973], [30.320026910591157, 1.5592830859907187], [30.320142092084033, 1.5593404438705654], [30.320220896645985, 1.5593774994846321], [30.320261339693403, 1.559395174874013], [30.320302089298952, 1.5594114482454844], [30.32034329254534, 1.5594257082845473], [30.320385139016143, 1.5594371574696633], [30.32042720142078, 1.5594450614572999], [30.32046990630671, 1.5594501944747168], [30.320513085149038, 1.5594533007147897], [30.32055661096897, 1.559454944738665], [30.320600389866122, 1.5594555485331736], [30.320688455069625, 1.5594547923911732], [30.320776949955782, 1.5594526088077503], [30.321266704096175, 1.5594356822666229], [30.321353797318213, 1.5594348527835924], [30.321396044901324, 1.5594358152266758], [30.321436841338716, 1.5594383055335332], [30.321475539584846, 1.5594429989814795], [30.321511264855136, 1.5594508091901602], [30.32154285030557, 1.5594629553523403], [30.32156876070724, 1.559481042003062], [30.32158740635925, 1.5595057438674298], [30.321600587640866, 1.5595361644388195], [30.321609754018517, 1.5595707874614761], [30.321616014280817, 1.5596084527236833], [30.321620205326823, 1.559648283979285], [30.32162295039319, 1.5596896278603116], [30.321625805434767, 1.5597750617885433], [30.321626889224888, 1.559862302250386], [30.321627385194972, 1.559994076840178], [30.32162719560656, 1.560125683138463], [30.321626276252395, 1.560213321790096], [30.32162039647993, 1.5604757084218182], [30.321607146188434, 1.5609555265456379], [30.321604735118903, 1.561086369392308], [30.321605239483116, 1.5611733901798557], [30.32160677749, 1.5612167434757354], [30.32160965052213, 1.5612599178329964], [30.321614363450596, 1.5613028315177095], [30.321621503571848, 1.5613462996748553], [30.32163061226797, 1.5613894524620873], [30.321641229754942, 1.5614323224280846], [30.321653049768905, 1.5614749018481013], [30.321665904366085, 1.5615171382501793], [30.32167975613226, 1.5615589267409866], [30.321694698443945, 1.561600098526645], [30.32171096422753, 1.5616404049990666], [30.321728943556046, 1.5616794967667689], [30.321749210264215, 1.5617168970991524], [30.321772557404028, 1.5617519695291857], [30.321798082783356, 1.5617825004809378], [30.321826407742808, 1.5618108460813176], [30.321856846020474, 1.561837480171731], [30.321888887658037, 1.5618627311815174], [30.321922169715645, 1.5618867989720666], [30.321956452788054, 1.5619097663788106], [30.321991603288044, 1.5619316052678975], [30.322027581140993, 1.5619521772223406], [30.32206443233887, 1.5619712292228343], [30.32210481864448, 1.561989679045078], [30.322146016546515, 1.5620065530738771], [30.322187777950194, 1.5620222992557562], [30.322229921018835, 1.562037252576074], [30.322314864840894, 1.5620657032818943], [30.322570861165968, 1.5621477194047602], [30.322655862418678, 1.5621756360260322], [30.32274033957529, 1.5622047879066745], [30.322782249958024, 1.5622201637704651], [30.322823832041884, 1.5622363466209692], [30.32286457747066, 1.5622533358108097], [30.322904980200864, 1.5622711576310655], [30.322984975513634, 1.5623086941860842], [30.323063967296335, 1.562348358291506], [30.323103005598217, 1.5623690554845397], [30.323141629098984, 1.5623904848691808], [30.32317970486446, 1.5624128478621369], [30.323217050221263, 1.5624364254887273], [30.323254066136982, 1.5624618336921794], [30.323290346154558, 1.5624884419420024], [30.32332609651928, 1.5625158993752424], [30.323466513361467, 1.5626287334873508], [30.323536464273566, 1.562682950814019], [30.323571660519868, 1.5627080676333398], [30.32360713897771, 1.5627309437565813], [30.323643033925684, 1.5627506008611778], [30.32367951908561, 1.5627657368171823], [30.323716820149034, 1.5627746359727575], [30.323755064411845, 1.5627759098483296], [30.32379412407303, 1.562770956628668], [30.323833776652684, 1.5627614788173474], [30.3238738533188, 1.5627487642821383], [30.32391422767186, 1.562733773397296], [30.323954806303412, 1.5627172122477795], [30.324036322973964, 1.56268127881477], [30.324363369630245, 1.5625284283618979], [30.32448603620379, 1.5624720594870332], [30.324568032555863, 1.5624361041618922], [30.32460919159595, 1.5624191102634841], [30.32465053036227, 1.5624031602348967], [30.32469212780469, 1.5623886820933492], [30.324734089488196, 1.5623762519421895], [30.324776554718074, 1.562366633329034], [30.324819423345268, 1.5623604685794161], [30.32486279208671, 1.5623570859103664], [30.324906524201918, 1.5623557254608444], [30.32495051613359, 1.5623558113201845], [30.324994690552195, 1.5623569129724855], [30.325083374680208, 1.5623609800597162], [30.325528299322947, 1.5623891877274383], [30.325973098715508, 1.5624159647150195], [30.326061843759543, 1.5624223063268468], [30.326150257713326, 1.56243037798202], [30.326194243222798, 1.562435563725785], [30.32623800115119, 1.5624419234259288], [30.32628144724338, 1.5624498833915992], [30.32632271496216, 1.5624593324617186], [30.326363694905073, 1.5624702426717132], [30.326404464783106, 1.5624822020976203], [30.32656649671984, 1.5625344442642857], [30.326647396543983, 1.5625595187209254], [30.32668792713845, 1.5625707252154846], [30.326728559525467, 1.562580459351505], [30.326769338855698, 1.5625881308652303], [30.3268103212113, 1.5625929842690722], [30.326851735912555, 1.562594413575121], [30.32689335799284, 1.5625929858575267], [30.326935134022506, 1.562589445061263], [30.32697702275481, 1.5625843607276426], [30.32701899266951, 1.5625781623410282], [30.32710308619077, 1.5625636105648488], [30.32718728427446, 1.5625474051628385], [30.327315479687538, 1.5625210860985208], [30.327799361693177, 1.5624162443147338], [30.32788704659454, 1.5623987570987463], [30.32793064992522, 1.5623910926153626], [30.32797397450814, 1.5623846485881758], [30.328016885941963, 1.5623799852299143], [30.32805920006589, 1.562377866030624], [30.328100668186, 1.5623793167828202], [30.328140959276713, 1.5623856960860394], [30.328178117716394, 1.562397451770596], [30.32821415401029, 1.5624138002579888], [30.328249326382046, 1.562433565851193], [30.328283813619088, 1.5624558648387459], [30.32831772410693, 1.5624800531670175], [30.32835110154904, 1.5625056838083116], [30.328383927141672, 1.5625324738729547], [30.328416118092434, 1.5625602809699513], [30.328447522439458, 1.5625890880731466], [30.328477910208523, 1.5626189960423897], [30.328506961091385, 1.562650222859294], [30.328534665617262, 1.5626832718129788], [30.328561034426503, 1.5627175552488153], [30.328586422879994, 1.5627527271708008], [30.328611101590116, 1.5627885285656722], [30.328659094345383, 1.5628613046104682], [30.328799613125316, 1.5630823501680637], [30.32884718943529, 1.5631552711108394], [30.328871537328478, 1.5631911896194317], [30.328896486411605, 1.563226518557873], [30.328922281415647, 1.5632610081651273], [30.32894924742358, 1.5632943224490325], [30.32897781141977, 1.5633260151811923], [30.329009528879237, 1.5633568004873852], [30.329042995630864, 1.5633857084676985], [30.32907779315735, 1.5634130613337685], [30.329113633323182, 1.5634390131143894], [30.329150340974355, 1.5634635533910568], [30.32918784206068, 1.5634865018378816], [30.32922615743553, 1.563507492774224], [30.329265402189566, 1.5635259493513118], [30.32930579013442, 1.5635410475543414], [30.329347416834924, 1.5635520909728504], [30.329390102489185, 1.5635598672557784], [30.329433543892463, 1.5635652857542965], [30.329477514422038, 1.5635690316512398], [30.329521847137144, 1.563571613952205], [30.32961114905883, 1.563574675381267], [30.330104630494308, 1.5635823132454003], [30.33064188000903, 1.5635933784548557], [30.331045217760074, 1.5636032927240233], [30.33145005200055, 1.56361603134877], [30.331539406416177, 1.5636179659248137], [30.331583591959514, 1.5636181441089032], [30.331627206018073, 1.5636173943629563], [30.331669974024692, 1.563615262270041], [30.331711519237096, 1.5636111226524443], [30.33175133176497, 1.5636041273288617], [30.331788730820698, 1.5635931412353439], [30.33182282006965, 1.5635766665517201], [30.33185292436086, 1.5635534650635046], [30.331879794474776, 1.5635248232868422], [30.33190442333329, 1.5634923123127469], [30.33192760919239, 1.5634571548192755], [30.331994748923925, 1.5633445296839974], [30.332018174085764, 1.5633068280331295], [30.332043094626783, 1.5632700185364978], [30.33206930050786, 1.5632353958961411], [30.332097092536284, 1.5632018785689714], [30.33212607161997, 1.563169209190315], [30.332186410344004, 1.5631056280249787], [30.33237363615412, 1.562919987660051], [30.332434306719065, 1.5628571287656337], [30.33246342082456, 1.5628249149400315], [30.332491254764733, 1.5627918771748643], [30.332517322249004, 1.562757705672056], [30.33254099180757, 1.5627220017624857], [30.332562160587294, 1.5626836618554447], [30.332580873665165, 1.5626437687361083], [30.332597831053313, 1.5626027858334413], [30.332613590348014, 1.562561099977213], [30.332657982845575, 1.5624352186813084], [30.332673097800242, 1.5623941907321466], [30.332689066575675, 1.5623544003878107], [30.3327064244954, 1.5623165034098205], [30.33272585012842, 1.5622813597631695], [30.33274821956331, 1.5622501005710372], [30.332774668126206, 1.5622242060000056], [30.332805841178192, 1.5622050056209968], [30.332841055078127, 1.5621911075057193], [30.332879219967275, 1.5621810760398278], [30.332919506923673, 1.5621738204646487], [30.33296129404517, 1.5621685233358227], [30.333004120928376, 1.562164580218956], [30.33304765131832, 1.5621615502732686], [30.333135924818894, 1.5621570552072608], [30.333536540445216, 1.5621410398378066], [30.333979863254612, 1.5621211099933807], [30.334334746633154, 1.5621062160377415], [30.334467082650093, 1.5620990187185022], [30.33451071307025, 1.562095562463803], [30.334553887080514, 1.5620911036603098], [30.334596399524067, 1.5620851914256344], [30.33463797260543, 1.562077215279436], [30.33467823524776, 1.56206635978074], [30.334716698567462, 1.5620515506339065], [30.334753398888672, 1.5620316503831946], [30.334788262257284, 1.562007713741729], [30.334821793412697, 1.5619808497842267], [30.334854374076674, 1.5619518972730768], [30.334886288897547, 1.5619214816661278], [30.334948900832995, 1.5618579746451138], [30.335010695295622, 1.5617926711112604], [30.335318404372423, 1.5614633597069143], [30.33568928575009, 1.5610713723569234], [30.33596890803728, 1.560778161605405], [30.33625180605618, 1.5604856530504643], [30.33631364757397, 1.5604204694700636], [30.3363436555398, 1.5603877059589601], [30.33637258801735, 1.5603547387315246], [30.33639991643758, 1.5603214665880278], [30.33642491301532, 1.5602877500041779], [30.336446589567878, 1.5602533993156915], [30.336463622594742, 1.5602181602343606], [30.336474264117374, 1.5601816965874324], [30.33647709420635, 1.560143654485563], [30.336473505860862, 1.5601043820287397], [30.336465255227655, 1.5600642157908993], [30.336453676741947, 1.5600234098520607], [30.336439777052515, 1.559982153245142], [30.336407873801075, 1.559898804225565], [30.33635697460694, 1.5597728082746638], [30.33634075818946, 1.5597307143059063], [30.336325631020625, 1.559688610343659], [30.33631216631294, 1.5596465127997536], [30.33630110794732, 1.5596044385690546], [30.336293433501908, 1.5595624082673212], [30.33629042670022, 1.5595204498086364], [30.336292793163054, 1.55948162265548], [30.33629946914754, 1.5594429681075475], [30.33630962067349, 1.5594045812407158], [30.33632268394193, 1.5593665819487867], [30.336338333362793, 1.5593291227372308], [30.336356457291622, 1.5592923976286943], [30.336377699895486, 1.5592553767336013], [30.336400892446758, 1.559219137015692], [30.336425408892847, 1.5591834718668378], [30.336527117123133, 1.5590438949335934], [30.33655116816839, 1.55900935488007], [30.33657354577414, 1.5589748525561504], [30.336593441598946, 1.558940353435591], [30.336609808047477, 1.5589058268828964], [30.33662128229089, 1.5588712431404697], [30.33662609904377, 1.5588365706295404], [30.336622533797744, 1.5588002748733105], [30.336611799429242, 1.5587638774646428], [30.336595853110612, 1.5587274057113985], [30.336576174986956, 1.55869088122692], [30.336553868605883, 1.5586543209464618], [30.336529745387885, 1.5586177379986295], [30.33650439373761, 1.558581142393975], [30.336451564581573, 1.5585079403485276], [30.33631605568227, 1.5583249172255251], [30.336262544567752, 1.5582515095654936], [30.33621065520424, 1.558177608109084], [30.33618581039322, 1.5581402895822416], [30.33616212173632, 1.5581025683887992], [30.33614005526767, 1.5580642718629247], [30.336120239008217, 1.5580251682604256], [30.33610350659048, 1.5579849509328445], [30.33609074523194, 1.5579441558333695], [30.336080962945772, 1.5579022811167464], [30.336073358602, 1.557859617791864], [30.33606732359863, 1.557816386772656], [30.336062402085922, 1.5577727533807322], [30.33605464471324, 1.5576847339354847], [30.336048365994706, 1.5575961814901613], [30.336017872180786, 1.5571076944985234], [30.33601092445575, 1.5570194525951346], [30.336006666957104, 1.55697565274732], [30.336001548797196, 1.5569322055154429], [30.33599519498751, 1.5568892643545849], [30.33598709798588, 1.556847036838064], [30.33597658040888, 1.5568057998608262], [30.33596275082139, 1.5567659176569038], [30.33594499705308, 1.5567278921928938], [30.335923963329176, 1.5566912083571345], [30.335900529861757, 1.5566555062804757], [30.335875368677776, 1.5566205106342377], [30.335821768873686, 1.5565518530209492], [30.33568120801382, 1.5563826024329002], [30.33562584506762, 1.5563141406832766], [30.335598992056774, 1.5562793634137906], [30.33557300597913, 1.556244019937915], [30.335548207602915, 1.5562079024045967], [30.335525173814556, 1.5561713721765922], [30.335503296579372, 1.5561340900487735], [30.335461856228672, 1.5560580339649785], [30.335422266550747, 1.5559808416428504], [30.335383976116592, 1.5559034175782822], [30.33534739277075, 1.555825833146435], [30.33533016448469, 1.555786745340544], [30.335314055977168, 1.555747348640415], [30.335299503857062, 1.5557075216618603], [30.335287077897934, 1.5556671049907902], [30.335277090424682, 1.5556252647715385], [30.335269298478032, 1.5555828147762514], [30.33526311348567, 1.555539919132722], [30.335253884264407, 1.555453258174839], [30.33524701859841, 1.5553659428205882], [30.335241242773527, 1.5552783229046245], [30.335205230364878, 1.5546634294968997], [30.335198669085422, 1.5545761749745228], [30.335194547836327, 1.554532918943646], [30.33518949867961, 1.5544900744404013], [30.335183116407585, 1.5544478223258398], [30.335174854652347, 1.5544064065053098], [30.3351639865727, 1.5543661515354337], [30.33514955829237, 1.5543274834948901], [30.335131587865114, 1.5542921212854048], [30.335110277267525, 1.5542582529245246], [30.335086476445117, 1.5542255041996933], [30.335060836058418, 1.5541935910418614], [30.335033845341677, 1.554162303133673], [30.33497714898014, 1.5541010511932285], [30.3349181486465, 1.554041086819944], [30.334822501645505, 1.5539485606800465], [30.334629282901037, 1.553765454293559], [30.334566235144116, 1.553703798648342], [30.33453551658718, 1.5536725538139657], [30.334505669480844, 1.553640853568363], [30.334477062407515, 1.5536085031933167], [30.33445019281057, 1.5535752401925422], [30.33442572316414, 1.5535407151141585], [30.33440452359968, 1.5535044689557664], [30.33438749965653, 1.5534666597380027], [30.334373642132658, 1.5534271812805547], [30.334362077596506, 1.5533864911023243], [30.334352120854682, 1.5533449463968638], [30.33434322912906, 1.5533028276928333], [30.334318818408597, 1.5531751078705927], [30.334300854831813, 1.5530905421619443], [30.33429018731805, 1.553048970184735], [30.33427770416898, 1.5530081765112842], [30.334262727229508, 1.5529684561553552], [30.33424409196928, 1.5529287909754974], [30.33422288356405, 1.5528902383156646], [30.334199910260637, 1.5528524529270455], [30.334102767444755, 1.552703727721498], [30.334080007676736, 1.5526659633777566], [30.334059159416075, 1.5526274290800386], [30.33404109792007, 1.5525877668584545], [30.33402709389616, 1.5525485111666804], [30.334015756795882, 1.5525081737886766], [30.334006400937596, 1.552467033078056], [30.33399849799809, 1.5524253035412479], [30.333991645598086, 1.5523831485207147], [30.333985540152423, 1.5523406911407351], [30.33397471604226, 1.5522552144228658], [30.333944618148614, 1.5519976910660378], [30.33393274703728, 1.5519124001844733], [30.33392579818215, 1.5518700687542593], [30.33391781298442, 1.5518280579208994], [30.333908412649386, 1.5517864843270897], [30.33389710427015, 1.5517454997628017], [30.333883319477106, 1.5517047549691654], [30.333867591980773, 1.5516646095225064], [30.333850435480862, 1.5516249049721647], [30.33383224729526, 1.5515855189930055], [30.333793938777827, 1.551507346805422], [30.333734680850238, 1.551390679589232], [30.333695941994208, 1.5513127400004765], [30.333677395353963, 1.551273564297658], [30.33365977501804, 1.5512341540298584], [30.33364347142617, 1.551194409580495], [30.333628994748242, 1.551154201237644], [30.333617008284012, 1.5511133606421463], [30.333607893366086, 1.5510709085378125], [30.33360135516888, 1.5510278021277764], [30.333596696623857, 1.5509842181808804], [30.33359338799671, 1.550940291063022], [30.333591032177168, 1.5508961215215], [30.333588083331154, 1.550807333180547], [30.333578906426734, 1.5502275788913646], [30.333565483231922, 1.5495589906515985], [30.333565200824673, 1.549470035355059], [30.33356584189596, 1.5494256483227173], [30.333567308564444, 1.549381357066106], [30.33356992654618, 1.5493371995473522], [30.333574124803498, 1.549293225825487], [30.333580135080542, 1.549250203320443], [30.33358768575757, 1.5492073588983295], [30.33360588281149, 1.5491220219399189], [30.333626521751608, 1.5490369504615797], [30.333648399788803, 1.5489519962692333], [30.333750257036204, 1.5485699249899871], [30.333771297883228, 1.5484851934195292], [30.333780849090644, 1.548442935068407], [30.33378933853214, 1.5484007956938708], [30.3337963091652, 1.5483588270307023], [30.333801145687495, 1.5483170984099792], [30.333803030656554, 1.548275701583648], [30.333800892668926, 1.5482347564063268], [30.3337938310353, 1.5481941930143532], [30.333782729868595, 1.5481540800336013], [30.3337686859961, 1.5481142910343246], [30.33375254262904, 1.5480747263478396], [30.333734944640728, 1.5480353062130483], [30.333716386212735, 1.5479959645754364], [30.33363925766124, 1.5478382343965809], [30.33360258312345, 1.5477582241948953], [30.33358546407578, 1.5477174176264676], [30.33356915651406, 1.5476762659634091], [30.33353827288809, 1.547593242889852], [30.33350897140307, 1.547509589490515], [30.333480895051625, 1.5474254960524103], [30.333454220806995, 1.5473409764474193], [30.333441621432858, 1.5472985209659709], [30.333429713620742, 1.547255898380426], [30.333418714750323, 1.5472130700455464], [30.33340890809084, 1.54716998828689], [30.33340106793881, 1.5471298284361148], [30.333374751099544, 1.5469691477127], [30.33336745101552, 1.5469297603185135], [30.333358949378166, 1.5468911280241577], [30.333348641260297, 1.5468535778203023], [30.333335778268776, 1.5468175287189565], [30.333319425595903, 1.5467835160626815], [30.333297290736574, 1.546749894713817], [30.333271187366183, 1.54671859518988], [30.33324215925067, 1.5466890300984366], [30.333210996907678, 1.5466607761872702], [30.333204860074865, 1.5466556686705617], [30.33321119764927, 1.546659543819976], [30.333245591518736, 1.5466780985945014], [30.333279598901218, 1.54669276757901], [30.33331310232827, 1.5467019790405496], [30.333345939546685, 1.5467037084807445], [30.33337858018643, 1.5466961167883573], [30.333410562748117, 1.5466808029515873], [30.33344209368727, 1.5466598954206279], [30.33347334437246, 1.5466350376875024], [30.33350446503443, 1.5466074996172], [30.33359852145408, 1.546517852254524], [30.333630688656847, 1.5464879680091894], [30.33366365796469, 1.5464591496757811], [30.333697767667115, 1.5464321002934611], [30.33373345527707, 1.5464076449649566], [30.33377106284065, 1.546386439992132], [30.33381025575144, 1.5463679328065465], [30.333850606702335, 1.5463514233207933], [30.333891791034045, 1.5463363739439913], [30.33397575008604, 1.5463091287398538], [30.33410362682035, 1.5462719032440901], [30.33436077695385, 1.5462005009793303], [30.33448881083747, 1.5461637488262558], [30.33457343524014, 1.5461376688502362], [30.334615335558144, 1.5461237398775598], [30.334656819801133, 1.5461089190079353], [30.33469773781812, 1.5460928926184587], [30.334737893616218, 1.5460752552207027], [30.334774402043745, 1.5460571479145488], [30.33481029019657, 1.54603779392474], [30.334916303561403, 1.5459773498489857], [30.33495170681153, 1.5459580650213698], [30.334987456903907, 1.545940138733251], [30.335023772673082, 1.5459242635998223], [30.33506091178866, 1.5459112798580112], [30.33510236803564, 1.5459012000080365], [30.335144817288963, 1.5458945453276576], [30.335187994023865, 1.5458903911444424], [30.335231695857154, 1.5458880346259143], [30.335275770688508, 1.545886949019384], [30.335364618592674, 1.5458871383888744], [30.3355434928955, 1.5458914176872756], [30.336081171491063, 1.5459069292049832], [30.3363952613964, 1.545916747246052], [30.336484723192697, 1.5459188135344226], [30.336573440831685, 1.545918955384439], [30.336617246471636, 1.545917599448112], [30.336660447500513, 1.545914685859577], [30.33670278562672, 1.5459095507216594], [30.336743914424254, 1.5459013039488507], [30.336783375739405, 1.5458887688852074], [30.33681825997115, 1.5458723749949757], [30.33685165600041, 1.5458521744362002], [30.336883928673107, 1.5458291262037551], [30.336915354368102, 1.545803965688557], [30.336946136826782, 1.5457772469703923], [30.33697642041373, 1.5457493787365495], [30.337035833677188, 1.5456912737931174], [30.337095407006835, 1.5456297392385128], [30.337243028309555, 1.5454741310231157], [30.337303143544858, 1.5454136030893184], [30.33733386192758, 1.5453843339225737], [30.337365263561082, 1.5453560793148087], [30.337397601243854, 1.5453292062101096], [30.337431202795738, 1.5453041914011851], [30.337467193800826, 1.5452808946147785], [30.33750450419697, 1.5452595312049102], [30.337542788447912, 1.5452395920327975], [30.337621292680662, 1.5452025306033395], [30.337741630328733, 1.5451506331117597], [30.338065740595127, 1.5450166789904056], [30.33814530148263, 1.5449817528827057], [30.338184212553667, 1.544963459918831], [30.33822217918686, 1.544944274957379], [30.338258801627312, 1.5449238276032633], [30.338293542939827, 1.544901620992963], [30.338325691214372, 1.5448769971368792], [30.338354315076874, 1.5448490962366044], [30.338378789081382, 1.5448170459918777], [30.33839972323607, 1.5447817120015264], [30.338418085117183, 1.5447439975895743], [30.33843462955725, 1.5447046152893813], [30.338449951102902, 1.544664137847488], [30.338493081053603, 1.5445407337760548], [30.338507819743207, 1.5445004029302605], [30.33852343241005, 1.5444613224775008], [30.338540442803538, 1.5444241732639852], [30.338559508822897, 1.5443898288644367], [30.33858147389024, 1.5443594223754205], [30.338607424756713, 1.5443344227318754], [30.338638719974654, 1.5443157869443642], [30.338674115888498, 1.5443027075479479], [30.338712503056907, 1.5442936766435873], [30.338753038660705, 1.544287549611787], [30.338795091179144, 1.5442834695011889], [30.3388381937199, 1.5442808033190167], [30.33892628252836, 1.5442779979407664], [30.339329327551315, 1.5442740673287831], [30.339597158043567, 1.5442699924041758], [30.339909056644213, 1.5442636634719913], [30.340310308036734, 1.5442534905413903], [30.340399249198484, 1.5442519142651454], [30.340487622832477, 1.5442521117778998], [30.34053139594775, 1.5442534993602124], [30.340574721785387, 1.5442562773242277], [30.340617413602235, 1.5442610233309448], [30.340659222020953, 1.5442685080754692], [30.3406998185897, 1.5442797458011577], [30.34073863889765, 1.5442954177315615], [30.340776265372416, 1.5443147889868503], [30.340813022876183, 1.5443368576371395], [30.34084916156279, 1.5443608498594956], [30.340884874124203, 1.544386165636902], [30.341026104730513, 1.5444921768410187], [30.34106153312396, 1.54451806103423], [30.341097226904562, 1.5445428881906909], [30.34113332839445, 1.5445660964556305], [30.341170018400543, 1.5445869588672594], [30.341207530327548, 1.5446045258593626], [30.341246166081305, 1.5446175592763127], [30.34128618730819, 1.544625059459264], [30.3413273286537, 1.544628001493888], [30.341369282698466, 1.5446275968951901], [30.341411809671072, 1.5446247524185035], [30.341454720953454, 1.544620126418331], [30.341497864301257, 1.544614174248515], [30.341584341456258, 1.5445992928940258], [30.341627438004878, 1.5445905152179062], [30.341670268940817, 1.5445807319165463], [30.341712678738443, 1.5445696928410277], [30.341754474753156, 1.5445570018738755], [30.34179541322411, 1.5445420956839082], [30.34183452791682, 1.5445248775409381], [30.341872806249786, 1.5445055543158335], [30.34191047029792, 1.5444847051037678], [30.341984592574395, 1.5444400723422387], [30.342057793975478, 1.5443932889114957], [30.342166758434576, 1.5443214535664773], [30.342274785067193, 1.5442484371410448], [30.342345673461626, 1.5441985128435862], [30.342380461161166, 1.5441728056119768], [30.342414575878728, 1.5441463222227805], [30.342447770198557, 1.544118768667912], [30.34248023241318, 1.5440895449994991], [30.342511755947907, 1.54405922394941], [30.3425729536692, 1.5439964155988026], [30.342632761825104, 1.5439319638760591], [30.34289901562251, 1.5436375380977598], [30.343137975789496, 1.5433763074712488], [30.34319613855082, 1.5433105177996735], [30.34322410571982, 1.543277296481719], [30.343250813861307, 1.5432437134910546], [30.343275691811836, 1.5432096114428393], [30.343297966853584, 1.543174779249318], [30.343316607423038, 1.54313893731438], [30.3433302548961, 1.5431017201316712], [30.343337487440817, 1.5430653281600895], [30.34334019113789, 1.5430277333668028], [30.343339443181886, 1.542989273947104], [30.34333604711189, 1.5429502265304804], [30.343330575079676, 1.5429108227707635], [30.34332340141173, 1.5428712647813845], [30.343314727218697, 1.5428317395897075], [30.343304596275495, 1.5427924329169305], [30.343292902654188, 1.5427535426279186], [30.343279390775656, 1.542715292157851], [30.343263648767188, 1.5426779441030798], [30.34324355144612, 1.5426384095090993], [30.343221095704738, 1.5425999268518589], [30.34319707797434, 1.5425621686316398], [30.343121786207288, 1.5424506637475266], [30.34309740552608, 1.5424133232183903], [30.343074329312614, 1.5423754967099874], [30.343053258060817, 1.5423368915513294], [30.343035053772066, 1.5422971503770222], [30.343021043384155, 1.5422580221922362], [30.34300972747371, 1.5422178158874078], [30.34300041929013, 1.5421768073280613], [30.342992584841596, 1.5421352109050288], [30.34298581076335, 1.5420931925704133], [30.342974226141642, 1.542008379779237], [30.34295297054978, 1.541838066953477], [30.34294014504468, 1.541753887775632], [30.34293223618434, 1.5417124486207854], [30.342922761590902, 1.5416716892145166], [30.34291113336161, 1.5416318648044234], [30.342896591241512, 1.5415933058549973], [30.342877865756805, 1.5415550641585318], [30.34285604825347, 1.5415181635419677], [30.34283195743702, 1.5414822464811992], [30.342806216778584, 1.5414470407891563], [30.34275154881936, 1.5413779956369664], [30.342579557506227, 1.5411744148971227], [30.34252437224052, 1.5411059959331694], [30.342498353587455, 1.5410713247105665], [30.342474035285118, 1.5410361571796665], [30.342452119359134, 1.5410002912683605], [30.342433540665006, 1.5409634584143186], [30.34241952923969, 1.540925305610517], [30.342411229877037, 1.5408865671297325], [30.342407292964666, 1.5408465654428056], [30.342406558901857, 1.5408056308667615], [30.342408139078533, 1.540764016263577], [30.34241136151963, 1.5407219127627594], [30.342420861209483, 1.5406367731779231], [30.342438636528524, 1.5405079422271009], [30.342464429934495, 1.5403358788347399], [30.34247850675236, 1.5402503465431858], [30.342494847089352, 1.5401657771947346], [30.34250458229401, 1.5401241278299795], [30.342515945642376, 1.5400831254000709], [30.342529548644738, 1.5400430048553375], [30.342545897170645, 1.5400039475961218], [30.34256453005601, 1.5399658001080285], [30.342584882677812, 1.5399283583748686], [30.3426065429602, 1.539891482550382], [30.342629227181806, 1.5398550896551249], [30.342652761282626, 1.5398191488799624], [30.342677067762164, 1.5397836796356312], [30.34270215796997, 1.5397487523710227], [30.342728129420504, 1.5397144920903312], [30.342755167619504, 1.5396810843856668], [30.342782874881706, 1.5396492955058745], [30.34284087887698, 1.53958787481692], [30.34290084436564, 1.5395281204309583], [30.343052312110906, 1.5393801998348509], [30.343111248831296, 1.5393196962259672], [30.343139784380238, 1.5392886676368467], [30.343167390665833, 1.5392568619616014], [30.343195485936718, 1.5392220537292485], [30.343222553396057, 1.5391863836662663], [30.343248878691405, 1.5391500903767474], [30.343325300199897, 1.5390390662473012], [30.343397590523264, 1.5389303638761958], [30.343441888713542, 1.5388624297454288], [30.343485011467603, 1.5387938939760244], [30.343505795634034, 1.5387592274837745], [30.343525797638346, 1.5387241581583324], [30.343544748911047, 1.53868854620819], [30.343563869490403, 1.5386492054685983], [30.343581777387595, 1.5386092378832776], [30.343598798860725, 1.5385688126929242], [30.343615182503893, 1.5385280587172838], [30.343646738272927, 1.538445927454131], [30.343769403636486, 1.5381155007279304], [30.34380145436756, 1.5380335024031064], [30.343835483597896, 1.5379523855322172], [30.343873141520387, 1.5378710291187032], [30.34391283120377, 1.5377905746650173], [30.344056144562764, 1.537511014295846], [30.344095881362286, 1.537430753082187], [30.344114946189023, 1.5373903445489372], [30.34413315638647, 1.5373496403108318], [30.34415017114929, 1.5373085226240626], [30.344165541103443, 1.5372668363453912], [30.34417865394697, 1.5372253058115828], [30.34419017926397, 1.5371832260706852], [30.34420054501711, 1.5371407444098304], [30.344219022789858, 1.5370549963158986], [30.344235833520234, 1.5369686601620474], [30.344355316837788, 1.536318282728827], [30.344369774700414, 1.5362314796676975], [30.344376199396493, 1.5361880587360095], [30.344381768192513, 1.5361446232266054], [30.344386137802903, 1.5361011729372487], [30.344388854460103, 1.5360577090783882], [30.344389325973946, 1.536014234994707], [30.34438718377155, 1.5359721100243926], [30.34438291819828, 1.5359299774250488], [30.344377081251714, 1.5358878380178491], [30.344370110269118, 1.5358456990168], [30.344362357648276, 1.5358035762023177], [30.344329128149962, 1.5356360691870539], [30.344321673429103, 1.5355948530838879], [30.34431528498869, 1.535554200669164], [30.34431050017972, 1.5355143650199803], [30.34430802318578, 1.5354756878139666], [30.34430877867726, 1.5354386245148266], [30.344313975137908, 1.5354037747598288], [30.34432517826166, 1.5353719180477297], [30.344344658555823, 1.5353424517270866], [30.34437063534851, 1.5353162242219576], [30.34440135221909, 1.5352923615830594], [30.344435474382745, 1.5352701994697662], [30.344471999273633, 1.5352492379040201], [30.344510180565305, 1.5352291025593787], [30.344589440290473, 1.5351902511061788], [30.344750723015018, 1.535113246540473], [30.34479024189101, 1.5350931829078356], [30.34482891750543, 1.535072351721407], [30.344866377229536, 1.535050412271802], [30.344902133385066, 1.535026911465571], [30.344935544571705, 1.535001248920212], [30.344965771608408, 1.534972636442185], [30.344992331143413, 1.5349401842840618], [30.345015711216487, 1.53490477104326], [30.34503681790336, 1.5348672304743827], [30.345056362198406, 1.5348282088158511], [30.345074910154825, 1.5347882098304915], [30.34512897819695, 1.5346660472447144], [30.345147793869163, 1.5346256159223537], [30.345167715863962, 1.5345858227447478], [30.345189274070552, 1.5345470105265793], [30.345212619594964, 1.5345098547187714], [30.345237639478125, 1.5344737236867405], [30.345263897745514, 1.5344383559936865], [30.345291060450844, 1.5344035502741193], [30.345347153877125, 1.5343350508276408], [30.345433560904333, 1.5342337605980803], [30.345608162734703, 1.534032412709925], [30.34569413767483, 1.5339308609335396], [30.345749492166746, 1.5338618249013636], [30.345776041542283, 1.5338265382377558], [30.345801452151314, 1.5337904757540004], [30.34582518533054, 1.5337539257159543], [30.34584779761674, 1.533716613651991], [30.34586958063658, 1.5336787400637488], [30.345911461011177, 1.5336018682328658], [30.3459518629902, 1.5335240626399926], [30.345991076470224, 1.5334456153146814], [30.346028740742213, 1.5333664600564632], [30.34604668583227, 1.5333265014581159], [30.34606376798693, 1.5332861780375826], [30.346094095569665, 1.5332068165564103], [30.346122028075328, 1.5331264456008262], [30.346202325139036, 1.5328837943845643], [30.346230752602974, 1.5328035682277121], [30.34624593108625, 1.532763853693642], [30.346262774006146, 1.532722644270946], [30.34629880759541, 1.5326412679788513], [30.346337303189774, 1.5325611551349947], [30.34635748099791, 1.5325216663286207], [30.346378425746448, 1.532482693282727], [30.3464003506854, 1.532444407092218], [30.346423567831792, 1.5324070471709768], [30.34644850668784, 1.5323709362042028], [30.346475479692366, 1.5323363775985632], [30.346504131730626, 1.5323030472358705], [30.34653398866274, 1.5322706019377779], [30.346595903977363, 1.5322073521047923], [30.34672146623258, 1.5320825240077343], [30.346751842332612, 1.5320507771708034], [30.346781207658086, 1.532018446591485], [30.346809119444522, 1.531985269646544], [30.346835004643246, 1.5319509082912868], [30.346858122356384, 1.5319149265068408], [30.34687708877672, 1.5318786957060841], [30.346893602561288, 1.5318410144955972], [30.346908439854708, 1.5318023235364093], [30.34696311891588, 1.5316441419336446], [30.34697834762504, 1.5316051855163009], [30.346995384528693, 1.5315670657997407], [30.347014775160964, 1.531529937028173], [30.347036103970666, 1.5314937265249646], [30.347058864137768, 1.531458200278668], [30.347082641497405, 1.531423170607364], [30.34718142948886, 1.5312852931674523], [30.34720551055571, 1.5312508235994267], [30.347228614483644, 1.5312161254353438], [30.34725023148243, 1.5311810550887752], [30.34726971008918, 1.5311454349042941], [30.347286211724388, 1.5311090405127221], [30.34729865878969, 1.5310715866859288], [30.347306355268763, 1.5310315930676957], [30.34730976160786, 1.530990471970774], [30.34731003235299, 1.530948521840643], [30.34730804852387, 1.5309059699977783], [30.34730447374163, 1.5308629871221628], [30.347299801665336, 1.5308196995393215], [30.347288516489996, 1.5307325527147626], [30.347218798499945, 1.53025045981588], [30.347204354492956, 1.5301639734505614], [30.3471960110242, 1.5301213517753984], [30.347186436027908, 1.530079394964087], [30.347175106788924, 1.53003837525248], [30.347161328962738, 1.5299986554308977], [30.347144191947173, 1.5299607123203856], [30.347122572278206, 1.5299243478644813], [30.34709749261874, 1.529889810013407], [30.34706989961541, 1.5298565995521851], [30.347040510337997, 1.5298243382159977], [30.347009860431793, 1.529792743332583], [30.34697834457768, 1.5297616065118191], [30.346913780613868, 1.5297001439212041], [30.346552882188906, 1.529365090420717], [30.346129479176128, 1.5289668086912906], [30.346030394698175, 1.528876681705635], [30.345996715212618, 1.528847520102239], [30.345962474898805, 1.5288191311804569], [30.345927460697617, 1.528791818936634], [30.345891393692774, 1.5287659837290193], [30.3458546675019, 1.5287423307471908], [30.345816905633797, 1.5287201186229509], [30.345778365138337, 1.528698967926945], [30.345699705179943, 1.5286587585800446], [30.34546097643349, 1.5285436968447463], [30.345422622009167, 1.5285241363180533], [30.34538555139284, 1.5285040835610446], [30.345350382658914, 1.528483295800204], [30.345317956511316, 1.5284614470486644], [30.34528940421583, 1.5284381011364767], [30.34526622995688, 1.5284126794105761], [30.34525040814565, 1.5283844228363215], [30.345243513767965, 1.528352467142261], [30.34524407374474, 1.5283176421025753], [30.345250081256154, 1.5282807235890787], [30.345260012545626, 1.5282423012393995], [30.345272726118562, 1.5282028170558228], [30.345287377479117, 1.5281625979369151], [30.34530334876178, 1.528121882340279], [30.345337580835974, 1.5280395971266254], [30.34542576861739, 1.5278324598340753], [30.345458388879194, 1.527749648211913], [30.345473102809173, 1.5277082839890586], [30.345486130591873, 1.5276669507070164], [30.345496796500996, 1.5276256518153795], [30.345504196289806, 1.527584393294225], [30.345507135376376, 1.5275431852378853], [30.345504894426913, 1.5275043702167495], [30.345498481013106, 1.5274656746784459], [30.345488775948017, 1.5274271694169106], [30.34547640361273, 1.5273889401000829], [30.345461768474806, 1.5273510921160984], [30.345445084552196, 1.5273137558396015], [30.345427103300516, 1.5272781000873712], [30.345407890280004, 1.5272428693352187], [30.345348212479433, 1.5271379101680493], [30.34532928166445, 1.5271025774113511], [30.345311700687358, 1.5270667452159659], [30.345296090471127, 1.5270301751140283], [30.3452823366794, 1.526990780291722], [30.34527084468462, 1.5269505350227754], [30.345261043504088, 1.5269096567817144], [30.345252486963144, 1.526868314334803], [30.34523780310304, 1.5267847244301407], [30.34519973724692, 1.5265314874015838], [30.345185820541687, 1.5264472300906433], [30.345169354701788, 1.5263618420093414], [30.345122337191015, 1.5261457437297954], [30.34511397983548, 1.5261024606613982], [30.345106694066686, 1.5260590600665922], [30.345100932178617, 1.526015486419446], [30.345097031696152, 1.5259713175853542], [30.3450947170585, 1.5259269632710772], [30.3450932662635, 1.525837871486205], [30.345094286608894, 1.5257484590985668], [30.34510062760665, 1.5254794998166477], [30.34510055433936, 1.525389992677452], [30.345099190355104, 1.5253453988517491], [30.345096428118023, 1.525300994649766], [30.345091722590993, 1.5252568728631304], [30.345084663244805, 1.5252133624534985], [30.34507560693724, 1.5251701959423407], [30.34506500657346, 1.5251273562877599], [30.345053157554222, 1.5250848732602855], [30.345040211617082, 1.5250428301530272], [30.34502618291294, 1.5250013743228286], [30.34501094558352, 1.5249607322933074], [30.344994222306966, 1.5249212301707709], [30.34497556340219, 1.5248833200879757], [30.34495431628173, 1.5248476132293571], [30.34492958547832, 1.5248149195804912], [30.344900650966398, 1.5247859036102491], [30.344868279037424, 1.5247598876737396], [30.344833415607784, 1.5247360494257556], [30.344796778331972, 1.5247137618651592], [30.34475890505477, 1.5246925517448953], [30.344680939836387, 1.5246520343466523], [30.344484598427403, 1.5245544083761804], [30.34421574683207, 1.5244181223437103], [30.344138754269412, 1.5243800797234792], [30.344061091981914, 1.5243437664396398], [30.34402181027996, 1.5243267218851901], [30.343981721620633, 1.5243105150462746], [30.343900602153692, 1.5242803748384977], [30.343818724729992, 1.5242520231074856], [30.34336432520691, 1.5241018421846269], [30.343239827965995, 1.5240595940000665], [30.34315688413982, 1.5240305921009023], [30.343033468554918, 1.5239853077529795], [30.34295321059647, 1.5239537350695218], [30.342874962697078, 1.5239216051633417], [30.342837756827628, 1.523907356826375], [30.34280232458732, 1.5238957806389155], [30.342769263779402, 1.523888318659158], [30.34273940376964, 1.5238868143674207], [30.342713858406153, 1.5238936350892052], [30.34269429887748, 1.5239097704662259], [30.342678694046757, 1.5239337074067307], [30.342665995139658, 1.5239634133478677], [30.342655382282384, 1.523997316231177], [30.342646212913067, 1.524034210747227], [30.342637976034908, 1.5240731774243188], [30.342606581081412, 1.5242378468881206], [30.342597314571485, 1.524279171074306], [30.342586632902822, 1.5243199007276667], [30.342573955768156, 1.5243596993173374], [30.34255855489393, 1.5243981814900782], [30.34253931911651, 1.5244359963497984], [30.342517210113193, 1.5244723858799267], [30.34249297593721, 1.524507701809516], [30.342467189970527, 1.5245422175283954], [30.342412588985432, 1.5246096374315987], [30.342326840809676, 1.5247085937822384], [30.342152932807327, 1.5249046699351432], [30.34209658760697, 1.5249707647955926], [30.3420693086281, 1.5250042678770799], [30.342042960670604, 1.5250382531377475], [30.342017903029287, 1.525072911218185], [30.341994610541455, 1.5251084938029689], [30.341973702768943, 1.5251453291844939], [30.341955977108498, 1.5251829567144184], [30.341940499758365, 1.5252217726423076], [30.341926612731967, 1.525261436617446], [30.341913779232375, 1.5253016741213004], [30.341877333132842, 1.525423710103257], [30.34186459509947, 1.5254642256858553], [30.341850896347466, 1.5255043592967221], [30.341835759461244, 1.5255439037670966], [30.341817897224857, 1.525584663828367], [30.34179837633148, 1.5256247338985007], [30.341777634594767, 1.5256642943813994], [30.341756010369714, 1.5257034853563496], [30.341711099022575, 1.525781169613965], [30.341596495615967, 1.5259744706169855], [30.341552653943516, 1.526052744406416], [30.341531951271083, 1.5260924515542929], [30.341512497327873, 1.5261327424821285], [30.34149612858364, 1.5261700299062666], [30.341480822963735, 1.526207817233826], [30.34145238383402, 1.5262844287871198], [30.341412665532893, 1.5264008209090232], [30.34137483382047, 1.5265171727624358], [30.341338966594122, 1.526634455579134], [30.341327790948124, 1.5266738594134022], [30.34130562924888, 1.526758605993528], [30.341244141692766, 1.5270132929100821], [30.341233213636738, 1.5270545202551906], [30.34122153806893, 1.527094719858732], [30.34120874844877, 1.5271334067725064], [30.34119435305556, 1.5271699235830152], [30.34117769645179, 1.5272033893683061], [30.341157913187054, 1.5272326379211005], [30.34113387346386, 1.527256144921975], [30.34110356196482, 1.5272731468892156], [30.34106873656175, 1.5272840606587832], [30.34103063249564, 1.5272905539049382], [30.340990185120184, 1.5272938892010186], [30.340948092868697, 1.5272950091557884], [30.340904870150176, 1.5272946079140517], [30.34086089054574, 1.5272931895359787], [30.34077165049369, 1.5272886369477636], [30.340501583166024, 1.527271931287394], [30.340277306781218, 1.5272593188080215], [30.340053672549395, 1.5272481339960542], [30.3396960509846, 1.5272320023885986], [30.339562284123033, 1.5272244831134427], [30.339473763998907, 1.5272167548225037], [30.33942992405945, 1.5272112207836852], [30.339386531584307, 1.5272039431289557], [30.339343766337603, 1.5271942527767755], [30.3393024301713, 1.5271818234901138], [30.3392617159233, 1.5271670369669959], [30.339221465904856, 1.5271505234770941], [30.339181572977953, 1.5271327512516237], [30.339141976078782, 1.5271140545463044], [30.339063649244533, 1.527074678784347], [30.338986933857264, 1.5270330532821315], [30.33895262661317, 1.5270130326057074], [30.33891920913389, 1.5269921368603259], [30.338887031058043, 1.5269700186507997], [30.33885654329326, 1.5269462249401176], [30.338828321580273, 1.5269201744061296], [30.338802821060945, 1.5268914044388413], [30.338779577078146, 1.5268603737479622], [30.338758003285406, 1.5268276612091176], [30.33873763593539, 1.5267937204932536], [30.3387181090686, 1.5267589046961927], [30.338678263890365, 1.5266830984234485], [30.338639702105038, 1.5266059437714372], [30.33860187471701, 1.5265281291422688], [30.33845125632472, 1.5262090030181075], [30.338412163980507, 1.5261304359852317], [30.338391762864426, 1.5260919495998169], [30.338370445904168, 1.5260543118228898], [30.338347838824156, 1.5260178670588602], [30.338323443423747, 1.5259830743679326], [30.33829660513301, 1.5259505373366276], [30.338266340857604, 1.525920327733674], [30.338233574592252, 1.525892427789419], [30.338198987940945, 1.5258662083356853], [30.33816309757078, 1.5258411924946242], [30.338088848984487, 1.5257934397007893], [30.33797451987787, 1.525724543470105], [30.33735948302384, 1.5253622159452704], [30.337245400307193, 1.5252929182359858], [30.33717094077895, 1.5252448656753461], [30.337134667366417, 1.5252197276911812], [30.337099382481153, 1.5251934408881118], [30.337065457414933, 1.5251655741913535], [30.33703444826242, 1.525136997718464], [30.33700470527701, 1.5251069490075622], [30.336975892216113, 1.5250758173396706], [30.33694775117372, 1.5250439013225783], [30.336892754932162, 1.52497856264693], [30.33683869381357, 1.5249121238741457], [30.33673167524107, 1.524778037528115], [30.336652380704344, 1.5246767978782303], [30.3366007776145, 1.5246085299116492], [30.3365757234853, 1.5245739294798812], [30.336551434971664, 1.5245388472898245], [30.336528190478855, 1.5245031053881484], [30.336505178837825, 1.5244647713394521], [30.3364833028644, 1.5244257180047494], [30.33646225131406, 1.524386142687375], [30.3364217424483, 1.5243059823536422], [30.336324347757767, 1.5241031047506137], [30.336113037894467, 1.5236545791914602], [30.33605368598503, 1.523533681022792], [30.33603297455558, 1.5234941828143955], [30.336011413683003, 1.5234554219904866], [30.33598864031041, 1.5234177158796978], [30.335964166836266, 1.523381491004788], [30.335937347699833, 1.5233473125313017], [30.33590900146807, 1.5233169753453542], [30.335878463364477, 1.5232885637493927], [30.33584628860455, 1.5232616062085758], [30.335812893874195, 1.5232357555508522], [30.335778582449198, 1.5232107683721163], [30.335743564879255, 1.5231864885832687], [30.335671883715403, 1.5231397932002584], [30.33559768627129, 1.523094959302072], [30.335522500030777, 1.5230515249329162], [30.33518148133907, 1.5228603917152237], [30.33506830269148, 1.5227962525072574], [30.33499382810977, 1.5227524184124437], [30.33495720482092, 1.5227298273687806], [30.334921234223327, 1.5227065210056736], [30.334886179979986, 1.52268221150637], [30.33485239253734, 1.522656516607358], [30.334820331315438, 1.5226289354848357], [30.33479052196091, 1.5225992304708018], [30.33476241838081, 1.5225676592808934], [30.334735563297254, 1.5225347183305697], [30.334709607066202, 1.5225007874030223], [30.334659407500734, 1.5224310275990005], [30.334586236005013, 1.5223240399615081], [30.334514306311572, 1.5222159590601911], [30.334467352281628, 1.5221434062715071], [30.33442224393964, 1.5220700311662827], [30.334400925822774, 1.5220327909213442], [30.334380878062657, 1.5219949791482341], [30.33436256807127, 1.5219563830026477], [30.33434673877902, 1.5219177800167696], [30.33433259675904, 1.5218784124527391], [30.334319724179668, 1.5218384682549484], [30.334296618232965, 1.521757379345863], [30.334286000466545, 1.5217164125748361], [30.3342661425039, 1.5216338859336644], [30.334248043687882, 1.521550689563405], [30.334232076205893, 1.521466338261152], [30.334218046379238, 1.521380959466152], [30.33419182423763, 1.521210509213302], [30.3341773557888, 1.5211274518475935], [30.334169012926505, 1.5210873491196912], [30.334159438273453, 1.5210488043722024], [30.334148105120263, 1.5210124762157953], [30.33413431461283, 1.520979243001279], [30.334117148120395, 1.5209502621800741], [30.33409541155821, 1.5209270400237995], [30.33406727596941, 1.5209104065412815], [30.334034340270065, 1.5208998208408608], [30.33399789217691, 1.5208936573103913], [30.3339589130469, 1.5208906770727637], [30.33391814076163, 1.5208899484701754], [30.333876122847162, 1.5208907799100453], [30.33383326012316, 1.5208926646905183], [30.333746073265477, 1.5208982349974858], [30.333393501512194, 1.5209244091256473], [30.333042702388916, 1.5209470823027529], [30.33295558851519, 1.5209535714312223], [30.332869222541056, 1.5209621162166165], [30.332826538714453, 1.520967824774558], [30.332784371049183, 1.5209750397629542], [30.332742915657906, 1.520984344076194], [30.332702430103318, 1.5209965005291064], [30.332664558212894, 1.5210114867360163], [30.332627588221378, 1.52102913159693], [30.332591278934405, 1.5210487268078927], [30.3325554411462, 1.5210697154660955], [30.33248461571293, 1.5211142001948892], [30.33237900592071, 1.5211826380039388], [30.332308084486908, 1.5212263648798838], [30.332272217664922, 1.5212467674204213], [30.33223593822351, 1.5212656628883592], [30.332199111615168, 1.5212825293816181], [30.332161573649934, 1.5212967155102408], [30.332121337145843, 1.5213082837554321], [30.331999784277688, 1.5213351662186416], [30.331960772216565, 1.5213463284443447], [30.331923566454865, 1.5213612045727967], [30.33188862093355, 1.5213811464452296], [30.331855634698513, 1.5214053127741807], [30.331824086771626, 1.5214325947276615], [30.33179357967767, 1.5214621420131347], [30.331763814829138, 1.5214933120007137], [30.33170569032769, 1.5215587328147389], [30.331620268571235, 1.5216606397950008], [30.331535896896284, 1.5217642441614077], [30.331452948958226, 1.5218690335094258], [30.331402256470643, 1.521935639153265], [30.331252383189142, 1.5221368090840448], [30.33120167436946, 1.522203096488606], [30.33114951044928, 1.5222680686426637], [30.33112252129712, 1.5222997433041079], [30.33109293428602, 1.5223326615442305], [30.331031743638647, 1.5223967002055465], [30.330968959992113, 1.5224593176573618], [30.3305855748042, 1.5228290772094775], [30.33049079985675, 1.5229225801904784], [30.330428959950247, 1.5229859312118115], [30.330368294393924, 1.5230501323066654], [30.330278242771524, 1.5231473677802116], [30.329620794663363, 1.5238635350816858], [30.32953180159434, 1.523961702987196], [30.329473645936464, 1.524028039785357], [30.329417596352922, 1.5240959718787535], [30.329390904570918, 1.524130946043562], [30.32936519283717, 1.5241671218036277], [30.329340474195405, 1.524204050780302], [30.32931648317847, 1.5242415350980494], [30.329269925157902, 1.5243176064535844], [30.329134093181914, 1.524549077939708], [30.32908813383581, 1.5246258332899154], [30.329064581473215, 1.5246637721760619], [30.329040405316896, 1.5247012110034293], [30.329015344712733, 1.524737922122657], [30.32898905236321, 1.5247735983430093], [30.328961070814298, 1.5248078303923691], [30.32893197372641, 1.524839316137826], [30.328901274989843, 1.524869420606172], [30.32886939651032, 1.5248985037355816], [30.32880331113165, 1.5249545293401139], [30.328735443126533, 1.5250083203432587], [30.32870115104593, 1.5250342673948658], [30.32866671727396, 1.5250593163027204], [30.328632185434053, 1.525083105075922], [30.3285975823394, 1.5251051041326014], [30.32856292181164, 1.5251245724522993], [30.328528207444766, 1.5251405014498134], [30.328493434555348, 1.525151545575742], [30.328458591536084, 1.5251559394342167], [30.328424214176305, 1.5251523723390608], [30.32838977650354, 1.5251423305714709], [30.328355300930305, 1.525127506730219], [30.328320810407597, 1.5251091958682732], [30.328286331528293, 1.5250883721448911], [30.328251898145673, 1.5250657531156286], [30.328183366848044, 1.5250170170359634], [30.32811582725628, 1.5249652955037132], [30.32808275692339, 1.5249385135301157], [30.328050424778244, 1.5249110260930452], [30.328019121375583, 1.524882645269], [30.327989229435026, 1.5248530800642235], [30.327961246829332, 1.5248219237332603], [30.327934394071395, 1.5247872125148183], [30.327909609208252, 1.5247507948004768], [30.327886328691456, 1.5247131544906642], [30.32786412525577, 1.524674654748264], [30.32782175592512, 1.524596078080541], [30.32774052602622, 1.5244364184475518], [30.32756076675101, 1.5240759806564574], [30.327503165482813, 1.5239571060545924], [30.32737179890946, 1.5236807506176784], [30.32733319108965, 1.5236024905696817], [30.327292531647217, 1.5235257159109723], [30.327270828344414, 1.5234883563380044], [30.327247718187753, 1.5234520702095484], [30.327222686744104, 1.523417268538885], [30.327194460764076, 1.5233833193420887], [30.327164211137877, 1.5233509519356259], [30.32713248996778, 1.5233197508872907], [30.327099711293894, 1.5232894284288803], [30.327066178216654, 1.5232598105358564], [30.326997634173512, 1.5232025258814383], [30.326962848960214, 1.5231750543864222], [30.326927781331936, 1.5231487049858876], [30.326892416098683, 1.5231239299836838], [30.326856691273207, 1.5231013845464942], [30.326820494937817, 1.5230819799134223], [30.326783658799236, 1.523066950613362], [30.326745948673853, 1.5230579359149767], [30.326708223397187, 1.523056226394693], [30.326669669754995, 1.5230602611772714], [30.326630514386927, 1.5230685123113343], [30.326590928953777, 1.5230798128899872], [30.326551041497947, 1.5230932811494207], [30.326510945924582, 1.5231082555274453], [30.32643037985396, 1.5231408590084599], [30.326268581692897, 1.5232083535180143], [30.326228041026837, 1.5232242756131005], [30.326187448288547, 1.5232392249134623], [30.326146782979396, 1.5232527649852983], [30.326106016534442, 1.5232643214990147], [30.32606511115691, 1.5232731376606383], [30.32602401834369, 1.5232782227512704], [30.32598439922267, 1.5232788256192402], [30.32594463317557, 1.5232758994622615], [30.3259047944859, 1.523270267332699], [30.32586495533075, 1.523262533139809], [30.325825191079485, 1.5232531137433876], [30.325785586026797, 1.5232422638096532], [30.325746239703467, 1.523230093208916], [30.32570727391601, 1.523216577152663], [30.32566884063408, 1.5232015595346733], [30.325631130758683, 1.5231847501828544], [30.325594040100768, 1.523165773948325], [30.325557679333993, 1.523145146887986], [30.32552185094759, 1.5231233484042768], [30.325486395579723, 1.52310076335929], [30.325345900793923, 1.5230084519278502], [30.325310576245766, 1.5229862496953654], [30.325274935790322, 1.522965039376997], [30.325238824099785, 1.5229452620108324], [30.32520204758034, 1.522927474951528], [30.325164362276002, 1.5229123866217433], [30.32512287454112, 1.5228998581099096], [30.32508035974721, 1.5228903656846606], [30.325037097258445, 1.5228830829876594], [30.32499329889535, 1.5228773835957663], [30.324904686449713, 1.522868984573196], [30.32481534686313, 1.5228627308779525], [30.323828001792872, 1.5228047921499914], [30.323329864187066, 1.5227787060772828], [30.323241262653845, 1.522772266403736], [30.32319838842392, 1.5227678207861233], [30.323157132706022, 1.5227619845269955], [30.32311823970871, 1.5227541182431747], [30.323082722019073, 1.5227433519661582], [30.323051938369144, 1.522728518328557], [30.32302768636468, 1.5227080728952382], [30.323011514489504, 1.5226809745898455], [30.32300179658404, 1.5226483312331467], [30.322996767699255, 1.522611659211439], [30.32299509091724, 1.5225721071603344], [30.32299576757391, 1.5225305330982868], [30.322998061828102, 1.5224875692344428], [30.3230014390441, 1.5224436749081596], [30.32301002495262, 1.5223543126466423], [30.32304849368774, 1.521993317369105], [30.323075355024752, 1.5217242726471711], [30.323118106910957, 1.5212774964005267], [30.323185014922064, 1.5205632099572097], [30.323199639281047, 1.5204296924802503], [30.32321202054721, 1.5203411879334712], [30.32321969436991, 1.5202972213622443], [30.323228392861225, 1.5202548956447948], [30.323238121164707, 1.5202127682981772], [30.323248606069658, 1.5201707867187406], [30.323271061130534, 1.5200871098075737], [30.3233066403614, 1.5199619602677341], [30.323415726473016, 1.5195869493794616], [30.323463331472784, 1.5194200417800225], [30.323522130119958, 1.5192058602141547], [30.323661069827743, 1.5186912107985684], [30.32370839549737, 1.5185199569610126], [30.323733103893932, 1.5184346472296744], [30.323759335178913, 1.5183496141820587], [30.323856967557038, 1.5180532921994936], [30.323882724898375, 1.5179681951978095], [30.32389435106162, 1.5179253642965973], [30.32390470135213, 1.5178822449985987], [30.32391335452818, 1.5178395142978565], [30.323920760527393, 1.517796501029138], [30.32393306171733, 1.5177099034516557], [30.323943393808, 1.5176228552933066], [30.32397124630543, 1.5173610311822585], [30.323981575569853, 1.5172740888181504], [30.32398745857893, 1.5172308344459389], [30.323994108665065, 1.5171878118885687], [30.32400183438032, 1.5171451148179245], [30.324011044350137, 1.5171028673691518], [30.324022273491376, 1.5170612320824703], [30.324035945957068, 1.5170203608625508], [30.32405163730136, 1.5169801018144904], [30.324068814358114, 1.5169402930244764], [30.324087069094094, 1.5169008106254094], [30.324125648154478, 1.516822472190607], [30.32424607701472, 1.5165889028242334], [30.324284416469155, 1.5165105480167265], [30.32430243972126, 1.516471048687039], [30.324319265588656, 1.5164312132594444], [30.32433443713154, 1.5163909136499356], [30.324347356664326, 1.5163499823522055], [30.324357589564638, 1.5163080633822257], [30.3243655529861, 1.5162655079554996], [30.3243718550554, 1.5162224866249623], [30.324376959131108, 1.5161791293667937], [30.324384876557726, 1.5160917727666987], [30.324393957214152, 1.5159599558769028], [30.32442333198975, 1.5154755871400045], [30.32443756500929, 1.5152556257311958], [30.324447868122235, 1.5151239196175683], [30.32445693330081, 1.515036439636198], [30.32446268184677, 1.5149928780983146], [30.324477105280394, 1.514906894691179], [30.324503263207436, 1.5147785820487785], [30.324541384737635, 1.5146079722010921], [30.32462920949661, 1.5142243936321427], [30.324657484860417, 1.5140964082456654], [30.324674943442986, 1.5140109121696224], [30.324682860072485, 1.5139680636489845], [30.32468994848561, 1.513925112793944], [30.32469590831698, 1.5138820225323468], [30.32470056876259, 1.5138379803035147], [30.324706717448635, 1.5137495040343876], [30.324711698225922, 1.5136162654847027], [30.324727206096558, 1.5128596377892918], [30.324740791199158, 1.5122809870859422], [30.324743143773023, 1.5121474973188969], [30.324743285850886, 1.5120586118106345], [30.324740808107578, 1.5119699337934152], [30.324737892150427, 1.5119257305204445], [30.32473345346341, 1.511881483585339], [30.324727772853787, 1.5118373364809479], [30.3247211851053, 1.5117932603843411], [30.324698145932093, 1.5116612808019647], [30.32467239877456, 1.511529564215469], [30.32465387574607, 1.5114420311000214], [30.32463344747871, 1.5113550435572378], [30.324622050267614, 1.511311923596361], [30.324609476547085, 1.511269194390929], [30.32459532247968, 1.5112270066989724], [30.324579778475048, 1.5111867027318628], [30.324562824824035, 1.5111469234473824], [30.324544941809684, 1.5111075410781696], [30.32448997375109, 1.5109910208812092], [30.32447270197496, 1.5109526188622893], [30.32445687817698, 1.5109144511955637], [30.324443261598486, 1.510876568461931], [30.32443282870953, 1.5108390525742712], [30.3244268428981, 1.5108020216895546], [30.32442693450848, 1.510765636715767], [30.324434510048512, 1.5107297141696931], [30.324448281355405, 1.5106944410670808], [30.324466607306533, 1.510659644384245], [30.324488230074316, 1.5106251911576207], [30.324512194289436, 1.5105909791888128], [30.324537777438774, 1.5105569288366913], [30.32456443093417, 1.5105229757431566], [30.32467426974727, 1.5103870214672153], [30.324701008404386, 1.5103526724671121], [30.324726795133753, 1.5103179908590747], [30.324751176783465, 1.510282828773324], [30.324773570188587, 1.5102469897961301], [30.3247932171527, 1.5102102145888407], [30.32480913344494, 1.5101721641129722], [30.324820650485787, 1.5101320379398098], [30.324828358565522, 1.5100906088785981], [30.324833278654832, 1.5100482284201415], [30.3248361885936, 1.510005163934681], [30.324837673057083, 1.5099616160590799], [30.324837984291353, 1.5098736243743354], [30.32483644893363, 1.5097850173352059], [30.324827130624485, 1.5094296169622061], [30.324811231270683, 1.5087641779441157], [30.324808772751613, 1.508631190046358], [30.324808599703502, 1.5085427288840318], [30.32480944145733, 1.5084986290540154], [30.32481126788369, 1.5084546708644635], [30.32481447192314, 1.5084109134339378], [30.324819572099912, 1.5083674353862129], [30.324826975978745, 1.5083243802194681], [30.324836286373998, 1.5082816113236488], [30.324847006678002, 1.5082390598680853], [30.324858771767627, 1.5081966799019324], [30.324884506304944, 1.5081123540768038], [30.324912491250874, 1.5080286778101124], [30.324927354107984, 1.5079871957201219], [30.32494296204943, 1.5079460676956415], [30.32495954392319, 1.5079054277287915], [30.32497742818846, 1.5078654576782018], [30.324997061133026, 1.5078263985167246], [30.32501833857566, 1.507789214106451], [30.325041281727625, 1.5077529044631035], [30.3250654389036, 1.5077172354953385], [30.325116033665076, 1.5076471291864684], [30.32521931336021, 1.5075086328254086], [30.325244134628733, 1.507473833339596], [30.325267897948283, 1.5074387634315263], [30.325290109450194, 1.5074032861240467], [30.325310122132652, 1.5073672262286477], [30.32532708921779, 1.5073303574368317], [30.325339910165734, 1.5072923876599207], [30.325347906623747, 1.5072515642061115], [30.325351481358005, 1.5072095657738516], [30.32535184242666, 1.5071667121441925], [30.325349902704104, 1.5071232462866553], [30.325346340574338, 1.507079350698589], [30.325341650496576, 1.5070351612675372], [30.325330179721668, 1.5069462782289609], [30.32531709569096, 1.5068571393284111], [30.325302815858432, 1.5067680907377645], [30.325286839795073, 1.5066794463791133], [30.325277804996325, 1.5066353987733754], [30.325267714401527, 1.506591624555982], [30.325257023898455, 1.5065506643558637], [30.32523317265864, 1.5064693938928047], [30.325194953991492, 1.5063482296112514], [30.325170300776794, 1.5062673914240832], [30.325158916909164, 1.506226806194354], [30.32514856874113, 1.506186027627153], [30.325139653271606, 1.5061449767670754], [30.325132147658554, 1.5061013703913022], [30.32512623241725, 1.5060574588573163], [30.32512148115948, 1.5060133239625944], [30.325114252110055, 1.505924617930457], [30.325108728101043, 1.5058355848293], [30.32506806304586, 1.5050325569922733], [30.325007254880102, 1.5038729621827718], [30.325001050457136, 1.5037391519365906], [30.324997019498554, 1.5036053078707026], [30.32499694547683, 1.503471871984038], [30.325001855690548, 1.5032049198053683], [30.325021229959226, 1.502359227918534], [30.32503545770223, 1.501868299928318], [30.32503744850842, 1.5017792620312087], [30.325037523481157, 1.5016909738335251], [30.325036147992392, 1.5016473851819752], [30.325033236963417, 1.501604401604658], [30.32502814347128, 1.5015622792735517], [30.32502000306175, 1.501521360805971], [30.325007676381446, 1.501482098177248], [30.324992691976732, 1.5014494519322872], [30.324974368082305, 1.501418138922998], [30.32495348211327, 1.5013878636720885], [30.324930639311845, 1.5013584008614862], [30.32490630201576, 1.5013295845042243], [30.324880814800427, 1.5013012988291563], [30.324850364283698, 1.5012692508769276], [30.324819098604713, 1.5012376245849428], [30.324755153944924, 1.5011751275535652], [30.32439878459002, 1.500834516032422], [30.323980451484836, 1.5004311227763372], [30.32372228831184, 1.5001834428825795], [30.323626207893703, 1.500090044385837], [30.323563700879745, 1.5000267126404492], [30.32353343237035, 1.4999943712158608], [30.32350421183251, 1.4999613127195253], [30.32347646053996, 1.4999272503355827], [30.32345073536382, 1.4998918052426151], [30.323427871984393, 1.4998553260653609], [30.323406977399102, 1.4998175040712165], [30.323387522783815, 1.4997787002047869], [30.323369109209274, 1.4997391882527666], [30.32335144283498, 1.4996991722372761], [30.323317584871166, 1.499618179337448], [30.323269216408384, 1.4994953815257588], [30.323238772748038, 1.4994128816511945], [30.323224445524527, 1.4993713746283919], [30.32321101686139, 1.4993296170098362], [30.32319881487904, 1.4992875182374164], [30.323188071772215, 1.4992448516381591], [30.323178564716116, 1.4992018408345495], [30.323169962605405, 1.4991585775020964], [30.323154537554846, 1.4990715488978474], [30.323133739077107, 1.4989403129993302], [30.323081305026125, 1.4985892424615828], [30.323066892409066, 1.4985021537144458], [30.32305885977021, 1.4984590678814746], [30.32304991136222, 1.4984164983032573], [30.32303964335758, 1.4983746787801766], [30.323027509445595, 1.498333926317436], [30.323012780579628, 1.498294664830213], [30.322994497230944, 1.4982574533568784], [30.322971560745945, 1.4982223054949717], [30.322944990074163, 1.4981892568239021], [30.322915776779894, 1.4981577350459243], [30.322884668532406, 1.498127315244432], [30.322852218206624, 1.4980976936623756], [30.32278476370324, 1.4980401200574471], [30.32271527566881, 1.4979843873199397], [30.32264427723655, 1.497931140606323], [30.322608082005587, 1.4979060489053335], [30.322571220124455, 1.4978825354756842], [30.32253344368475, 1.4978612159093656], [30.322494412480218, 1.4978429096659476], [30.322454954766776, 1.4978286336573288], [30.3224142967875, 1.497817240434853], [30.322372756471477, 1.4978079708661447], [30.322330575191227, 1.497800245888498], [30.322287934377695, 1.4977936286539204], [30.32220178394749, 1.4977824911983675], [30.321942017712416, 1.4977533343489189], [30.32185728105813, 1.4977410631113952], [30.32181599604184, 1.4977333549290055], [30.3217758642315, 1.4977239777069604], [30.32173735030431, 1.4977122646133167], [30.321701071003886, 1.4976973317485063], [30.321667834496587, 1.4976780218068897], [30.321638672815542, 1.4976537653714646], [30.321612503724023, 1.4976252283708253], [30.321588569478198, 1.4975935221087915], [30.32156629934373, 1.4975594951408149], [30.321545275322464, 1.497523784782233], [30.32152520380059, 1.4974868606330674], [30.32148723617182, 1.4974106179738542], [30.32145181053881, 1.4973323569217059], [30.32141923034165, 1.497252509997735], [30.321372514619412, 1.4971321473386459], [30.32135588942036, 1.497092830832044], [30.321337928572543, 1.4970543683695623], [30.321318015387007, 1.4970171126437541], [30.32129511628089, 1.4969805308632402], [30.321270100507366, 1.4969452358182445], [30.32124352532586, 1.4969108903472284], [30.321215817630847, 1.4968772359340754], [30.321187300081565, 1.4968440769701399], [30.32109899336709, 1.4967462940626137], [30.320617645585738, 1.4962312986907285], [30.32034601479064, 1.4959420212267955], [30.32025690135834, 1.4958448941383446], [30.32019999190253, 1.4957789128699106], [30.32017306812081, 1.495745167970404], [30.320147741551857, 1.4957106356310057], [30.320124625781276, 1.4956750128661032], [30.320104524665243, 1.4956379026039985], [30.320088669220603, 1.4956005579238285], [30.320075598154038, 1.4955618370724981], [30.320064555514428, 1.4955221108847327], [30.320054940606013, 1.4954816728233458], [30.32004627024677, 1.4954407573145412], [30.3200221593989, 1.4953169408075173], [30.320004317151337, 1.4952350505435772], [30.319993750663397, 1.4951947995034576], [30.319981437946222, 1.495155295755931], [30.319966749361758, 1.4951168138120392], [30.319948597192532, 1.4950783972395219], [30.319927987057895, 1.4950410479152578], [30.319905658864208, 1.4950044554683022], [30.31988223055832, 1.494968365289661], [30.31981060127627, 1.4948610399045732], [30.319788019109485, 1.4948249355285785], [30.319767104097778, 1.4947883104219062], [30.319748657342792, 1.4947508951629271], [30.319733680141656, 1.4947123576316874], [30.319722698998795, 1.4946711551561973], [30.31971544057767, 1.4946287413072465], [30.319710894513907, 1.4945854434861672], [30.319708294078424, 1.4945415104460038], [30.319707065535823, 1.4944971285542556], [30.31970714531309, 1.4944075318689902], [30.31970896570554, 1.4943173599292323], [30.319719101030667, 1.4939556861922838], [30.31973072687017, 1.4935038207690303], [30.31974406730867, 1.49305102079233], [30.319745438985716, 1.4929608721330345], [30.319745201895525, 1.4929161339794406], [30.319743915834486, 1.492871785252416], [30.319741096915894, 1.4928280114905468], [30.319736086450202, 1.4927850663003213], [30.31972800024381, 1.4927432913486929], [30.319715668116753, 1.4927031403008313], [30.319698787716394, 1.4926662002123103], [30.319677897937307, 1.492630786524745], [30.319654073777333, 1.4925964765715056], [30.319628135102693, 1.4925629506059255], [30.319600697815094, 1.4925299735353466], [30.319543020563668, 1.4924650674073463], [30.31945306087211, 1.4923695724430928], [30.319391883403682, 1.492307894387136], [30.31936088882426, 1.49227827445035], [30.319329486427495, 1.4922499886908456], [30.319297500700713, 1.4922236192573262], [30.31926468500112, 1.4921999530913674], [30.31923070593666, 1.4921800370404203], [30.31919512383036, 1.4921652434364732], [30.31915749056074, 1.492156666595775], [30.3191182416744, 1.4921532385554837], [30.31907781487424, 1.4921535836697077], [30.31903654350246, 1.4921566542362896], [30.31899467817824, 1.492161663912037], [30.318909860881494, 1.4921753354610408], [30.318824329269344, 1.49219164846951], [30.318738590057706, 1.492209207433378], [30.31829858278655, 1.4923038624771778], [30.318123006660667, 1.4923403354491296], [30.318035205026792, 1.4923567295749718], [30.317991282491402, 1.4923638825780658], [30.31794733479796, 1.4923699336049265], [30.317903351101513, 1.4923744437009965], [30.317859317522334, 1.492376831212159], [30.317816604224763, 1.4923766665758267], [30.317773841803085, 1.4923744971220536], [30.317731041254728, 1.4923708634728357], [30.317645358214, 1.4923607507711518], [30.31751672124542, 1.4923419895472854], [30.317345337711075, 1.4923143749042818], [30.317260038913734, 1.4922993275687266], [30.317175478616697, 1.4922822384461303], [30.31713369021737, 1.492272322412253], [30.31709240424144, 1.4922609940736422], [30.31705180340274, 1.492247731315528], [30.31701144104359, 1.4922318602910047], [30.316971780682813, 1.4922139988391603], [30.316932631412033, 1.4921946842405673], [30.316855320562354, 1.4921532224170884], [30.316740565740375, 1.492087415818384], [30.316473616722707, 1.4919292735654097], [30.316128716933186, 1.4917226160827972], [30.3160526427799, 1.4916782719408292], [30.31601508914614, 1.4916573573126313], [30.315978095139553, 1.4916379046474046], [30.315941926247078, 1.491620615422563], [30.315906944852937, 1.4916064504603854], [30.315873639099788, 1.4915967077990506], [30.31584265795105, 1.4915931176265722], [30.31581485257292, 1.4915979548233405], [30.315791227883405, 1.4916127637626344], [30.315770636732623, 1.4916357618412175], [30.315752191404368, 1.4916647314681222], [30.315735182234782, 1.4916979657813842], [30.315719031245333, 1.4917341602964225], [30.31567107895123, 1.4918516539528155], [30.315653731156, 1.4918923133478141], [30.31563565377112, 1.4919329735144569], [30.315597931245538, 1.4920140154866128], [30.3155588557585, 1.4920945097618323], [30.315519006441075, 1.4921744531039147], [30.315358225323173, 1.4924911520927935], [30.315319751332865, 1.4925705288901072], [30.315301407583437, 1.4926104916260485], [30.31528399108413, 1.4926507527408264], [30.315267852990058, 1.4926914319601898], [30.315253451854705, 1.4927326839123913], [30.315241145784867, 1.4927746584856822], [30.315230555714347, 1.4928171990611887], [30.315212670359163, 1.4929033496001207], [30.315189077637136, 1.493033463476328], [30.315172216574492, 1.4931194902238143], [30.31516246835549, 1.4931618571099776], [30.315151234156218, 1.4932035114099698], [30.31513789714744, 1.4932441628031086], [30.315121662227927, 1.4932834347792163], [30.31510207662568, 1.4933206994692572], [30.315079616704583, 1.4933565994199463], [30.315055036478174, 1.4933914955282857], [30.31502891083342, 1.4934256630693943], [30.315001671962424, 1.4934593091453636], [30.31497364037253, 1.4934925874979441], [30.31491607247808, 1.49355846041339], [30.314709715972075, 1.493786925543697], [30.314651730757213, 1.4938524729445477], [30.314596196807333, 1.4939187017185336], [30.314570165508776, 1.4939522900289404], [30.314545982834773, 1.493986379421015], [30.314524397997168, 1.4940211707162754], [30.314506407513967, 1.4940569312428398], [30.31449331895287, 1.4940940119861732], [30.314486098541046, 1.4941334954621879], [30.31448394667404, 1.494174343421765], [30.314485481116506, 1.4942161842241155], [30.31448965369596, 1.4942587361219994], [30.31449568039062, 1.4943017884895793], [30.314502982522736, 1.4943451860409416], [30.314519846051926, 1.4944325974584272], [30.31460242799017, 1.4948282517199583], [30.314627955541006, 1.4949575932107748], [30.314685696904885, 1.4952593167613926], [30.314702870398033, 1.4953451461651777], [30.314721600366674, 1.495430309593472], [30.314732042683584, 1.495472437950468], [30.31474360966367, 1.4955140954265451], [30.31475673219401, 1.4955551027958216], [30.314771973526753, 1.4955952255077967], [30.314789889895145, 1.495634484074551], [30.31480994133329, 1.495672851864405], [30.314831550980863, 1.4957105697695532], [30.314877759311727, 1.4957847594488454], [30.314974501476666, 1.4959313281579143], [30.315021701277814, 1.496005078143174], [30.31504417548748, 1.4960424067763916], [30.315065430541267, 1.4960802260056987], [30.315084985848454, 1.4961187282235402], [30.315102219769063, 1.49615816189189], [30.315116968296927, 1.4961997712310102], [30.31512930280585, 1.496242349451375], [30.31513989678442, 1.4962856272197962], [30.315157827082547, 1.4963734900031693], [30.315189565048687, 1.4965507112475176], [30.315198060839805, 1.49659467505184], [30.315207290272134, 1.4966382396528577], [30.3152175906527, 1.4966812188742245], [30.315229386682514, 1.4967233725219247], [30.31524321863401, 1.496764389415875], [30.315259772303037, 1.496803868525963], [30.31527788680477, 1.4968387541748678], [30.31533757752645, 1.4969390274261023], [30.315355018652166, 1.4969728430997409], [30.31536890022215, 1.4970078010052128], [30.31537842199586, 1.4970462700435196], [30.31538359179122, 1.4970862384717925], [30.315385546779442, 1.4971273287728573], [30.31538516372755, 1.4971692490943755], [30.31538310979581, 1.4972117770517956], [30.315379886332686, 1.4972547454807708], [30.315371318976513, 1.4973415405508348], [30.315361373870818, 1.4974289898999222], [30.31533515241727, 1.497648447386644], [30.315324007196864, 1.4977358648443553], [30.31531121745913, 1.4978222925010118], [30.315303576749788, 1.4978647900344222], [30.315294571052814, 1.497906517061958], [30.315283622199054, 1.4979471552688703], [30.31526996216668, 1.4979862802454122], [30.31525258409915, 1.4980233337961941], [30.31523108004, 1.498057299869356], [30.315205961958803, 1.4980892605793994], [30.315178189392935, 1.4981197550758305], [30.315148496422456, 1.498149194240239], [30.315117436488443, 1.498177884681555], [30.315052745746144, 1.4982338375216333], [30.314952547839017, 1.4983156331979655], [30.314884706201102, 1.4983686221234063], [30.31485046940957, 1.4983942842060372], [30.31481592576688, 1.4984190551290277], [30.31478094718304, 1.4984425546409286], [30.314745352073633, 1.4984642677451308], [30.314708894500686, 1.4984835100625153], [30.314671250402984, 1.4984993864581342], [30.314631393708144, 1.4985113659294347], [30.31459030547144, 1.4985198655873315], [30.314548321523446, 1.4985258243060566], [30.314505696757536, 1.4985299569442097], [30.314462621964356, 1.498532800556922], [30.314419237985355, 1.4985347533849112], [30.314288117576105, 1.4985377963605806], [30.31389335748802, 1.498543318171326], [30.313499000600856, 1.4985522635976165], [30.313411642697265, 1.4985536525899557], [30.31332479413141, 1.4985533761931087], [30.313281727453994, 1.4985520450464882], [30.313239039703163, 1.4985494409754383], [30.31319688241156, 1.49854504955276], [30.313155456351225, 1.4985381893920515], [30.313115023973463, 1.4985279697436356], [30.313076187345793, 1.4985138435751046], [30.31303831306794, 1.498496456862798], [30.313001129079993, 1.4984767247205748], [30.312964417672745, 1.498455375451231], [30.31292800055678, 1.4984330000145136], [30.31281903902186, 1.4983644960633629], [30.31278233662889, 1.4983427039865815], [30.312745166753906, 1.4983222770975704], [30.312707313289486, 1.498303863406356], [30.312668506388725, 1.4982882670634599], [30.312627712791535, 1.4982759162347148], [30.312585917927375, 1.4982665302540683], [30.312543388660902, 1.4982593207505936], [30.312500328598176, 1.4982536857963409], [30.312413189611487, 1.4982454423726619], [30.31232530605065, 1.498239415082834], [30.31170704035638, 1.498206166285117], [30.31130866381987, 1.498186150727583], [30.311176354873158, 1.4981780725502676], [30.311132666803882, 1.498174393387814], [30.311089386677136, 1.4981697702657555], [30.311046707522415, 1.4981637729975679], [30.31100489270285, 1.49815581793997], [30.3109642965643, 1.4981451239915982], [30.310925389306743, 1.4981306600880158], [30.31089157961294, 1.49811333754537], [30.310859310056344, 1.4980927072725572], [30.310828300063847, 1.4980695205705707], [30.310798369661022, 1.49804433447678], [30.31076943162259, 1.4980175404479736], [30.3107414871862, 1.4979893872547856], [30.31071462548222, 1.4979599980036375], [30.31068902661149, 1.4979293815828258], [30.310664968077898, 1.4978974390961457], [30.310640871885834, 1.4978612475128683], [30.31061838351872, 1.497823803518507], [30.310596974180196, 1.4977855422862163], [30.31053507133116, 1.4976692033505938], [30.31051397982678, 1.4976308859903678], [30.310492008383257, 1.4975933157607588], [30.31046867782798, 1.497556873207076], [30.310443402663044, 1.4975220248076215], [30.31041672757002, 1.4974902674225339], [30.310388175118923, 1.4974600401045837], [30.31035822379206, 1.4974309541934911], [30.310327244258794, 1.497402708150084], [30.31026326735816, 1.4973478653476975], [30.310197780133127, 1.4972942525472608], [30.309999249037844, 1.497134834301093], [30.30993361103489, 1.4970809653832675], [30.309866637297592, 1.4970244756815587], [30.309734114463215, 1.4969096678688023], [30.30947078601632, 1.4966778196703858], [30.309404466087447, 1.4966212648667707], [30.30937097540625, 1.4965938735553923], [30.309337119481693, 1.4965674579358532], [30.30930273974832, 1.4965424399532472], [30.309267623168395, 1.4965193865521083], [30.309231487121068, 1.4964990498131407], [30.309193961584597, 1.4964824143099282], [30.30915573694421, 1.4964705284859636], [30.309116189692848, 1.4964622114193307], [30.309075676287325, 1.4964565621758503], [30.309034476170975, 1.4964528882797274], [30.308991029194914, 1.49645055893556], [30.308859475994197, 1.4964468727300055], [30.308815716806674, 1.4964449583197386], [30.30877224266875, 1.4964417686284328], [30.308729218941373, 1.4964366203448913], [30.308686843497796, 1.496428677963344], [30.30864643623556, 1.4964176422000453], [30.30860666392738, 1.4964038855775437], [30.308567363338742, 1.4963881154358758], [30.308528406434633, 1.4963708849591324], [30.30845114141244, 1.49633368887075], [30.30829732601384, 1.4962564191541237], [30.30825867381243, 1.4962379895961402], [30.308219798234035, 1.4962205337352878], [30.30818059720839, 1.4962044910514554], [30.308140940022195, 1.4961904249710551], [30.308100658773608, 1.4961790597656592], [30.308059049097675, 1.4961708858611786], [30.308016797855185, 1.4961654868737506], [30.307974075660443, 1.4961621250904222], [30.307931012680015, 1.496160237645485], [30.30784423093276, 1.4961593004505536], [30.30775696670384, 1.49616045162021], [30.307669488523924, 1.496162529069517], [30.307187816192027, 1.4961762511733339], [30.307100407243546, 1.496177986539398], [30.307013316955786, 1.496178317838936], [30.306969997426854, 1.496177494474237], [30.306926918617496, 1.4961756188362412], [30.30688417850207, 1.496172265126597], [30.306841907456946, 1.496166867175726], [30.306800276601113, 1.496158682404172], [30.306758935491537, 1.4961469518806771], [30.306718247602586, 1.4961323697828262], [30.306678035958107, 1.496115696357009], [30.306638165694576, 1.4960975100394824], [30.306559067258366, 1.4960582360101993], [30.30632312927563, 1.4959339004649892], [30.306283628749135, 1.4959141400408378], [30.306243969448584, 1.495895325851564], [30.306204087416077, 1.495877897374101], [30.30616389910028, 1.4958624455885532], [30.306123295578264, 1.4958497596139726], [30.30608213605495, 1.4958408817416957], [30.306041478859235, 1.4958367280893772], [30.306000325808956, 1.4958362652091322], [30.305958846098935, 1.4958385953435933], [30.305917189719793, 1.4958430712186228], [30.305875498795054, 1.4958492603987674], [30.30583391933166, 1.4958569192735307], [30.305792613716346, 1.495865977127327], [30.30575177437685, 1.4958765303326498], [30.305711639041515, 1.4958888464895719], [30.30567250796366, 1.4959033781540936], [30.305634763296112, 1.4959207854993009], [30.305597497769135, 1.4959423815646777], [30.305561714633587, 1.4959669326043108], [30.305527012135624, 1.4959936103355296], [30.305493085181602, 1.49602179161181], [30.305459705271875, 1.496051014253375], [30.305393957051173, 1.4961113265298553], [30.305069794471923, 1.4964200440433617], [30.30451851240807, 1.4969422248516748], [30.304453387988268, 1.4970031559756307], [30.304387632281106, 1.4970630008057326], [30.304354302926672, 1.497092148692626], [30.30432049045933, 1.4971204691287565], [30.304285997549325, 1.4971476252342006], [30.304250561732708, 1.4971731691658046], [30.30421383869894, 1.4971965137337182], [30.304177759790992, 1.4972160914590802], [30.30414055058425, 1.4972337436811303], [30.304102545103312, 1.4972500464881493], [30.303947578983678, 1.4973105222743315], [30.303909175692922, 1.4973263695008212], [30.303871354132905, 1.4973433199568198], [30.303834389645658, 1.4973618820018668], [30.30379661409405, 1.4973836036719053], [30.303759821435072, 1.4974071686901351], [30.30372374995713, 1.4974320896676687], [30.303653012219204, 1.4974845938556198], [30.303583302764213, 1.497539095664177], [30.30334142949995, 1.4977325695780561], [30.303103676170636, 1.4979199273902686], [30.303037158029973, 1.497974117808686], [30.303004823332806, 1.4980017070846408], [30.30297350976826, 1.4980298474688198], [30.30294365905941, 1.4980587801417349], [30.302915862717242, 1.4980888276394158], [30.302890903050077, 1.4981204162014947], [30.30286980151022, 1.4981541021099798], [30.302853017966285, 1.4981912850627304], [30.30284026350485, 1.4982306585510234], [30.30283044895236, 1.498271629727163], [30.302822746748845, 1.4983137480914888], [30.302816536655286, 1.4983566759692124], [30.302811359970313, 1.49840016362794], [30.302802861621444, 1.4984881407002086], [30.302777993779557, 1.4987987501823563], [30.302766276122405, 1.4989316246275246], [30.30275709631788, 1.4990199166381857], [30.302751771829644, 1.4990639244946504], [30.302745721401802, 1.4991078017621033], [30.30273869627414, 1.4991515069056023], [30.30273078715311, 1.4991935587608547], [30.302712466635565, 1.4992772263528544], [30.30269215023981, 1.499360542039625], [30.302639635435604, 1.4995682585112966], [30.30262083294665, 1.4996513027464347], [30.302612792555916, 1.499692836257294], [30.30260617395056, 1.499734383227472], [30.30260151516671, 1.4997759486656848], [30.3025995148697, 1.4998175384868708], [30.30260083554887, 1.4998607002189464], [30.30260498883479, 1.499903889398702], [30.30261121097841, 1.4999471009733512], [30.302618923971167, 1.4999903309209794], [30.302627698049438, 1.5000335758265761], [30.30264727026143, 1.5001200970125494], [30.302679378415455, 1.5002498814861744], [30.30271391786743, 1.5003793939975227], [30.302739195764378, 1.5004652214074867], [30.30275301053139, 1.500507819039915], [30.30276737965129, 1.5005488123673905], [30.3027982829601, 1.5006301710747014], [30.302878831209, 1.5008309833642166], [30.30289369220465, 1.5008704365600438], [30.302907299291117, 1.5009093950882], [30.302919047810022, 1.5009476424239994], [30.30292812883222, 1.5009848815745703], [30.302933467059926, 1.5010207127836692], [30.302933646375443, 1.5010546063252435], [30.30292682263208, 1.501085870291157], [30.302912290491125, 1.5011128536684688], [30.302891232111225, 1.5011373792984135], [30.30286528980041, 1.5011600562768161], [30.302835736179087, 1.501181353833566], [30.302803545344407, 1.5012016278150786], [30.3027694540585, 1.5012211433929668], [30.302697629864912, 1.5012586174987939], [30.302622777032305, 1.5012949221049403], [30.302508601534335, 1.5013487966838008], [30.302433498530885, 1.5013855045034845], [30.302396791511427, 1.5014045510868834], [30.302360985387313, 1.5014243597165233], [30.30232642890009, 1.5014452431546914], [30.302293578303388, 1.5014676109738356], [30.30226302819626, 1.501491996430914], [30.302235546799572, 1.5015190874778193], [30.302211798879526, 1.501549361432521], [30.302191107120315, 1.5015823315985788], [30.30217270898383, 1.5016173161773871], [30.30215601736821, 1.501653788420158], [30.302140587693472, 1.5016913469286637], [30.3021260898367, 1.5017296902543944], [30.30211228485314, 1.5017685957370681], [30.302084595603915, 1.5018520364649257], [30.302004866511503, 1.502104826109881], [30.301977361514158, 1.502188586862271], [30.301948122236354, 1.502271447687485], [30.301932396524673, 1.5023123188438317], [30.301915566102245, 1.5023526376794385], [30.301897247399967, 1.5023922159478325], [30.301878016090694, 1.5024292879179189], [30.301857422149386, 1.5024656823193108], [30.301813533694855, 1.502537118501251], [30.301699121686983, 1.5027130461856228], [30.301677087657264, 1.5027484958970905], [30.301655932197185, 1.5027842725399496], [30.301636032751638, 1.5028205217097454], [30.301617870837777, 1.5028574275983837], [30.30160206115013, 1.5028952242624718], [30.301588645460754, 1.502935618676329], [30.30157775034651, 1.502976969389512], [30.3015687087805, 1.5030190245019197], [30.301561009421974, 1.5030615911049425], [30.301548178478885, 1.5031477102190065], [30.301521289220943, 1.5033651510540427], [30.301509746964122, 1.503452000717181], [30.301495941148655, 1.5035382139978757], [30.301487559014717, 1.5035808906963188], [30.301477695307838, 1.503623129414545], [30.30146583865212, 1.5036647725841545], [30.30145213074097, 1.5037042385562494], [30.30143656877506, 1.5037431495397786], [30.30141963912877, 1.5037816528550545], [30.301401735716308, 1.50381986300049], [30.301308237411554, 1.5040089589227144], [30.301290890989677, 1.504046668919679], [30.301274959917315, 1.504084390283533], [30.301261087372247, 1.5041221283938788], [30.301250110430363, 1.504159880842376], [30.301243116688127, 1.5041976355971494], [30.30124116447738, 1.5042294488096541], [30.301243052858, 1.5042609528818371], [30.301248992474648, 1.5042918350780439], [30.30126199182342, 1.5043286289380347], [30.301279994316282, 1.5043643237717683], [30.301301638437526, 1.5043992027753084], [30.30132589264367, 1.5044334841004394], [30.301351984359318, 1.504467334065842], [30.30137934040003, 1.5045008787691563], [30.301436263998, 1.5045674142844785], [30.301552359038354, 1.5046999911634318], [30.30160878805529, 1.5047669757336517], [30.301635883844124, 1.5048009470104773], [30.30166180656489, 1.5048354312547105], [30.301686104108274, 1.5048706348059804], [30.301708179236197, 1.5049068304318678], [30.301727250408913, 1.5049443748519813], [30.301742825400787, 1.5049839510070593], [30.30175535634943, 1.5050248975782832], [30.301765657143523, 1.5050668467390498], [30.301774352375105, 1.5051095166533088], [30.30178872395207, 1.5051962101883207], [30.301820037366976, 1.5054150844446035], [30.301827303680014, 1.5054584569204903], [30.30183555033151, 1.505501427014796], [30.301845201953597, 1.505543820294066], [30.30185681224086, 1.5055854096759587], [30.30187110180812, 1.5056258998072882], [30.301887775264564, 1.5056632697879402], [30.301906923037727, 1.5056996254080757], [30.301927914478924, 1.5057352258527772], [30.301950263652607, 1.5057702709582343], [30.301973601220105, 1.505804912716273], [30.30202220706833, 1.5058734121767081], [30.302072294528514, 1.5059413157601875], [30.30214873818773, 1.5060426469637616], [30.302356803473018, 1.5063137642104603], [30.302407203732713, 1.5063820713472587], [30.302431304735393, 1.5064164769621786], [30.302454210412, 1.5064511554438513], [30.302475417700606, 1.5064862199773652], [30.302494254591814, 1.5065218212377414], [30.30250983441071, 1.506558157533101], [30.302521002036407, 1.506595486669733], [30.30252689760726, 1.5066348607146585], [30.302528190280647, 1.5066752570871222], [30.302526073069018, 1.5067163945755782], [30.30252144284063, 1.506758054530391], [30.302514956035314, 1.5068000667998136], [30.302507074618994, 1.5068422974797264], [30.302488212513776, 1.5069269979728914], [30.302477466902992, 1.5069692935770074], [30.302465829314805, 1.5070114444888025], [30.30244023441457, 1.507094415762865], [30.302371858551712, 1.5073001866193285], [30.30234703493628, 1.5073825676213684], [30.30233624974141, 1.5074239358212147], [30.3023271350394, 1.5074655020050092], [30.30232029133966, 1.5075073453346748], [30.302316103889858, 1.5075509799332352], [30.302314324454013, 1.5075949129060315], [30.30231430159777, 1.5076390632197723], [30.30231554040874, 1.5076833693622533], [30.30232041611674, 1.5077722770145403], [30.30232701373295, 1.5078613958921196], [30.30236053811497, 1.5082629169724044], [30.302385656005402, 1.5085752516710533], [30.3024027772574, 1.5087985636450743], [30.302428608147302, 1.509156519619557], [30.302435682199626, 1.509245708488349], [30.302444477224398, 1.5093340756031872], [30.302450145062608, 1.5093776531769996], [30.302457194551547, 1.5094205718995923], [30.302466209161626, 1.5094625536980906], [30.302477969206087, 1.5095032266945148], [30.30249350389677, 1.509542100404121], [30.302512985467867, 1.5095777099945002], [30.302536054953343, 1.509611608941336], [30.30256176543817, 1.509644248137975], [30.30258939335989, 1.5096759720475954], [30.302618393197026, 1.5097070402973178], [30.302678992604726, 1.5097679310158525], [30.30274145911968, 1.50982792125744], [30.302962816500088, 1.5100365698350287], [30.303024815738127, 1.5100968806994903], [30.303084661518426, 1.510158419020705], [30.30311315628439, 1.5101900073665506], [30.30314018474545, 1.5102224391038206], [30.303165199955913, 1.510256030317535], [30.3031874858271, 1.5102911947743254], [30.303207117596983, 1.5103296853167592], [30.303223848008937, 1.510369848649297], [30.303238470357513, 1.5104112269300156], [30.303251585879945, 1.5104534734337556], [30.3032636448017, 1.510496328968078], [30.303285840975924, 1.510583152277696], [30.30333810664821, 1.51080228397311], [30.30335994354693, 1.510889707529814], [30.303383698218234, 1.5109765010148668], [30.303396776235612, 1.5110195064351226], [30.303425352359085, 1.5111029301800936], [30.303456526721146, 1.5111855269541057], [30.303505739507425, 1.5113086843968226], [30.30360615820567, 1.5115544670383017], [30.303637969889028, 1.5116366711181293], [30.303652826814368, 1.5116779227855357], [30.303666541235756, 1.5117193263621427], [30.30367863111071, 1.5117609364656492], [30.303688452621543, 1.5118028241624686], [30.30369515727405, 1.5118450808998332], [30.30369804866488, 1.5118874773191906], [30.303697855440078, 1.5119302339711542], [30.30369540161459, 1.5119732539422654], [30.303691303227136, 1.5120164542208998], [30.30367980659903, 1.512103087270938], [30.303665312386887, 1.5121894434146528], [30.303657041930325, 1.512232216186831], [30.303647923204796, 1.512274478016473], [30.303637679304654, 1.5123159684826493], [30.30362588724018, 1.512356336262757], [30.303611947027818, 1.5123951106141542], [30.303595041151876, 1.5124316669097295], [30.303574084495157, 1.5124651859417269], [30.30354830394738, 1.512494892190317], [30.30351849191113, 1.5125215482071752], [30.30348571679429, 1.512545927776177], [30.30345078629767, 1.5125686039263604], [30.303414298766548, 1.5125899837371783], [30.303376685946507, 1.5126103361359868], [30.30333824736524, 1.5126298126462991], [30.303299177072905, 1.5126484614384457], [30.303259583692633, 1.5126662352355265], [30.303219504801767, 1.5126829937570718], [30.303178916677457, 1.5126985015460044], [30.303139816487334, 1.5127119263824942], [30.30294268559313, 1.5127721871927453], [30.302904088327672, 1.5127854868528425], [30.3028662197538, 1.5128001885018878], [30.30282934944626, 1.51281686077906], [30.302791204286102, 1.5128373851115147], [30.3027541912143, 1.5128601761126748], [30.302717998995952, 1.5128846113765921], [30.302647146416454, 1.5129365601873368], [30.302507050233686, 1.5130438754332485], [30.302471559824344, 1.513069869493088], [30.302435568039815, 1.5130949327116634], [30.302398860770126, 1.5131186616557126], [30.302361169787737, 1.5131405510977631], [30.30232386043549, 1.5131594690403165], [30.302285677765077, 1.5131767378065735], [30.302246911523493, 1.5131928844075846], [30.30212956060525, 1.513238936773804], [30.302090881982583, 1.513254844545823], [30.302052866520533, 1.5132717668843727], [30.302015850820922, 1.5132902489199076], [30.30198024794462, 1.5133109534381666], [30.30194475276614, 1.5133356317337825], [30.30191083093233, 1.5133627967463361], [30.301878058786606, 1.5133917807672919], [30.301846113925713, 1.513422075283983], [30.30181475436416, 1.5134532983413302], [30.301753122503666, 1.5135174737744912], [30.301358798548, 1.5139449052702354], [30.300932256814644, 1.514403364963123], [30.300872445685343, 1.5144696932185193], [30.30084315751692, 1.5145033035474278], [30.30081452870754, 1.514537386095137], [30.300786825923065, 1.514572128061794], [30.300760401438193, 1.5146077758753487], [30.300737821715142, 1.5146409901027864], [30.3007162253302, 1.514674905897356], [30.3005914134272, 1.514882128758828], [30.300551765416554, 1.5149517154424574], [30.300533552863143, 1.5149870327921546], [30.30051705558412, 1.515022932656955], [30.300502906457677, 1.5150596423528229], [30.300490621859357, 1.5151011585259142], [30.300481144543568, 1.5151436508410066], [30.300473710197988, 1.5151868531344856], [30.300467739291935, 1.515230563668702], [30.300462798587702, 1.515274631710402], [30.300454817728763, 1.5153634266447298], [30.30044195268369, 1.5155420895404499], [30.30039676086648, 1.51621332861254], [30.300386232447256, 1.5163469584951919], [30.300381784403577, 1.5163910934401166], [30.30037644698495, 1.5164348410200916], [30.300369819064866, 1.516478026369502], [30.300361356407997, 1.5165204122623666], [30.300350330778784, 1.5165616812897378], [30.30033578129608, 1.516601414657744], [30.3003168843841, 1.5166393523807449], [30.300294450148233, 1.5166757485283329], [30.300269444268444, 1.5167110239381967], [30.300242597954337, 1.5167454972642145], [30.300214457053034, 1.5167794063774778], [30.3001854233042, 1.5168129263451904], [30.30012575908117, 1.5168792702455478], [30.299698446494375, 1.517339448480885], [30.299637763257383, 1.517405346462437], [30.29957810594347, 1.5174716999246234], [30.299549062690613, 1.5175052254563979], [30.299520896378546, 1.5175391404543195], [30.29949400055114, 1.5175736196910399], [30.299468909813466, 1.5176089005714506], [30.2994463401843, 1.5176453010494975], [30.299427237124927, 1.5176832409519785], [30.299412587642916, 1.517722372861796], [30.299401308615064, 1.517763001736237], [30.29939249915139, 1.5178047277661864], [30.29938547426092, 1.5178472470065119], [30.299379720415022, 1.5178903316467822], [30.29937485798891, 1.5179338133335187], [30.299366778792724, 1.5180215119200597], [30.299340309539186, 1.51837495345006], [30.2993328812616, 1.5184629205008437], [30.29932358796633, 1.5185499728465124], [30.29931763332842, 1.5185928551600605], [30.299310287737605, 1.518635051816369], [30.299300986709692, 1.518676283987543], [30.299288977532363, 1.518716179934471], [30.29927327047213, 1.5187542509197383], [30.299252795592565, 1.5187905251925364], [30.29922854993137, 1.5188249383416426], [30.299201559055085, 1.5188579966084463], [30.299172601160528, 1.5188900841265587], [30.29914225865914, 1.5189214883873778], [30.299110961580848, 1.5189524216675516], [30.299014054679077, 1.5190437343755667], [30.29871896227732, 1.5193155440654946], [30.298458483937864, 1.5195582275891328], [30.29823145289534, 1.5197716289527432], [30.297940393032402, 1.520047797201663], [30.297875196754124, 1.5201078817501474], [30.297842247380185, 1.5201370511027408], [30.29780890290465, 1.5201652378785353], [30.29777498494339, 1.5201919978365521], [30.29774025186089, 1.5202167290391202], [30.297704380741667, 1.5202386268688304], [30.29766694596271, 1.5202566305440148], [30.297628003148425, 1.5202697696243932], [30.297587523086154, 1.5202790783223785], [30.297545920361635, 1.520285587478036], [30.297503510447452, 1.5202900798071004], [30.297460530162716, 1.520293140403016], [30.2974171549308, 1.5202951991044695], [30.297329696508125, 1.5202974533849836], [30.297197760603872, 1.5202984092362257], [30.297109694067746, 1.5202979491722655], [30.29697611771785, 1.5202954756434401], [30.296398227317013, 1.5202802305455023], [30.296309450463877, 1.5202793092583295], [30.296265121802275, 1.5202795697555807], [30.296220861301382, 1.5202805981481602], [30.296176700656684, 1.5202827048866763], [30.296132682896502, 1.5202863014896995], [30.2960909120497, 1.5202914290971181], [30.296049273246005, 1.520297929162272], [30.2960077301176, 1.520305441855569], [30.29592484653962, 1.5203224986162942], [30.295801042789545, 1.520351151791356], [30.29571924121815, 1.5203720427995868], [30.295678801039276, 1.5203832956408592], [30.295638859085695, 1.5203953664144014], [30.295599625541648, 1.5204085789392925], [30.29556138217613, 1.5204233747096556], [30.295524501335553, 1.5204403415316912], [30.29548946839526, 1.5204602478648288], [30.29545534742963, 1.5204847655380311], [30.295423221847553, 1.520512446422807], [30.29539256689813, 1.5205424453415723], [30.295362993317887, 1.5205741263775483], [30.295334223012578, 1.520607021292354], [30.295278425028435, 1.5206752184485315], [30.29522456442149, 1.520745504471493], [30.29519845972302, 1.520781274533237], [30.295173089950847, 1.5208174918014785], [30.29514868658723, 1.5208542398392981], [30.295125569139273, 1.520891650287164], [30.295104160149634, 1.520929903906581], [30.29508618149481, 1.5209660738827337], [30.295021607581024, 1.521111629358244], [30.295004565533564, 1.5211459732687282], [30.29498596024904, 1.5211783397366436], [30.294965025604732, 1.5212079183647509], [30.294940832709944, 1.5212336971720735], [30.29491036539026, 1.5212563069356053], [30.2948761011063, 1.521274558560259], [30.29483904534883, 1.5212896187551481], [30.29479996748987, 1.5213023790995719], [30.29475944846237, 1.5213135123852661], [30.294717921365255, 1.5213235204166389], [30.2946330312394, 1.521341541992487], [30.294372360759514, 1.521392141065653], [30.294152735650574, 1.5214357786312254], [30.294065068356097, 1.521452306717758], [30.29397742950349, 1.5214666357401136], [30.29393359831251, 1.5214722682635209], [30.293889744364062, 1.5214763024213391], [30.29384585383978, 1.5214781311736603], [30.293803205781327, 1.5214773212930746], [30.293760514102875, 1.521474401570287], [30.293717782747365, 1.5214699197097603], [30.293632207173296, 1.5214578327854966], [30.2935035572572, 1.52143548226992], [30.293202746026346, 1.5213787671413086], [30.29311786044165, 1.521364865031415], [30.29307613454282, 1.5213593736675377], [30.29303521514115, 1.521355484415346], [30.292995465115826, 1.5213538875473476], [30.292957374694307, 1.5213555115792552], [30.29292159753901, 1.5213615894846941], [30.29288899386823, 1.5213737369795164], [30.29286135338939, 1.5213923794042148], [30.29283688858005, 1.5214167619856263], [30.292815052511184, 1.5214455079807925], [30.292795510093164, 1.5214775837206118], [30.292778119618305, 1.521512239553163], [30.292762920882197, 1.5215489606376704], [30.292749132091437, 1.5215900793330925], [30.29273731769943, 1.5216325675906979], [30.29272687550809, 1.521675958992875], [30.292717336306193, 1.5217199058519906], [30.29268133370493, 1.5218965937871234], [30.29267130501616, 1.521940032545948], [30.292660115445315, 1.5219827477041203], [30.292647229767045, 1.522024437092344], [30.292631955477734, 1.5220647090417698], [30.29261339379418, 1.522103053602187], [30.292590773613128, 1.5221391275060228], [30.29256485043074, 1.5221732765745075], [30.292536519115075, 1.5222060198474365], [30.292506459417712, 1.5222377522983856], [30.29247518069335, 1.5222687705457347], [30.292410371038446, 1.5223294854960077], [30.292344025240265, 1.5223893012234093], [30.29210983519726, 1.5225976744078875], [30.291810180281143, 1.5228664446450766], [30.291742636328177, 1.5229243695621384], [30.291708298038312, 1.5229523498597033], [30.29167335311332, 1.522979282037421], [30.29163755592843, 1.5230047430140379], [30.291600582499637, 1.5230281737144742], [30.291564626980026, 1.5230478662398563], [30.29152761470602, 1.5230657313353873], [30.291489814109397, 1.5230822281727734], [30.291412617912847, 1.523112418297477], [30.291334121104587, 1.52314021543723], [30.291254852793816, 1.5231663592158402], [30.29117496151508, 1.5231907906419053], [30.291134746276658, 1.523202144196899], [30.291091470351105, 1.5232135014840456], [30.291004370143654, 1.5232344150099928], [30.290916797547414, 1.523253923870086], [30.29078485468836, 1.523281956393239], [30.290386787987416, 1.5233638576903743], [30.290300444885787, 1.523383666755621], [30.29025872228551, 1.5233946121615258], [30.290218639277313, 1.5234067262882065], [30.290180946055205, 1.5234205377231578], [30.290146662325938, 1.5234367646766027], [30.29011715501349, 1.5234563694921996], [30.290094230842872, 1.5234806235398934], [30.29007939894736, 1.5235104315701256], [30.29007110150513, 1.5235448590195528], [30.29006754582513, 1.5235826480880281], [30.290067374605098, 1.5236228449922635], [30.29006957613667, 1.5236647357369517], [30.29007340944574, 1.523707791869057], [30.290078343998893, 1.5237516257759278], [30.290090176905, 1.5238405701375763], [30.29010353792293, 1.5239300718033826], [30.290118357207778, 1.524019177737975], [30.290126649953265, 1.5240633062352313], [30.290135896344804, 1.5241069700021947], [30.290146516775753, 1.524149986559051], [30.290159081665905, 1.5241921178099924], [30.290174347001383, 1.5242330524791552], [30.29019243543218, 1.524271583732544], [30.29021312842302, 1.5243089742412161], [30.290235731701596, 1.5243455202136544], [30.29025971645069, 1.5243814486757585], [30.290284684681826, 1.5244169316459157], [30.290336461466186, 1.524487045265811], [30.29046940328656, 1.5246605573524044], [30.290521803042182, 1.5247302157682003], [30.290572160188397, 1.5248007039688924], [30.290595957441955, 1.5248365179740724], [30.29061833048141, 1.5248729226074063], [30.290638745113313, 1.5249101410838835], [30.290656501657963, 1.524948465558023], [30.29067071197725, 1.524987133368734], [30.290682383461867, 1.5250268586748765], [30.290692178485127, 1.5250673661312142], [30.290700608461336, 1.525108443539365], [30.2907148436402, 1.5251917010291693], [30.29075096244021, 1.5254445357124997], [30.29077097381285, 1.525570748432448], [30.290787217166752, 1.52565506122594], [30.29084352088603, 1.5259083726424163], [30.29085178946613, 1.5259506552345796], [30.290859014964827, 1.5259930509526878], [30.290864779873896, 1.5260356099650652], [30.290868869936737, 1.526080016070169], [30.290871376288017, 1.526124602125271], [30.29087325645459, 1.5262141308244583], [30.29087201724463, 1.5263488873554183], [30.29084416263883, 1.527518720385766], [30.290840750121138, 1.5276986197995455], [30.29084051245909, 1.5277884548109046], [30.290842765419523, 1.5278780953942614], [30.290845489060644, 1.5279227910111857], [30.290849583438792, 1.5279667985473415], [30.290854823925468, 1.5280107166320156], [30.290867574407354, 1.5280983757386246], [30.290897353318332, 1.5282733608467227], [30.291053249205508, 1.5291477874020254], [30.291077320629288, 1.5292787900846438], [30.291094398209466, 1.5293659065741998], [30.291103513209006, 1.5294093420635342], [30.29112333923324, 1.5294964937391897], [30.291155324602943, 1.5296267609067258], [30.291199761035994, 1.5298001473024236], [30.291279026234516, 1.530103484274272], [30.291311660854053, 1.5302334424605593], [30.29133083771169, 1.5303199799347957], [30.291338798878222, 1.5303631829711282], [30.291345031678667, 1.5304063156905028], [30.291348839741755, 1.5304493494548808], [30.291349297385597, 1.5304922462351795], [30.29134570388212, 1.5305345155305792], [30.29133879657171, 1.5305766492151118], [30.29132946340438, 1.5306186836479108], [30.291318380327397, 1.5306606465039123], [30.29129286462155, 1.5307444352694553], [30.291264914240383, 1.5308281245735464], [30.291116954028595, 1.5312516382817352], [30.290988782675043, 1.5316227431015066], [30.29096326013352, 1.5316408319818524]]]}}]}