{"type": "FeatureCollection", "name": "Contours_0.5mfrom_Barrage", "features": [{"type": "Feature", "properties": {"OBJECTID": 2966, "Id": 21361, "Contour": 1366.0, "Shape_Leng": 9829.50127151}, "geometry": {"type": "LineString", "coordinates": [[30.289991893143622, 1.5480885924560484], [30.289987648631666, 1.5480252973468693], [30.290013211146082, 1.5479753029207477], [30.290062812315785, 1.5479403340759514], [30.290127629105974, 1.5479262903755162], [30.2902200496749, 1.5479348671057933], [30.29083309415911, 1.54807784096853], [30.29090983212805, 1.5480774247437654], [30.291211642612357, 1.5480153074730143], [30.291665173278673, 1.5480758988658412], [30.29183857167769, 1.5480432374613704], [30.291954128643408, 1.5480049436346197], [30.292203760241524, 1.5478280213263504], [30.29234074362709, 1.5477719822887341], [30.292670797236084, 1.547757860959327], [30.29274541794229, 1.547772420918224], [30.292880670959573, 1.547829990566691], [30.292955591645004, 1.5478236169711048], [30.293017786103842, 1.547768152222351], [30.293098693388608, 1.5475470713025663], [30.29317119151112, 1.547439209277005], [30.29327043394666, 1.5473371527631028], [30.293526066001093, 1.547139188443671], [30.29359119774163, 1.547060178273043], [30.29361180703929, 1.5469798096866876], [30.293598485446186, 1.5468013147966864], [30.293622484801773, 1.5466729184006605], [30.293740691060467, 1.54637194606604], [30.29379370133128, 1.5461651005058086], [30.293874320603052, 1.5460375156614394], [30.29399409164705, 1.545956109335625], [30.294310291917384, 1.5458359364464909], [30.29445131942233, 1.545810184791117], [30.294689059240415, 1.5458008449336136], [30.295062480729932, 1.545698767954108], [30.295198914296616, 1.545706593574166], [30.295393108049435, 1.5457471431521694], [30.29553355132476, 1.545820243026811], [30.295710033914986, 1.54595600636801], [30.296155055713914, 1.5463311078115964], [30.296320935360676, 1.5464913628762962], [30.296607469049558, 1.5468317253587276], [30.29682220444841, 1.547172483040624], [30.296935188567648, 1.5472669128478622], [30.297002112981172, 1.5472945028923957], [30.297067001277576, 1.547294150632973], [30.29726230339308, 1.5472274378326758], [30.2974949161101, 1.5471895751033178], [30.297576305818527, 1.5471340239453446], [30.29759311320716, 1.5470896428232572], [30.29758928596153, 1.5470396380411342], [30.297480604515275, 1.5467293186852724], [30.297444252515724, 1.5465491983105146], [30.297447947617375, 1.5463641131419676], [30.297537937096543, 1.5460615616842783], [30.297541863289798, 1.5459493672726778], [30.297498313758123, 1.5458022623324639], [30.2973239661199, 1.5453703303078712], [30.297292051577003, 1.5451670564403206], [30.29731909346502, 1.5450675378155094], [30.29752450592963, 1.5447542073466227], [30.29762245504805, 1.544499219455023], [30.297636077741924, 1.5443858969419917], [30.297608997070217, 1.5440697937109644], [30.297630593266618, 1.5439790797130102], [30.297676727322184, 1.5438723985719762], [30.29775006683887, 1.543804253281385], [30.297853326831625, 1.5437738299132058], [30.29816717536523, 1.5437586682206872], [30.298405829258893, 1.543770798228214], [30.298549569684212, 1.5437559391013287], [30.298625379594316, 1.5437624530619072], [30.298740491428568, 1.5438062162782211], [30.298965490713993, 1.5439300646753757], [30.29922731703854, 1.5441886927873782], [30.299296950310435, 1.5442297424601126], [30.299325878916175, 1.5442210637810092], [30.299371880609517, 1.5441596468832215], [30.299425133648352, 1.5441195536199555], [30.299592308330077, 1.5440784077904557], [30.29963464279605, 1.5440271531515857], [30.299657765480486, 1.543957031431351], [30.29965138286369, 1.5438764102960618], [30.29960766829115, 1.5437774824344297], [30.299277027220302, 1.5433126249065985], [30.299043120367486, 1.5431444940021086], [30.298525434775787, 1.5428692227052787], [30.298410507754806, 1.5427683709299118], [30.298370632426376, 1.542708049185902], [30.29833157880451, 1.5425999081235167], [30.298319386471366, 1.5425067859455266], [30.29832939147856, 1.542348485775507], [30.2982967896295, 1.5422882691953317], [30.298231145606476, 1.5422504106092365], [30.298083851024135, 1.5421978104704575], [30.297762891777673, 1.5421428458382953], [30.297558796800903, 1.5420817866598866], [30.297361512294426, 1.5420021245027553], [30.297169084454485, 1.5419691276321348], [30.29712718218125, 1.5419359379184288], [30.297087136600613, 1.5418648438564788], [30.297043949812533, 1.541715796176242], [30.297026160277508, 1.5414338711367526], [30.297045590386876, 1.5413546795438986], [30.297270860277155, 1.5411700511527564], [30.297516060453763, 1.540890537145483], [30.297640088023325, 1.5407801289986316], [30.297765741155022, 1.54075355318038], [30.29786722241865, 1.5407818204108485], [30.29798643679376, 1.5408683550561202], [30.298327932784048, 1.5411615029617525], [30.298423203211126, 1.5412076685293485], [30.298517486031926, 1.5412141831927297], [30.298595956822837, 1.5411868599920755], [30.298644955716817, 1.5411404146374301], [30.2990144368012, 1.5405870240457118], [30.299031712464817, 1.5404977495426089], [30.299029083010158, 1.5403816367672205], [30.29899977718931, 1.5402608480179507], [30.298888639963074, 1.539950376208347], [30.298875557464466, 1.539821769674644], [30.298884553138663, 1.539728774259852], [30.298916501594807, 1.5396335618836654], [30.298967835147405, 1.5395550497841743], [30.2991627712177, 1.5393987887401919], [30.299236189928827, 1.539312122420694], [30.299292283303338, 1.53918990175928], [30.299300924357798, 1.539063703408256], [30.299262839740518, 1.5387386073599567], [30.29925668723999, 1.5382977160316322], [30.299230067958735, 1.5382075139820723], [30.299142125339834, 1.5380519673401616], [30.299127259172874, 1.5379672520420733], [30.299159864210324, 1.5377521633942743], [30.29924152856299, 1.5374251365387093], [30.2992476686775, 1.5372980387722184], [30.299227600408493, 1.5372181173477737], [30.299113627307985, 1.5369432607396074], [30.299073744899307, 1.5365856033774736], [30.298920574578165, 1.5362316525879927], [30.298912990197543, 1.536117439703223], [30.29893678610867, 1.5360254297341405], [30.29899882238173, 1.5359156384578718], [30.299166926594342, 1.5357082585360355], [30.29925283015425, 1.5356324512691801], [30.299340709773087, 1.5355905581262803], [30.299436709428523, 1.535586805405868], [30.29951521294931, 1.535613641117924], [30.299634139870452, 1.535698085957964], [30.29975236489755, 1.5358164059744759], [30.299916424049535, 1.5360287960123098], [30.30031594809742, 1.5366245032809107], [30.300398713237193, 1.536709651109675], [30.300709228729033, 1.536957025124772], [30.30080526549219, 1.537060880829741], [30.30086411716376, 1.5371504944621888], [30.30091081075298, 1.5372848264540193], [30.30093542777722, 1.5374210567382622], [30.30092867711421, 1.5381515118713924], [30.30094413858041, 1.5382076943229128], [30.300986022478078, 1.5381624086819718], [30.301046920652976, 1.537968584493119], [30.30114302680474, 1.537759189371673], [30.301294659730193, 1.5375332281899738], [30.30140816649733, 1.5372953621820842], [30.30155357565649, 1.5370621032785368], [30.301570030676913, 1.536998650474275], [30.301554410989862, 1.5369491278514882], [30.301513336219134, 1.5369028763871047], [30.301227383217434, 1.5366979446297768], [30.301112877472377, 1.5365973031604463], [30.300689213954914, 1.5360921213497885], [30.300588302774322, 1.5359201280488675], [30.30044047454231, 1.5356110336468352], [30.300283217984866, 1.5353434458405133], [30.300168155206272, 1.5351003034221564], [30.300101864204102, 1.5350057038555258], [30.29987235161974, 1.5347528088880797], [30.299812999051593, 1.5346423331097478], [30.299770847238424, 1.5345178708276055], [30.29973218452607, 1.5344661090790763], [30.299395872521202, 1.5342675234217318], [30.299164450722543, 1.534206619400224], [30.299060108486778, 1.5341964094534255], [30.298938644657987, 1.5342048172392473], [30.298505936271766, 1.5342969726633082], [30.29843204335493, 1.5342870579008498], [30.298354354196828, 1.534250497554513], [30.29823659881974, 1.5341599499603027], [30.298163129540278, 1.5340328967637074], [30.298115492848208, 1.5338485143671814], [30.298106652227286, 1.5335819652308982], [30.298088423131905, 1.5335234256910928], [30.298054904696368, 1.5334767426124387], [30.29800770478892, 1.5334450212304533], [30.297901746676516, 1.533411158079021], [30.297081934268842, 1.5332504605399884], [30.296925252028657, 1.5331907208988795], [30.296785507339433, 1.533080455895679], [30.296731378444328, 1.5330080501978698], [30.296702783122768, 1.5328582945806284], [30.296719703406954, 1.5327006480013667], [30.296828968433978, 1.5324004126294], [30.296873599364, 1.5323340449122242], [30.296936643994343, 1.532274556363293], [30.297027076455024, 1.5322212260391581], [30.297266277073266, 1.5321416818507971], [30.297670404110917, 1.5319482112071903], [30.297758079867368, 1.5318866414768086], [30.297740519071898, 1.5318067188108584], [30.29781062204392, 1.5315035484436401], [30.29784884051555, 1.5311908719687555], [30.29787716495869, 1.5310995390419357], [30.297932198389862, 1.531023243894007], [30.29802211924668, 1.5309616256801928], [30.298115208735695, 1.5309322099731535], [30.29844729815537, 1.5309155970537094], [30.298595088595423, 1.5309271415449304], [30.29871540926253, 1.5309549585689968], [30.29893121205125, 1.5310326469219055], [30.29903639546196, 1.5311039110783375], [30.299107292715643, 1.5312001022288446], [30.29915166000235, 1.5312987962293265], [30.299285155788066, 1.5317859884822562], [30.299323715403215, 1.5318399245023984], [30.299382992020746, 1.5318877297561317], [30.29985470422588, 1.5320887335967712], [30.300221088325774, 1.5321509519998764], [30.30039233116463, 1.5322078238495214], [30.300769670938173, 1.532428187270774], [30.30130110134166, 1.5327994431910297], [30.3013530971162, 1.5328174547764588], [30.30137428314173, 1.5327891014413713], [30.30137876818868, 1.532727468498087], [30.301344545836713, 1.5325943843723548], [30.301266109090957, 1.53246984680046], [30.301115856211972, 1.5322990271242598], [30.301095508883616, 1.5322155258118806], [30.301126483557805, 1.532134148358851], [30.30117046073713, 1.5320684180541055], [30.301326497139577, 1.531919690934511], [30.301336148127362, 1.531877615439238], [30.301320658086777, 1.5317357012058022], [30.301354258138655, 1.5316011157461114], [30.301392459645157, 1.5315308555716334], [30.30163681143769, 1.5311997785707447], [30.301658274998935, 1.5311240752971869], [30.30162349379719, 1.53105014041621], [30.301526313531113, 1.5309592689473115], [30.301437114955945, 1.5309081287436337], [30.30133169187484, 1.5308844059819644], [30.30123823564869, 1.5308875073092794], [30.301125397399765, 1.5309138442027928], [30.300878780968162, 1.5310441119635556], [30.300769142006054, 1.53107371448875], [30.300539698899968, 1.5310660582784272], [30.300407250917093, 1.5310157204917945], [30.30031309193038, 1.5309185895157986], [30.300210098850304, 1.530726405822989], [30.300153013599637, 1.5305843402013217], [30.300120782173483, 1.5304444573190883], [30.30011451813957, 1.53033626999045], [30.300134417010636, 1.5302208302251554], [30.300172948837066, 1.5301229874861424], [30.300250313500133, 1.5300127236407643], [30.300250614964295, 1.5299803843312416], [30.300218962078073, 1.52997302205915], [30.300148968119863, 1.5299964088533862], [30.300112119867563, 1.5299944298966695], [30.299804610504648, 1.5298645112603446], [30.299753869462215, 1.5298249269765696], [30.2994889266545, 1.5295194393640517], [30.29922947090461, 1.529356331802979], [30.299037173812014, 1.5292021520950794], [30.298923076290517, 1.5291496984323165], [30.29866036907332, 1.529097349647077], [30.298597217247035, 1.529060369825951], [30.29854807150656, 1.5290057925099123], [30.298513960013565, 1.5289188387521613], [30.298515458202868, 1.5288288605714602], [30.298631335862673, 1.5285134609637097], [30.29867962029985, 1.5283370236359959], [30.298701617978686, 1.5281947586635658], [30.298689898854132, 1.5281150064292512], [30.298580890085034, 1.5279232300073429], [30.298547150653203, 1.5277980842498402], [30.298551510425085, 1.5275554852581117], [30.298604886461167, 1.5272925112467282], [30.29871993594015, 1.5269635601069667], [30.298821091579082, 1.526805561505296], [30.29900474326565, 1.526666993966443], [30.299334467003725, 1.5265526920391024], [30.299353660137, 1.5264994050853344], [30.299303080186423, 1.5264045531496522], [30.299142352282175, 1.5262108439856095], [30.29907307030474, 1.5260288904919102], [30.299039864587268, 1.5259785294988366], [30.298983303427377, 1.5259425857844846], [30.298777977271826, 1.5258957464260434], [30.29875046756071, 1.525873036921503], [30.298774848785097, 1.525816579948159], [30.298875917549477, 1.5257372319318914], [30.298923444818644, 1.5256662048441116], [30.298973275265464, 1.5254487362774618], [30.29897474741247, 1.525380539468139], [30.298959244670808, 1.5253411437795383], [30.298914560452587, 1.525325429088659], [30.298837360636327, 1.5253436445723396], [30.29865555367821, 1.5254839073198234], [30.298599353005955, 1.5255057477327116], [30.298559030716767, 1.5255008796015581], [30.298536786399847, 1.5254599931511108], [30.2985448128992, 1.525345292857397], [30.298535207855647, 1.5252852098553258], [30.298440508501503, 1.5250416579682922], [30.298419291075465, 1.5250103935113963], [30.298396557104265, 1.5250023271237774], [30.298376637105484, 1.5250257229729647], [30.2983464491133, 1.525177691106825], [30.298312244848365, 1.5252606239819697], [30.298195415957004, 1.525422646476197], [30.298155709948645, 1.5254406714572892], [30.29813094341648, 1.5253633743533372], [30.29813648872442, 1.525125953900242], [30.29810522139267, 1.525025225708613], [30.298056456805533, 1.5249557020509708], [30.297867862856627, 1.5247535161510017], [30.29777180916087, 1.5246071451650576], [30.297720980259705, 1.5245767178053207], [30.297672944484667, 1.52459557627886], [30.29765072128848, 1.5246547275831968], [30.29767451889948, 1.5250682168500742], [30.297659881662135, 1.5253893524539275], [30.29761780823037, 1.525642781061896], [30.29753818412633, 1.5258522191858321], [30.297487136234803, 1.5259218539270223], [30.297426490963502, 1.5259741466971906], [30.29734797915807, 1.526017670707415], [30.297269150424786, 1.526037596782199], [30.297171314164487, 1.5260266414960446], [30.296934200086564, 1.5259422111392889], [30.296748454784947, 1.525905178751007], [30.296636243542928, 1.5258994471457679], [30.296585278990648, 1.5259124403888944], [30.29655387600979, 1.5259368492038945], [30.296537296843155, 1.5260112987521226], [30.296663188173067, 1.5262651071163975], [30.296681561317282, 1.5263491126758741], [30.29668198035444, 1.5264498396056607], [30.296660562075914, 1.526574096760689], [30.296581111905994, 1.5268376502211982], [30.296452934048254, 1.527158511679211], [30.2962950375726, 1.527415467487696], [30.2962100844439, 1.5274948881605632], [30.29611864411716, 1.5275438455191375], [30.29602638835807, 1.5275632776912562], [30.29593053901998, 1.5275602643216561], [30.295620813472233, 1.527457847248818], [30.295547021614706, 1.5274628533395922], [30.295507407739382, 1.5274886677547868], [30.29548837849401, 1.5275455556581015], [30.295489920104455, 1.527815020588973], [30.295547065814556, 1.5281635724217664], [30.295540664641155, 1.5283194925887953], [30.29543294021615, 1.5286075147717137], [30.29538670330125, 1.528671851799624], [30.29532362090488, 1.528716571716163], [30.295239748147708, 1.5287398068408276], [30.295128303283246, 1.528728824986109], [30.29500081722041, 1.5286918462915144], [30.294660210277502, 1.5285571807584672], [30.294274745302765, 1.528504604016003], [30.294152215209806, 1.5284686247997357], [30.293997129519294, 1.5283672322024238], [30.293627151511036, 1.5280348731239446], [30.29354213593049, 1.5279909555976918], [30.29335909467574, 1.5279507299166701], [30.293244710333493, 1.5278941896497071], [30.292994484566798, 1.5277425383212526], [30.29280814665167, 1.5275699573257235], [30.29268323866126, 1.527535262069735], [30.29233626775854, 1.5274910070973113], [30.29228328346746, 1.527466974921804], [30.292182407296757, 1.5273892928572486], [30.292099363163064, 1.527354625879705], [30.29202799419792, 1.5273482607997468], [30.291951028946112, 1.5273748974046488], [30.291528418288973, 1.5276739947593836], [30.29144788123397, 1.5277615593549896], [30.291398123828312, 1.5279167303334182], [30.29137192348166, 1.5282117336494967], [30.291325086727596, 1.5290619477554244], [30.291344889315596, 1.529286411409633], [30.291383436489276, 1.5293729689272664], [30.29150609735441, 1.5295340043704642], [30.291763704309858, 1.5297493364632493], [30.291888803755196, 1.5298867680528234], [30.29208243938254, 1.5300457206094515], [30.292126294295695, 1.530108235030379], [30.29214420495498, 1.5301693150369848], [30.29214173639709, 1.5302404612979819], [30.291973861905316, 1.5308059123281437], [30.29195426860308, 1.5309101716894626], [30.29195813929362, 1.531015872914873], [30.29198512235324, 1.531089258838979], [30.29203908537098, 1.5311614364903623], [30.292286004508465, 1.5313780785827584], [30.292408719643056, 1.531514145622147], [30.292469225358957, 1.5316205491868218], [30.292484539539682, 1.531717567487199], [30.292473930662233, 1.5317753587642047], [30.292441827560776, 1.5318387996481972], [30.29232595788983, 1.5319329728064854], [30.29189410764198, 1.532091694216868], [30.291617949536647, 1.5321757214536393], [30.291546278956794, 1.5322133804125333], [30.291500816218537, 1.53226123886162], [30.29149977439812, 1.5322936132313083], [30.291531050468464, 1.5323297467265178], [30.291892711649044, 1.5325650508780237], [30.292012290121296, 1.532675439374797], [30.292219759309702, 1.5329772040072955], [30.292251169375586, 1.5330812047823401], [30.292251612686705, 1.5331615947173434], [30.29221174770087, 1.5332664348510423], [30.292048679266966, 1.5334530563069237], [30.291959683998407, 1.5335067301223595], [30.291759277204736, 1.5335782369206366], [30.291571521444087, 1.5336714900898414], [30.291501820107282, 1.5337317131932473], [30.291428368528578, 1.5338369633480047], [30.291310284661293, 1.5340578819219584], [30.29124294413667, 1.534354531385092], [30.291249898163077, 1.5344461146599655], [30.29130482868647, 1.534620086815495], [30.29131710105618, 1.534706151980102], [30.291307380159164, 1.5347835134014467], [30.291269493724382, 1.534892938644678], [30.291256351737236, 1.5350186712138971], [30.29119228246702, 1.5351370535895619], [30.291116028081866, 1.5352111916702302], [30.29094995912994, 1.5353011688180307], [30.2907976714239, 1.5353512636539057], [30.290612659163706, 1.5353758225809475], [30.290493724467822, 1.5353402268675975], [30.290252146266596, 1.5351246638998985], [30.290030637109073, 1.5349598724270448], [30.289970589142012, 1.5348584136724879], [30.28993741147388, 1.5346731654686203], [30.28991200434135, 1.5346157404408947], [30.28979115285455, 1.5345061605434236], [30.28962245439404, 1.5342845638219638], [30.289562421175518, 1.53424278049053], [30.289508226150197, 1.5342318486476554], [30.289447155055356, 1.5342491872281743], [30.289376133533896, 1.5343045046321997], [30.289262563948775, 1.5344372080344069], [30.289172232462544, 1.5345733299454922], [30.289129624519415, 1.534813400813956], [30.289094003808597, 1.534915823790206], [30.288989849556177, 1.5351270309859513], [30.288895877012763, 1.5352287236485302], [30.288796478727182, 1.535286366078995], [30.288650384151055, 1.5353130723633956], [30.288594175908095, 1.535286636587395], [30.288393771016217, 1.5351100654952237], [30.28830089092114, 1.5349542537801752], [30.288157537920256, 1.534797326989377], [30.28807704316177, 1.5346339818469044], [30.288054922526673, 1.5345394496136626], [30.28803840613322, 1.5342490056098899], [30.288088918524743, 1.5338398367307602], [30.288066314915852, 1.5335229655038372], [30.288042107673796, 1.5333768331819442], [30.28810988822754, 1.5330725486613592], [30.288103939319846, 1.5327589324285242], [30.28814724705939, 1.5321057895579095], [30.288138362439213, 1.5319755660319365], [30.28808606085383, 1.531701911401389], [30.288088727937897, 1.5315725787107488], [30.288032100962965, 1.531473488200893], [30.28784981171993, 1.5313259404441522], [30.287738846272344, 1.531212879083631], [30.287695155276822, 1.5310967491238812], [30.28760940185099, 1.5309662497082974]]}}, {"type": "Feature", "properties": {"OBJECTID": 2967, "Id": 21362, "Contour": 1365.0, "Shape_Leng": 9856.21158223}, "geometry": {"type": "MultiLineString", "coordinates": [[[30.289864059579482, 1.5479666722790815], [30.289900997298012, 1.547895767266378], [30.28996349589304, 1.5478307384044625], [30.29002346155585, 1.547794119805273], [30.290114629771345, 1.5477717486688187], [30.290243181535534, 1.547794367171979], [30.290571041153697, 1.54793290477483], [30.290689713630137, 1.5479644993289976], [30.29086184365104, 1.5479762076435448], [30.29117271136182, 1.5479249299827464], [30.291469488885344, 1.54798215695557], [30.291600541395447, 1.5479895567199786], [30.291779263515537, 1.547972965241745], [30.291861284547966, 1.5479488812408984], [30.291927338120022, 1.5479008465072668], [30.292063421964635, 1.5477449915117878], [30.292140544739592, 1.5477021386025658], [30.29224413950644, 1.5476735120576035], [30.292331752102292, 1.5476633717329087], [30.292474645860715, 1.5476857529532997], [30.292672239758605, 1.5476705303746932], [30.292863669535674, 1.5477115138283857], [30.29292074894659, 1.5477043766569354], [30.292969557419323, 1.5476585493681578], [30.293020717098347, 1.5474922340330406], [30.293069918421935, 1.5474169119083374], [30.293251666622904, 1.547246364788166], [30.293473096516557, 1.5470966716005161], [30.29353525542092, 1.5470233745079625], [30.29355241061606, 1.5469510452148385], [30.293547363408337, 1.5466509509454553], [30.293571567167678, 1.5465030443754388], [30.293719427993533, 1.5461316141941324], [30.293805061549552, 1.5460138755305162], [30.293929919900425, 1.5459229711064633], [30.29421639521626, 1.5458095157000715], [30.294397276496618, 1.5457610676667994], [30.294664565448546, 1.5457205349113454], [30.294859079204624, 1.5455718438769241], [30.294977605051148, 1.5455124777585636], [30.295058632601148, 1.5454901677370887], [30.29509282257546, 1.5454945316508306], [30.29516120089985, 1.5455332698329696], [30.295302307649827, 1.5455626179525075], [30.295452831825433, 1.5456473186996849], [30.29562218580598, 1.5457659907371053], [30.295934644310773, 1.5460271130775254], [30.296349174087002, 1.5464173269310724], [30.296527384238352, 1.546611789685043], [30.29663023175476, 1.5467507199159707], [30.29681884961488, 1.5470783090271287], [30.29689192313739, 1.5471542163339602], [30.296989199248483, 1.5471972315027176], [30.29707482406416, 1.5472032776003484], [30.297441417724105, 1.5471485497510669], [30.297519255131313, 1.5471043755797742], [30.2975335384202, 1.547061422019876], [30.29752487243513, 1.5470003191006205], [30.29738116453568, 1.5466481041035731], [30.29734812502127, 1.546485552297999], [30.29736947620908, 1.5461981188245348], [30.29744300743742, 1.5460059809234448], [30.297445137485713, 1.5458912709246482], [30.297414099437017, 1.545781651004499], [30.297256106472613, 1.545411169714198], [30.29721823415944, 1.5452476471854808], [30.29720449074878, 1.5451095106273116], [30.297216620965944, 1.5450098131982195], [30.297276621849868, 1.5448285053768707], [30.297330707191698, 1.544750296024412], [30.297451542933473, 1.5446306079965595], [30.29750416487757, 1.5445111361583315], [30.297528350368136, 1.5443068416450993], [30.297484634054406, 1.543949136514755], [30.297568855008848, 1.543769909309367], [30.297628117712794, 1.5437097109565827], [30.29776004798404, 1.5436627178185827], [30.298029024401753, 1.5436385014561262], [30.298339504846474, 1.5436516197345167], [30.29856115465983, 1.5436010877421735], [30.29861501446507, 1.5436188399659938], [30.298885663426333, 1.5437737314156652], [30.299118306223026, 1.5439922485284125], [30.299222539171243, 1.544052307651134], [30.299307426412234, 1.5440472618040086], [30.29953802089178, 1.5439502276366284], [30.299581638611873, 1.5439189045506965], [30.299592359512772, 1.5438881556035509], [30.2995798155926, 1.5438282326778925], [30.29953525997354, 1.5437521057496628], [30.299372117907396, 1.5435556982072285], [30.299252947334736, 1.543379667174171], [30.299183277903904, 1.5433081122650116], [30.29884717823576, 1.5431041674219466], [30.29842937768229, 1.5429024823884323], [30.29830426063031, 1.5428057656879706], [30.298256428052145, 1.54271470801583], [30.298206977763765, 1.5424055271765715], [30.298158564436303, 1.5423446940211507], [30.29807560482012, 1.5423171299874128], [30.297739034182023, 1.5422716409071626], [30.297275013953737, 1.5421576816899132], [30.29696428277853, 1.5420392662309148], [30.29677250206378, 1.5420111589653984], [30.296732811423343, 1.541961778506057], [30.29678715115032, 1.5417364894159495], [30.296718503373704, 1.5415271021155172], [30.29672598133077, 1.5414532206313916], [30.296760571891635, 1.5413709867700711], [30.296843385613574, 1.5412958626805533], [30.29715962747124, 1.5411341539698196], [30.29724532673123, 1.541050386702995], [30.297424579378628, 1.5408286812148513], [30.297569182903512, 1.5407073614421463], [30.297659616481123, 1.5406630535611938], [30.297744437564578, 1.540644189084203], [30.297820711231992, 1.5406464475060289], [30.297899570869394, 1.5406725878501948], [30.29802673837623, 1.5407597568517706], [30.298386723130005, 1.541114459269326], [30.298441218282814, 1.5411448957807967], [30.298505424079426, 1.541152455940544], [30.29857370923948, 1.5411282205289094], [30.2986320606039, 1.5410679272532586], [30.298820437062705, 1.5407900257185332], [30.298926090790456, 1.5405813834422812], [30.298946400741293, 1.5404991956328244], [30.298945759480084, 1.5404148472233723], [30.298827793944803, 1.5400063292649009], [30.298811833527516, 1.5397428535130921], [30.298832784179996, 1.5396338303569643], [30.298882454080594, 1.539528876674779], [30.298934705844193, 1.5394670432260893], [30.299125220080942, 1.5393147277808574], [30.29916568597072, 1.5392528851444944], [30.299191387641187, 1.53917536406854], [30.299171392493985, 1.538530822409423], [30.299153242304097, 1.538345699091065], [30.29912190579106, 1.5382305179088425], [30.299032908627872, 1.5381142005951471], [30.299018183413914, 1.5380346881147955], [30.29903355419859, 1.5379431562479418], [30.29917144498614, 1.5374745323459587], [30.299186554363637, 1.5373573653709707], [30.299162525390656, 1.5372432603649981], [30.299033776782572, 1.5369289209288377], [30.298842569328574, 1.5362272756423863], [30.298831430908617, 1.5361389179125897], [30.298854693975418, 1.536035394842683], [30.298935397338063, 1.5358985623162806], [30.299199685891637, 1.5355594689150243], [30.2993010374619, 1.5354531447140234], [30.299370585400002, 1.5354153881065014], [30.299449227913595, 1.5354084558114216], [30.299511635636904, 1.5354277022404703], [30.299579520366436, 1.5354711835921633], [30.299648304400105, 1.5355405347012774], [30.299848598607664, 1.535816781523648], [30.30034251614705, 1.5365626613263252], [30.300737451704112, 1.5369098757200914], [30.300911998651173, 1.5371134911648998], [30.30095360540612, 1.5371968439911141], [30.30097772740575, 1.537291334546848], [30.300994779212143, 1.5374555364592932], [30.300994028116875, 1.5376778106027988], [30.301009952578358, 1.537755256421322], [30.301037073394635, 1.5377921465840856], [30.30108743670322, 1.5377641077759319], [30.301256601185422, 1.537534586044989], [30.3013837197292, 1.5372436709500308], [30.301496528726148, 1.537046499890654], [30.301507418751896, 1.5369993488947646], [30.301495253706513, 1.5369618462232844], [30.301459064429473, 1.5369216783714166], [30.301088179613124, 1.53663152541084], [30.300674073222243, 1.5361607057332853], [30.300605087833656, 1.5360519525914802], [30.300384168296393, 1.5356069822554277], [30.30024273968982, 1.5353546166011292], [30.300120193134383, 1.5350842991037195], [30.300054518397566, 1.53500296244536], [30.29983172304964, 1.534790787701695], [30.299662593730176, 1.5345319347441264], [30.299577630592417, 1.5344388568063028], [30.299467329924124, 1.5343543964019024], [30.29936223029134, 1.5342951622766996], [30.299276478338285, 1.5342691698053275], [30.29915074874778, 1.5342549896238742], [30.29899293941061, 1.5342552420473674], [30.298877676862148, 1.534273994603747], [30.298514147624267, 1.5344017444828], [30.298441828662796, 1.5343985494705015], [30.29836209886403, 1.534364092146395], [30.298189042373664, 1.5342361427166389], [30.29806613760622, 1.5340565414471394], [30.2980146105728, 1.5339028860194022], [30.298015185341644, 1.5336124153943618], [30.297998341345757, 1.533563905458097], [30.29796474093195, 1.53352774466769], [30.29783430124447, 1.533473614617747], [30.297564468393237, 1.5334150150566705], [30.297223497657125, 1.5333560202766476], [30.296913568844985, 1.5333349415065098], [30.296833532463328, 1.5333055585890143], [30.296772744914723, 1.533260551937647], [30.29665933084795, 1.5331238896429762], [30.296588530367696, 1.5329792637928958], [30.296568517403884, 1.5327704552257586], [30.29658646714132, 1.5326156971249738], [30.296620483962492, 1.5325192625922248], [30.296712439639663, 1.532356727018842], [30.296846517181404, 1.5322171890964595], [30.297000098000364, 1.5321346266344358], [30.297244480449734, 1.5320564294543086], [30.297407534140916, 1.5319855353429859], [30.297524622767465, 1.5319135593753779], [30.297598991792658, 1.531839319117084], [30.29769106029035, 1.531686989356955], [30.29774249206361, 1.5315535728760867], [30.29777002098969, 1.5313886993224417], [30.297771581702907, 1.531124586684834], [30.297792249895924, 1.531070005177783], [30.2978463688489, 1.53100060304646], [30.297952732530117, 1.5309211905042595], [30.29807675153973, 1.5308709930589381], [30.29842114582884, 1.5308562076131942], [30.29862777314136, 1.530864586544182], [30.298852077760674, 1.5308972119891586], [30.29896802142067, 1.5309524821817395], [30.299077814141135, 1.5310354215178583], [30.299158628048612, 1.531132864184387], [30.2992084362104, 1.5312217586799954], [30.29926097274766, 1.531370491211863], [30.299333724165972, 1.5316943874980438], [30.299376941275646, 1.5317796891212099], [30.299442602589735, 1.531841883609805], [30.30000913030446, 1.5320431664940897], [30.30029570246023, 1.5321260232998244], [30.301124934807994, 1.5326102609203593], [30.30121560632805, 1.532649829110995], [30.301272788371335, 1.5326565006036976], [30.301293525119963, 1.5326196260303495], [30.301264649433747, 1.5325581532108339], [30.301168448033135, 1.5324656267616248], [30.30096416257663, 1.5323283353938264], [30.30092347703948, 1.5322590912305656], [30.30091900295034, 1.5321833272374497], [30.300988389128058, 1.532019647644618], [30.301140956679383, 1.5317967255271356], [30.301232083885722, 1.5315812997940854], [30.30136846534015, 1.5314119056179665], [30.301448759908002, 1.5312840473513192], [30.301555314165594, 1.531165142694781], [30.301572100916303, 1.5311109786817738], [30.301539293121436, 1.5310582284788272], [30.30146114553633, 1.53099915376069], [30.30137962460606, 1.5309671159226221], [30.301261278521462, 1.5309487720674497], [30.301101310542688, 1.530969455594839], [30.30088710435734, 1.5310945959054105], [30.300791344695707, 1.5311247883786552], [30.300510694060353, 1.5311134304568061], [30.300372831413156, 1.5310664676087133], [30.30025461441649, 1.5309491121545034], [30.300139035625026, 1.53070793657368], [30.300066258738045, 1.5304213426521933], [30.300049847030472, 1.5301399078845241], [30.300028410676415, 1.5300748430842104], [30.299988899684102, 1.5300215742405883], [30.299743147256233, 1.5298764206897673], [30.299464809865462, 1.5295775813692587], [30.299194731956753, 1.529405553092535], [30.29898314975093, 1.529230654124397], [30.298861663776524, 1.5291966918132833], [30.298484697102655, 1.5292046291860584], [30.298401133222047, 1.5291680925036304], [30.298340960373377, 1.5290983896754873], [30.298314583160696, 1.529031134684946], [30.298327796846994, 1.5289487287579258], [30.298412312611763, 1.5287254287573655], [30.298518723933427, 1.5286051230878372], [30.29856758830669, 1.5285261795341665], [30.29863159876835, 1.5282897975597376], [30.29861655845042, 1.5281409003025817], [30.298511077796043, 1.5279286914157912], [30.298474243822824, 1.5278059109646764], [30.298433982205218, 1.5275751234626507], [30.2984541931673, 1.527438219861527], [30.298589590506705, 1.5270346517990234], [30.298665349097426, 1.526893109970285], [30.298825645837603, 1.5267228578441476], [30.29913241216403, 1.5265198470620231], [30.299171745118528, 1.5264704613540105], [30.299179450966008, 1.526413202228781], [30.29903783033747, 1.526095703279826], [30.29900378645302, 1.5260475799972195], [30.29892190284846, 1.526006163609995], [30.298725912963548, 1.5259808920169131], [30.29868004937983, 1.525934185900032], [30.298680386861744, 1.5258787925491915], [30.298710583116808, 1.5258162624925244], [30.298884516387652, 1.5256533562224492], [30.298906632531768, 1.5255498886205725], [30.298891199855333, 1.5254435530416994], [30.298873258456002, 1.525432265852939], [30.29884590076569, 1.5254413214867042], [30.298784097619198, 1.5255190157237164], [30.298724760185415, 1.5255581924941373], [30.298565567196242, 1.5255749704198691], [30.298522360522462, 1.5255597135081491], [30.298490257195407, 1.525527344966955], [30.298436601252543, 1.5253698120742083], [30.29840983290553, 1.5253518354592168], [30.298379699181478, 1.5253517614733805], [30.298333429279285, 1.5253763384134071], [30.298295532478768, 1.5254212187617024], [30.29823484730738, 1.5255898075758234], [30.298199953468973, 1.525647377531781], [30.298155351590903, 1.5256692606423756], [30.29810894835875, 1.5256553544854028], [30.298066561485033, 1.5256027618240642], [30.298048434610333, 1.5255266295107999], [30.298093283654666, 1.5251880116343077], [30.298077012011884, 1.5250599578475317], [30.298020000111986, 1.5249735138987348], [30.297721909295138, 1.5246716818370583], [30.297697811636592, 1.5246865293421359], [30.297686453347552, 1.5247502538062472], [30.297714057476394, 1.5251449632219891], [30.297700919159738, 1.5254313116483615], [30.297608520142404, 1.5258044233959809], [30.297536730706703, 1.525956568811606], [30.297403105616365, 1.5260680207715736], [30.29733704565123, 1.5260969512011466], [30.297270068032255, 1.5261070806116297], [30.297106904597307, 1.5260738354714982], [30.296890713520717, 1.5259735617970305], [30.29679674000605, 1.5259673676265115], [30.296736744566584, 1.525991312199295], [30.296695648072852, 1.5260796613693328], [30.29671195693423, 1.5264495681161738], [30.296632780555658, 1.5269187374624313], [30.296590783085776, 1.5270284845808448], [30.296365300394143, 1.5274134159272466], [30.29623094375056, 1.5275447229802959], [30.296085005888912, 1.5276051151084649], [30.295912175669468, 1.5275998727150109], [30.295652286374537, 1.5275072359017487], [30.295599583318577, 1.527512006920153], [30.295569082178844, 1.5275398325822769], [30.295555758884422, 1.5276052978566856], [30.29555549844257, 1.5277734391079727], [30.295611911525867, 1.5281235893760363], [30.295608836542673, 1.5283318246729174], [30.295574779776526, 1.5284837725608873], [30.295478416013932, 1.5287587771235693], [30.295452814612837, 1.5288093227160942], [30.29541261624778, 1.5288453781141782], [30.29533094698307, 1.5288578493911256], [30.295246486044814, 1.5288383090032436], [30.2950182458794, 1.5287588559781713], [30.294674708024285, 1.5286143644452248], [30.294268441060243, 1.5285685579047832], [30.294107490140128, 1.5285216331385072], [30.29395047685657, 1.5284225768806758], [30.293636669877607, 1.5281242462079752], [30.293564509571283, 1.5280865376017652], [30.293337474928194, 1.5280343526085591], [30.29320794387941, 1.5279819282244937], [30.292952950967997, 1.527802508749407], [30.29276807099962, 1.5276263110167096], [30.29268796429471, 1.5276006907346646], [30.292531986433907, 1.5275803947407849], [30.292327639227043, 1.527595561359835], [30.292252853395624, 1.5275858425980713], [30.29219715083042, 1.5275506160142585], [30.292141969600603, 1.527450760964959], [30.292093484784335, 1.5274201348896022], [30.292008193143037, 1.5274317130311301], [30.291827360974192, 1.527544269602673], [30.29163130798249, 1.5276949908240058], [30.291529609752846, 1.52780685317699], [30.291504455483995, 1.527879512211243], [30.291502154433527, 1.5279551472229445], [30.291511423264488, 1.5280580968587993], [30.291551169485327, 1.5282045653536103], [30.291554770571096, 1.5282887686248117], [30.291457623696065, 1.528775216584437], [30.29152293887495, 1.529091798395985], [30.291596819208078, 1.5292932540843296], [30.291594863177234, 1.5294322671975078], [30.291632185085014, 1.529496253008085], [30.2917297031232, 1.5295941819482362], [30.29198197223284, 1.5297964026481075], [30.2921407199899, 1.5298853768844511], [30.292195689889027, 1.52995780986197], [30.292239028954146, 1.5301008208414442], [30.29224357960007, 1.5302660540147683], [30.29210524679361, 1.5306561125077691], [30.292055293922452, 1.5308971727384144], [30.292055626862044, 1.5309942873702813], [30.29208381288234, 1.5310604412920283], [30.292142455410193, 1.531139925081913], [30.292409664114412, 1.5313901579826454], [30.292517915382785, 1.531511482898172], [30.292570758361357, 1.5316092557220076], [30.292586123264986, 1.5317138241616106], [30.292568646834596, 1.5318070813213207], [30.292539778977687, 1.5318693371315535], [30.29242493453326, 1.5319758711667943], [30.29230909785287, 1.5320267960495144], [30.291771993435994, 1.532187104094978], [30.291707724968457, 1.5322193377906026], [30.29167504142444, 1.5322576372037817], [30.291673486331547, 1.532300739418964], [30.291708764667174, 1.5323589203080914], [30.292023632408906, 1.5325838542952033], [30.29227139488082, 1.532883937244973], [30.292339579813614, 1.533032173357078], [30.29235998278675, 1.5331580730500372], [30.29235433569896, 1.5332415318552786], [30.292304701439186, 1.533363012330703], [30.292197688476616, 1.5334590183351602], [30.292086395498213, 1.5335244927931744], [30.29167964028151, 1.5337131929735701], [30.29160996424372, 1.5337634587684132], [30.291554991554104, 1.5338333992057187], [30.291519379261107, 1.5339145476017908], [30.291474919494352, 1.5341185699737248], [30.291410145270945, 1.5342886433380458], [30.291374088603753, 1.5344329559216523], [30.29137673905408, 1.534498584702734], [30.2914315187057, 1.5347516303199973], [30.291438167362198, 1.5349778132770007], [30.29142450332482, 1.5351035544934988], [30.291317485950973, 1.5352598387118441], [30.291077797793285, 1.5354097164213045], [30.290659663047904, 1.5355918629368095], [30.29056752535931, 1.5355797162996174], [30.290341043864725, 1.5354751277822134], [30.29021967145053, 1.5353620647631123], [30.28994071205031, 1.5350166988037899], [30.28982960750305, 1.5348428551272022], [30.289723095412082, 1.534710144419011], [30.289672752419175, 1.5345527504402905], [30.28962335458233, 1.5344616841585028], [30.289574131283977, 1.5344028970326073], [30.28951831760653, 1.5343747715333278], [30.28947944189627, 1.5343760504024404], [30.28943727455941, 1.534399392669863], [30.289359260274505, 1.5345125925898084], [30.289292465974757, 1.5348659125586932], [30.289277301161782, 1.5350398580840698], [30.28924217347112, 1.5351419752657685], [30.28918019808681, 1.5352154066012051], [30.289046782311917, 1.5352905786513895], [30.288918571655806, 1.5354855615512963], [30.288865794626545, 1.5355033332295736], [30.28874282097996, 1.535507062051444], [30.288662614557666, 1.5354958434717247], [30.288594596587817, 1.5354690226730838], [30.288457181687217, 1.5353534043637849], [30.288194536381116, 1.535060430593292], [30.287959778768414, 1.5346524533519983], [30.287929806657324, 1.5345580257457927], [30.287894168469304, 1.5343252389837534], [30.2879116148802, 1.5341270221672374], [30.287880075531362, 1.5339818493507782], [30.287935914244674, 1.53337679067464], [30.287952286491024, 1.533280565510644], [30.28802255797726, 1.5330631130681243], [30.287996194529377, 1.5327716102721927], [30.28806703542665, 1.5320529739003386], [30.288056583887244, 1.5319252001806094], [30.2879800482216, 1.53170320559132], [30.28785164531771, 1.5314756441947504], [30.287322439838583, 1.5310575089491383], [30.28728369198063, 1.5310114560395665], [30.287286113104066, 1.5309786749787604]], [[30.287288058553784, 1.5309779637962528], [30.287295097042943, 1.5309753907920216]]]}}, {"type": "Feature", "properties": {"OBJECTID": 2968, "Id": 21363, "Contour": 1365.5, "Shape_Leng": 9765.17484572}, "geometry": {"type": "LineString", "coordinates": [[30.289904663808485, 1.5480049330300005], [30.289932418949302, 1.5479508021441917], [30.28999389806117, 1.5478938671899], [30.29006218736782, 1.5478564632460872], [30.290146964708477, 1.547835955261147], [30.290206965015333, 1.5478459189779437], [30.2906313650759, 1.5479961538660185], [30.29076842201925, 1.548026015514975], [30.290898544401976, 1.5480303203232362], [30.291175605713924, 1.5479657764191734], [30.291522515833993, 1.5480198408437376], [30.291692719699174, 1.5480203018677774], [30.291831687533005, 1.548004149147262], [30.291928252152278, 1.5479729929147144], [30.292130081901572, 1.5478120659086805], [30.29231172135668, 1.5477216992620682], [30.292679284255204, 1.5477136082640237], [30.29287537360348, 1.5477754822249188], [30.292934530744795, 1.5477709010823606], [30.29299652371918, 1.547710489949721], [30.293061590772464, 1.5475215651124867], [30.29312061155493, 1.5474322173829715], [30.29325397680587, 1.547295035995757], [30.293498598168554, 1.5471209298976023], [30.29356808293048, 1.547040250673649], [30.29358588648178, 1.5469620917127147], [30.293572321019397, 1.5467719612109283], [30.293595860541824, 1.5466148222148333], [30.293701268237864, 1.5463489812911324], [30.293757138724892, 1.5461500445178653], [30.293831980253543, 1.5460341780881917], [30.29395470476746, 1.5459443275092983], [30.29427500032235, 1.5458179163122898], [30.294417387821802, 1.5457853285594916], [30.294616142040965, 1.5457711588612744], [30.294690299732974, 1.5457529820899987], [30.2948592715243, 1.5456324677093463], [30.294948636283667, 1.5455998471888222], [30.295213261126417, 1.5456234232252268], [30.295317938033136, 1.5456479921898842], [30.295489186837155, 1.5457339866738073], [30.2956184947672, 1.5458239537829204], [30.29590330476065, 1.5460595853520296], [30.29636330557959, 1.5464827685622518], [30.296598054499785, 1.5467603906886451], [30.296821172319607, 1.5471281860086956], [30.29690705127758, 1.5472051181735162], [30.29699390809101, 1.5472399200134928], [30.297071145383416, 1.5472417495865425], [30.297468881725287, 1.5471692451264012], [30.29754733303731, 1.5471219520476005], [30.297563529356825, 1.5470813621351083], [30.297559222316316, 1.5470287279883557], [30.297432713106577, 1.5466859849009813], [30.297394832259215, 1.546482098508686], [30.29739958016133, 1.5463429292690645], [30.297490962823666, 1.546036585556447], [30.297492428971555, 1.5459206381576462], [30.29745175591842, 1.545778615229255], [30.297292716539616, 1.5454019737432307], [30.297246795248963, 1.5451373420071386], [30.297262394865818, 1.545036931197855], [30.297323119169402, 1.544895538118153], [30.297484884027792, 1.5446967581885245], [30.297554452927095, 1.5445286446371946], [30.29758083019441, 1.5443691887700945], [30.297560355384654, 1.5440097059512898], [30.297618565596544, 1.5438442446002114], [30.29771129154493, 1.543754263691301], [30.297837545962892, 1.5437099481538927], [30.29804074202816, 1.543685851808032], [30.29836637286867, 1.5437128151029975], [30.29859674878147, 1.5437026424203726], [30.298714458660477, 1.5437393229698095], [30.298880394147417, 1.5438155194695329], [30.298969323108153, 1.5438816361941623], [30.299154608215154, 1.5440589185373004], [30.29921351784395, 1.544095353993491], [30.29926058753485, 1.5441061911806149], [30.299327174336224, 1.5440925939424832], [30.299556769153792, 1.5439922350432314], [30.299607104395978, 1.543954482691788], [30.29962538165049, 1.5439115264668348], [30.299614356599093, 1.5438424257881718], [30.299569727827816, 1.5437596571348444], [30.29939984608388, 1.5435454759112757], [30.299287831814254, 1.543376206024474], [30.29921221148574, 1.543296046794571], [30.299080878892045, 1.5432002959748632], [30.29888009023783, 1.5430818190851248], [30.29847200354841, 1.5428839471332703], [30.298336843796566, 1.54277311006811], [30.298304050465685, 1.5427129651938847], [30.298280954671284, 1.5425986647075258], [30.298282267081316, 1.5423561597806263], [30.298240507970114, 1.5423038319683278], [30.29807640216617, 1.5422538384400362], [30.29777108063633, 1.5422239026782683], [30.297526217445782, 1.5421588080535598], [30.297375419353184, 1.5421008043042206], [30.297207555157083, 1.5420756983087869], [30.297087231029543, 1.5420138537977295], [30.29699183069438, 1.541930051678597], [30.296907145617606, 1.5419022027774838], [30.296888468662488, 1.5418599366664059], [30.296935031676796, 1.5415048776516431], [30.296903046704987, 1.5413905950954148], [30.296914913878854, 1.5413448791219735], [30.296963873174164, 1.54130276195309], [30.297119716037173, 1.5412271320595932], [30.29719798862257, 1.541171439390812], [30.297290199860264, 1.5410787233988106], [30.297470171027154, 1.5408458276631436], [30.2975841447098, 1.5407478143626396], [30.297644857684165, 1.5407183578428605], [30.297733587393328, 1.5406987938410404], [30.29781263952278, 1.5407030733506484], [30.2978968886363, 1.540732008346925], [30.29801728046647, 1.5408112583749758], [30.29835553979693, 1.5411387246147552], [30.29843530910405, 1.5411782516773782], [30.298511447173826, 1.5411833585197736], [30.298583431485127, 1.5411575039705698], [30.298640003286557, 1.5411010898845399], [30.298857690265766, 1.5407715844918752], [30.298968775186207, 1.5405662511727938], [30.2989851115258, 1.5404813147593865], [30.298981661475818, 1.5403787429675249], [30.29885665374145, 1.53996376929732], [30.298844255358226, 1.5398115784222848], [30.298854114318768, 1.539704510745413], [30.298882660040736, 1.5396089078224913], [30.298933142592016, 1.5395264121689758], [30.299131718735453, 1.5393700639668029], [30.299196584334215, 1.53929749818168], [30.299240437870615, 1.5392095232492333], [30.299252947059284, 1.5391279409625849], [30.299214592194797, 1.5387234181899065], [30.299207996849116, 1.5382923852609174], [30.299174543371446, 1.5381984048054926], [30.299083228511286, 1.5380769332440483], [30.299067614964223, 1.5380099397002571], [30.299080666900633, 1.537918012417174], [30.299208416612, 1.5374453523726503], [30.299215795653804, 1.5373166495019648], [30.299190631285, 1.537221366098925], [30.299075891352153, 1.536953043439539], [30.298962530922775, 1.5364784983016553], [30.29888547920202, 1.5362414178125883], [30.298873701461993, 1.5361432762814438], [30.298897859032095, 1.5360306551988976], [30.29901104780147, 1.5358495339309741], [30.299188994209192, 1.5356319414714734], [30.299276597442145, 1.5355542793161396], [30.299342102042434, 1.53552128847574], [30.299411253229135, 1.5355112553797219], [30.29951001714284, 1.5355284324374183], [30.299573379222906, 1.535562955330303], [30.299672615210685, 1.5356626578139951], [30.299856662184737, 1.5358920214541814], [30.30031766313229, 1.5365811189661776], [30.300407970961405, 1.5366734304645215], [30.30071948276874, 1.53692880660637], [30.30088664510367, 1.5371230034755543], [30.300927439935887, 1.5372098729575052], [30.300953372046912, 1.5373140526441578], [30.300967343311786, 1.5374611503595648], [30.300963241173825, 1.5377096925044123], [30.30098810278327, 1.5378232956312683], [30.301016791257396, 1.5378578141626598], [30.30104596828386, 1.5378530807233057], [30.301078333348656, 1.5378229141446922], [30.30126972767348, 1.5375466569128629], [30.30139910880677, 1.5372612612534344], [30.301520285440862, 1.5370622371806393], [30.301537757641317, 1.5369989992838724], [30.30152238278527, 1.5369537237853286], [30.30148387841269, 1.5369115827915725], [30.30109756965933, 1.536612876246582], [30.300684751292117, 1.5361327255793635], [30.300612419063288, 1.5360170436804923], [30.300419574366288, 1.5356201693895482], [30.300265851726166, 1.5353524960821912], [30.300139959391434, 1.53508443334417], [30.300076498334594, 1.5350019179254741], [30.299851627131734, 1.5347767059591124], [30.299696342638356, 1.5345266424758526], [30.29961806163989, 1.5344398061172113], [30.299502370260267, 1.5343520885627926], [30.299375738467408, 1.5342792331051263], [30.299260280687612, 1.5342441889284408], [30.29913682064147, 1.5342267893420094], [30.298911515923887, 1.5342358689063995], [30.298520383796113, 1.5343488736834427], [30.29844396062048, 1.5343460585357331], [30.29837137270778, 1.5343137026053835], [30.298215792454638, 1.534200136342593], [30.298117487310826, 1.5340592047333543], [30.298056620032998, 1.533886753845633], [30.298063576348255, 1.5336091386254573], [30.298052458858603, 1.5335570298586019], [30.298020337506767, 1.5335083854419647], [30.297928277689934, 1.5334593962815815], [30.297650562840147, 1.5333928965491077], [30.297219389178764, 1.5333148733626436], [30.296949957099812, 1.5332928555168035], [30.296862975829367, 1.5332586449548897], [30.29672540890277, 1.5331201843903333], [30.296656553706907, 1.5329932091112948], [30.296636217740065, 1.5328187198238457], [30.29665400819756, 1.53262527532021], [30.296766327990355, 1.5323738706922074], [30.29688735575344, 1.5322492116435802], [30.297014281038905, 1.5321756070494328], [30.297231431358373, 1.5321068761543182], [30.297395283216062, 1.5320313466749045], [30.29753199236596, 1.5319504795907066], [30.29762702350219, 1.53186041865083], [30.297705665761278, 1.5317227759048593], [30.297762532510642, 1.5315807970314028], [30.297797806145606, 1.5314148938454395], [30.2978164293286, 1.5311311426386038], [30.29784617184363, 1.5310621022435915], [30.297902189382793, 1.5309961667401186], [30.29798931238622, 1.5309365300802378], [30.298083552893225, 1.5309041327695545], [30.298446922808836, 1.530889597784845], [30.298642318910545, 1.5309025262459781], [30.298851557336842, 1.5309480803516926], [30.298967700678336, 1.5309991464579147], [30.299052330303216, 1.5310629505172226], [30.29912616367055, 1.5311573206283686], [30.299178246671485, 1.5312634368371765], [30.299317830434045, 1.5317373844584186], [30.299366516635864, 1.5318155609159532], [30.299429059383723, 1.531869239909973], [30.29986427621669, 1.5320527697725068], [30.30021968562192, 1.5321222715938339], [30.300338263988415, 1.53216246875877], [30.30115148625167, 1.5326577990166361], [30.301260112026185, 1.532709783885867], [30.301317005868647, 1.5327171347710007], [30.301337003326783, 1.5326930493623054], [30.301337987274838, 1.5326538412830475], [30.30129329474888, 1.532552014587972], [30.301190825305593, 1.5324420801115322], [30.300986210964798, 1.532294423679547], [30.300961140224555, 1.5322537446963869], [30.300958763043987, 1.5322070535119587], [30.301043172373824, 1.532043748397423], [30.301222866862815, 1.5318709515107836], [30.30130112173488, 1.5315812770718369], [30.301462479906693, 1.5313781401513182], [30.301596210959143, 1.531181664973771], [30.301614864973867, 1.5311130666014285], [30.30158114480233, 1.5310513423039425], [30.30149007061005, 1.5309723859807705], [30.301408014842387, 1.5309334479158985], [30.3013082221085, 1.5309147564517478], [30.30111419644149, 1.5309416036306738], [30.300881491755185, 1.5310713774663434], [30.300784653912036, 1.531100410296432], [30.30052516660392, 1.531090497579181], [30.300390530863506, 1.5310406560815788], [30.300278007079815, 1.530925911476254], [30.300155298708223, 1.5306703668831048], [30.30009303732229, 1.5304207476185758], [30.300079200405833, 1.5301427312294271], [30.300056222943994, 1.5300694770802201], [30.30001607983082, 1.5300116564202446], [30.29994289355595, 1.5299541158703087], [30.299759235982506, 1.5298596064802388], [30.29947353826892, 1.5295442442140539], [30.299195947617328, 1.529370758976016], [30.29900484016852, 1.5292111542141344], [30.298898568386466, 1.5291690265367528], [30.298614310371715, 1.5291384089317455], [30.29852928707973, 1.5290948761701328], [30.29845286068738, 1.5290209894179492], [30.29843550062513, 1.5289603625784742], [30.298446473841395, 1.5288834199392964], [30.298601337522175, 1.528522679166768], [30.298646540999147, 1.5283576378869497], [30.298658988893166, 1.5282566344722277], [30.298642874733837, 1.5281200577819316], [30.298546281473108, 1.5279294305572781], [30.298514555522335, 1.5278272502933778], [30.29848489476454, 1.5275435009646272], [30.298501555321582, 1.5274324231522418], [30.298661194083135, 1.5269958327795778], [30.29873285040092, 1.5268647497695955], [30.298877808732684, 1.5267180695456903], [30.29917158654877, 1.5265318128704195], [30.299218203991703, 1.5264717617068237], [30.29922580814275, 1.5264189684845386], [30.299026509132254, 1.5260069551410083], [30.298953298490055, 1.5259693390435924], [30.29874652287131, 1.5259404981795082], [30.298711387412098, 1.5259087277336099], [30.298711154685382, 1.5258672216157314], [30.298734159097112, 1.525822489537606], [30.29886860218651, 1.5257112173925362], [30.298911922809843, 1.5256423910656463], [30.29893618565403, 1.5254950605206843], [30.298915566145038, 1.5254051211922224], [30.298875221195704, 1.5253861599151497], [30.298840718820554, 1.5253910126066288], [30.298695872944876, 1.5255025472806212], [30.298624203674123, 1.525530063753333], [30.298567711105854, 1.525533103179711], [30.29851620318433, 1.525494105100033], [30.298500573873444, 1.52536251273935], [30.29848253595389, 1.525317176715595], [30.298442446217194, 1.5252791428328336], [30.298402480034067, 1.5252753251691908], [30.29829035248231, 1.525368372672793], [30.298179111086608, 1.5255508105069704], [30.298142810726556, 1.5255713543690617], [30.29810787923333, 1.5255628273263393], [30.298081206543046, 1.5254905462435122], [30.298115164403914, 1.5251781099113357], [30.298097042242244, 1.525051905088047], [30.298046867123738, 1.5249714011223774], [30.297850458960678, 1.5247647961721988], [30.297754320269565, 1.5246369972187122], [30.29771983783824, 1.5246162284158902], [30.29768384229231, 1.5246340527347677], [30.297666967971914, 1.5246975464918022], [30.297694999390536, 1.5251295932860487], [30.297677302931753, 1.5254411014500349], [30.29761935244678, 1.525702597372813], [30.297550382691455, 1.5258869508982524], [30.297500183887763, 1.525955394031889], [30.29743617994229, 1.5260089815121272], [30.29734558370039, 1.5260564187308363], [30.29727372063818, 1.5260723337375517], [30.29713823571737, 1.5260535007575344], [30.296937976888803, 1.5259658495404136], [30.296812560666805, 1.5259342239544569], [30.296675114971727, 1.5259207154475207], [30.296597173104146, 1.5259493450673665], [30.296589156259135, 1.5260077673694832], [30.296678198790303, 1.526233935252144], [30.296701039170486, 1.5263880261346496], [30.296679752685684, 1.5265849858986664], [30.29658688471637, 1.5269533396854489], [30.296445706995527, 1.5272317972789413], [30.296352580048953, 1.5273830120391727], [30.29627085040696, 1.5274774426434303], [30.296176458566933, 1.5275453375854058], [30.296068786742804, 1.527582364965785], [30.29597306533517, 1.527587680954978], [30.295869137524956, 1.5275680276390924], [30.295641601773294, 1.527482868378781], [30.295571495023513, 1.5274883736046898], [30.29554046457778, 1.5275139213429068], [30.29552504219951, 1.5275747825567816], [30.295523636617247, 1.5277823228484724], [30.295583149891147, 1.5281399432907667], [30.29558030301627, 1.5283227165762432], [30.295545842517768, 1.5284608496570158], [30.295471323303882, 1.5286380466195348], [30.29542380779138, 1.528712971233406], [30.295356039140213, 1.5287637076631584], [30.295265903553776, 1.5287853687530106], [30.29517681661445, 1.5287734124820034], [30.29499368916443, 1.5287179574092387], [30.294683766556638, 1.5285912706584055], [30.294277871283875, 1.5285385601725625], [30.294129570754077, 1.5284959864297605], [30.293973109795242, 1.5283956183352225], [30.293642946183297, 1.5280879700705883], [30.293560341900065, 1.528044179083689], [30.29335958846774, 1.5279975084588466], [30.293214746318412, 1.5279327211547473], [30.292975044679363, 1.5277726791669641], [30.292793360766513, 1.5276022429135088], [30.29272139751484, 1.527575760327433], [30.292536201573867, 1.5275483985903215], [30.29228786217757, 1.5275452920786858], [30.29223851196556, 1.5275149705064393], [30.292165092795397, 1.527424737593747], [30.292100813470427, 1.527391936452199], [30.292025745666017, 1.5273904693263864], [30.29195284366654, 1.527424117733693], [30.29160974100472, 1.5276657160091858], [30.291484752084134, 1.5277854862668154], [30.291450001640335, 1.5278904652480556], [30.29142458789844, 1.5281387702123148], [30.291423688515092, 1.5282450855890233], [30.29144503408811, 1.5283789791354188], [30.29140077086827, 1.5287451328453718], [30.29143777022552, 1.5290540708160307], [30.29143004988752, 1.5292134786079685], [30.291440140040294, 1.5293069827516275], [30.291490620982856, 1.529421580451331], [30.29156399125874, 1.5295123677235947], [30.291807977477447, 1.5297180254787297], [30.29193307023294, 1.529844202544105], [30.29210778929784, 1.5299680429637195], [30.292158197033473, 1.5300412454513246], [30.292192103421648, 1.5301463974489506], [30.292194166015918, 1.5302575510552674], [30.292056820986762, 1.530688874844253], [30.29200276551234, 1.5309192183196318], [30.292002426930328, 1.5310065371060728], [30.292030043246132, 1.5310744624815285], [30.2920848429665, 1.531146042465463], [30.292352008887672, 1.5313933484005164], [30.292454488091497, 1.5315066342907755], [30.29250830976794, 1.531601758129488], [30.292528987857537, 1.5317139292101247], [30.292518150910908, 1.5317805534389437], [30.292487545781718, 1.5318449947265422], [30.292444362345854, 1.5318971193115702], [30.29236423317268, 1.5319585430591542], [30.291685264570745, 1.5321822676119965], [30.291614568081727, 1.5322184005698074], [30.291583857891574, 1.532256083253657], [30.29158909821038, 1.5323036031159052], [30.291635826535217, 1.53235470692451], [30.291898265284097, 1.5325260498596749], [30.292002204353686, 1.532612364192253], [30.292227978510905, 1.5328943132111927], [30.29227210574072, 1.5329670454620208], [30.292297725377704, 1.5330436142788744], [30.29230438451147, 1.533196546941244], [30.292258866863328, 1.533310544554008], [30.292121522565967, 1.5334576714363133], [30.292009767944965, 1.5335242862466882], [30.291790610651546, 1.5336110740015216], [30.29163208107451, 1.533692179833629], [30.291559361532002, 1.5337468477149516], [30.291499213008258, 1.5338262879672189], [30.29135668352588, 1.5342010118729752], [30.291305054245917, 1.5343816310025848], [30.291306743443872, 1.5344598080783616], [30.291357078006172, 1.5346315277625613], [30.291368562712375, 1.5347305319752313], [30.291332606420458, 1.5350407382592597], [30.291258143409568, 1.5351944528125645], [30.2910992197748, 1.5353125364721087], [30.29089079670373, 1.5354156310655733], [30.290625791992543, 1.5354877911674756], [30.290493615756617, 1.535460674353088], [30.29031387599602, 1.53535523439778], [30.290241009938303, 1.5352930034527952], [30.28998708404479, 1.535004955341449], [30.289703055998334, 1.5344835572318585], [30.289605455614154, 1.5343531519628033], [30.28952184069593, 1.534307071051749], [30.289466056741503, 1.5343151127811305], [30.289417686874824, 1.5343458720338865], [30.289299550424694, 1.5345025278253839], [30.28916943130307, 1.5349478219256854], [30.28916067245019, 1.5350815084552416], [30.28904294204217, 1.53518218417819], [30.28887863713051, 1.5353656754146099], [30.28878655223615, 1.5354023504678727], [30.28862904550866, 1.5353922337649417], [30.28847714451669, 1.5352911539329557], [30.288376475195506, 1.5351880546304026], [30.28813294153913, 1.534876203341736], [30.288010332729712, 1.5346448629253677], [30.28798032939157, 1.5345250525748995], [30.28796944529687, 1.5342771664055987], [30.287993522954704, 1.5340794017311095], [30.28795907260321, 1.533701205553117], [30.28798817011671, 1.5333600907502207], [30.288062186055065, 1.5330808335856556], [30.28803843734933, 1.5328099559173984], [30.288105793734537, 1.5320887677608308], [30.288093169354482, 1.5319276359614917], [30.287999993498193, 1.5315547355813524], [30.28797476139657, 1.5315004075229701], [30.28789817184161, 1.5314265021192321], [30.287626832067087, 1.5312363815312313], [30.2875400225399, 1.5311205094121136], [30.287425339557426, 1.5310122512709439], [30.287414117524627, 1.5309790423910437], [30.287429816463987, 1.5309576634933435]]}}, {"type": "Feature", "properties": {"OBJECTID": 2969, "Id": 21366, "Contour": 1364.5, "Shape_Leng": 9935.38590609}, "geometry": {"type": "LineString", "coordinates": [[30.28981097895321, 1.547916655208141], [30.2899685597191, 1.5476932954487082], [30.290011776350166, 1.5476711906096527], [30.290171952349883, 1.5477002079938864], [30.29044620198778, 1.5478318074481685], [30.290617383751773, 1.5478969579578652], [30.290847041469398, 1.547915911836158], [30.291169559180286, 1.5478919256518915], [30.291513251395415, 1.5479584907036703], [30.29162098984322, 1.547946340592913], [30.29175118365165, 1.5479041259489152], [30.29202427996854, 1.5477001098713086], [30.29219191047483, 1.5476261666721847], [30.29240340525809, 1.5476032706501757], [30.292671313702016, 1.5476261984016315], [30.292832881288962, 1.5476584777000684], [30.29288629688967, 1.547652733054717], [30.292925299048854, 1.5476116078777953], [30.29296636430471, 1.5474778934850735], [30.29301713500318, 1.547403468428669], [30.293233212467765, 1.5472148968565351], [30.29340887088397, 1.5470931524621274], [30.29346710237765, 1.5470274081407578], [30.293494331051384, 1.5469414476508307], [30.293510633927273, 1.546592277876251], [30.293536091518575, 1.546456653028929], [30.29368030613337, 1.5461244442098765], [30.29376448851693, 1.5460088009218238], [30.293917928296455, 1.545896396818161], [30.29460813349468, 1.5456547841890953], [30.29501934204728, 1.5454232874635863], [30.29512541598363, 1.5453823126287785], [30.295183989774753, 1.5453952021761566], [30.295612615903686, 1.545683801353116], [30.296293475378665, 1.5463075798033235], [30.296612588355618, 1.5466681420280761], [30.296824033535092, 1.5470371963931184], [30.29689951531557, 1.5471213468137555], [30.296990384471535, 1.5471644462697418], [30.297074819640454, 1.5471738493382095], [30.29741564303274, 1.5471281369997052], [30.297490493136895, 1.5470872779404032], [30.297502934442054, 1.5470418397725205], [30.29748779055447, 1.5469668676621307], [30.297342357615452, 1.546634837980908], [30.29730427438963, 1.5464844227176267], [30.297318558505648, 1.5463017518407327], [30.297353211711233, 1.5461351672842432], [30.29740184349492, 1.546002383317403], [30.29740412082935, 1.5459125719281588], [30.29720594070614, 1.5453756892209023], [30.29717432716023, 1.54523478312171], [30.297165666132305, 1.5450993930474526], [30.297177419366918, 1.544984037966857], [30.29722339653555, 1.5448270017993506], [30.297282268177202, 1.5447285276929812], [30.29739746102005, 1.5445930771485163], [30.297454405709075, 1.5444647624800856], [30.297469265632227, 1.5443240880077493], [30.297426628395048, 1.544073989834123], [30.297422478190736, 1.543951144970207], [30.297440486960788, 1.5438699206425202], [30.297505142689683, 1.5437474719709658], [30.297593499570535, 1.543654266388129], [30.297740370724608, 1.5435960130376467], [30.298145824658935, 1.5435779362089406], [30.29831214091309, 1.543593310871929], [30.298551133722803, 1.5435593183817595], [30.298658369649125, 1.5435888118868015], [30.298868407711584, 1.5437123351987971], [30.29910503132881, 1.5439472321249292], [30.29920005536301, 1.5440042009667079], [30.299288693881998, 1.5440010779776254], [30.29949399939677, 1.5439121727854104], [30.299529399059846, 1.5438803273453452], [30.299536932175165, 1.5438335904838918], [30.299493031721372, 1.54374398422497], [30.299347366370007, 1.5435724129716222], [30.299235569667267, 1.543405609894559], [30.299174056285825, 1.5433449027338142], [30.298886068172227, 1.54321512521468], [30.298541548941245, 1.5429909803945665], [30.298229983408685, 1.5428609048099533], [30.298206657484037, 1.5427869591103993], [30.298188629070776, 1.5424896965925863], [30.298163309885336, 1.5424175486606473], [30.298133594173716, 1.5423878935765434], [30.297940699322584, 1.5423537554077513], [30.29772158297237, 1.5423615480545694], [30.297634099188567, 1.5423500679342919], [30.297429582736672, 1.5422723075322533], [30.297291783102033, 1.5422500607297014], [30.2969605101581, 1.5421231755628637], [30.29673002317564, 1.5420902525708589], [30.29666835491011, 1.5420577525020422], [30.296639245750388, 1.5420179438346118], [30.29662919948095, 1.5419657255146704], [30.296668478679948, 1.5417015628684372], [30.296637909784945, 1.5414895158264306], [30.2966575627545, 1.5413879140843343], [30.296695017157194, 1.541329544176221], [30.29675590133111, 1.5412786625514459], [30.29710458468866, 1.5411130139951013], [30.297330012905146, 1.5408501140586361], [30.297547677886502, 1.5406643214134816], [30.297640224602436, 1.5406088802397975], [30.297719884812565, 1.5405924760386718], [30.29780327880159, 1.5405976854877665], [30.297934826508644, 1.5406472813305927], [30.29806612821435, 1.5407488145083148], [30.29842397247115, 1.5410939906550134], [30.298498434189245, 1.541119271551035], [30.29855926972741, 1.5411016734671117], [30.298612926965237, 1.5410511570795824], [30.298773350516203, 1.5408261311070186], [30.298855382957612, 1.540673954934536], [30.29889957022494, 1.5405493185211985], [30.298906010184343, 1.540443506706218], [30.298793376207545, 1.5399980841132497], [30.298775167393455, 1.5397192942919344], [30.298802054351814, 1.539595965147877], [30.29885981525366, 1.5394756535558793], [30.29890877191905, 1.539418261149333], [30.299073660250865, 1.539288746975041], [30.29914048855545, 1.53915823904719], [30.29911895047393, 1.5387775138984265], [30.299132037443883, 1.5385578048709618], [30.299118907818748, 1.5384294464550028], [30.29908241452552, 1.5383023457455054], [30.29897432418072, 1.5381512274325946], [30.298959421372604, 1.5380621359474282], [30.29897632413115, 1.537976075920369], [30.299093952107942, 1.5376537520505933], [30.299151495427743, 1.5373613457971373], [30.299132194466512, 1.537266411253629], [30.29898885428096, 1.5369063464554427], [30.298854102414918, 1.5363842419508245], [30.29879091916673, 1.5361908451484048], [30.298783630865707, 1.5361137938230702], [30.298804955299538, 1.5360363247006017], [30.298849577179585, 1.5359583996497006], [30.299293280066912, 1.535396091667829], [30.29936452552534, 1.53534822412836], [30.299454605883888, 1.5353412725076205], [30.299550757047268, 1.5353825104736425], [30.299661529757742, 1.535469182292407], [30.2999370592081, 1.535849903320079], [30.300136775227905, 1.5362186249352345], [30.300384135986512, 1.536562820182377], [30.300746952879543, 1.5368870821817235], [30.300910854686546, 1.5370678078209477], [30.300962729003647, 1.5371525333737164], [30.300992413933862, 1.5372404654618435], [30.301019385845315, 1.5374465173968592], [30.301023712589203, 1.5376500650932747], [30.301052959490587, 1.5377272623130391], [30.301096518366542, 1.5377072045057891], [30.30124462249913, 1.5375227030840506], [30.301472190400837, 1.5370019438733251], [30.30146010252035, 1.5369652154155669], [30.301423423175688, 1.5369250238615482], [30.301080004650206, 1.536649134767891], [30.300657357195565, 1.5361759462534603], [30.300202126723466, 1.5353481684506127], [30.30009782838638, 1.535084343276614], [30.30004416247465, 1.535017603590315], [30.299810386614485, 1.534798557656075], [30.29964295361516, 1.5345433778741013], [30.29955797963459, 1.5344503835581298], [30.29945031469967, 1.5343676040020033], [30.29935128815675, 1.534312547674507], [30.299266890836787, 1.5342891240969252], [30.299144628203994, 1.5342799385975254], [30.2989963637931, 1.5342877725718662], [30.298850013205637, 1.5343160019598108], [30.29848673538994, 1.5344591044890774], [30.298408295587365, 1.5344538152204543], [30.298325646547866, 1.5344183210631623], [30.298173188267548, 1.5342848297228617], [30.29803465858387, 1.53406606220402], [30.297981564532616, 1.533919389225013], [30.297963339883015, 1.5336581875397812], [30.297915473562153, 1.5335755682055825], [30.297826018119395, 1.5335189241874037], [30.29769689564629, 1.533483368106278], [30.297296648656463, 1.5334095965111683], [30.296928351294582, 1.5333796864670461], [30.296775367550136, 1.5333226341645172], [30.296613079170847, 1.533161926998927], [30.296540443743577, 1.5330516189628447], [30.29643852977957, 1.532670037546455], [30.296438865897734, 1.5326044378300971], [30.296475723359674, 1.5325456753928977], [30.296608723434233, 1.532419950592905], [30.296721436992843, 1.5322589645997626], [30.296816527651686, 1.5321706794239378], [30.297001359220634, 1.532078837745655], [30.29739676563468, 1.5319524357528833], [30.297498679838966, 1.5318935649726948], [30.29757510973769, 1.5318209038228736], [30.297677785464796, 1.5316583581626968], [30.29772582746288, 1.5315134304638665], [30.29773511928887, 1.5313492417534371], [30.29769428440643, 1.5311110712658231], [30.29770453714817, 1.531067958275121], [30.29774085840011, 1.5310245264249227], [30.29790669725204, 1.5309112024625615], [30.29806114876251, 1.5308443264910134], [30.298188884938398, 1.5308238329413628], [30.29842119234315, 1.5308188622003087], [30.298619055273207, 1.530824546857048], [30.298856727774304, 1.530855025043777], [30.29896638258744, 1.5309043076942495], [30.29910768760095, 1.5310109801272218], [30.299198016451044, 1.5311118903500396], [30.299254630250083, 1.5312083796611782], [30.29931568396999, 1.5313882988828105], [30.299362412606854, 1.531673322575496], [30.299399813812705, 1.5317543579853914], [30.299450956759777, 1.5318071559997435], [30.300250465467386, 1.5320870541611105], [30.300773839734372, 1.5323963764642123], [30.301179891774524, 1.53259563540894], [30.301246620591403, 1.532615826003622], [30.301251910175132, 1.5325974590316367], [30.301227680083283, 1.5325681269445228], [30.300968411846377, 1.5323877253382479], [30.300907038782, 1.5323171509002258], [30.30086505927443, 1.5322079802822537], [30.30085449657763, 1.5320368680964829], [30.300821118311966, 1.531904919558409], [30.3008591464093, 1.531850507807333], [30.300998672801008, 1.5317554044657338], [30.30106468406452, 1.5316122318277696], [30.301305996843404, 1.5313964991877647], [30.301479107853062, 1.5311727053224085], [30.301495970276214, 1.5311200946835357], [30.301467657996835, 1.5310686574713428], [30.30139671275818, 1.5310219758862966], [30.301308671988146, 1.5309917243296929], [30.30120061237527, 1.5309761390312404], [30.301089768381665, 1.5309964113063437], [30.30089352988316, 1.531116608018166], [30.30080014014968, 1.5311474958390745], [30.30048707113414, 1.5311345746908585], [30.300347222179894, 1.5310895453041795], [30.30023112245843, 1.5309722589379475], [30.300126026147964, 1.5307511257835764], [30.300038300157592, 1.5304132212807608], [30.30001673671484, 1.5301290366834253], [30.299966629453277, 1.5300386564067872], [30.29972444621891, 1.5298912056128997], [30.29945473550137, 1.5296089382620413], [30.29920243861784, 1.5294433935348144], [30.29898857325566, 1.5292714497861069], [30.29886054278927, 1.5292380889316408], [30.29856426519447, 1.5292600857356051], [30.298467823312635, 1.5292503157628414], [30.298363280224738, 1.5291920934906866], [30.29827001011069, 1.5290798093789235], [30.298236993648654, 1.5289666812066993], [30.298282512813525, 1.5287708464004264], [30.29851225994869, 1.5284974373363707], [30.298578419340046, 1.5283726631331234], [30.298601026398618, 1.5282950005985723], [30.298588512408823, 1.5281625464495], [30.29846618902795, 1.5279410790633237], [30.298395627287164, 1.527677536298061], [30.298391279877514, 1.527540253047745], [30.29843867935239, 1.527334135696558], [30.298579159385696, 1.526960760737184], [30.298663890390156, 1.5268451112869013], [30.29895495272388, 1.52654416770896], [30.299049269161696, 1.5263724819909479], [30.299062346957243, 1.5262805986398382], [30.299026282414104, 1.526156038302592], [30.298970506632777, 1.526077208644516], [30.298889221132924, 1.5260397466968978], [30.298713390348233, 1.5260120662403522], [30.298674435036133, 1.5259860544281534], [30.298655891352084, 1.5259478168500429], [30.2986569790434, 1.5258850851138155], [30.29868228360748, 1.52582253159804], [30.2987407629834, 1.5257519533750492], [30.2988484251456, 1.525673162156865], [30.298858537526144, 1.525641769302442], [30.298842604347062, 1.5256168467963416], [30.29859682118734, 1.5256099618873216], [30.298512177428897, 1.5255905170358353], [30.298453736263557, 1.5255291369985742], [30.29841463735095, 1.525406123666806], [30.298377463849313, 1.5253884211195163], [30.298343510059713, 1.5254031244185586], [30.29831495790484, 1.5254395887094743], [30.29826656046888, 1.5256169819800691], [30.298219041049407, 1.5256909492083608], [30.298178883232186, 1.5257185055959335], [30.29814319651078, 1.5257236511732823], [30.298077229557496, 1.5256856289795184], [30.298034738173484, 1.5256124065246235], [30.29802101090488, 1.5255302990278852], [30.298070786099846, 1.5252063815700587], [30.298058143289808, 1.5250746483998765], [30.298015305930825, 1.5250014722810012], [30.297890530055966, 1.524873970735164], [30.29781413149126, 1.5248144534655286], [30.297753525664934, 1.5247937536804188], [30.29772906646801, 1.5248084586729274], [30.29771844746184, 1.524863920868428], [30.297730873798983, 1.525256066733929], [30.297714460693893, 1.5254573362114814], [30.29761541910299, 1.5258506665796032], [30.29754411351018, 1.5259940886664887], [30.297417470377727, 1.526098388217275], [30.297279084913587, 1.5261441357132148], [30.297124635344613, 1.526117262120463], [30.29691290159225, 1.526001289328148], [30.29682622240186, 1.52599230259743], [30.29677615157393, 1.5260145465752872], [30.296733863425324, 1.5261230749032542], [30.29672056409477, 1.5265215124781608], [30.29665212776258, 1.526963532861669], [30.296597613873423, 1.5271045270296928], [30.296413092065393, 1.5274092376527624], [30.296264652050155, 1.5275578627694055], [30.29618999913762, 1.5275996471584878], [30.29610399100071, 1.527625889143009], [30.295937344625855, 1.5276241012748377], [30.295679638577422, 1.5275411665000405], [30.295639185076933, 1.5275435141400677], [30.295604287722874, 1.5275712419215264], [30.295589150447864, 1.5276333906094466], [30.29558650193378, 1.5277649998489418], [30.29563664288817, 1.5281199668032588], [30.295630440589246, 1.5283569719413101], [30.295506694703377, 1.5288397029686835], [30.295483237092647, 1.5288857366825783], [30.295448174038167, 1.5289154996894945], [30.295396301293863, 1.5289277913084514], [30.295312296691456, 1.5289125402497628], [30.294674080225924, 1.5286401846459996], [30.2942595657842, 1.5285981634777166], [30.294086438207152, 1.5285434039593992], [30.293924584447925, 1.5284390849136176], [30.293626233482044, 1.528153656096961], [30.293562820554534, 1.5281205962428512], [30.29328900618403, 1.5280536149217931], [30.293179771969474, 1.5280062895972526], [30.29294907411487, 1.527848312269154], [30.292787758544684, 1.5276807437494273], [30.292707864920576, 1.527637042158251], [30.292510495924546, 1.5276129122816284], [30.292231550260098, 1.527635862508377], [30.292115266375884, 1.5276129411749597], [30.291994454771416, 1.5275621235628793], [30.291930809485283, 1.5275591978101444], [30.29184903785871, 1.527581532960625], [30.291762207606585, 1.527630207291118], [30.291661807935125, 1.5277116752041071], [30.29160152302107, 1.5277837850032483], [30.291562843673127, 1.5278732503166361], [30.29156987780768, 1.5279406846373413], [30.291609377063065, 1.52800438959471], [30.291719504148674, 1.5281052373768345], [30.291738782496736, 1.5281453436649786], [30.29172457387409, 1.5281602266864531], [30.291645735998383, 1.528139859032057], [30.291619899845642, 1.5282181103725376], [30.291588579149185, 1.528469629476214], [30.29158875489912, 1.5287358775381934], [30.29156917907399, 1.5288936467284169], [30.291607749052158, 1.5291293631573386], [30.291706597432626, 1.5293333737335635], [30.291890022411387, 1.5296394713007009], [30.291989896513453, 1.5297282289578098], [30.292131475757976, 1.5297809061780128], [30.292192863476362, 1.5298230383254032], [30.29231851284173, 1.5299709507636152], [30.292357847698163, 1.5300689241549124], [30.29235410036839, 1.5301377236821776], [30.292304496531624, 1.5302899031846913], [30.29214910537876, 1.5306402894509907], [30.292105370546874, 1.5309232354717475], [30.292110948772308, 1.5309951577289977], [30.29217209442664, 1.5310946185129648], [30.292325207485185, 1.5312264593020464], [30.292634567067196, 1.5315561288736947], [30.292687628343582, 1.531671143876224], [30.29270249536808, 1.5317937860849222], [30.292693303602032, 1.5318555511098448], [30.292667451387313, 1.5318997009301218], [30.29249595408998, 1.5320020503721077], [30.29185498225606, 1.5321876238168324], [30.291776010886927, 1.5322244698403966], [30.291737657116997, 1.5322679463469009], [30.291734956487687, 1.5323131483691292], [30.291766700787296, 1.532366191436217], [30.292078344930108, 1.5325853261308697], [30.292301436772064, 1.5328571622724285], [30.292352964516216, 1.5329551081928445], [30.29238975981653, 1.53306832374042], [30.292406291390844, 1.5331975216574556], [30.2924018180564, 1.5333045430355945], [30.29236603879262, 1.533412434041543], [30.292290346075433, 1.5334879244307262], [30.292213497614664, 1.5335308934052334], [30.291944123467175, 1.5336247954552646], [30.291787002649745, 1.533698023674492], [30.29167934430004, 1.5337704587756233], [30.2916105706043, 1.533860950808994], [30.2915616345775, 1.5339717821289496], [30.291438849146992, 1.5344617075533635], [30.291451596887935, 1.534575724083979], [30.29152048245272, 1.5348436412898576], [30.291535436870184, 1.5350744671390746], [30.291483700235272, 1.5351768221714233], [30.291433735844528, 1.5352375038733963], [30.291159893067345, 1.5354643935709102], [30.290740661392164, 1.5356586550296598], [30.290679996605714, 1.535674529873195], [30.290562094562663, 1.5356518681068296], [30.290342435331244, 1.5355425951250148], [30.29021324570752, 1.5354293345363326], [30.290030341389922, 1.5351798168284032], [30.289746932328015, 1.5348928686052599], [30.28963875901359, 1.5347313505229516], [30.289568933240787, 1.534491867925125], [30.289534551016164, 1.534446291936782], [30.28950134294012, 1.534429996194757], [30.28945705604474, 1.5344586945619187], [30.289423128224197, 1.5345470417081355], [30.289355814458588, 1.5348555669290356], [30.28935786811557, 1.5350330766486904], [30.289339601864974, 1.5351032245219278], [30.289207431602776, 1.535288003594377], [30.289050222756448, 1.535406047764919], [30.28895399499376, 1.5356252922691138], [30.288902807493862, 1.53568711590818], [30.28882839591239, 1.5356866295575813], [30.288732546114723, 1.5356145007373503], [30.288573005673808, 1.535544062156946], [30.288214549482575, 1.5351749061991575], [30.288010813283332, 1.534868594536932], [30.2879007751285, 1.5346159998674722], [30.28784929701188, 1.5343814651991747], [30.28782916861063, 1.5341536915012806], [30.287783534355594, 1.533896156812352], [30.28778803950946, 1.5337384135250935], [30.28787691117079, 1.5335295899623476], [30.287908828336157, 1.5332779754063544], [30.28796354963954, 1.5330673073294365], [30.28795757922293, 1.5327610619109044], [30.288020387899284, 1.5320001742295444], [30.287996066402496, 1.5318345087759697], [30.287912636995117, 1.5316617141586049], [30.287787073108767, 1.5315430585326524], [30.28758165570245, 1.5314389775370565], [30.287393442147344, 1.531403169885066], [30.287198350224152, 1.5313314646206562], [30.28717493122846, 1.531300319708895], [30.28717098462181, 1.531262106928807], [30.28719013778207, 1.5312246947471422], [30.287228691530082, 1.5312020112213431], [30.28722682172507, 1.5311809439477226], [30.287171225429812, 1.5311381039940346], [30.287074975480216, 1.5311042110907431]]}}, {"type": "Feature", "properties": {"OBJECTID": 2970, "Id": 21367, "Contour": 1364.0, "Shape_Leng": 9842.33022983}, "geometry": {"type": "LineString", "coordinates": [[30.289707342314784, 1.5478189999731953], [30.289759476351158, 1.5478020247913127], [30.289786582587244, 1.5477070611139843], [30.28981851879225, 1.547664666049853], [30.2899331478594, 1.547618115889619], [30.29002550697656, 1.5476072887545027], [30.29022384237075, 1.547658002980719], [30.29044241117413, 1.5477763821715134], [30.29059338691906, 1.5478321184085202], [30.291192718530475, 1.5478647737337081], [30.29140281315684, 1.547920337822434], [30.29150972468867, 1.547930785365386], [30.291661760284487, 1.547885515284052], [30.292006915672072, 1.5476509021695872], [30.292174668605146, 1.5475749035288282], [30.292414501639733, 1.5475611855935516], [30.29281388933325, 1.5476174802530187], [30.29285854830183, 1.5476133802959493], [30.292886807507674, 1.5475803698037205], [30.292929882110148, 1.547456691603616], [30.292982732806717, 1.547384797085201], [30.293213469114107, 1.5471881674086931], [30.293389928666336, 1.5470626072509903], [30.293436710071934, 1.5470105611509186], [30.29346046718635, 1.5469327800271009], [30.29346432310663, 1.5465952347867207], [30.293486411652168, 1.546465358684071], [30.293633370403345, 1.5461253035699853], [30.293720631758315, 1.54600329838443], [30.293893365053325, 1.5458746494799467], [30.294420354217696, 1.5456934621578593], [30.294638831318075, 1.5456009110084705], [30.29505595136562, 1.5453430707214248], [30.29516496886365, 1.5453001345274684], [30.2952560664039, 1.545315400193949], [30.295328575420093, 1.5454264206780073], [30.2954902744056, 1.5455200946404373], [30.295655603117172, 1.545647104883394], [30.296272393622, 1.546225772725864], [30.296646925707506, 1.5466570720727313], [30.2968456284327, 1.5470179598714926], [30.296906853048, 1.547090057330987], [30.296988928447604, 1.5471335443391556], [30.29706804393758, 1.5471472137633266], [30.297384561156832, 1.5471060649188193], [30.297455994234472, 1.5470650755684672], [30.297464343370326, 1.5470050192563525], [30.297434181887358, 1.546883496193924], [30.29729514531321, 1.546609327064141], [30.297251160770607, 1.5464798945593103], [30.297251184215938, 1.5463997313703164], [30.29733599120588, 1.5460635149150657], [30.297347396995878, 1.5459217207140934], [30.297310218309022, 1.5457508596653708], [30.297162819932083, 1.5453396776661974], [30.29713171438887, 1.545122116949546], [30.297140369232476, 1.5449933732456222], [30.297176161924625, 1.5448469670883036], [30.297223911864123, 1.5447430157880424], [30.29733586804503, 1.5445619613983057], [30.29740401143538, 1.54435679784326], [30.297408931969475, 1.5442829697912308], [30.29737183112985, 1.5439024152289997], [30.29738614534138, 1.5438246028634421], [30.297430767501503, 1.5437351711926037], [30.29754538076115, 1.543617645012557], [30.297714329036694, 1.5435544424632452], [30.297971012752534, 1.5435342713169347], [30.298330960721277, 1.5435440604207071], [30.298544138758437, 1.543516279327897], [30.298671622890158, 1.5435475777434287], [30.298825892344023, 1.543630812442607], [30.298932876791174, 1.5437203648837876], [30.299099582646924, 1.5439071089719099], [30.29917802819947, 1.5439561065645522], [30.29924792368562, 1.5439569846271528], [30.299443328035135, 1.5438833333920206], [30.299477598202532, 1.543858078168937], [30.29948661980624, 1.5438166761331862], [30.299458468615494, 1.5437575357104436], [30.299295271795728, 1.5435794586624396], [30.29921548426074, 1.5434375380386212], [30.299155479229317, 1.5433742814202223], [30.29888636637984, 1.5432625031638345], [30.298517087200548, 1.5430125841071363], [30.298201775831853, 1.5428822982827266], [30.298163992785092, 1.5427938776240624], [30.298147446674072, 1.542529044914549], [30.29811953123902, 1.5424720534511664], [30.298079943883636, 1.5424408593698893], [30.297930077551058, 1.5424065640165154], [30.297686062694822, 1.5424128759859448], [30.297421197701997, 1.5423848267117444], [30.29712238887494, 1.542271693771391], [30.29680082240064, 1.54219899663909], [30.296615058567465, 1.5421204898333525], [30.296568751357505, 1.5420617410462762], [30.296553724217354, 1.5419968891864257], [30.296555674201027, 1.541747361962355], [30.296589404708946, 1.541664205252893], [30.29655853746332, 1.5416051736853627], [30.29655375837141, 1.5415432294791072], [30.29659191160043, 1.5413505059890522], [30.296627900199944, 1.5412876724233788], [30.29667647241721, 1.5412465015920676], [30.29690034283326, 1.5411629148794976], [30.29706421027002, 1.5410668395042404], [30.297276459970245, 1.5408396270525855], [30.29753875422069, 1.5406149652732368], [30.29763636430751, 1.540557591418179], [30.297793429950563, 1.5405545301911503], [30.297926337350148, 1.5406005159573966], [30.298058661801317, 1.540698554628111], [30.29832575415279, 1.5409477631496098], [30.298431136824362, 1.5410146794642765], [30.29852052914201, 1.5410468163112494], [30.29857140959354, 1.5410390191429264], [30.298625083668625, 1.540991999537201], [30.298737852648753, 1.5408453545443908], [30.29880595632128, 1.540723039415065], [30.29885140820194, 1.540592349143915], [30.298861067267115, 1.5404760794176502], [30.298756852339462, 1.5399804890854158], [30.298741150633322, 1.5396963719746444], [30.29876395903385, 1.5395904804395595], [30.298819579862162, 1.539463156183459], [30.298872051915, 1.5393909250811266], [30.299018122850256, 1.53925080747946], [30.299060049418998, 1.5391800183276108], [30.299083411142547, 1.5390964587905291], [30.29908824267388, 1.5389929706483676], [30.299068802923575, 1.5387586814999357], [30.299088652223983, 1.5385621375020166], [30.299078930931756, 1.5384529167561936], [30.2990461075322, 1.5383468552072244], [30.298930315513115, 1.5381853313487437], [30.29890936989582, 1.538087277330358], [30.29893106112783, 1.5379694328469016], [30.29902068576541, 1.53776529304084], [30.29906412947748, 1.5376243081037446], [30.299088857723206, 1.537500599780437], [30.29909595659635, 1.5373517885749324], [30.2990755144118, 1.5372442826748076], [30.29892409768455, 1.5368698214095824], [30.298749435698628, 1.5361836532098054], [30.298743495565134, 1.5361091778826341], [30.298760426095825, 1.5360423200263107], [30.298805009269273, 1.5359635861744152], [30.29903673014107, 1.5356939813975032], [30.299315931987277, 1.5352997783354336], [30.29935811072695, 1.535272225633247], [30.299405469437943, 1.5352628238257977], [30.299507655553718, 1.535295899171959], [30.299692879080375, 1.5354348509562745], [30.29984831309719, 1.5356127986318], [30.29998144158373, 1.5356891479422505], [30.30000991001062, 1.535762371671811], [30.300058957307762, 1.5360108516322901], [30.300188674254542, 1.536254818271832], [30.300326214300057, 1.5364116192259425], [30.300455417491555, 1.536600975961994], [30.30079838557748, 1.5369065915351783], [30.30096984478139, 1.5371060150632139], [30.301014546338134, 1.537217141216745], [30.301064617988054, 1.5375683876730497], [30.3010849590928, 1.5376080023176486], [30.30111488771069, 1.537609835756568], [30.301163796882356, 1.5375829112424038], [30.30124444599102, 1.537487961015144], [30.301397174322176, 1.537099157450136], [30.30141515131353, 1.5370116136741092], [30.301400978336993, 1.536967418407144], [30.30136022530094, 1.536913604287013], [30.301071870758694, 1.5366656022776468], [30.300850023994627, 1.536406159247362], [30.30062702775954, 1.5361730244900766], [30.300465647572132, 1.53588289847489], [30.30035301653047, 1.5357436297947005], [30.30027501405313, 1.535534624443699], [30.300153058877868, 1.5353768217929094], [30.300103513150315, 1.5351595731470233], [30.300068932629035, 1.5350823165913412], [30.29978756407911, 1.5348042168264056], [30.299624310565868, 1.5345530631578004], [30.29953831260684, 1.5344604147039156], [30.299344256888084, 1.5343328678862], [30.29926676096397, 1.534311518552387], [30.299161099452128, 1.5343042021195827], [30.29900387328491, 1.5343146109867143], [30.298871921768015, 1.534343952287247], [30.298509139583082, 1.5344992863628226], [30.298423945724096, 1.5345023631077654], [30.29832692097425, 1.53446576619832], [30.298240816372772, 1.5344033257457765], [30.298164204670623, 1.5343227211840136], [30.29799006645317, 1.5340611601767733], [30.297926170823956, 1.5339145434732178], [30.297923521386156, 1.533734701694102], [30.29790975634406, 1.53367033916333], [30.297875709043407, 1.533615158830733], [30.297828777913928, 1.5335732094209835], [30.297677016707294, 1.5335165044631467], [30.29733186666457, 1.533450987829675], [30.296860913311097, 1.5334047524927663], [30.29651231154544, 1.5332449313491106], [30.296466662047557, 1.5331480296997362], [30.296408165443147, 1.5328164085448415], [30.29637983048422, 1.5327557038625634], [30.296313367782542, 1.5326703213568573], [30.296306680966183, 1.5326124705137623], [30.296351344679945, 1.5325458620777686], [30.29655782492726, 1.5324064689596828], [30.296692312358996, 1.5322158165295527], [30.29680171756669, 1.5321205003454905], [30.297103295760834, 1.5319576445058078], [30.297388690709866, 1.5319054165810044], [30.29747059220967, 1.531866724315278], [30.297541383841043, 1.5318105574952225], [30.297659273177374, 1.5316410975269523], [30.297702261917294, 1.5314791774278105], [30.29769461649941, 1.5313540637467646], [30.29760629417356, 1.5310912972493373], [30.29761041981152, 1.5310305229508367], [30.297664451529652, 1.5309844574214295], [30.298068916299076, 1.5308108115841814], [30.298209511670148, 1.5307857877068212], [30.29858374827086, 1.5307794019757894], [30.298850639164435, 1.530808411721641], [30.29894745662031, 1.530841491329495], [30.299140012576125, 1.530994420606354], [30.299260401278083, 1.5311423995329094], [30.299350859060898, 1.5313680971461963], [30.299400871940648, 1.5316516989935423], [30.299471088183154, 1.5317530257759708], [30.300188090876254, 1.532041744640717], [30.300672532689187, 1.5323321455048613], [30.30082685359446, 1.5323959430570913], [30.300857741543567, 1.5323847047478978], [30.300857839353416, 1.5323482203600252], [30.30071899758242, 1.5319887321809926], [30.30071345500099, 1.531926406824881], [30.30072740058899, 1.5318813043802162], [30.300767401585265, 1.5318286628867017], [30.300903171771147, 1.5317076614490426], [30.301034002753134, 1.531545643229353], [30.301276821148736, 1.5313291731754544], [30.301418652823173, 1.5311603197555492], [30.30143417461761, 1.5311184492652348], [30.301410839858843, 1.5310788799669706], [30.301353901991725, 1.5310408571664722], [30.301182952109503, 1.5309977465689686], [30.30109195665037, 1.5310170948775728], [30.300903635547265, 1.5311417024273404], [30.300818420647143, 1.5311717765425843], [30.300468243811746, 1.5311566268080137], [30.300321521678608, 1.531113490811031], [30.30021416134948, 1.5310011342571215], [30.30011068978915, 1.5307866535560168], [30.300013686737337, 1.5304213541866276], [30.299981734408046, 1.5301293297758616], [30.299938153057536, 1.5300567974537949], [30.29970441178978, 1.5299076459148244], [30.299442825685773, 1.5296363751949476], [30.29897887952272, 1.5293016682336982], [30.298856327497464, 1.529274633021805], [30.298578942048216, 1.5293082532330795], [30.298480349257574, 1.5293014402252065], [30.298333477874046, 1.5292300831934869], [30.29822848780196, 1.529120772349131], [30.298194165845793, 1.5290401370976319], [30.298182759388947, 1.5289579718054023], [30.298199116869306, 1.5288034500494136], [30.298222742894406, 1.5287159852569214], [30.298275932505273, 1.5286337551682252], [30.298505269868343, 1.5284192856847947], [30.29855440011979, 1.5283445775075417], [30.298576010083615, 1.5282716525750015], [30.29855565783568, 1.5281692607120896], [30.298422952135898, 1.5279571548310749], [30.298350589201075, 1.527698581612731], [30.298345186908882, 1.527548216728373], [30.298396319977908, 1.5273076872050122], [30.298556753862755, 1.5269331959386452], [30.298631198110886, 1.5268402695452692], [30.298871388324386, 1.5265993000049525], [30.29893446126593, 1.526513908742129], [30.299008149177105, 1.5263533899708437], [30.299019797684718, 1.5262549461723491], [30.29899346958682, 1.526160417620641], [30.29894321133219, 1.5261014954678698], [30.29887636918196, 1.526072845500745], [30.29872196401067, 1.5260478058958995], [30.298649152509217, 1.526000453032458], [30.298627683074695, 1.5259063590497244], [30.298653857465148, 1.5257364638513722], [30.29862656288096, 1.5256852645411165], [30.29854749342933, 1.5256627250290145], [30.29840057408399, 1.5256596737745423], [30.298211225306694, 1.525748817275923], [30.298154955148433, 1.5257608396949351], [30.29809948548318, 1.5257459149622616], [30.29805691651991, 1.5257096216018773], [30.298016309867833, 1.5256450042418528], [30.297994791205863, 1.525570276617404], [30.297996146898516, 1.5254969399408107], [30.2980451778443, 1.5252246172441772], [30.29803060373083, 1.5250836130052614], [30.29799317208059, 1.5250181369686888], [30.297909165157094, 1.524927854490537], [30.297850132668163, 1.524879398849214], [30.297804972538227, 1.5248631744825984], [30.29776856399148, 1.5248815322776197], [30.29775195585029, 1.5249323117034956], [30.2977450375345, 1.5253251733375446], [30.297722749121174, 1.525498397278364], [30.29762444981102, 1.5258938268582642], [30.297547454202412, 1.526042327409397], [30.297406468870026, 1.5261551786054368], [30.297254329398648, 1.5262009368161593], [30.29710094646765, 1.5261684889931935], [30.29691477072341, 1.526031882389642], [30.29686462822914, 1.5260261089784692], [30.29682271172266, 1.52604444292807], [30.296787258082183, 1.5260945069400347], [30.296762953851115, 1.5261732823877834], [30.296717844812008, 1.526784913305241], [30.296682021714105, 1.5269836149717797], [30.296611979898344, 1.5271597964460757], [30.296446316120246, 1.5274278949722635], [30.29629569254248, 1.5275715479536867], [30.29613368060032, 1.5276420370814885], [30.295969075862253, 1.527647265592864], [30.29570356988854, 1.5275779119971136], [30.295661552383997, 1.527586102157807], [30.295636431837877, 1.5276132381728844], [30.295616722308367, 1.5277694312417842], [30.295660050750246, 1.5281127531670298], [30.295657149142468, 1.5283686693933036], [30.295572590689858, 1.5287063778683048], [30.295541185280612, 1.5289101305716248], [30.2955156902063, 1.528964661086386], [30.295481385633966, 1.5289945980584971], [30.295430525232845, 1.529006630478229], [30.295355239704534, 1.5289897046268976], [30.295166800271314, 1.5288863533619128], [30.294681416292583, 1.528670398894632], [30.294284391469493, 1.5286334034917577], [30.294079971432332, 1.528568910239412], [30.29390144652538, 1.5284533889213097], [30.293610165360523, 1.5281808054823292], [30.293523641132662, 1.528142374603612], [30.29325098646386, 1.5280819410713478], [30.29312968694326, 1.528026720443152], [30.29296603627139, 1.5279141567716863], [30.292772383600543, 1.5277156394628424], [30.29269140546016, 1.527668055861201], [30.29252054477851, 1.527644096732565], [30.29224667570239, 1.5276774086636427], [30.291854393495168, 1.5276403421522977], [30.291739214954752, 1.527685912616799], [30.2916458637812, 1.5277781704859836], [30.29162288942603, 1.5278448338878559], [30.291634075275955, 1.5279045235156203], [30.291810456146628, 1.528100587873592], [30.291856068893615, 1.5281899457372663], [30.291827684886208, 1.528284634064134], [30.291703760607987, 1.528432667146773], [30.29164450576542, 1.5286172531910347], [30.2916588148178, 1.5287860088594027], [30.291760913467694, 1.5292899973078926], [30.291952221661255, 1.5296224865163621], [30.29201653302585, 1.5296709763900973], [30.29214163813521, 1.529712504743479], [30.29221032968844, 1.529763880302059], [30.292398192278736, 1.5299756738794792], [30.292442066967812, 1.5300710901247572], [30.292429539963383, 1.5301490747209578], [30.29224129525747, 1.530502010200092], [30.29218795279224, 1.530629919292238], [30.292167368371118, 1.5307864829042088], [30.29218322211919, 1.5309674187546267], [30.29225221684596, 1.5310905579406717], [30.292689452562723, 1.5315324505096588], [30.292757629270973, 1.531693295575168], [30.29277254382636, 1.5318374912466446], [30.292743633071602, 1.531931601643041], [30.292675028252845, 1.531985244658132], [30.292495046928963, 1.5320524630602517], [30.291887606210846, 1.53220146935956], [30.29181169472251, 1.5322349088342286], [30.29177425806089, 1.5322750092945385], [30.291771614142746, 1.532317357163068], [30.291798879517085, 1.5323600329284945], [30.292100365351963, 1.5325597329893148], [30.292220163253823, 1.5326899539417922], [30.292324746125505, 1.5328307483532762], [30.292384532500474, 1.5329510972331686], [30.292424141953795, 1.5330761881686825], [30.292441615343048, 1.5332282859889006], [30.292436023018286, 1.5333541101045858], [30.292399129055486, 1.5334526940479754], [30.292322584763884, 1.5335272482150413], [30.292240096049966, 1.5335721407147742], [30.2919992380157, 1.5336476376168362], [30.291871747417023, 1.5337041479801536], [30.291706095550456, 1.533817585740901], [30.291645283165906, 1.5338959574828346], [30.291597575284307, 1.5340066175231475], [30.29156319701263, 1.5341596611067347], [30.29151835187025, 1.5345566848265093], [30.291530003343755, 1.5346263458751532], [30.291579913191676, 1.534759055418279], [30.29167246829728, 1.5349324624414915], [30.291676109190018, 1.5350708489054348], [30.291604091494047, 1.5351869726400023], [30.29152407060645, 1.5352763647033363], [30.291188976706145, 1.535524108137855], [30.290778308411653, 1.5357497229539516], [30.290646853506267, 1.5357588118124577], [30.29050154453322, 1.5357175770491303], [30.290297529725457, 1.5355705508587967], [30.290176947160965, 1.5354625643728415], [30.290058295556, 1.535331480957351], [30.2899940277052, 1.5352193766915818], [30.28994310639075, 1.5351623434184947], [30.28982989163031, 1.5350833085688114], [30.28972055233558, 1.5350368180466962], [30.289677788716475, 1.5350000404020243], [30.2895469593108, 1.5347823472425268], [30.28952543169696, 1.534708393868363], [30.2895272333662, 1.534603277021045], [30.2895166638146, 1.5345810750937363], [30.289460132496146, 1.5347455513356487], [30.28942687557273, 1.535013411709627], [30.289393517433858, 1.5351204312890414], [30.28915393668263, 1.5355383242155236], [30.289041126995127, 1.5356589112758863], [30.288957850480696, 1.5357783584150453], [30.288879460871293, 1.5358164081513321], [30.2888022585929, 1.5358062305560227], [30.28854948342587, 1.5356125270504644], [30.288366070589486, 1.5353794864706696], [30.288187068380584, 1.5352277038441793], [30.287993891428464, 1.5349657443943634], [30.287870976792387, 1.5346456015054195], [30.28778490875542, 1.5343307372267998], [30.287731696603856, 1.533966321906536], [30.287726737310138, 1.5337829389795652], [30.287750592625777, 1.5336626393920536], [30.287833046708805, 1.5334524323715946], [30.28790084899451, 1.5330288072041969], [30.287976735285966, 1.5319893557859763], [30.287971291347176, 1.5318877686115298], [30.287949679344926, 1.5318008503403318], [30.287865783278512, 1.5316519685532934], [30.287802642344584, 1.53159711743859], [30.28772454046131, 1.5315563127203966], [30.287497167629663, 1.531490845139126], [30.287090035716833, 1.5314697282000975], [30.2869964104433, 1.5314316960667032], [30.2869568920796, 1.5313656675138392], [30.286967623572075, 1.5313223552833535], [30.287030405483172, 1.5312181557954674], [30.28703180095924, 1.5311658663765446], [30.2870165060445, 1.5311478668391751]]}}, {"type": "Feature", "properties": {"OBJECTID": 2971, "Id": 21370, "Contour": 1363.5, "Shape_Leng": 9897.57029756}, "geometry": {"type": "MultiLineString", "coordinates": [[[30.289653527368607, 1.5477682909649702], [30.289674424123668, 1.5476961261302467], [30.289774408736278, 1.547586561331159], [30.289870732243774, 1.5475510269987371], [30.290012943437155, 1.547543646600047], [30.290100777341806, 1.5475611126251985], [30.29021918767226, 1.5476078652890046], [30.290467280120527, 1.5477444671972262], [30.290600864610074, 1.5477942864962948], [30.29087798364161, 1.547798055459644], [30.291165939681413, 1.5478304871192898], [30.29140914920951, 1.5478944428815862], [30.291501746665062, 1.5479016207971774], [30.291634283317823, 1.5478551327793706], [30.29197172953007, 1.54760986399801], [30.292143589399146, 1.5475233548177063], [30.292253500862266, 1.5475117779552479], [30.292673500620772, 1.5475503376013622], [30.29278346023701, 1.5475329617913025], [30.292960218076384, 1.5473585618559065], [30.29336098277734, 1.5470331586784583], [30.293407620624585, 1.5469805899939606], [30.29343039683516, 1.5468833629355914], [30.293419551108922, 1.5465596951072131], [30.29345010904771, 1.5464052586423331], [30.29350780793579, 1.5462471578516486], [30.293625255449875, 1.546034314597166], [30.293680766201774, 1.5459700372974263], [30.29384248570377, 1.5458299223581575], [30.294053730156, 1.5457797923874246], [30.294210868752046, 1.5457160028474222], [30.294520105514707, 1.5456213986447596], [30.294667865687686, 1.5455508966840457], [30.294867465325343, 1.5454308944181159], [30.295082567657154, 1.5452707144061932], [30.29521759259449, 1.5452264458492615], [30.295279620417325, 1.545228655656212], [30.295320476616382, 1.545245853735915], [30.29542039261223, 1.5453939023772811], [30.29568073144816, 1.5455567154830847], [30.295889815896384, 1.5457967321647783], [30.296318841977033, 1.5462144858659796], [30.29668348002475, 1.5466538028251924], [30.296868357797617, 1.5469974306079504], [30.29692017328854, 1.5470617949021843], [30.29699848822903, 1.547106487567189], [30.297085554840283, 1.547120199940831], [30.297339011642137, 1.5470831457500263], [30.29741581770424, 1.5470454961548268], [30.297426275476578, 1.5469853796879225], [30.297407404960854, 1.5468788032340541], [30.297264682984075, 1.5466042241215285], [30.297225363418956, 1.546469560503848], [30.297231315341477, 1.5463764433374492], [30.297312807135487, 1.5460552113328931], [30.297312538319268, 1.545890235517013], [30.297286933639427, 1.5457907747253699], [30.29712725828055, 1.5453692537408594], [30.297091911158024, 1.545178468430417], [30.29709518527492, 1.545027353245768], [30.29712910180723, 1.5448568042024162], [30.297294792279523, 1.5445117698788053], [30.297343391386804, 1.544322952266691], [30.297338099396327, 1.5441126246792032], [30.297270117008438, 1.5439158901657288], [30.297275771467206, 1.5438454213386457], [30.297300047941523, 1.5437888573746565], [30.29747525184557, 1.5436145844345952], [30.297554375981633, 1.5435681301887487], [30.29765034800483, 1.5435348485049771], [30.297871429644143, 1.5435037701454901], [30.29833045646578, 1.5434996279615771], [30.298548467518213, 1.5434641584847464], [30.29864460216326, 1.5434853026092], [30.298833054730594, 1.5435866216363174], [30.29891669776397, 1.543657171623569], [30.299066684813454, 1.54382370352733], [30.299129687179338, 1.543870519635307], [30.29921872444916, 1.5438818600617794], [30.29941494130522, 1.543828225599915], [30.29943278327654, 1.5438001197501696], [30.299400783490608, 1.5437550924812675], [30.299214921826582, 1.543590426147726], [30.299163364244492, 1.5434853235571266], [30.29912788543354, 1.5434473681176673], [30.298735923041125, 1.5432073532768087], [30.29852724624802, 1.5430530385766388], [30.298228047651186, 1.5429397175852522], [30.298176900958218, 1.542907019812118], [30.298129623977648, 1.5428116011469408], [30.298092254060695, 1.5425405025604377], [30.298035556773822, 1.5424763028954904], [30.29794172807617, 1.5424498520686403], [30.297656497845626, 1.5424614521899627], [30.297414266196164, 1.5424368951903917], [30.296800917657624, 1.5422539199764569], [30.296624056556077, 1.5421832010153134], [30.296552664339302, 1.5421363195186126], [30.296481963822938, 1.5420514112128956], [30.296456310148226, 1.5419625420980119], [30.296467302403027, 1.5414069968354058], [30.29649574566859, 1.541279482480661], [30.2965421359551, 1.541197544715119], [30.296606402104374, 1.541145426397285], [30.296875176708877, 1.541088540783886], [30.296941450338988, 1.54105595968794], [30.29749913007554, 1.5405795258572026], [30.297614337363665, 1.5405155332801057], [30.297788037945676, 1.540512138650603], [30.297936883055076, 1.540559171236062], [30.298104791146784, 1.5406857684616848], [30.298323667230903, 1.5409053485638766], [30.298397315735734, 1.5409503585970377], [30.298477123870054, 1.5409766831620884], [30.298553911383696, 1.5409750210765796], [30.29861923274104, 1.5409383804147314], [30.298709891302607, 1.540843956425884], [30.2987766367222, 1.5407331907049846], [30.298826226229743, 1.5405951301701157], [30.298834329869262, 1.5404840721686945], [30.298718540918983, 1.5399619588716078], [30.298706359561386, 1.5397177977639005], [30.298728705467486, 1.539583344374416], [30.298783035499934, 1.5394521829941745], [30.298849631528682, 1.539354901096443], [30.298994545538946, 1.5392115064358955], [30.29903837609655, 1.5391029241924228], [30.299046304276306, 1.5389786281362596], [30.29902586348716, 1.5387595996280372], [30.299023253621936, 1.5384434289631845], [30.298995209097694, 1.5383594213358942], [30.298884793778658, 1.538187188108108], [30.298860529948918, 1.5380700697348326], [30.29888925677826, 1.5379544829881187], [30.29901816322386, 1.5376577441630106], [30.299047090766965, 1.5375391186883398], [30.29905496658168, 1.5374341726228982], [30.299027672889924, 1.5372475276183823], [30.298875986920905, 1.5369265396809892], [30.298822175255353, 1.536627937615917], [30.298751137464468, 1.5364023107595044], [30.298706731164202, 1.5361845957420361], [30.298704863094287, 1.5361112558480436], [30.298724747790768, 1.5360409460177946], [30.298769682743405, 1.535965520552661], [30.299071128721998, 1.5356122091288797], [30.29925081301981, 1.535284211699626], [30.299297143302706, 1.5352238875535986], [30.299337091941368, 1.5352008514743687], [30.299383920779125, 1.5351947034108098], [30.299491009284587, 1.5352303699781282], [30.300088876407862, 1.5356597322706305], [30.30010795953586, 1.535707817501659], [30.30007666541159, 1.5358311496279877], [30.300078323768165, 1.5359154837238815], [30.300113557945668, 1.5360369641121299], [30.300181560446998, 1.5361885655930705], [30.3002421880309, 1.5362739343858072], [30.3003589031399, 1.5363877102128685], [30.300488396586466, 1.5366019439065282], [30.300842996517552, 1.5369156495799736], [30.300982666694285, 1.5370636849754553], [30.301034920097013, 1.5371697306257266], [30.301089972547548, 1.5374447739689423], [30.301116127645553, 1.5375020649550697], [30.30114304192054, 1.53752710733449], [30.30120234768734, 1.5375098500597761], [30.301251959056657, 1.5374360527794684], [30.301348368431267, 1.537131417058431], [30.301358956500028, 1.5370181111846897], [30.301333976019812, 1.5369470298828953], [30.30126605673474, 1.5368575068373835], [30.301065464648655, 1.5366885708269646], [30.300836294010203, 1.5364186467552499], [30.300611866158583, 1.536197630736324], [30.30042600373479, 1.5358872052985793], [30.300285009425547, 1.5357869069223369], [30.300268453640125, 1.5357370534032977], [30.300275306695955, 1.5356366645869661], [30.300256766892456, 1.5355800287168468], [30.300219244127856, 1.5355336390153305], [30.300121188478418, 1.535460279250267], [30.300086710690938, 1.5354085893757126], [30.300075088099586, 1.535181415055912], [30.300049434942178, 1.5351012227854413], [30.299763107746717, 1.5348081254529906], [30.29960502529116, 1.5345621645949399], [30.299521159504074, 1.534472371889137], [30.299423413372807, 1.5343993667977882], [30.29932651612557, 1.5343486899402674], [30.299242734262076, 1.534329187698725], [30.299126068455674, 1.534324739176273], [30.29899478619592, 1.5343389831512402], [30.298870777682897, 1.534373744320688], [30.29850177490622, 1.534560734407288], [30.298433811391323, 1.5345629973896135], [30.298352356260775, 1.5345315904261692], [30.298185780425403, 1.534392243826457], [30.29790162531801, 1.534022105474127], [30.297868342642833, 1.5339094021512352], [30.29786947541855, 1.5337024911866366], [30.297838565438195, 1.5336440114529988], [30.297790266702105, 1.5336000662090241], [30.29763039329853, 1.5335425763967014], [30.297274307192723, 1.5334800853734036], [30.296796037677073, 1.5334413574068406], [30.296639181114642, 1.5333862553254007], [30.296519876018507, 1.5333633951714019], [30.29644960523816, 1.5333248330214249], [30.29640813035129, 1.5332720162131708], [30.296375435584523, 1.5331947909764763], [30.296341617290363, 1.5329094725652703], [30.296312599107953, 1.5328263703901774], [30.29623879671931, 1.5327027823785737], [30.29623429584707, 1.5326032718599112], [30.29627874398277, 1.532516782296618], [30.296506715892694, 1.5323647347200096], [30.296567036863404, 1.5322999199171408], [30.296656810890113, 1.5321595729061817], [30.296823799177986, 1.5320402121602088], [30.297053560877956, 1.5319116085006097], [30.29737271787102, 1.5318673702973933], [30.297459163051883, 1.5318282583541991], [30.297536247359506, 1.5317678276896771], [30.2976381321283, 1.5316241928379564], [30.29767006715029, 1.5314763612079292], [30.297625847896022, 1.5312760907265042], [30.297539970283307, 1.5310733606326543], [30.297546615286333, 1.5309998733861476], [30.29757545107537, 1.5309644878552915], [30.297626628816417, 1.5309342051583452], [30.298041131643675, 1.5307859814045177], [30.298257981817933, 1.530749149687019], [30.298608892892666, 1.5307479452849437], [30.298880570701446, 1.5307725830010508], [30.29898180312782, 1.5308077244554619], [30.299179969092794, 1.5309593317652175], [30.29928123966163, 1.5310833293546027], [30.29938193776838, 1.5313481797835118], [30.29943608745416, 1.531630139833207], [30.299484399486197, 1.5317047264056431], [30.29954185877549, 1.5317412413113884], [30.3001566857066, 1.5320130806402519], [30.300608057999252, 1.5322809368562111], [30.300735181281787, 1.5323300877932702], [30.300771849715023, 1.532321063050072], [30.30078218553031, 1.5322684461687894], [30.300666505702175, 1.5319767726576043], [30.300659262790514, 1.531925254314807], [30.300671881436628, 1.531864179371439], [30.300721911608782, 1.5317917915239585], [30.30123690842889, 1.5313033321213034], [30.301285064572674, 1.5312241516634146], [30.30132631075114, 1.5311031106211932], [30.301309504131893, 1.5310762270063605], [30.30126035749388, 1.5310451562674379], [30.30115928232921, 1.5310199935015385], [30.301081354263715, 1.5310445090436777], [30.300913250237006, 1.5311775996903565], [30.300844136375627, 1.5312045684377127], [30.30041722522337, 1.5311795339422511], [30.300299375401853, 1.531143087933561], [30.30020247742056, 1.5310374821583304], [30.30009860569026, 1.5308318905623095], [30.300036032301605, 1.530633168359136], [30.299932346078347, 1.530171980096414], [30.29990274886969, 1.5301069247187726], [30.2998558071893, 1.5300489693510415], [30.299667052522878, 1.5299100352343664], [30.299424723951855, 1.5296540251478021], [30.298981508181015, 1.5293379359722403], [30.29887084823454, 1.5293111072662076], [30.29858189107671, 1.529352477760304], [30.298474057836398, 1.5293417682711754], [30.298385906044427, 1.5293058496701755], [30.29828398224505, 1.5292408058355247], [30.298224397894185, 1.5291827181486308], [30.29817126873586, 1.5291025844128958], [30.298079670620524, 1.5288834098237003], [30.298074092044466, 1.5288045364941345], [30.298091154150043, 1.5287263619046156], [30.29817155739843, 1.5286393740591728], [30.29846574225481, 1.5284188463193857], [30.298521891498922, 1.5283538680839388], [30.298553848825506, 1.5282736408753264], [30.29853250046899, 1.5281891965935581], [30.298373408654218, 1.5279833808597443], [30.298315095598387, 1.5278225112013355], [30.29829254878566, 1.527564689968161], [30.29834343343452, 1.5273202405418853], [30.29849233140788, 1.5269546835798389], [30.29857078410315, 1.5268518691186803], [30.298884334232188, 1.5265419913987686], [30.29896827357199, 1.5263746624294714], [30.298987394330755, 1.5262621719926497], [30.29896347179888, 1.5261849823715352], [30.298910783774176, 1.526132265915351], [30.29883668858889, 1.5261069072483797], [30.29866810042198, 1.5260859740032906], [30.298604663868247, 1.5260497570694513], [30.29858304729932, 1.5259710172945327], [30.298598323832234, 1.5257678924729545], [30.298562363433554, 1.5257178985807662], [30.29839763316677, 1.525698778848856], [30.29823045328802, 1.5257817092723476], [30.29816887675311, 1.5257961488119043], [30.298101526754543, 1.5257820292128716], [30.29804423254934, 1.5257364799059634], [30.29799481237021, 1.5256577821159656], [30.297971003666113, 1.5255708146977034], [30.29801748360514, 1.525259524619072], [30.2980077472789, 1.5251305453145279], [30.297936615191116, 1.5250026328013961], [30.29786726194641, 1.524931324016784], [30.297813903456227, 1.5249008421507573], [30.297787253301177, 1.5249111512511329], [30.29777543392046, 1.5249451051766543], [30.29775360507757, 1.5254108736967191], [30.29766525035695, 1.5258403388428108], [30.29762738665998, 1.5259587759565632], [30.297558466744622, 1.526075884576655], [30.29741735661295, 1.5262050085506398], [30.297291017583287, 1.5262719390915618], [30.29720988741874, 1.5262934359482434], [30.297160102245186, 1.5262843400493062], [30.29710076872026, 1.526248526885564], [30.2969249009666, 1.5260713872739466], [30.296882397171288, 1.5260593563863707], [30.296843337177698, 1.5260759654087308], [30.29679698678713, 1.526146156863614], [30.296769372910063, 1.5262745293338886], [30.296756670990117, 1.5265146830771592], [30.29676185369478, 1.5268181510844663], [30.296730785448876, 1.5269807240617193], [30.296644118355015, 1.5271925886420432], [30.29650313868611, 1.5274208867844452], [30.296357278687875, 1.5275656386380114], [30.296264226897378, 1.5276225413288385], [30.296176253772913, 1.5276552397931407], [30.29600675639, 1.5276700684441546], [30.295727509250217, 1.52761160905517], [30.295690116878966, 1.5276204363470791], [30.295664566865774, 1.5276497773797153], [30.295646558790132, 1.5277810140257317], [30.295683497605232, 1.5280927368768318], [30.29568929142667, 1.52837397323386], [30.295619819682326, 1.528707894945704], [30.29558496743258, 1.528977164414734], [30.295558734027395, 1.5290548642932336], [30.295519834474476, 1.5290947680593183], [30.295460991203893, 1.5291054775374975], [30.295408463097363, 1.5290895248928293], [30.295163750254066, 1.5289170660441833], [30.294709044353993, 1.5287106402802508], [30.294598631297568, 1.528686102450564], [30.294267302622572, 1.5286639217722873], [30.294069089211856, 1.5285913906225865], [30.293892636154855, 1.5284797464248363], [30.293568616608066, 1.5281972784585824], [30.29324266358608, 1.5281199035384092], [30.293050656655346, 1.5280295666689325], [30.292939336959947, 1.5279417551292116], [30.292754912159456, 1.52773988541573], [30.292673702187997, 1.5276914719915635], [30.292505581536815, 1.5276720865056872], [30.29227627789308, 1.5277163505564497], [30.291855997967115, 1.5276788277239115], [30.291761043183197, 1.5277084618893064], [30.291683842390594, 1.5277775688716582], [30.2916655827944, 1.5278388007018775], [30.29168247256396, 1.5278959038452578], [30.291916940320608, 1.5281534550412], [30.291973243858855, 1.528270764616301], [30.29196762047144, 1.5283210536464626], [30.291938111071886, 1.5283661116868414], [30.291769742222826, 1.528486589760974], [30.29169534123941, 1.5286475874733108], [30.291702141250532, 1.528762307958991], [30.291771137855562, 1.5290091085043385], [30.291815371801892, 1.5292872440467193], [30.291928658740876, 1.5294755295183335], [30.29200362254683, 1.529567414080065], [30.29221254474585, 1.52968245774062], [30.292385487229474, 1.5298808171880043], [30.292553896541992, 1.5300027225708959], [30.292590374665664, 1.5300524728331801], [30.292566919760404, 1.530109873745613], [30.292299991407766, 1.5304744867100084], [30.292236419517643, 1.5305939798934494], [30.29220909939132, 1.5306836582570313], [30.29219889038458, 1.5307868156847975], [30.292218843376297, 1.5309533986719697], [30.2922796017249, 1.531055748885482], [30.292699232626827, 1.5314665673970607], [30.29279666915213, 1.5315857444955683], [30.29284965512741, 1.5317169353522844], [30.29285717670951, 1.531913556554351], [30.29283148125956, 1.5319815722065155], [30.292767165734187, 1.532024440549532], [30.29193905965612, 1.5322100545509747], [30.291854947109258, 1.5322406493837273], [30.291813718280363, 1.532279539729556], [30.29181084309518, 1.5323182891209217], [30.291840834016668, 1.532359686826135], [30.29211571215187, 1.5325253604700657], [30.292369498546275, 1.532784145277169], [30.29243292338914, 1.5329614742911062], [30.292465239393703, 1.5330990625025926], [30.292478636805118, 1.533275602291025], [30.29246669489323, 1.5334098153128444], [30.292430660006463, 1.533502727386175], [30.29236215453604, 1.5335737034728218], [30.29226814628341, 1.533619364392364], [30.292053938414014, 1.5336825368821019], [30.291929065938234, 1.533736401300419], [30.291749055994632, 1.5338599723441089], [30.291684502349028, 1.5339241912249952], [30.291639761801278, 1.5340382540034003], [30.291641738276617, 1.5341603668378392], [30.29168036187619, 1.5342319306062788], [30.291780956481436, 1.5343263142311185], [30.2917967385106, 1.534371314117393], [30.29177027345945, 1.534403497833001], [30.291653743523447, 1.5344330509970752], [30.291621846869496, 1.5344841084985295], [30.291609463342485, 1.534547728119684], [30.291639930583194, 1.53467268869568], [30.291723612962056, 1.534856907376374], [30.29175050914815, 1.5349483937427595], [30.291773341064317, 1.5351076536600339], [30.29175441466712, 1.5351981252362201], [30.291708151701176, 1.5352720907831918], [30.291474895643663, 1.535441845239577], [30.2911841717483, 1.5355999641831513], [30.290953519921732, 1.535768643856455], [30.29082360512303, 1.535816511597133], [30.29066802320087, 1.5358309491781492], [30.290559397882276, 1.5358178165386616], [30.290455744582587, 1.5357737521039294], [30.290291127975653, 1.5356669773173581], [30.28998107561176, 1.5353541917754945], [30.2898905426396, 1.5352350955594785], [30.289718898673872, 1.5351342201390061], [30.28954312080756, 1.5349604805164134], [30.289526868248128, 1.5349647110633953], [30.28950833117021, 1.534999096140408], [30.28945998572768, 1.5352077490653653], [30.289433044640187, 1.5352685140262663], [30.289299720067582, 1.5354065299442934], [30.289190534380122, 1.5356236359679147], [30.289068142006123, 1.5358052355317204], [30.28899695160191, 1.5358754372528471], [30.28893145897729, 1.5359110835578682], [30.28885336081329, 1.5359061362409099], [30.28873245150451, 1.5358340277540767], [30.288523207144348, 1.5356617704041653], [30.288220504280243, 1.5353625801648474], [30.28800637911174, 1.5350932368154062], [30.287942523329026, 1.5349843671526426], [30.28774951088634, 1.5344461493479242], [30.287652668766526, 1.5339497438601284], [30.287672097292994, 1.5337032478290646], [30.28777238797911, 1.5334241639478445], [30.28786450829079, 1.5329697816123635], [30.28792503282038, 1.5319410924052266], [30.287902131786065, 1.5317912538826388], [30.28782851814878, 1.5316683014609118], [30.287757339589824, 1.5316183693226653], [30.287681127528305, 1.5315877997724634], [30.28739808632616, 1.5315543864674857], [30.28710283650379, 1.531550277531981], [30.287011722565573, 1.531525715227404], [30.286952341892054, 1.531482553329564], [30.2869009149123, 1.5314150756964606], [30.286856288306414, 1.5313198644036794], [30.286854727804492, 1.531260509072738]], [[30.28685969737059, 1.5312575666819723], [30.286863714305394, 1.5312551883270449]], [[30.286874624509434, 1.5312485486518992], [30.286881688093395, 1.5312439220344292]], [[30.286888394834797, 1.5312395291472394], [30.286890675306278, 1.5312380354480906]]]}}, {"type": "Feature", "properties": {"OBJECTID": 2972, "Id": 21373, "Contour": 1363.0, "Shape_Leng": 9242.90850248}, "geometry": {"type": "LineString", "coordinates": [[30.289590743268366, 1.5477091304593855], [30.289620080431526, 1.5476071607155755], [30.28969326181531, 1.547524065660621], [30.28984295053205, 1.5474781345389192], [30.289978751515964, 1.547473113532045], [30.290148806919362, 1.5475255747361316], [30.29049356939612, 1.5477147666193525], [30.290595537168695, 1.5477563024874696], [30.290669807618197, 1.5477661820614073], [30.290936260376945, 1.5477580881636936], [30.291197626254313, 1.5478002877752968], [30.29139318794334, 1.5478603945859415], [30.291472356925993, 1.547869334856283], [30.29153740645503, 1.5478540311822804], [30.291618559376452, 1.5478056358988543], [30.29188905541715, 1.5475556835134305], [30.292136820625018, 1.547458854242517], [30.292254868465523, 1.5474446102276185], [30.292362334196746, 1.5474550092997756], [30.292616527839396, 1.5475129228938773], [30.292751897143656, 1.5475006512813998], [30.29306570801392, 1.5472372906357954], [30.293193565269522, 1.547110330590925], [30.293325571328232, 1.5470127880890419], [30.29337672467287, 1.5469499982516124], [30.29339015173731, 1.5468673004685347], [30.293366641969836, 1.546625694470453], [30.29340188536838, 1.5464310732335027], [30.29346598271364, 1.5462305980116855], [30.293629424275775, 1.5459090240751832], [30.29382431880182, 1.5457787848129907], [30.2940342841971, 1.5457430187993886], [30.2941965174022, 1.5456675864549756], [30.294405806632888, 1.545626176894399], [30.2945824014533, 1.5455559576648072], [30.294859057820283, 1.5453993417868936], [30.295099158880436, 1.5452014152948608], [30.295185281507006, 1.5451622403856595], [30.295265442087086, 1.5451473329848853], [30.295334100246365, 1.5451532812268194], [30.295385418539873, 1.5451830220720493], [30.295496582887587, 1.5453603485704033], [30.2957261165775, 1.5455259051445294], [30.295875548329246, 1.5457138236204273], [30.296040868716638, 1.5458627601455925], [30.29614149579623, 1.545985968257286], [30.296376042173254, 1.5462070016935467], [30.296713691815366, 1.5466509728003524], [30.296893019439185, 1.5469777611476898], [30.29694133383314, 1.5470395501332046], [30.297025625021554, 1.547085358530823], [30.297117102233948, 1.5470886295272879], [30.297277453561883, 1.5470373290643422], [30.297349729254318, 1.5469727130538444], [30.297369499965793, 1.5469136361006948], [30.29736268948836, 1.5468477846807163], [30.297234423304406, 1.546596344713003], [30.297200184615075, 1.546466084011098], [30.297209811670704, 1.546355393022915], [30.297279445465158, 1.5461108654024045], [30.297284619368778, 1.5459064131571942], [30.297086728115907, 1.5453949489023737], [30.297049741673263, 1.5452070012907217], [30.29704922863251, 1.5449923624232258], [30.297074743918756, 1.5448379982419809], [30.2972271234426, 1.5445238272543287], [30.297281923968853, 1.5443066878957505], [30.297279112580817, 1.544175363144882], [30.29721486460751, 1.5440260506137977], [30.297199168926667, 1.5439551767529587], [30.29721947331375, 1.5437929709844742], [30.29726435220179, 1.5437225987739325], [30.297409169324514, 1.5436101458654365], [30.297510116887373, 1.5435475693802505], [30.29762156602153, 1.5435047647358249], [30.29792070476784, 1.5434293958951533], [30.298204243894947, 1.5434745961851633], [30.2983149124802, 1.543467991945906], [30.29840355938387, 1.5434432201676227], [30.29848960595453, 1.54339763996123], [30.298533558023554, 1.5433568332978647], [30.29857993644544, 1.543260314949651], [30.298585089552397, 1.5431914150053418], [30.2985551106926, 1.5431305528120705], [30.29850414734527, 1.5430878740974074], [30.298306466063035, 1.543026350392194], [30.29813648599757, 1.5429255778118594], [30.29809265726462, 1.5428321840232828], [30.298050689813945, 1.5425735760314516], [30.298026677969816, 1.5425302935451486], [30.297986492194315, 1.5424999976192157], [30.297909414545547, 1.542484622049566], [30.297601252901877, 1.5425040314894811], [30.29739908019778, 1.5424773094759867], [30.297074708219345, 1.5423939982374124], [30.296790426630587, 1.5422992919965934], [30.296605302189974, 1.5422310996436404], [30.296526256947708, 1.5421805369760357], [30.29643193302832, 1.5420745171180128], [30.29639986743817, 1.5419738044863542], [30.296401708228174, 1.541594863283426], [30.29638835244106, 1.5414336171246374], [30.296400826331425, 1.5413360189111558], [30.296457921641814, 1.5411708745538266], [30.2965378328522, 1.5410884141357082], [30.29661657834239, 1.5410460053688317], [30.29684548452172, 1.5409911476600207], [30.296937009124488, 1.5409548697400444], [30.297192583167405, 1.540782672767593], [30.297466039042355, 1.5405366871839048], [30.29759586652833, 1.5404708316717206], [30.297803094068023, 1.5404601220641558], [30.297940544791913, 1.540506429863225], [30.29813126725407, 1.5406406547683753], [30.2983441773501, 1.5408773089851855], [30.298449357087335, 1.540933432891654], [30.29852196695237, 1.5409421229375286], [30.298579880130767, 1.5409251792244816], [30.298654847542736, 1.5408662008323213], [30.298719645885708, 1.5407881642266703], [30.298797759537482, 1.540608957655267], [30.298811672373283, 1.5405046689539104], [30.298686321846834, 1.5399359944213227], [30.298676798389845, 1.5397757178928726], [30.298686269952327, 1.5396207350422817], [30.29872108316744, 1.5394968176362582], [30.29878798122111, 1.53936037140659], [30.298868747457654, 1.5392471569963815], [30.298957211701076, 1.5391584960387148], [30.298987132903033, 1.5388937489882584], [30.29898397882444, 1.5384577443458862], [30.298955805630527, 1.5383748455992892], [30.29884617145074, 1.5381969218500897], [30.298815762687344, 1.5380586658633155], [30.298839790233796, 1.537959236055583], [30.298987176938564, 1.5376469660531784], [30.29901528735681, 1.5375428592314644], [30.299023445508357, 1.537447765170845], [30.298995065490132, 1.5372744027350553], [30.298849429301807, 1.5369765329292024], [30.298773844546165, 1.5366335256445378], [30.298676099896, 1.5363869242112025], [30.298656416847695, 1.5362149051211873], [30.298668626930628, 1.536088536572143], [30.298741101250556, 1.5359566054369846], [30.298949209549487, 1.5357382768316024], [30.29904202764899, 1.5356186772509282], [30.299132249027046, 1.5354560933966848], [30.29923088104282, 1.5352140293758216], [30.29926502278317, 1.5351669801054861], [30.29930610729196, 1.5351393023462974], [30.299382876192688, 1.5351302797529764], [30.29946357922417, 1.5351585258360254], [30.299892364272214, 1.5354700938086017], [30.3000606848877, 1.535560783641187], [30.300087067714948, 1.5355536132743763], [30.300024221475226, 1.5354137952871407], [30.300041013661833, 1.5351941032191452], [30.300016017693416, 1.5351060597013242], [30.29974274837996, 1.5348154904141398], [30.299558625415017, 1.5345394248070392], [30.29939643535598, 1.534410214646105], [30.299313683057683, 1.5343695060605196], [30.299240034455142, 1.5343519128082548], [30.299012795962188, 1.5343576768957077], [30.29877856154922, 1.5344423592613563], [30.298523816998518, 1.5345977143309546], [30.298467601884997, 1.534612337209109], [30.298396490998318, 1.5346036947284292], [30.298321555737434, 1.5345640470538753], [30.298222167493986, 1.5344777725162446], [30.297859719804702, 1.5340526573194186], [30.297825057206758, 1.5339355816781008], [30.29782727306296, 1.5337195020151195], [30.29780111975809, 1.53366604153182], [30.297756245747664, 1.5336262548451112], [30.297596005630215, 1.5335710831105351], [30.297218165558274, 1.5335127397404593], [30.29675343819616, 1.5334882758393806], [30.296531245809298, 1.5334351577001528], [30.296430067026808, 1.5333861668995268], [30.296350447815783, 1.5332952545008882], [30.296243666733677, 1.5331013798404614], [30.29623377504313, 1.53303867037665], [30.296257639674234, 1.5329134435827487], [30.296198405741304, 1.5328212912282007], [30.296177513594948, 1.5327609999967604], [30.296153970811414, 1.5326126805709945], [30.296159886618028, 1.5325372167677649], [30.29621425409042, 1.5324668898504454], [30.29639885102477, 1.5323646395770887], [30.29646775187503, 1.5323116945573008], [30.296611507511685, 1.5321203166045507], [30.296968574354754, 1.5318964149605347], [30.297113658392764, 1.5318478590858642], [30.297364036772436, 1.5318302974858589], [30.29744376128448, 1.531796652853941], [30.29752123249115, 1.53173956034159], [30.297617809049, 1.5316065032538468], [30.297641052558802, 1.5314746274814843], [30.297586616104383, 1.5312672321993661], [30.29748660958032, 1.5310622765802606], [30.297490530137416, 1.5309593067595466], [30.29752054281615, 1.5309243762307156], [30.29757848058861, 1.5308964340984583], [30.298006286580982, 1.5307635032385327], [30.298255784517846, 1.530722849957155], [30.298661389068027, 1.5307187524720598], [30.2989206106575, 1.5307384064755531], [30.2990713626425, 1.5308003379308321], [30.299225176668475, 1.5309004166732825], [30.299314445130097, 1.5310199862580511], [30.29942382439616, 1.5313764962369238], [30.29946798546374, 1.5316091551817086], [30.299505808960987, 1.5316674268160255], [30.30015638906367, 1.5320008570079597], [30.300540013364426, 1.5322260415273783], [30.30065886663294, 1.5322715879434325], [30.300702324878053, 1.5322617531013647], [30.300715241776786, 1.532220533155895], [30.300620065907086, 1.531955001746781], [30.30061743178379, 1.531882866905328], [30.300634479563875, 1.5318315444701955], [30.30068016541031, 1.5317681027445536], [30.30084248235795, 1.5316351409310716], [30.30115724082646, 1.5313086654630765], [30.30120389504937, 1.531227276114857], [30.30120970389102, 1.5311393109713698], [30.30118209482184, 1.5310742361186236], [30.301128996329396, 1.5310522396610822], [30.301071237834886, 1.5310757021615817], [30.30093038824374, 1.5312071808070984], [30.300868938044154, 1.5312366224699139], [30.30060354556112, 1.5312042783046758], [30.300381417650012, 1.5312048916830732], [30.300277613338757, 1.5311685256112681], [30.30018244436976, 1.5310626395586657], [30.300077827185277, 1.5308682698622522], [30.30001782983113, 1.5306819358564556], [30.299911977544227, 1.5301967173399589], [30.299880746563897, 1.530122627240021], [30.299833853324273, 1.5300624906918372], [30.299650165776427, 1.5299267269886736], [30.299412184542067, 1.5296750823586065], [30.29902805864265, 1.5294030582847657], [30.29889065490248, 1.5293557136193177], [30.29858247515785, 1.5293984203872895], [30.298437427468585, 1.5293745381918078], [30.298339383437504, 1.529323884079668], [30.298250659120132, 1.5292529918218833], [30.298124430587485, 1.529071682387918], [30.298066056389494, 1.5289491610710277], [30.29803125880454, 1.5288313659852713], [30.298026929542306, 1.5287330219939372], [30.2980478222488, 1.528663734625453], [30.298116726524885, 1.5285854598950814], [30.298443210525562, 1.528403841124063], [30.29850876884396, 1.5283370639685794], [30.298534085803613, 1.5282746250400148], [30.29851029558047, 1.528200559834227], [30.29833652166026, 1.5280087199445185], [30.29826021879505, 1.527830019791461], [30.29823818432128, 1.5275971024945478], [30.298274536994025, 1.5273628337409764], [30.29846707788882, 1.5269202769115064], [30.2985328146255, 1.5268362396074526], [30.298668544524038, 1.5267213202310896], [30.298853696851463, 1.5265339472387103], [30.298921084407972, 1.5264131347080012], [30.298949779373515, 1.5262953711219516], [30.298927815219145, 1.5262243095633312], [30.298873324233412, 1.5261750754923844], [30.29878356011622, 1.5261483187273466], [30.298612581984287, 1.526133724525909], [30.298558485020443, 1.5261026909306261], [30.298535570734547, 1.526026582504538], [30.298546724257484, 1.5258036685371021], [30.29845736320314, 1.5258505048947935], [30.298419847570596, 1.5258470155775985], [30.298341172160065, 1.5258075502948272], [30.298178202422378, 1.525831741675736], [30.29809588979492, 1.5258062341502165], [30.298032246124325, 1.5257538739265313], [30.29797478970276, 1.5256593842733024], [30.29795091237735, 1.5255603733339442], [30.2979928134239, 1.5252734297640649], [30.297986863720766, 1.525163449509465], [30.29793723536668, 1.5250619021493241], [30.297862398883343, 1.525009559791949], [30.29782367912093, 1.5250319144909725], [30.29779743169401, 1.525101104307235], [30.29776540944283, 1.5254303532973301], [30.297674879772245, 1.525914709460787], [30.297617467335797, 1.5260347914385077], [30.29753645767744, 1.526143237650835], [30.297415562026053, 1.526248405363597], [30.29725745914518, 1.5263391195789338], [30.29718520368583, 1.5263555654422354], [30.297134950543704, 1.5263462470554006], [30.297093300942958, 1.5263178196000724], [30.296907550021654, 1.5261019575322545], [30.296863249835837, 1.526101822304266], [30.296821662589956, 1.5261486735325729], [30.296792950388433, 1.5262324500218558], [30.296778871635674, 1.526345804787891], [30.296774735363265, 1.5265555859647533], [30.296790797685045, 1.5268288916455728], [30.296766436501656, 1.5270102234301401], [30.296696134432988, 1.5271715533881598], [30.296509019151422, 1.5274732582369994], [30.29636884378023, 1.5275957251329373], [30.296202425106646, 1.527671863156737], [30.29601987629298, 1.527689360874044], [30.295765049670468, 1.5276539590518146], [30.295698103765783, 1.5276850710514287], [30.295678664876053, 1.5277353198910266], [30.295674952984566, 1.52780468649708], [30.295721652474356, 1.528227592387913], [30.295722475794822, 1.5283834317540683], [30.295665911370158, 1.5286884490898327], [30.295642762881094, 1.5290212612071494], [30.29560693723263, 1.529120747294753], [30.295543677507123, 1.5291779378193644], [30.295487888983807, 1.5291895497340007], [30.295424197544584, 1.5291731734099616], [30.29515100861291, 1.5289446017746258], [30.294729409695925, 1.5287534289547768], [30.29461290217, 1.5287224733160116], [30.294245914963877, 1.5286948821725488], [30.294055289437775, 1.5286154722931067], [30.29386541888053, 1.5284953236048358], [30.29354762134568, 1.5282233173790138], [30.293218298903003, 1.5281442690592386], [30.293033154861043, 1.528057572230965], [30.292927858517775, 1.527972506099761], [30.292740668628767, 1.5277604473308937], [30.292665598163232, 1.527713923854845], [30.29250769299702, 1.5276991011016636], [30.292341222369245, 1.527750938030133], [30.292278447649114, 1.5277573210960358], [30.291864808736772, 1.5277066387096516], [30.291781006104113, 1.5277293515852515], [30.291714822972597, 1.5277864524572888], [30.291700675367, 1.5278389985991996], [30.291720662890068, 1.527890905084339], [30.29198873786155, 1.5281591315087895], [30.292031794686842, 1.5282215779756188], [30.292054913741456, 1.5282875379110519], [30.292051377647205, 1.52833308004019], [30.292027635710852, 1.5283799382762164], [30.291907107784183, 1.528545091289358], [30.291788596357318, 1.5286438809932186], [30.291759470205292, 1.5287043606094717], [30.291766201094664, 1.5287996034032074], [30.291862913616853, 1.5291948057085099], [30.29191170471625, 1.5293272817137844], [30.2919667797887, 1.5294279816855], [30.292027434876406, 1.529493186736454], [30.29207680965648, 1.5295245727843454], [30.292195474743092, 1.5295658614269974], [30.292264519801005, 1.5296148065058064], [30.292436174832368, 1.5298495367342786], [30.292490764555854, 1.5298824142832248], [30.29268653910783, 1.5299381981315499], [30.29272054873557, 1.5299646816835046], [30.292740720038566, 1.5300056915369655], [30.292737363612225, 1.5300574033448309], [30.292708672644963, 1.5301057399716997], [30.292498578901093, 1.530282162178959], [30.29230627077001, 1.5305303760478446], [30.292243664575857, 1.5306748520483384], [30.292228906613435, 1.530847995195531], [30.292249135129794, 1.5309488661562787], [30.29229396468697, 1.5310199694727706], [30.29245467834749, 1.5311519984243736], [30.292648114511213, 1.5313542389841757], [30.292884933420794, 1.5315589518465542], [30.29290821327052, 1.5316314449360593], [30.29292412805678, 1.5319698969517257], [30.29289220240733, 1.5320340630343863], [30.292811868662753, 1.5320738747707583], [30.29232158379063, 1.532152156953567], [30.29198402146113, 1.5322221525728368], [30.291898715295602, 1.5322474815252858], [30.29185538765526, 1.5322828838124798], [30.291854736547815, 1.5323180535442031], [30.291881130677943, 1.5323511792760385], [30.292158908815512, 1.532510569366747], [30.292364562626666, 1.5326936545206162], [30.292436188806057, 1.5327882105164252], [30.292482646677424, 1.5329071578693783], [30.29251441873725, 1.5331131987993794], [30.292522994910183, 1.5333021932955904], [30.29250418065029, 1.5334335299981017], [30.29245629987444, 1.5335556337867644], [30.292385676725672, 1.5336319019349516], [30.292272438727437, 1.5336905732983224], [30.29209728567926, 1.5337302544795286], [30.291923573773694, 1.5338091884870468], [30.291759311588454, 1.5339144537446987], [30.291700378889832, 1.533993262399084], [30.291691764450924, 1.5340702136570392], [30.291709920867945, 1.5341269709713696], [30.291875540021017, 1.5343075066299252], [30.2919113161007, 1.5343975889821502], [30.291902914482662, 1.53445687441953], [30.29187755564972, 1.534487075966678], [30.291736338115676, 1.5345105873406073], [30.291708805943788, 1.534550016097557], [30.29171356051483, 1.5346311182237273], [30.29174144265597, 1.5347293569575575], [30.291882448236855, 1.5349475789153657], [30.291927939471222, 1.5350579176452317], [30.291921701289223, 1.5351235178105573], [30.291847491123843, 1.5352884545048937], [30.291784592106307, 1.5353507291864774], [30.291646914234583, 1.535418411358716], [30.29151631780834, 1.5355076779092862], [30.291199207999554, 1.5356572341566372], [30.290969712420154, 1.5358460528758695], [30.29080449173208, 1.5358885914138865], [30.290600976967436, 1.535885823749448], [30.290483575941572, 1.535859928283472], [30.290309959120208, 1.5357792369227063], [30.290222872003046, 1.535720936896268], [30.289990880987467, 1.5354536141626154], [30.289768343267756, 1.535262978165784], [30.28959436782869, 1.5351483265835495], [30.289551895828012, 1.5351713657312491], [30.28947674253208, 1.5353262449759173], [30.289334902725702, 1.5355092346474672], [30.289292538354466, 1.535669869581295], [30.28926347995652, 1.5357269972444387], [30.289065640299217, 1.5359093392038563], [30.288942676887405, 1.5359854163190731], [30.288866704811547, 1.5359820344319954], [30.28877099312892, 1.5359301420849032], [30.288256094192327, 1.5354758417768086], [30.287957521153732, 1.5351240926097165], [30.28790299971123, 1.535040543445285], [30.28783850300645, 1.5348451629663569], [30.287699360142256, 1.534510500604817], [30.287607587139703, 1.5340171766077675], [30.287601787530406, 1.5338757216728478], [30.287616780381207, 1.5336482580473803], [30.287638986007558, 1.5335750665560124], [30.287729320135476, 1.5333928337186435], [30.287829511355902, 1.5329358697304454], [30.28783889598953, 1.5326964438498047], [30.287872840179453, 1.532373180462885], [30.28788134771723, 1.5319179315713822], [30.28786094435467, 1.5317978052728833], [30.287831101069578, 1.5317365956734155], [30.28778573695587, 1.5316874463826542], [30.28772732343248, 1.5316501961795113], [30.28765817176151, 1.5316288172070296], [30.28752798148181, 1.5316210631373774], [30.287273516984488, 1.5316379496460681], [30.28702710523593, 1.5316139209965989], [30.286922834246774, 1.5315889084784995], [30.2868625905781, 1.5315459939735159], [30.286755891334703, 1.5313070857137756]]}}, {"type": "Feature", "properties": {"OBJECTID": 2973, "Id": 21378, "Contour": 1362.5, "Shape_Leng": 9363.91305981}, "geometry": {"type": "LineString", "coordinates": [[30.289494056477224, 1.5476180239634534], [30.289583579279714, 1.5474901868850197], [30.289646585626965, 1.5474439851762585], [30.289815288614122, 1.5473970067992893], [30.28997565327538, 1.5473921515053886], [30.290173831476448, 1.5474612140738515], [30.29030779291384, 1.5475307390216744], [30.29049441685296, 1.5476590952564964], [30.29059172774078, 1.5477006605619221], [30.29067747158551, 1.5477139997331308], [30.29094982154567, 1.5477133571922106], [30.291238298275072, 1.5477732963068873], [30.29139613476879, 1.5478268343285793], [30.29145923317502, 1.5478320093767273], [30.291517956455703, 1.54781545834832], [30.291588270670992, 1.5477670767579355], [30.29187813154068, 1.5474741042311122], [30.29207931949664, 1.5473696648955308], [30.292165248632056, 1.5473547419147329], [30.29224648120268, 1.5473600056914436], [30.292556365177195, 1.5474649051703013], [30.292651734887702, 1.547478669762084], [30.292729011581603, 1.54746582446624], [30.29316936877747, 1.5470811182718833], [30.29328297898751, 1.5470010724558512], [30.293332445415583, 1.54694234856023], [30.29334712239167, 1.5468742654812264], [30.29332637557198, 1.546610701378187], [30.29336532742746, 1.5463956346412788], [30.293441288462617, 1.5461542660799303], [30.293509591695923, 1.5460276393060715], [30.293568007820213, 1.5458674591382493], [30.29361427111386, 1.5458049114461554], [30.293766417187715, 1.5457306517540015], [30.294009869677257, 1.5457017979524614], [30.294161316079702, 1.5456373940836905], [30.294369921585595, 1.5455922025717017], [30.29451219524262, 1.545542031342291], [30.2948268380983, 1.5453770959622628], [30.294971962085576, 1.5452413400707394], [30.295077797017516, 1.545167591241488], [30.295154985389996, 1.5451309401028164], [30.295274864155665, 1.5451061133222348], [30.295359199634568, 1.5451103978089162], [30.295427587781187, 1.54514740228986], [30.295546264064352, 1.5453337437439387], [30.29576016361085, 1.5454783303032393], [30.295917208118894, 1.5456913412695965], [30.296174326692903, 1.5459258692291133], [30.296388123096882, 1.5461504393561696], [30.296735158688605, 1.5466385709338806], [30.29690140608998, 1.5469010986927292], [30.29698446234043, 1.5470011438250626], [30.297047269188205, 1.5470422421776788], [30.29712628026263, 1.5470491153261903], [30.29725777578849, 1.5470090060229058], [30.297321234116428, 1.5469582736960024], [30.297342707290692, 1.5469028420293953], [30.297334868762636, 1.5468435465179595], [30.29721127408929, 1.5466089791764355], [30.297171561483864, 1.5464851742128145], [30.297171064704283, 1.546379284922827], [30.29722475906344, 1.546215410809374], [30.29723500103327, 1.546141355639706], [30.29720540756601, 1.545840942654706], [30.297108805989247, 1.5455904286934878], [30.297031131674487, 1.5453289994848713], [30.296993061315124, 1.544984081993358], [30.29701642316855, 1.544817248033523], [30.297159776163404, 1.5444905867918175], [30.297204805464958, 1.5442958174290857], [30.297201955006457, 1.544206322739447], [30.297141766077164, 1.5439942879658721], [30.297166916526105, 1.543754759336327], [30.297200550354706, 1.5436864031845283], [30.297250588602104, 1.5436408375033353], [30.297450044384917, 1.5435303481992837], [30.297583445831844, 1.5434777679652651], [30.297901387115374, 1.5434042883709158], [30.29817715375932, 1.5434457213826784], [30.29833371570609, 1.5434224944998198], [30.298398836040583, 1.543381241622771], [30.298488746473268, 1.543289909178777], [30.29852345894206, 1.5432380672602066], [30.298530737927496, 1.5431909765343104], [30.29849064362331, 1.5431313553849604], [30.29829220918559, 1.5430715932633774], [30.298147558065423, 1.5429889663988063], [30.29809076324525, 1.542941362431617], [30.298046294240574, 1.5428431403642882], [30.29801716625569, 1.542596646512623], [30.297996045453797, 1.5425551814397522], [30.29795997998263, 1.5425289948786756], [30.29789528802081, 1.542522923648549], [30.297641537670422, 1.542560866152506], [30.29752958954351, 1.5425638926618364], [30.296979520712497, 1.5424389716586588], [30.296781470038074, 1.5424439780557724], [30.296666909421784, 1.5424296031538154], [30.296562748863316, 1.542401458945336], [30.296498651125674, 1.542361337858382], [30.2963644561874, 1.5420866940739322], [30.296329692684676, 1.5419618293939361], [30.296313227476833, 1.541819954321582], [30.296298044701032, 1.5414712811080775], [30.296372568389394, 1.541178925797059], [30.296385914262896, 1.5410220435724031], [30.29641063772921, 1.540963136265198], [30.296457535268235, 1.5409300179840817], [30.29680775321633, 1.5409236002946718], [30.297070019595125, 1.5408000403708346], [30.297189311292723, 1.5407141112784979], [30.297437692995224, 1.5404576701284118], [30.297524293525044, 1.5404126282104036], [30.297615556328473, 1.5403925321808993], [30.297827679729153, 1.5403942689507362], [30.298059975240328, 1.5404972879862266], [30.298157078069153, 1.5405853615782894], [30.298340820857156, 1.540827305505637], [30.298443307086885, 1.540896225215854], [30.29850710759932, 1.5409061137502014], [30.298578728827195, 1.5408845138143623], [30.29865245114264, 1.5408243983544294], [30.29870458509164, 1.5407579997235277], [30.298774648229088, 1.5405925511356862], [30.29878728093621, 1.5404950484591284], [30.298704671169364, 1.5401928984182978], [30.298666832271408, 1.5399821285567123], [30.298652865810265, 1.539834676537414], [30.298654794392938, 1.5396130311969065], [30.298705118119923, 1.5394420527631223], [30.2989123852331, 1.5389868522004113], [30.298936769857125, 1.538865433551169], [30.298956322958627, 1.5385516200167626], [30.298935929627266, 1.5384280457503825], [30.298836393292127, 1.5382786888628148], [30.298794230881043, 1.538187567683831], [30.29876913376277, 1.5380358749718248], [30.298795576143256, 1.5379314869175926], [30.298955623228267, 1.5376331414770177], [30.298992031381484, 1.5374642549511586], [30.298958635045736, 1.5372819847374506], [30.2988128388331, 1.5369865326689724], [30.29873015862255, 1.5366653472744365], [30.298634309250087, 1.5363995078858848], [30.298605447541966, 1.5362512435733204], [30.298612119078257, 1.5361129716169204], [30.298635379461327, 1.5360499134325156], [30.298684092779258, 1.5359774825213666], [30.298948286714783, 1.5357153526165153], [30.299071107770388, 1.535538622780453], [30.299132396247153, 1.5354028874680279], [30.29925391468069, 1.5350258720943584], [30.299250396701105, 1.5349375387249042], [30.299286852416387, 1.5349378704171341], [30.299341796459345, 1.5349723506317139], [30.299683498216282, 1.5352909215103263], [30.299849601666704, 1.5353742204013785], [30.299906931715718, 1.5353781556512651], [30.299943013820194, 1.5353514959005345], [30.300000457721357, 1.5352289318447179], [30.300009509881505, 1.5351704598456501], [30.299972908639436, 1.5350888904715985], [30.29973478611418, 1.5348424987103235], [30.299543871770616, 1.5345613591507579], [30.299461192767037, 1.534491478598339], [30.299307112505733, 1.5344045633618126], [30.29914962082877, 1.534371658804736], [30.298984550082892, 1.5343883950457275], [30.29876304472622, 1.534478324662363], [30.298517306436665, 1.5346423038328556], [30.298462597856062, 1.5346564168921066], [30.298390935487948, 1.5346468409552625], [30.298268904363002, 1.5345675695313354], [30.29799079831116, 1.5342476938538492], [30.297784989645177, 1.5340835403470692], [30.29775583329877, 1.5340067926893206], [30.297747807823928, 1.5337785574056741], [30.297707615743292, 1.5337053970194452], [30.29764175784605, 1.53364672164035], [30.297511066420963, 1.5336025584807473], [30.297175517689737, 1.5335557803421473], [30.2967077630901, 1.5335253055405926], [30.29649718447512, 1.5334772824393812], [30.296365176453264, 1.5334197829977503], [30.296180117627742, 1.5332157602452428], [30.296117514909533, 1.5330994191155647], [30.296093553640237, 1.532954263672498], [30.296108952924584, 1.5327364323442616], [30.296091255214648, 1.5325448525535994], [30.296110068014226, 1.53249553782607], [30.296162614905207, 1.5324359158501415], [30.29634994728385, 1.5323377019829267], [30.29642480994894, 1.532282123103377], [30.29647710840907, 1.5322191866427204], [30.29654008068355, 1.5320987586011239], [30.29661681020059, 1.5320243836303877], [30.296993034510326, 1.531827489272676], [30.29709918501694, 1.5318045952507076], [30.29735565184005, 1.5317921741872003], [30.297463646339896, 1.5317435061700604], [30.297545485989072, 1.531671548334373], [30.29760788790974, 1.5315705046858534], [30.297615251990496, 1.5314590214375734], [30.297544405300652, 1.5312523367337267], [30.29744440666837, 1.5310893391467333], [30.297427185324562, 1.5309915228975826], [30.297441469094775, 1.5309380596306372], [30.297475487566196, 1.530897097276997], [30.29758427512635, 1.5308498800277823], [30.297999681841382, 1.5307355935049034], [30.298233037016164, 1.5306995993680503], [30.29871635131455, 1.530682973620334], [30.298908844389057, 1.5306942409568132], [30.299012015618818, 1.5307269002659163], [30.299236877917476, 1.5308552337011865], [30.299344780275728, 1.5309794410108186], [30.299400985276364, 1.5311185643723235], [30.299505220737068, 1.531577890466577], [30.299546959092723, 1.5316439808260192], [30.300413009879033, 1.532138788253775], [30.300565987980132, 1.5322002597869955], [30.30061152560653, 1.5321892109203221], [30.300627148425264, 1.5321477042678704], [30.300572048941703, 1.5319230916773887], [30.3005918154226, 1.5318106312722055], [30.30066114288255, 1.531717637133462], [30.300856023355735, 1.5315742763708085], [30.30107438516226, 1.5313196889124998], [30.301147109681565, 1.531207926195745], [30.301154316162886, 1.5311219015641142], [30.30112905806552, 1.5310858365927968], [30.301080485357588, 1.5310976760718729], [30.30092587416813, 1.531286119190336], [30.300862546688524, 1.5313242868543961], [30.300824080521803, 1.5313193692987201], [30.30072267188912, 1.531262042867405], [30.300636139159185, 1.531232827839383], [30.300364643687526, 1.5312323211335437], [30.300254563013155, 1.531192825194234], [30.300154110226885, 1.5310822822321553], [30.3000540228902, 1.5309093408309162], [30.299990538530757, 1.5306980430996233], [30.29989086632997, 1.5302056618530018], [30.299861567702862, 1.5301354719007005], [30.29981798595438, 1.5300785104344257], [30.299633832054095, 1.529942856295047], [30.29939453303783, 1.5296926512122373], [30.299042805614, 1.529450845463814], [30.298872019058276, 1.5294104193318958], [30.298547298503948, 1.5294349449927966], [30.298460018525475, 1.5294158272208362], [30.298363409364786, 1.5293712267070405], [30.298247860291507, 1.5292795260897543], [30.298065499785224, 1.529057694368231], [30.29791232953451, 1.5289220204538303], [30.29783227146554, 1.528753337228898], [30.297831601408195, 1.5287113258007266], [30.29785118594765, 1.5286810555283958], [30.297978988877908, 1.5285580494778896], [30.29836268349069, 1.5284222723948253], [30.29846062207709, 1.528359245701636], [30.298510832992115, 1.5282961651412714], [30.298515589444072, 1.5282576353840356], [30.29850041355179, 1.528221342795063], [30.29830068051578, 1.5280380036805565], [30.298206776249334, 1.527861425830069], [30.298163442125777, 1.527681064734436], [30.298171595670564, 1.5275462944162268], [30.298234338742127, 1.527335914147607], [30.298396872430587, 1.5269522182751054], [30.298505589770613, 1.5268125208023435], [30.298641148949493, 1.5266968882284322], [30.29881154107545, 1.5265140102488453], [30.29888369938501, 1.5264072816646104], [30.298907743307208, 1.5263153810888948], [30.298885259039128, 1.5262490940357378], [30.29882500173459, 1.5262078444103315], [30.2985935927957, 1.5261730680289418], [30.29853442589626, 1.5261454450673126], [30.29850317754888, 1.5261098575473049], [30.298448270383375, 1.5259939689739035], [30.298327272857495, 1.5258726477723341], [30.29822523565086, 1.5258732709764484], [30.298154884836382, 1.5258569174833525], [30.29807432958635, 1.5258164594078998], [30.298015458158716, 1.5257619689588973], [30.297958152298428, 1.52566443477534], [30.2979335670923, 1.5255663748494765], [30.2979683629274, 1.5252831788394496], [30.29796489338, 1.5251915964648635], [30.297925586220984, 1.5251034708331668], [30.297871445851072, 1.5250653099532598], [30.297840048428665, 1.5250832455891328], [30.297817290086726, 1.5251417339325244], [30.297785747093975, 1.5254126147090072], [30.297733000254308, 1.525654136746056], [30.297696275545935, 1.5259295983692696], [30.297630340232335, 1.5260568860685653], [30.29750813230734, 1.5262147148818364], [30.297297878402116, 1.526380766563925], [30.297204586287716, 1.5264085534656566], [30.29714048826712, 1.5263958208827648], [30.297104400051232, 1.526373586957617], [30.29690965363406, 1.5261774765068934], [30.296863649828342, 1.5261711857958458], [30.296826297627636, 1.5262071068872436], [30.29679928185301, 1.5262906524653208], [30.296788575946987, 1.5264181801472743], [30.29679153462821, 1.5265860648356406], [30.296820491847733, 1.5268529964327675], [30.296801312019312, 1.5270262275534547], [30.296761411242954, 1.5271316631675858], [30.296539994633296, 1.5274968134135334], [30.29639717905156, 1.5276203180999173], [30.296249735333657, 1.5276918954521557], [30.29605115484016, 1.5277115444572718], [30.295778976530134, 1.527678857430293], [30.295740151005692, 1.5276876417837804], [30.29571493116939, 1.527710870418254], [30.29569801039712, 1.527816495139729], [30.295757535232255, 1.5283296480816333], [30.295709410547914, 1.5286705447296924], [30.295704786447107, 1.5289621367916548], [30.295655991873875, 1.5291446764125145], [30.295616407957482, 1.5292009528251265], [30.295554816173752, 1.5292434673064463], [30.29548303449384, 1.5292556565865731], [30.295409790600548, 1.5292307652449557], [30.295331910739293, 1.5291734355736277], [30.295118780666453, 1.5289703453183476], [30.2948093500704, 1.5288268976940673], [30.29461220941293, 1.528761584126046], [30.294244892145326, 1.5287309993543616], [30.294022734691527, 1.528639821847322], [30.293782650325877, 1.5284783781605014], [30.293529544727573, 1.5282479210932718], [30.293195419696108, 1.5281680331203937], [30.293023194939924, 1.5280839570013767], [30.292905127695093, 1.5279870440677636], [30.29272493016022, 1.5277798642847384], [30.292660847771316, 1.5277379799605362], [30.292594649553095, 1.527723599990641], [30.29251250560386, 1.5277265142397418], [30.29235445115048, 1.5277885542475336], [30.29226191383548, 1.5278005370504786], [30.29186021541, 1.5277354900471822], [30.291796389623165, 1.5277533821739118], [30.291748161107623, 1.5277961781482536], [30.291737896252535, 1.5278433767438704], [30.291755032326087, 1.5278803038856519], [30.292035218114336, 1.5281476439467616], [30.292092208012527, 1.5282308290683257], [30.292124198422968, 1.528322843919469], [30.292105730680507, 1.5284067156184684], [30.29203177150313, 1.5284857673903702], [30.291961861621168, 1.5285918946566288], [30.291856394645652, 1.5286889353060729], [30.29183334872571, 1.5287381293128506], [30.29183486513052, 1.5288109020930818], [30.29190651833874, 1.5291425282196076], [30.291955763330847, 1.5292879882125885], [30.29199665868391, 1.529350373845984], [30.292053964792448, 1.529402940966316], [30.29227895552563, 1.5295245163639286], [30.292464439217454, 1.529766404366234], [30.29251018097449, 1.5297894440448963], [30.29271781607904, 1.5298286967244863], [30.292816993932316, 1.529862076145016], [30.292862346124124, 1.5298998010025955], [30.29288325627367, 1.5299513317007924], [30.292873958170503, 1.5300273259626183], [30.292827864449674, 1.5300992992263418], [30.292652446009864, 1.530261812847564], [30.292487519359337, 1.5303832212533242], [30.292321952049786, 1.5305702219148842], [30.292262778525824, 1.5307182971298148], [30.29225346693158, 1.5308249720044054], [30.29226451618926, 1.5309074350221128], [30.29232233227946, 1.5310032311112016], [30.29252112128165, 1.5311419256798797], [30.292727085345355, 1.531365404023989], [30.29292846300973, 1.5315339642131873], [30.2929676439571, 1.5316198188115338], [30.292986901204184, 1.5317719987364746], [30.293057432239404, 1.5318929133216626], [30.29306597547142, 1.531973643738944], [30.293050072459508, 1.5320169187237762], [30.293015053352672, 1.5320569079706148], [30.292904306468998, 1.532105718303169], [30.292587190463756, 1.5321604894242415], [30.292205218206945, 1.5322052294854067], [30.291964023203416, 1.5322504754759956], [30.291899840296207, 1.5322862496627376], [30.291899804445407, 1.5323132694913273], [30.29192577421639, 1.5323431338348859], [30.292179924271018, 1.532485268794052], [30.292397799274728, 1.5326666219913478], [30.29247265190986, 1.5327611404417292], [30.2925294617413, 1.532895983257802], [30.29256965344602, 1.5331389227823935], [30.292581779589728, 1.533288095267948], [30.29255997899703, 1.5334057399070127], [30.2925019975909, 1.5335682832050688], [30.292400869245288, 1.533691383209573], [30.292260924226504, 1.5337659226957476], [30.29191889916491, 1.5338687802986244], [30.291800083525214, 1.5339545443417402], [30.291754850746884, 1.5340266915682692], [30.29175615328506, 1.5340809350054618], [30.29178705957031, 1.5341409861241586], [30.29197885646784, 1.534300840165298], [30.29204267238589, 1.5344264651930068], [30.292044716645815, 1.5344630037564115], [30.292024484129314, 1.5345048704207842], [30.291847405593124, 1.5346084561906828], [30.29181279756205, 1.5346790452506338], [30.291841459796508, 1.5347815971865635], [30.292014202118573, 1.5350929743431652], [30.29202917624867, 1.53518610220025], [30.292009738805593, 1.5352586401306259], [30.291908426029135, 1.5353665599346205], [30.291744031381903, 1.535486183453053], [30.29163952668203, 1.5355426870934334], [30.29138011714089, 1.5356391674323508], [30.290956706716933, 1.535949281751633], [30.29080653449262, 1.536001591678484], [30.290726998560103, 1.5360086060548732], [30.290368941393414, 1.5359004498725444], [30.290211430805865, 1.5358065660220706], [30.290105307997926, 1.5357085717089898], [30.29000995307682, 1.535647549581104], [30.289971002949446, 1.5356058401953459], [30.289920558286955, 1.5355138187601436], [30.289704406780512, 1.5353494366157792], [30.289640176683978, 1.5353219141684136], [30.289590427948536, 1.5353393651591858], [30.289431056354964, 1.5355562438032553], [30.289370667124018, 1.5357126131322048], [30.28933010211965, 1.535778006056036], [30.289199651603855, 1.5358873870437701], [30.289092547120877, 1.5360229443135978], [30.288992391590398, 1.5360569842429095], [30.288856421234563, 1.5360599956355652], [30.288722039029054, 1.5359906285843166], [30.28866069308618, 1.5359393756996123], [30.28851632926769, 1.5357702374206967], [30.288251730031647, 1.5355487446062384], [30.288136208810357, 1.5354139034291492], [30.287950872337486, 1.5352325248982588], [30.28785275237015, 1.5350856612302073], [30.287689419703575, 1.5346956224089037], [30.287571632523004, 1.5341705121291345], [30.287552932253345, 1.5339150509286814], [30.28757403410978, 1.5336448159508427], [30.287599817411976, 1.53355136357529], [30.287678881522215, 1.5333801442579265], [30.287740347480884, 1.5331547480065575], [30.28777376402568, 1.5329510366835488], [30.28778403649284, 1.5327646937888526], [30.287833777461508, 1.5324714579092624], [30.287839336624014, 1.5319464871400736], [30.2878151296409, 1.53180661321287], [30.28775494647591, 1.5317214853909198], [30.287661389267896, 1.5316757879283136], [30.287276926338667, 1.5316904419519934], [30.286925585287367, 1.531654086453964], [30.28680389971739, 1.5316297584532825], [30.286515444017752, 1.5315297301546913], [30.286459847038685, 1.5314909768186058], [30.2864403775151, 1.531429196194303], [30.286462262123546, 1.5313803960648458], [30.28652787738686, 1.5313329487019054]]}}, {"type": "Feature", "properties": {"OBJECTID": 2974, "Id": 21379, "Contour": 1362.0, "Shape_Leng": 9367.39204429}, "geometry": {"type": "LineString", "coordinates": [[30.289436434219517, 1.5475637273852028], [30.28950574453207, 1.5474565841919232], [30.289602383150243, 1.547388847625984], [30.2898278465351, 1.547344427240527], [30.290004759881764, 1.5473382518228767], [30.290188861176137, 1.5474037105941585], [30.290314376040868, 1.5474802773539356], [30.290482574349603, 1.5476118996735373], [30.290588029049797, 1.5476651733093527], [30.29068632953726, 1.5476797895946335], [30.290896073057137, 1.5476666460716453], [30.29101490474404, 1.5476747389980539], [30.291263508494282, 1.5477366796038419], [30.291396529965596, 1.5477878349500689], [30.291457587483176, 1.5477937691689634], [30.291533585954713, 1.547764504790438], [30.291639279247697, 1.5476727004540645], [30.291717759608108, 1.5475866516278707], [30.291842313959346, 1.5474061112332163], [30.291942706557766, 1.5473292188614673], [30.292200368953033, 1.5473057892102018], [30.29230021194115, 1.5473260517181875], [30.292528556525955, 1.5474128191140692], [30.292630318191627, 1.547424648127668], [30.292713002303163, 1.5474107560736132], [30.293014157917895, 1.5471800533600086], [30.293279813047494, 1.5469417691911493], [30.293300410290573, 1.546866553794216], [30.293288550445958, 1.546598557434146], [30.29331935188998, 1.5463625326786279], [30.29340529907013, 1.546095072040568], [30.29348088275227, 1.54594673068646], [30.293534614586935, 1.5457905717157316], [30.293573979172056, 1.5457347479966916], [30.293627234839782, 1.5457059683621028], [30.293755319802134, 1.5456720879277117], [30.293994935567063, 1.5456491683995537], [30.294436323336004, 1.5455298934744983], [30.29473896115869, 1.5453744087726335], [30.294962873008778, 1.545199806100767], [30.295076596926247, 1.545131089652179], [30.295187036705816, 1.5450861735516168], [30.295324268789937, 1.5450591226953594], [30.295399057917894, 1.5450685764628291], [30.295464136887773, 1.5451108325704561], [30.29557952607081, 1.5452893142628656], [30.295773763848736, 1.545417364885384], [30.29596048642279, 1.5456635796573877], [30.296421526918113, 1.5461305698473191], [30.296513379252154, 1.546251650586286], [30.296875094029755, 1.5468177088622321], [30.296972988918025, 1.5469385631891017], [30.297033369756505, 1.5469851478334915], [30.297097113879985, 1.5470021356461188], [30.297178203910754, 1.5469800111228338], [30.29723647324857, 1.5469320979098253], [30.297257980253622, 1.5468709820413222], [30.297249749040592, 1.546793804781256], [30.29714816332972, 1.5465410438057043], [30.29712620388602, 1.5464394605556777], [30.29713750027215, 1.5463196970991653], [30.297193583304065, 1.546205885584297], [30.297204152717647, 1.546149662080479], [30.29715559518851, 1.545835204506412], [30.29701093161919, 1.5454113709313602], [30.296920293308872, 1.5452223952996866], [30.296947835176294, 1.545096253700222], [30.296965561743598, 1.5448523915793435], [30.29711688075344, 1.5444492260658924], [30.297145111012217, 1.5443332381065535], [30.297141203359008, 1.5442237709505426], [30.297050419438428, 1.5439891870871276], [30.29710683532347, 1.5437588850358306], [30.297184243054428, 1.5436157316053833], [30.297360308765313, 1.5434955629892633], [30.29784807506875, 1.543379258811479], [30.297942970559973, 1.5433802453284042], [30.29814277784065, 1.54341694001478], [30.298264745173256, 1.5434078623248764], [30.29836202594576, 1.5433552684695782], [30.298457554674982, 1.5432593376411885], [30.298474648599772, 1.5432144253634341], [30.29844487732345, 1.5431799109674214], [30.29823947249158, 1.543093324194482], [30.298039166895883, 1.5429633143875714], [30.29799326367727, 1.542852596730263], [30.297984304568576, 1.5426088298090046], [30.297947402807775, 1.5425626262587437], [30.297639865460177, 1.542602066074129], [30.297526436913806, 1.5426031665804993], [30.297002931570784, 1.542499814775538], [30.296501050215777, 1.5424802698951485], [30.296411954248125, 1.5424461137240866], [30.296390891778966, 1.5424074192939512], [30.296368736286972, 1.5422917839842902], [30.29627348783421, 1.5419792480284336], [30.29623763046741, 1.5417877759977192], [30.296230447015073, 1.541475303168263], [30.29631179564974, 1.5411513819592468], [30.296305553753285, 1.5409849039079317], [30.296348007475626, 1.5409018951104294], [30.296429977640017, 1.5408521055070747], [30.296585163898282, 1.5408410795338812], [30.296804173486148, 1.540853718035557], [30.29704084299245, 1.540764783454788], [30.297155728169173, 1.5406824920294988], [30.297436861102177, 1.5404036510889996], [30.297530142886973, 1.5403540283406345], [30.297667319052003, 1.5403249513422468], [30.297772559226644, 1.5403263880528213], [30.29785610157994, 1.5403448210821755], [30.298079958842678, 1.5404532807677702], [30.29817986562354, 1.5405455820440614], [30.298352634703996, 1.5407895834470788], [30.2984418201159, 1.5408560673778615], [30.29850016699868, 1.540867703472345], [30.29856936368433, 1.54084792342172], [30.29868112744403, 1.540737011540538], [30.298747281514686, 1.5405839410317195], [30.298760909777, 1.5404877564412227], [30.29865108352423, 1.5401164283848894], [30.298621676232163, 1.5396025822564365], [30.298663537376175, 1.5394425276656154], [30.2988817226739, 1.5389668761957427], [30.2989052358978, 1.5388359538754528], [30.2989180872321, 1.5385731307830421], [30.298896189097764, 1.5384549814930228], [30.298792667398796, 1.538304463245259], [30.29874773394845, 1.538207259166065], [30.298724493265563, 1.5381308934132136], [30.29871756747272, 1.5380332882284868], [30.2987472205655, 1.537920625977807], [30.298900744168588, 1.5376548816422306], [30.29894654256334, 1.5375274346745966], [30.298956267128514, 1.5374472616865251], [30.298924845188342, 1.537292410226053], [30.298781449536044, 1.536996894130814], [30.298588213031834, 1.5363736682005371], [30.298557213779436, 1.5362211067959484], [30.298564882168378, 1.536108173466262], [30.298625578042927, 1.535992878586393], [30.298921494850752, 1.5357194141958583], [30.299052654144507, 1.5355338833914893], [30.29912400811228, 1.5353508525269755], [30.29917551400055, 1.5350753172162919], [30.299182333470085, 1.5349405093309016], [30.299202626489915, 1.534907907615885], [30.29927096452727, 1.5349015286579824], [30.299336772067715, 1.5349308915439832], [30.29972064520666, 1.5352658675577104], [30.299823903726214, 1.5353160485808235], [30.2998712917363, 1.5353245630253853], [30.299900314350108, 1.535311118920743], [30.299970880114078, 1.5351839211404052], [30.299973181866825, 1.535146394949224], [30.299924764256957, 1.5350753163996689], [30.299731105090665, 1.5349138437854257], [30.299537937278977, 1.5346001543526], [30.299473082374146, 1.5345467570206894], [30.29936313575442, 1.5344906678595476], [30.29913917215399, 1.5344140273518259], [30.29899127639846, 1.5344155559916348], [30.29876023335154, 1.5345052236424044], [30.29851617551798, 1.5347038365599404], [30.298470048196506, 1.534719837456133], [30.298410440855765, 1.5347138808757324], [30.298267064588277, 1.5346146151967373], [30.298061511564242, 1.5343671124576541], [30.297973319079706, 1.5342821043445134], [30.297887525058677, 1.534227513221931], [30.297735890492927, 1.5341689497969235], [30.297681270045455, 1.5341260186989094], [30.297661038079443, 1.5340821526242712], [30.297654781344423, 1.5340138742294271], [30.297700112542554, 1.5338114911557326], [30.29767191487144, 1.53374460350743], [30.29761606962908, 1.533692203145891], [30.29746261439332, 1.5336423608879033], [30.297213825927887, 1.5336029910932718], [30.29673832733914, 1.5335728808627211], [30.29652765676844, 1.5335402929189672], [30.296323444865973, 1.5334734454359842], [30.29625125105191, 1.5334131193183607], [30.29615019605273, 1.533297803140974], [30.29607457390925, 1.5331468319979662], [30.296051332340586, 1.5330168872567995], [30.296051164770116, 1.532762290902754], [30.296025164481488, 1.532621309392989], [30.296030785235995, 1.5325402946096875], [30.296065853955586, 1.5324586014986075], [30.296151052887613, 1.5323544690567266], [30.29621091090766, 1.5323216294237025], [30.296335647857678, 1.532285082942858], [30.296410086603554, 1.532233341576584], [30.29650278884849, 1.5320646774148319], [30.296623314656717, 1.5319491410088828], [30.296794980500913, 1.5318796060171571], [30.29696245911984, 1.5317884244990567], [30.29705492009022, 1.5317694849163335], [30.29733506987199, 1.5317600249935923], [30.29743028781588, 1.5317242287474095], [30.297519551440338, 1.5316605882075016], [30.297583810988183, 1.531573773452117], [30.297593645507717, 1.531475712896269], [30.29750733801361, 1.5312729215568603], [30.29739085140897, 1.5310957015691362], [30.29737341689455, 1.5310151190121974], [30.29738798235467, 1.5309225181107546], [30.297428232589244, 1.5308719857087758], [30.297495002702433, 1.5308344249823789], [30.29798720717363, 1.5307133775947186], [30.29836997273069, 1.5306616184357857], [30.298852643436327, 1.5306433100014776], [30.299016711683105, 1.5306834631424266], [30.299199189597132, 1.5307822308534795], [30.29930982347427, 1.5308687494665771], [30.299391187417214, 1.530996361504781], [30.29944789047533, 1.5311549441972236], [30.299532393118607, 1.5315000407451922], [30.299588241299013, 1.5316139919494336], [30.300081318141682, 1.5319364122972372], [30.300329099526778, 1.5320760537834046], [30.300438518206942, 1.5321227729716864], [30.300504857390784, 1.5321254787569578], [30.30053479829879, 1.532094505316983], [30.300524995082583, 1.5318800324506707], [30.30053896810978, 1.5318141366567228], [30.300572619890254, 1.5317477625272249], [30.30064117957856, 1.5316670345947636], [30.300794201593963, 1.531578060919148], [30.300832393291806, 1.5315047617380628], [30.300760298727557, 1.5314148697818308], [30.300711898150194, 1.5313154423637663], [30.300660214531277, 1.53127089060795], [30.30057011791184, 1.53124564115162], [30.30037941669071, 1.5312673501887815], [30.30028695578333, 1.5312548133991262], [30.30019753437678, 1.531201834757667], [30.300089835627226, 1.531078331050473], [30.300040067729597, 1.5309868916017155], [30.29999189661334, 1.530833203731742], [30.29992835722695, 1.5304533075123876], [30.29987429084069, 1.5302255753845648], [30.299843023738802, 1.5301461640435376], [30.299799395090492, 1.530090758498449], [30.299621835933078, 1.529963705172777], [30.299376079053786, 1.5297115115738213], [30.29905047557943, 1.5294890615933934], [30.298900331464242, 1.5294556144101938], [30.29854013846761, 1.529471455408392], [30.298449799470067, 1.5294478872725843], [30.298348287127645, 1.5293962224882425], [30.298235599502945, 1.5293012440272877], [30.298048678514686, 1.5290882447270333], [30.297899919524127, 1.5289600313889042], [30.297757984665186, 1.5287376927432055], [30.297745441330473, 1.528672343245702], [30.297760278758883, 1.5286385452046918], [30.297936778931795, 1.5285257576167417], [30.298057047097057, 1.5284771016079515], [30.29834481703622, 1.5283998905918008], [30.298435989037724, 1.5283508930018816], [30.29848652253385, 1.5283004666453146], [30.298495032280563, 1.528262902060937], [30.298474250030605, 1.5282227075614372], [30.298256419311738, 1.5280534097732845], [30.29817841058397, 1.5279411921178052], [30.298135417751325, 1.52780461359142], [30.29811878245115, 1.5276699880768236], [30.298124435371236, 1.5275781169253981], [30.298189204452772, 1.5273597979959554], [30.298359202160412, 1.5269526610240254], [30.29847256485732, 1.5267960009036994], [30.29860958632313, 1.5266575794919381], [30.29872260099582, 1.5265003865663505], [30.298828314168933, 1.5263935697786062], [30.298855183300404, 1.5263272710202178], [30.29883612990273, 1.5262694146959928], [30.298776721078298, 1.5262331194801109], [30.298567570388183, 1.5262208085006086], [30.298494638834775, 1.5261913352996466], [30.29844970455112, 1.5261507124040306], [30.298364378423464, 1.5260238895836076], [30.298087719561728, 1.525848808495204], [30.29800411709199, 1.525773525290538], [30.297949049092104, 1.5256860013622435], [30.297919263991943, 1.5255971558879475], [30.297912995636555, 1.5254959343749805], [30.297940706527065, 1.5252464519754323], [30.297919774549587, 1.5251745222666204], [30.297882494451336, 1.5251469274892737], [30.297861411813304, 1.5251624612415315], [30.29784296420846, 1.5252118871884839], [30.297754355472573, 1.525622925889134], [30.2977137083228, 1.525948039837469], [30.297646672094935, 1.5260678155209937], [30.2974624604141, 1.5263106612223627], [30.297312014878788, 1.526430109198732], [30.297219168914076, 1.526452117081537], [30.29711547023014, 1.5264133985431005], [30.296919933326702, 1.5262321267356536], [30.29687140661445, 1.5262245964314396], [30.296831749116166, 1.526261755667003], [30.296807522331427, 1.5263461403971443], [30.29680064950696, 1.5264901275669536], [30.29681186001508, 1.5266439262585032], [30.296855438745673, 1.526890855828282], [30.29684307269493, 1.5270396897965663], [30.296794489941846, 1.5271496676011158], [30.296676265207637, 1.5273178405257046], [30.296547825365494, 1.5275425216550598], [30.29641127866445, 1.5276530107798592], [30.29628750377337, 1.5277108354743931], [30.29609590645653, 1.5277346193537655], [30.2958004280024, 1.5277083270930811], [30.295761152858276, 1.5277165471604042], [30.295734870063377, 1.5277415902859637], [30.295723388994734, 1.5278444291594295], [30.295787132486844, 1.5283289166605711], [30.295745323398997, 1.5286736728978105], [30.295737537558935, 1.5289867845957992], [30.29568042474826, 1.5291987340808544], [30.295634286029806, 1.5292586289094157], [30.295568164351188, 1.5293024497263177], [30.295503361232424, 1.5293142316913289], [30.29541865784035, 1.5292856939265913], [30.295092368356123, 1.5290087581535436], [30.294852619611152, 1.528888273120263], [30.29462915069287, 1.5288038565487974], [30.294260042187847, 1.5287695699843666], [30.294144518018644, 1.5287378408893215], [30.294015564019208, 1.5286816950341278], [30.293723459499912, 1.528482889261184], [30.293505570395446, 1.5282720172013864], [30.293185791582832, 1.5281925872310669], [30.293007715772095, 1.5281012737910424], [30.292896736454885, 1.528013207652129], [30.292713488811472, 1.527804758547082], [30.292650736052362, 1.5277614888856825], [30.29259140350363, 1.5277493292857693], [30.29252026035812, 1.5277551188910456], [30.292370458661054, 1.5278259419431754], [30.292290419805102, 1.5278416511816155], [30.29189010342784, 1.5277695701862066], [30.291841976703296, 1.5277729948827172], [30.291794868247944, 1.5278055278271458], [30.29178908400599, 1.5278398005551477], [30.29181489275146, 1.5278825661335456], [30.29210166815467, 1.5281792174509845], [30.29215431593198, 1.5282698449542171], [30.292185853365783, 1.5283621716968068], [30.29218539003987, 1.528416895653356], [30.292164189800694, 1.5284600808170477], [30.29194227228838, 1.5287091818429093], [30.291905739518853, 1.5287854984223053], [30.29190990873958, 1.5288966375149515], [30.29194048151854, 1.529063282366081], [30.291971505726927, 1.5291663597910714], [30.292019317724325, 1.529262714289998], [30.292101394778474, 1.5293562532702856], [30.292304424310046, 1.529475513033004], [30.292548002970094, 1.529720318306624], [30.292651367537033, 1.529754150901338], [30.29289806422772, 1.5297623021352693], [30.29303607337235, 1.5298200960199722], [30.293100207983677, 1.5299044948327924], [30.293098872059485, 1.5299733567505363], [30.29306498972368, 1.5300224998128904], [30.292921970187376, 1.5301277213748083], [30.29275252693351, 1.530289437207432], [30.292547929398484, 1.530406671486637], [30.29237852548344, 1.5305566207280559], [30.292308316014452, 1.530670887668629], [30.29228089908975, 1.5308372701015986], [30.29229973456903, 1.5309240661482353], [30.2923369786717, 1.5309761252745497], [30.29256672730675, 1.5311236024694634], [30.292789740949488, 1.5313482386924586], [30.292930046414522, 1.5314568741709884], [30.292992696110062, 1.5315227507438909], [30.293108233254227, 1.5317373058387374], [30.293134855222814, 1.5318330098592046], [30.29314296867426, 1.531951727813091], [30.293128877482303, 1.5320190418110666], [30.293091879090753, 1.5320763852036108], [30.293034705678547, 1.532122137579635], [30.29296696222586, 1.532148517910516], [30.292236232658354, 1.5322290741705877], [30.292020663181106, 1.5322670940518246], [30.291966308508638, 1.5322951793129012], [30.29198590093987, 1.532337981991216], [30.29218719235752, 1.5324444986032972], [30.29241547137635, 1.5326283675384011], [30.292484437850142, 1.5327047635269657], [30.29253683511493, 1.532799852829319], [30.292575495446886, 1.532908640226995], [30.292643985176976, 1.5332811031266476], [30.292638395327284, 1.5333770910216162], [30.292594257747574, 1.5334985319656809], [30.292532023702066, 1.53362815831787], [30.292471998003627, 1.5337048534948998], [30.292404853960306, 1.5337531945432756], [30.29230322311246, 1.5337987237891726], [30.291945876246604, 1.5338960566885949], [30.29185562324247, 1.53395872028541], [30.291808248500317, 1.5340344476885655], [30.291809016899123, 1.5340825846651889], [30.291833209781036, 1.5341312530488682], [30.29201903045642, 1.5342744101439612], [30.292099093029638, 1.534418668624878], [30.292104732507497, 1.534467622334464], [30.292088562154998, 1.5345132918696405], [30.29193013457215, 1.5346526946887553], [30.291912348732726, 1.534687644441297], [30.291908041165517, 1.5347467779653465], [30.291968405919633, 1.5349053452135715], [30.292132043453755, 1.5351592619082388], [30.292140859153502, 1.5352562936855207], [30.292118413595045, 1.5353029312168696], [30.292072188374725, 1.5353508238479092], [30.291904816358524, 1.5354612868092785], [30.29169796014551, 1.5355628290419039], [30.291481663606707, 1.5356353019146785], [30.29137899949723, 1.535688424308964], [30.290959197403193, 1.5360300234469455], [30.290864852167307, 1.536064421613124], [30.290719690084998, 1.5360749690974167], [30.290367055671588, 1.5359669997503234], [30.29003706204425, 1.535784694255494], [30.28977610526191, 1.5355063261092479], [30.289717848123193, 1.5354749216935077], [30.28966066582138, 1.535471019844426], [30.289588675041234, 1.53550192353578], [30.289501601586185, 1.5355858439762535], [30.289385608593157, 1.535790329727326], [30.289232210237085, 1.5359491760929123], [30.289117710676752, 1.5361454236335939], [30.289057935492025, 1.5361762435237767], [30.28894255272963, 1.5361719582743842], [30.28882571688757, 1.5361230995303348], [30.288671105490714, 1.5360124917945404], [30.28850025833116, 1.5358170797314021], [30.288266196642418, 1.5356360115074301], [30.288076729145843, 1.5354564317696175], [30.287911431619523, 1.535267247774072], [30.287778225659277, 1.5350574179184981], [30.28767530034542, 1.5348583438030312], [30.287633165756606, 1.534714707931623], [30.287517672846764, 1.5341652008831153], [30.287511390717768, 1.5339039576952593], [30.287535399505433, 1.5336293057218455], [30.287566739034354, 1.5335116071355106], [30.28764648138816, 1.5333427723467867], [30.287688145485063, 1.5331904182670588], [30.287701152992152, 1.533105173320413], [30.28770194299073, 1.5328777488163443], [30.287799803553355, 1.5324757332024466], [30.287800260247643, 1.531938405334254], [30.287775486931114, 1.5318108672735413], [30.287718603297588, 1.5317404501691851], [30.28764173196082, 1.531711887411413], [30.28727038494752, 1.5317373076753378], [30.286885888719986, 1.5317139479545787], [30.286608379226998, 1.5316676687129254], [30.286437110410322, 1.5316160955185212], [30.286383176176297, 1.5315731129068486], [30.286262045874135, 1.5313722589306242], [30.286252996555653, 1.5313275838726517]]}}, {"type": "Feature", "properties": {"OBJECTID": 2975, "Id": 21380, "Contour": 1361.5, "Shape_Leng": 9445.73536136}, "geometry": {"type": "LineString", "coordinates": [[30.28938870469577, 1.5475184806113407], [30.289409360284797, 1.5474260047012305], [30.28948954415327, 1.5473323748370549], [30.28953824258222, 1.5473047319645], [30.28964328913301, 1.5472795313786474], [30.2900122329596, 1.5472646241936006], [30.290125756542064, 1.5472973970915969], [30.29029479366459, 1.5473852033562305], [30.29044376532407, 1.547527234499471], [30.290607516639486, 1.5476418957867633], [30.29068924227159, 1.5476522536011665], [30.290894203669072, 1.5476246411005594], [30.291052857682075, 1.547630579539988], [30.29120987875847, 1.547660815152689], [30.291461876148848, 1.5477430952684306], [30.29153353293115, 1.5477173190366809], [30.29164101050443, 1.5476187368382244], [30.29171083123118, 1.5475289139564337], [30.29182556121799, 1.5473360456828233], [30.29187097170885, 1.5472896957207132], [30.29192557425836, 1.5472627838873845], [30.292203347223065, 1.5472398871220212], [30.29229252460257, 1.547257818223985], [30.29253251532108, 1.5473618843149857], [30.292630196464856, 1.5473710901914435], [30.29269753538683, 1.5473550280322517], [30.292944142938413, 1.5471911545634176], [30.29320351062396, 1.5469757067246648], [30.293249215089084, 1.5469207344767513], [30.293266177171965, 1.5468392747483302], [30.293254642468384, 1.5465812485878092], [30.293284739541107, 1.546303784528973], [30.293343391850247, 1.5460822291154765], [30.293445340017644, 1.545896028626683], [30.293495048661374, 1.5457310044905532], [30.293530632592525, 1.5456795627613404], [30.293604113393034, 1.5456472878503342], [30.293958842558776, 1.5455965677609653], [30.29437123260399, 1.5455163899433841], [30.294701291260797, 1.5453443209095032], [30.294947494464253, 1.5451695048166465], [30.29506397229391, 1.5451036123352482], [30.295176249505502, 1.545055021923579], [30.295333055949854, 1.545016691327684], [30.295436734655226, 1.5450342238830723], [30.295546730392754, 1.545114434693836], [30.295756392621694, 1.5453225286652634], [30.295961721762378, 1.5455761079674155], [30.296300206090965, 1.5459367331402405], [30.29650682815536, 1.5461850756242794], [30.29686996822453, 1.5467696769177723], [30.296967689662388, 1.5468927557425045], [30.29702400533816, 1.5469394683871338], [30.297077563280546, 1.546960110726466], [30.297135938712497, 1.5469513401739785], [30.29718510384959, 1.5469145004834157], [30.297208328565468, 1.5468588538990355], [30.29720354885633, 1.5467713745048486], [30.297107110328987, 1.5465138704053483], [30.29708779666805, 1.5463781075489145], [30.297103629382885, 1.546285352398584], [30.29716451240744, 1.5461743346891244], [30.29716628281519, 1.5460995318890718], [30.29710839793355, 1.5458245808884474], [30.29700769635922, 1.5455894345114811], [30.29688295236676, 1.5452154199028094], [30.29691004971406, 1.5448599959979545], [30.297084376665815, 1.5444024467024962], [30.29710142971695, 1.5443208082364068], [30.29708525895568, 1.5442203786747448], [30.296980271205342, 1.5440072265662081], [30.296972909031723, 1.5439416860936603], [30.29698485699017, 1.543878450382869], [30.29712530579482, 1.543562111052672], [30.297169052016994, 1.5435062624324716], [30.29722786340657, 1.5434666718512178], [30.297547607423247, 1.5433917062888034], [30.29781791363578, 1.5433518085982216], [30.297940477693004, 1.5433547591980683], [30.298099034986045, 1.5433830754404765], [30.298191868841194, 1.5433764331896838], [30.29828325653131, 1.5433196770635473], [30.298309067215392, 1.543273752254252], [30.29831038724528, 1.5432366042279022], [30.298273681628217, 1.5431849070139239], [30.298169392626942, 1.5431229872124768], [30.297997474893712, 1.542986169404525], [30.29794984874569, 1.542887287384099], [30.297902254765788, 1.542682475572117], [30.29786443680936, 1.5426403714611898], [30.297803032643536, 1.5426271016981727], [30.29751136462737, 1.5426340074429277], [30.29700117816636, 1.5425439369002514], [30.296503236940325, 1.542554032538392], [30.2963533709873, 1.5425190077020243], [30.296254134394754, 1.5424582853644038], [30.29620402087049, 1.5423835458369033], [30.296182193555182, 1.5422944587633225], [30.296202994837373, 1.5421094621973037], [30.296167790826534, 1.5417723124299352], [30.296165562774494, 1.5414121563647674], [30.296129238147135, 1.5412120068353456], [30.296134240819487, 1.5411142801262794], [30.296163683015088, 1.5410379243878427], [30.296231347373745, 1.5409368487842354], [30.296295578850316, 1.5408607915162764], [30.296362246904014, 1.540811218474471], [30.296454865298166, 1.5407835317478786], [30.296844789858753, 1.5407749041456849], [30.297022206830373, 1.5407240902559636], [30.297135048458816, 1.540645704692632], [30.29744384391239, 1.5403488364850308], [30.297526976241713, 1.5402985617978997], [30.297619618994354, 1.5402733758960978], [30.297725978998034, 1.5402702623201607], [30.297861996981823, 1.540298950545921], [30.29808021554287, 1.5404027735758656], [30.298199858813263, 1.5405122357983145], [30.298364571506873, 1.5407524161019888], [30.29844760927649, 1.5408150320460936], [30.29849916709318, 1.5408255070923165], [30.298558081988563, 1.5408082293048817], [30.298660519603857, 1.5407030965976427], [30.298719264857553, 1.5405656460399895], [30.29873103893584, 1.5404788906721973], [30.298641360822575, 1.540256836275475], [30.298613970926677, 1.5401430951864379], [30.29859024146882, 1.5395760394451166], [30.298624257131387, 1.5394371770904491], [30.298847974677336, 1.5389567501055135], [30.298867979713812, 1.538841231057867], [30.298875616292182, 1.5385894506730662], [30.29885064835848, 1.5384646116277116], [30.29873549211009, 1.5383144306372172], [30.29869382934315, 1.5382334757516172], [30.298670364033622, 1.5381338913295113], [30.298671596922237, 1.538046604057808], [30.29870906664607, 1.5379081095212572], [30.298859866612347, 1.5376463240895444], [30.298902277178044, 1.5375161593037714], [30.298912193336083, 1.5374361723750287], [30.298882935503684, 1.5372941181206956], [30.298752111774117, 1.5370061493617069], [30.298528754257134, 1.5363236732426098], [30.298506918747538, 1.5362193550836194], [30.298513503727907, 1.5361212847054775], [30.298546705534747, 1.536037385925329], [30.29859077051522, 1.5359795948549912], [30.298899551875984, 1.5357186326886285], [30.298984949303517, 1.535614113065751], [30.299053911732514, 1.5354961089613282], [30.2990926006142, 1.5353947433165538], [30.299112766208943, 1.535290740807917], [30.29911937556462, 1.5350936077885988], [30.299090776640565, 1.5349242362069346], [30.29911624943969, 1.5348729519499487], [30.29920190446331, 1.5348556574428474], [30.299314851527196, 1.534886433993359], [30.299544874006084, 1.5350780907149142], [30.29967152377311, 1.5351422845518627], [30.29978677171529, 1.5352234197836536], [30.29986330476994, 1.5352077800319044], [30.29992059921593, 1.5351631922987161], [30.299930027252113, 1.5351344035530607], [30.299876860860888, 1.5350743690933464], [30.29970089234123, 1.5349524670286452], [30.29956296834549, 1.5346829166670124], [30.29950133718441, 1.5346041097375624], [30.299331118168038, 1.5345083986625392], [30.299158944332895, 1.5344547662088335], [30.299025532098305, 1.5344445477600397], [30.298796276927902, 1.534511634521278], [30.298698398684518, 1.5345822568079768], [30.298502697826628, 1.5348005977360337], [30.29844767694725, 1.534820398225499], [30.29840384627502, 1.5348050972390486], [30.29826585644072, 1.5346690039994455], [30.298070551619183, 1.5344182845079082], [30.297992581505337, 1.5343412270388415], [30.297902393020625, 1.534285566385668], [30.297654264612706, 1.5342096578670612], [30.297587144846815, 1.5341649592645017], [30.29756538747925, 1.534118961800368], [30.297564316833057, 1.5340651330925261], [30.297623644618323, 1.5338780428866672], [30.297628609283855, 1.533809041644586], [30.29759920226228, 1.5337519023225354], [30.29753368935607, 1.5337124293959843], [30.297161210282063, 1.5336327175481657], [30.296465062313278, 1.5335968791348593], [30.296319932198312, 1.5335560756471915], [30.296188114211557, 1.5334957126930027], [30.296114837528386, 1.533432502296226], [30.29603706143159, 1.5333303899154471], [30.295967271628058, 1.533105996702317], [30.295964172032303, 1.533046256440925], [30.295988150106602, 1.5328987489030756], [30.29597722716005, 1.532635051012278], [30.295987009858514, 1.5325401086635686], [30.29603183397006, 1.5324328337591393], [30.29615434789224, 1.5322543495175291], [30.296271644311958, 1.5321741349862827], [30.296306459382382, 1.532170453400255], [30.296346104676967, 1.5321868240149228], [30.29637054832986, 1.5321785136895387], [30.296447055727747, 1.5320495952244166], [30.296617274766, 1.5318997874343172], [30.29678232564819, 1.5318347154455025], [30.29695612746565, 1.5317434918395103], [30.297078411094354, 1.5317307860304228], [30.297274079120047, 1.531738861197223], [30.297363306719948, 1.5317229578326155], [30.297459372429277, 1.5316785435709313], [30.297535754228, 1.5316145786882003], [30.297572039554407, 1.5315437026401275], [30.29756518280004, 1.5314636347112982], [30.297355955335682, 1.5311225111194013], [30.29731789238904, 1.5309763595123227], [30.29732549524232, 1.5309131455600227], [30.29735758319924, 1.5308555628910177], [30.297409329332044, 1.53081742249652], [30.297479506791877, 1.530793397752375], [30.29805258877967, 1.5306783829358244], [30.298428537963602, 1.5306310595371648], [30.298862626535346, 1.5306023117637026], [30.298958675506043, 1.5306159804482935], [30.29905747133706, 1.530651544372027], [30.29927393416714, 1.5307771403470172], [30.299371928019653, 1.5308900155266576], [30.299460509182417, 1.531091923517066], [30.299559513999178, 1.5314656030551725], [30.29963105663437, 1.5315930218921543], [30.300054065815072, 1.53190760660715], [30.300228423562054, 1.5320069316589568], [30.30034684003998, 1.5320523722341821], [30.300407060801085, 1.5320496171885016], [30.300443151034067, 1.5320076147148585], [30.300488957867884, 1.5317953523310412], [30.300617352529482, 1.5315190628620508], [30.300620831886228, 1.5314280114871088], [30.30059470744084, 1.5313562864111876], [30.300552454963913, 1.5313091157572536], [30.300499228089986, 1.5312947455267112], [30.30033604387075, 1.5313043633838959], [30.30024319519866, 1.5312794294602656], [30.300172235798687, 1.5312301322150808], [30.300055104783247, 1.5310985137315367], [30.300009107961603, 1.531001789938268], [30.29996384948444, 1.5308469810092553], [30.299911665579643, 1.5304708062018086], [30.299853265552304, 1.5302308845403358], [30.299824528074677, 1.5301582326648482], [30.29978827264775, 1.5301126514578254], [30.29961333450134, 1.5299896920013887], [30.299359534445088, 1.5297357538326788], [30.299047966607617, 1.5295184457599498], [30.298898033833265, 1.5294866709148283], [30.298548862260137, 1.529509069390876], [30.298443217048117, 1.5294825972797481], [30.298338762597115, 1.5294281520318977], [30.29824724190639, 1.5293537550295497], [30.298059495382844, 1.5291495073135832], [30.29788567496997, 1.5289865381156802], [30.297693340838098, 1.5287217128231816], [30.297684970827117, 1.5286603524869573], [30.29770058843008, 1.5286190166944442], [30.2977385495453, 1.5285690558604965], [30.297812438213057, 1.5285127606980304], [30.297969691557444, 1.528445835600397], [30.298327782776, 1.5283785425489895], [30.298415890085646, 1.528337298581412], [30.298463593023463, 1.5282904302475346], [30.29846655531289, 1.5282595965145132], [30.29844278036273, 1.5282258450158959], [30.29820203821619, 1.5280620569292735], [30.298079624795022, 1.5279236642289824], [30.298063046852125, 1.527866254897673], [30.298080350459266, 1.5276062764850178], [30.298202068871813, 1.5272429109187846], [30.298333120871387, 1.526940727572513], [30.29844333149576, 1.5267769030809741], [30.298577748545593, 1.526615205718492], [30.298609844890038, 1.5264883762988064], [30.298767591361372, 1.5263797296946608], [30.298798406931493, 1.526325421594482], [30.2987896290995, 1.5262937682922078], [30.298758107005238, 1.526266106654448], [30.298664259490167, 1.5262558438608174], [30.298465122935273, 1.526315758969863], [30.298333731992315, 1.5264213506588251], [30.298262070754063, 1.5264605295481402], [30.298187530640174, 1.5264736888309298], [30.298134305767693, 1.5264515884838155], [30.29812495166445, 1.5264080999000846], [30.298146252324067, 1.5263370116182136], [30.29819423039375, 1.5262485225606528], [30.298292793671333, 1.5261166602786274], [30.298303301147758, 1.5260601120909654], [30.298237778162115, 1.5259703403733234], [30.298015994204263, 1.5258026044773447], [30.297932396880746, 1.5256838255864615], [30.29789182529763, 1.5255443308498104], [30.29791474472083, 1.5253008077119181], [30.29789776549279, 1.5252450531495714], [30.29786389236545, 1.5253002532213729], [30.297770371973627, 1.525631209671761], [30.297753939153004, 1.525871596367713], [30.29773479192822, 1.5259503951989088], [30.297461906245182, 1.5263914875576514], [30.29731898789293, 1.526475337935811], [30.297216723031568, 1.5264892756131727], [30.297120363672875, 1.526447056881764], [30.296935043786167, 1.5262719566517404], [30.29687635092798, 1.5262649011478766], [30.296841981213316, 1.5262979784596071], [30.29681816885383, 1.5263809617104735], [30.296813793254547, 1.5265256637452278], [30.296876882045254, 1.5268958404542958], [30.296873939036594, 1.527027190317648], [30.296838837502886, 1.5271317930981902], [30.29671436956315, 1.5273194235024496], [30.296652551245547, 1.5274612599086832], [30.2965868416798, 1.5275550548549492], [30.296451013067664, 1.5276687879178197], [30.296307647086657, 1.5277357680145967], [30.296085599881774, 1.527762904478501], [30.295830537601127, 1.527743647239104], [30.295781676715688, 1.527760040347197], [30.295762686343036, 1.5277837257735654], [30.2957543797622, 1.5278808235679062], [30.29581471985475, 1.5283294054839118], [30.295773716061845, 1.5286979862381156], [30.295768458136944, 1.5289877294354375], [30.2957151116083, 1.529254409516515], [30.295670176813378, 1.5293329711833603], [30.295610467056953, 1.5293771032525043], [30.295532785736903, 1.5293831233894688], [30.295451775073403, 1.5293541096372283], [30.29506779453103, 1.5290360373632748], [30.294692216955625, 1.5288590897721162], [30.294584733966484, 1.5288286990228677], [30.2942426494339, 1.528798847376928], [30.29400385303299, 1.528713960430788], [30.293698024736564, 1.5285087513507596], [30.2934869896431, 1.5282989178057342], [30.293169567347977, 1.5282118431063632], [30.29299051391128, 1.5281146135490706], [30.29287053799389, 1.5280206312944897], [30.292703714129765, 1.5278301805885477], [30.2926467546687, 1.5277884963923947], [30.292537669211058, 1.5277855334946073], [30.29239407961298, 1.527867755588991], [30.292335034948923, 1.5278848361956308], [30.29225087229427, 1.5278796682778206], [30.29200407288238, 1.5278225203340552], [30.291930951012098, 1.527824511618033], [30.291898494134376, 1.5278423634792389], [30.291894349199943, 1.527882826142139], [30.291918849701577, 1.5279311773099462], [30.292177216018853, 1.52822596212245], [30.292242984519834, 1.528358769307833], [30.292266809913468, 1.5284396404927638], [30.29226299037249, 1.5284945378268906], [30.292235008647857, 1.528546694703543], [30.2920408041407, 1.5286927492099056], [30.29199858473981, 1.5287484629700419], [30.291969382284808, 1.5288202041280485], [30.29196073276471, 1.5288960959335582], [30.291972616531584, 1.5289894593600581], [30.2920635960893, 1.5292264827424569], [30.29210943335105, 1.5292817919069122], [30.292272768738908, 1.529383629670134], [30.292475459517338, 1.5295711195886414], [30.292569096778564, 1.529636566735612], [30.29269480815026, 1.5296777148665257], [30.292897003894847, 1.5296828610277455], [30.293052156660874, 1.5297565961080548], [30.293143006011256, 1.5298337184826587], [30.29321594891856, 1.5299659633295155], [30.293216476757244, 1.530013932012981], [30.29319435402107, 1.530045951991114], [30.293067493046756, 1.5301254446505057], [30.29259122062385, 1.5304808823652432], [30.292399284976668, 1.5305972705032478], [30.292339110511648, 1.5306935660609906], [30.292310648349332, 1.530819572634035], [30.292317368343497, 1.530883400070064], [30.29235893539048, 1.5309554931105371], [30.29262042004182, 1.5311064422706], [30.29301611066753, 1.5314786236500133], [30.293129319344768, 1.5316518102362573], [30.29317435438525, 1.5317471966023037], [30.293204894632797, 1.531868428455266], [30.293207490049287, 1.5319961790844792], [30.29316310822948, 1.532107161207719], [30.293063668187617, 1.5321727111676415], [30.29293566694459, 1.5321986727005807], [30.29232823261746, 1.5322526733634132], [30.2922507921495, 1.5322782837118436], [30.2922174663794, 1.532317958359344], [30.29221888816821, 1.5323574604278822], [30.292250794876168, 1.5324141808381564], [30.292472423097482, 1.5326349239386012], [30.29256750532522, 1.5327953546113968], [30.292641204208863, 1.5330248923500571], [30.292704587110094, 1.5333994768211767], [30.292681626501402, 1.5335535825687432], [30.292608795479282, 1.5336798219700727], [30.292559389506188, 1.5337335366764304], [30.2923512574318, 1.5338421778636748], [30.291961232668967, 1.5339330988613487], [30.291887826840995, 1.533981331676019], [30.29185018757848, 1.534041642224906], [30.291851336855906, 1.5340852628105484], [30.291870231823292, 1.5341202611588693], [30.292059955779987, 1.5342631612527526], [30.292158798281086, 1.5344312042376085], [30.292159958977717, 1.5345092992874896], [30.292092044777746, 1.5346823276302524], [30.29208567136903, 1.5348007996607111], [30.29210864606228, 1.5348720534591853], [30.292233795604908, 1.5350149873151402], [30.292275489260266, 1.5350969380722523], [30.292282326576164, 1.5352089109420464], [30.292231874214227, 1.5353434611727645], [30.292198117916463, 1.5353934980754507], [30.29215400572934, 1.5354214464288904], [30.2920108654809, 1.5354682721800208], [30.291801208536803, 1.535568393455153], [30.29152322849653, 1.535652629403445], [30.29143026616813, 1.5356949120432517], [30.29133877693221, 1.5357677223419839], [30.29115689434513, 1.53596960755676], [30.290984005474698, 1.536099528696325], [30.290872498803584, 1.536130798110577], [30.29074037320166, 1.5361371168361353], [30.29020864042632, 1.5360085455558605], [30.290025486567842, 1.5358653964762305], [30.289780695984273, 1.5356033286350905], [30.28971983584252, 1.5355644861739473], [30.289662108813307, 1.5355561171739271], [30.28959548399196, 1.5355847863160292], [30.28951955816572, 1.535663284448758], [30.289414484691406, 1.535838092712971], [30.289296518080743, 1.5359948753465378], [30.289174700538403, 1.536217861049634], [30.28909972964413, 1.5362643342966522], [30.288995689703683, 1.5362624775441671], [30.288841867231497, 1.5362024707293431], [30.2886320876606, 1.5360588039231424], [30.288543435622675, 1.535975406701697], [30.288427896631177, 1.5358349443172834], [30.288040734527765, 1.5354897134713035], [30.287895308759868, 1.5353233244840054], [30.28762847834054, 1.534873178920101], [30.287491632071774, 1.5345336116795278], [30.28745477874334, 1.5342991892677336], [30.287454308353627, 1.5339707848183508], [30.28747911206815, 1.5336269442233528], [30.287591111096855, 1.5333262563749797], [30.287634707262676, 1.5331243014481135], [30.287641557512124, 1.532862309545391], [30.287732304216004, 1.5326104698804115], [30.287765809225473, 1.532460116677748], [30.287768347397456, 1.531939451422171], [30.28774766506022, 1.5318329546926572], [30.28769741934515, 1.5317723508695018], [30.28761727876771, 1.5317509588974567], [30.287236659052237, 1.5317844041045767], [30.286913594734713, 1.531792501631036], [30.286730394845172, 1.5317809922738632], [30.286569596048643, 1.5318097854713124], [30.286454890978966, 1.5317997745235157], [30.2863867483701, 1.5317658399244631], [30.286335559768183, 1.5317104001897681], [30.28616067825006, 1.5314181300145677], [30.28613626310624, 1.5313244353457982]]}}, {"type": "Feature", "properties": {"OBJECTID": 2976, "Id": 21383, "Contour": 1361.0, "Shape_Leng": 9324.41903406}, "geometry": {"type": "LineString", "coordinates": [[30.289293374041485, 1.5474279872361991], [30.289379609227666, 1.5473012273532891], [30.289463850284278, 1.5472450623376188], [30.28977750648282, 1.547183107358842], [30.289981733077475, 1.5471997606303278], [30.290117481738164, 1.5472372938599672], [30.29028802844482, 1.5473337054477623], [30.290465396935563, 1.5474954545492534], [30.29062742543828, 1.5476160205092357], [30.290692959117802, 1.547623261788399], [30.29089735873028, 1.5475874413550894], [30.29102426324094, 1.547588676433634], [30.29121073953108, 1.5476172905375378], [30.29145704355996, 1.5476836455900769], [30.291521890345454, 1.5476626417245272], [30.291619409133432, 1.5475765505559058], [30.291686869038067, 1.5474849885231674], [30.291801414650212, 1.5472749717194276], [30.29184113324738, 1.5472354978779035], [30.291894988603026, 1.5472100805868196], [30.292244804063127, 1.5471847147789126], [30.29234873780474, 1.5472146531570254], [30.29252485654784, 1.5473074150427313], [30.29262562365781, 1.5473212125521807], [30.292696949730818, 1.5473064000978023], [30.292909806497374, 1.5471654193431008], [30.293156074302416, 1.5469653430785046], [30.293206795954017, 1.5469006439311228], [30.293220125519777, 1.546829091061704], [30.29319966302838, 1.5466608922129856], [30.293253122085552, 1.5462636136060872], [30.293316949405927, 1.5460370422369543], [30.293410136685605, 1.5458525290465084], [30.293453467214704, 1.5456741415097972], [30.2934928796573, 1.5456115600658658], [30.29354995487922, 1.545587354360147], [30.29367294446129, 1.5455863364171427], [30.293960485078223, 1.545552329163244], [30.29435558799713, 1.5454877153162978], [30.294717769771857, 1.545287153128896], [30.29497460487577, 1.5451105539765562], [30.29518884691697, 1.5450042081222182], [30.2953238102686, 1.544969464230282], [30.295436887864923, 1.54498409795206], [30.29555171500816, 1.5450634471737155], [30.295726016990116, 1.545231410939251], [30.29599324918155, 1.5455421702086183], [30.296235716373214, 1.5457848039353987], [30.29652400431343, 1.5461606580856595], [30.296708160024753, 1.5464717199742957], [30.29690573117396, 1.5467611279616789], [30.296953713313837, 1.5467963757581646], [30.29699853607744, 1.5468043318524918], [30.297042940022738, 1.5467854976056665], [30.297084602561736, 1.5467426473594563], [30.29710822594027, 1.5466641129766705], [30.297066784064125, 1.546479356763068], [30.297057209422743, 1.5463378195919644], [30.297076819431467, 1.5462418846033739], [30.297123905383714, 1.5461486534016242], [30.297126000632378, 1.546098683844666], [30.297078240518204, 1.545878279238145], [30.2969607195008, 1.545570299124742], [30.29685571620016, 1.545206599466015], [30.29687370583328, 1.544852422303915], [30.296963049875302, 1.5445327240507472], [30.297003385683563, 1.544268452377829], [30.29699042260318, 1.5441676030983533], [30.29690335260379, 1.5439672347681188], [30.29690491841915, 1.543845866211414], [30.29693135785782, 1.5437799474283538], [30.297021071104925, 1.5436642061074797], [30.297092384619205, 1.5435300789099111], [30.297168709735068, 1.5434543534505816], [30.297307429717407, 1.5434003346303187], [30.29792880376313, 1.5432902696382753], [30.297969244183594, 1.5432630802607352], [30.297990565644835, 1.5432256875312957], [30.297997796301242, 1.5431227626596395], [30.297866757683316, 1.542768380183597], [30.29782870745093, 1.542709374490006], [30.29778721458048, 1.542682674415302], [30.29748176750629, 1.5426634487099191], [30.296999943141763, 1.5425829918721445], [30.2964992779517, 1.5425980698201947], [30.29631425586615, 1.542558259831561], [30.29621087834466, 1.5424881862223676], [30.296158409794437, 1.5424189700402762], [30.296119844008647, 1.5423368977529894], [30.296052824836018, 1.542083031643005], [30.296060116255486, 1.5420025310901857], [30.296105816266603, 1.541880703724447], [30.29611588540559, 1.5415828551381985], [30.296113016132573, 1.5414157106828315], [30.29607304530151, 1.541225968478338], [30.29607903158195, 1.5411167710483602], [30.296201959547137, 1.5408411131373352], [30.29628726804336, 1.540758235494105], [30.296395184095022, 1.5407232249222147], [30.296592543375162, 1.5407405937586898], [30.296786091997614, 1.5407331854117239], [30.296986653811665, 1.5406944325980318], [30.29712040422585, 1.5406059903472296], [30.297451718623392, 1.540291801460082], [30.29752416254866, 1.5402498616284643], [30.297608001919535, 1.5402264823362588], [30.297721793353915, 1.5402217525731456], [30.29786733381378, 1.5402551788858896], [30.29808514365821, 1.5403597278038164], [30.29819646656707, 1.5404560324546335], [30.29837221560755, 1.5407110776698247], [30.298456510641948, 1.5407805214234604], [30.298509099321915, 1.5407879080852824], [30.298545067667543, 1.540773969797881], [30.298639975932034, 1.5406648945550219], [30.298684897903694, 1.5405510877370159], [30.298695837845635, 1.5404727889243208], [30.298606308913033, 1.5402651179804965], [30.298577852128943, 1.5401296931566861], [30.29856471686161, 1.5395418285007727], [30.29860338412001, 1.5393980781135226], [30.298807519956885, 1.5389630997976158], [30.298829039163433, 1.5388321453318603], [30.298836919719726, 1.538601747098658], [30.298812599650915, 1.538480355482758], [30.29869384558648, 1.5383270023813755], [30.298644144086932, 1.5382366688847713], [30.298622170748978, 1.5381648930891356], [30.298619083223873, 1.53808724128198], [30.298662214375284, 1.5379091447709392], [30.29883409551359, 1.5376116393885053], [30.298869790392192, 1.537429744863073], [30.29883811996613, 1.5372769169674192], [30.298712112693234, 1.5369839387189101], [30.29848877754315, 1.5363194614387787], [30.2984665467656, 1.5362134248179935], [30.298470682594047, 1.536126916471461], [30.298494532646618, 1.5360484552048013], [30.298533193750085, 1.5359883630383206], [30.298879603456562, 1.535714273180713], [30.29897045477047, 1.5356071964085478], [30.299040604933385, 1.535487176332075], [30.299075951085793, 1.535388456395746], [30.299089601016515, 1.5352858205167321], [30.299082415968158, 1.535161670958201], [30.29903117812245, 1.5349611855400533], [30.299035701476374, 1.5348995290562977], [30.299058187210555, 1.5348574110345943], [30.299155996008825, 1.5348079122716445], [30.29926995357964, 1.534809137456439], [30.299368266984327, 1.534874336216026], [30.29951688477995, 1.5350197444061013], [30.29956586064859, 1.535044302502972], [30.299608304512805, 1.5350225029621511], [30.299619025474126, 1.5349463465478788], [30.299570076781215, 1.534764663908457], [30.299491827276924, 1.534634488741736], [30.29931691345607, 1.5345301152202004], [30.299146539228573, 1.534493790507251], [30.298886825028426, 1.5345132651522453], [30.298774845776737, 1.5345480298776648], [30.29866770098688, 1.534647831115311], [30.298500565846123, 1.5348957547818256], [30.298473498401616, 1.534914252815147], [30.29843318750205, 1.5349131948156485], [30.2983653259266, 1.5348547490650986], [30.298072838766913, 1.5344598052224594], [30.297985868908572, 1.5343710770384105], [30.297860010769075, 1.5343058511381722], [30.29757136011466, 1.534243808904691], [30.297506579202846, 1.5341975693470635], [30.297482524184186, 1.5341445896564265], [30.297480765147803, 1.5340847894492797], [30.29757561439455, 1.5338401215494646], [30.297565733760504, 1.5337946942893312], [30.297523322716202, 1.5337544069094224], [30.29742842930005, 1.5337181742388195], [30.29719211800232, 1.5336722380635268], [30.296890744973364, 1.533676284487163], [30.296481775646196, 1.533650393618253], [30.29627798037182, 1.533594979221035], [30.296146979525794, 1.5335361629130098], [30.29605331778336, 1.5334535118795296], [30.295978299086077, 1.5333621976443488], [30.29588985099913, 1.5331290330961047], [30.295887317586306, 1.5330508981050335], [30.29593222807561, 1.5328703791089102], [30.295945339098648, 1.5325321501244888], [30.295972431440944, 1.5324537598900587], [30.296050458927837, 1.5323102879960948], [30.296144293938593, 1.532186060039143], [30.296231004166057, 1.532114361983562], [30.296441632618855, 1.5319785618639596], [30.29666677386335, 1.5318016848378377], [30.296905355471456, 1.531705414941781], [30.297048616555887, 1.5316972295413012], [30.297255746638662, 1.5317125084492653], [30.29734376389766, 1.5317015969785401], [30.297453477048766, 1.5316571703800559], [30.29752543459016, 1.5315979165003037], [30.297552480731667, 1.531539165070512], [30.297542438795404, 1.5314711058541537], [30.297326139402003, 1.5311389114800527], [30.297277792969627, 1.53101308208612], [30.297273344914856, 1.5309298079573177], [30.29729116367956, 1.530842501268916], [30.297323176709256, 1.5307884839962034], [30.297369901944982, 1.5307621171954384], [30.29768783615263, 1.5307276616537588], [30.29820535775626, 1.5306342541742803], [30.29881831605592, 1.5305712786496943], [30.298948376702032, 1.5305750253133266], [30.29910449721606, 1.5306245748512177], [30.299280779886317, 1.530725881035798], [30.299381529730432, 1.5308408597589793], [30.29947137497952, 1.5310437681595004], [30.299577639057826, 1.531426407469478], [30.299663572043173, 1.5315731732208486], [30.29976377064323, 1.531669654488933], [30.300008500857757, 1.5318624732581554], [30.300135895200604, 1.5319398012366314], [30.300245940823125, 1.5319818380052632], [30.300315518715145, 1.531980411546151], [30.300366008543328, 1.5319369834763086], [30.300440191782428, 1.531760914071205], [30.300558723983062, 1.5315359560491892], [30.30057219060266, 1.5314349074425417], [30.30055290899286, 1.531386508852985], [30.300515752404685, 1.5313538926289547], [30.300326321063793, 1.531343783193682], [30.3002082794498, 1.5313059173487196], [30.300135614700775, 1.5312488357450775], [30.300025585993016, 1.5311216735771715], [30.29998607703692, 1.5310276122409], [30.299941688774116, 1.5308586629004513], [30.29988188677289, 1.5304388110346492], [30.299816297130157, 1.5301993635610205], [30.29978257674457, 1.530145945606713], [30.299629302739884, 1.530048451439127], [30.299331772066683, 1.5297549862497104], [30.299034075250404, 1.5295426364970264], [30.298905996334398, 1.5295141739175988], [30.298532724556853, 1.5295429003845493], [30.298419160032555, 1.529514694802338], [30.298302111349013, 1.5294546242180371], [30.29809670900053, 1.5292946186042684], [30.29801814488692, 1.529176769847637], [30.29777503932793, 1.5289023899412366], [30.297607402081088, 1.528772241839486], [30.29756998400232, 1.5287253724459164], [30.29756215838648, 1.5286719373062039], [30.297587790343314, 1.528625608822535], [30.297780225493007, 1.5284737127531747], [30.29796085534272, 1.528406525577332], [30.298299898564764, 1.5283610477068141], [30.298375176256663, 1.528325402222201], [30.298406584569964, 1.528279288837863], [30.298371182702116, 1.5282166619502071], [30.298190627912064, 1.5280962359005203], [30.298054158584627, 1.5279670800564003], [30.298003511979317, 1.5278826717644103], [30.297952643540928, 1.5277342192692465], [30.2979675257131, 1.5276818092406046], [30.29810679675501, 1.5274162545371452], [30.29828491827925, 1.5269759034393258], [30.29845796250343, 1.5266638117602809], [30.298484705874586, 1.5265667763823534], [30.2984890001797, 1.5264118885008635], [30.29847365654475, 1.5263773291077478], [30.298447138428017, 1.5263691030759314], [30.298254873377527, 1.5264804827980827], [30.298179127306586, 1.5264917356994516], [30.29811170945869, 1.5264700013784143], [30.2981000149188, 1.526437959060149], [30.298106202980883, 1.526391188454265], [30.29822684825769, 1.5261158913389874], [30.29822781210641, 1.5260248651214798], [30.29817046299405, 1.5259413468695084], [30.298007355386936, 1.525806446085636], [30.29787468005899, 1.525669082491685], [30.297832374609325, 1.525644193712405], [30.297803794941373, 1.5256517925548354], [30.29778240916773, 1.5256865253106053], [30.297772721196033, 1.5258641381728868], [30.297751406984265, 1.5259469967105705], [30.297609553199337, 1.5261680962863948], [30.29756584556209, 1.5262639034788859], [30.29755221192488, 1.5263669283180847], [30.297580078175187, 1.5264868794889765], [30.297562328991198, 1.5265196210069154], [30.29747576330172, 1.5265331994303402], [30.297393925924283, 1.5264995078739338], [30.297299397598614, 1.5265374781569367], [30.297216377270363, 1.52653204668272], [30.29712978212272, 1.5264855644053155], [30.296949552560246, 1.526301173107803], [30.296897806067832, 1.526287233468472], [30.296856089144207, 1.5263159700613793], [30.29682959986511, 1.5263992713091032], [30.29682600973034, 1.5265334211928598], [30.29689673290455, 1.5269049596995978], [30.29689252063225, 1.5270537151851113], [30.29685804985467, 1.527157742372988], [30.296706126449447, 1.5274507555899708], [30.29659201546707, 1.5276048837542626], [30.296461332086515, 1.5277158053542372], [30.29632611932289, 1.5277684096465847], [30.296105628602266, 1.5277915157855189], [30.295868724392513, 1.5277709806206938], [30.29579867762349, 1.5277981533883758], [30.29578423989835, 1.5278976435845553], [30.295845061069308, 1.5283295431179391], [30.29583598599653, 1.5285156988040582], [30.29580601485628, 1.5287201972562827], [30.295796554557352, 1.528992805306167], [30.295743459076274, 1.5292967849307086], [30.295695373026213, 1.5293876611464774], [30.29563438317186, 1.5294323609111315], [30.29554701414147, 1.529437337873582], [30.29546325967226, 1.5294053579234568], [30.295049721961252, 1.5290593665818033], [30.29469150414719, 1.5288867888069564], [30.29458384002854, 1.5288563855947532], [30.29422055652735, 1.528832126486919], [30.294096266858098, 1.5287981036961853], [30.29397296048313, 1.5287441801633588], [30.29367484548473, 1.5285427667091156], [30.29346740096179, 1.528321334405608], [30.293150083642487, 1.5282293039788122], [30.292952425601847, 1.5281136976760425], [30.292853723366747, 1.5280368599931473], [30.2926948646579, 1.527858541774385], [30.29264080410679, 1.5278183585515566], [30.292589850419237, 1.5278093771203558], [30.29253542860754, 1.5278222732563274], [30.29242175730498, 1.5279054404081358], [30.29235451425626, 1.5279273538973681], [30.292274014548337, 1.527919608525023], [30.29205293400937, 1.5278573066446073], [30.291992638331124, 1.5278592009952547], [30.291957040551704, 1.527879684649614], [30.291952579640245, 1.527911025286105], [30.291972896109193, 1.527950510134445], [30.29221922718178, 1.5282306060143525], [30.292310617960954, 1.5283941583181004], [30.292333260699756, 1.528469904029651], [30.292322530171152, 1.5285471514756004], [30.292293730955745, 1.528592944762076], [30.29221958290291, 1.5286488183138414], [30.292076160275638, 1.5287139994374364], [30.29201196710863, 1.5288091962890344], [30.291999992856983, 1.5288711939943813], [30.292010533087264, 1.5289609504997101], [30.29209603236047, 1.5291374843125027], [30.292431447288667, 1.5294731140602338], [30.292531913374543, 1.5295496751000024], [30.292647381540753, 1.52959234141924], [30.292832304040424, 1.529602660697095], [30.292925168543178, 1.5296295530864752], [30.293127329666156, 1.529755562835273], [30.29328337901218, 1.5298937424838661], [30.29336271226006, 1.5299316278112616], [30.29349594342115, 1.529960554092543], [30.293528330586515, 1.5300039874048137], [30.293494414586323, 1.5300463929668535], [30.293276655218875, 1.5301451323206947], [30.293130599107215, 1.5301702551901248], [30.29306593815996, 1.5301989674928074], [30.29267384571958, 1.5304870310406176], [30.292425444100882, 1.5306228397449881], [30.29237697462469, 1.5306852956767536], [30.29234167400676, 1.530783948331688], [30.29234321362312, 1.5308753642449757], [30.29238001203597, 1.5309376064174383], [30.29265914196317, 1.5310787612971413], [30.29285965213857, 1.5312803202897274], [30.293042311921994, 1.5314371477314626], [30.293193326345307, 1.5316777476089392], [30.293258560836716, 1.531838194161147], [30.29327494556494, 1.5319292191524003], [30.293262294082748, 1.5320206506648535], [30.29322411560594, 1.532106357544998], [30.29317410801831, 1.5321637172133724], [30.29310687532487, 1.5322014555686045], [30.292970229304508, 1.5322303921188278], [30.292408218796282, 1.5322691107293325], [30.292309450453704, 1.5322882597720027], [30.29226885774351, 1.5323161251893855], [30.292283100731154, 1.5323710708055487], [30.29252162198347, 1.5326438821007509], [30.29262303514256, 1.5328471841767923], [30.292671956258058, 1.5330101553548947], [30.292742710560173, 1.5333422136814812], [30.29274562480949, 1.5335420917294083], [30.292666316990605, 1.5337182121187636], [30.29258705356321, 1.533796991694765], [30.292327071259507, 1.5339102238141136], [30.291970881866224, 1.533976683321032], [30.29190959034693, 1.534016250315894], [30.291888727781924, 1.534075212224638], [30.29191443950518, 1.5341157101727656], [30.29210318010224, 1.5342543956538164], [30.29222597755491, 1.5344189591321422], [30.292235565723924, 1.5344825374375994], [30.29218841313077, 1.5346058159121065], [30.29216489762988, 1.5347356747599712], [30.292169957431454, 1.5347909064647063], [30.292203041456116, 1.5348815414179005], [30.29235580495489, 1.5350908134512602], [30.292412572535394, 1.5352575302112021], [30.292406045233328, 1.5353216263520832], [30.292322909105636, 1.5354295813511063], [30.29223033885676, 1.535494347698025], [30.292021457023814, 1.535522481656047], [30.291802727460144, 1.535613273464815], [30.291542643658254, 1.5356752479916336], [30.291445387909235, 1.5357173835685338], [30.29135353035591, 1.5357939425126956], [30.291186618108387, 1.536004844686746], [30.29100178358764, 1.5361627089035148], [30.290833625778443, 1.536210609205404], [30.290766430648446, 1.5362141307066735], [30.290364446778483, 1.5361368382539782], [30.290235444960224, 1.5360976635360044], [30.290156388194916, 1.5360543831643514], [30.290031695888846, 1.5359545028033477], [30.289775738737017, 1.5356874707910013], [30.289672377647058, 1.535636792271298], [30.289615536130228, 1.5356537232007654], [30.28954431466021, 1.5357225418913862], [30.289380376787264, 1.5359865058730724], [30.289278418116805, 1.5362090818533267], [30.28922210382086, 1.536275915174747], [30.289161719715292, 1.5363184860475136], [30.28906431310206, 1.5363380476718684], [30.288923165682316, 1.5363160254799966], [30.28883105606322, 1.5362764650540284], [30.28860966839139, 1.5361379800545245], [30.288383096074092, 1.535881342961526], [30.288220608037772, 1.5357437881892044], [30.287868892363594, 1.5353663048162527], [30.28756307225681, 1.5348483866969325], [30.28744307164183, 1.5345276968351291], [30.287410243363734, 1.5343056688556436], [30.287395623229873, 1.534078547385369], [30.287413367150222, 1.5336375591872737], [30.287435645979023, 1.5335459547074932], [30.287526980112847, 1.5333329634425183], [30.287578276320758, 1.5328919787147088], [30.287689609783108, 1.5326279815403452], [30.287730017662547, 1.5324747242496712], [30.287737260686978, 1.5319516947152974], [30.28771518423212, 1.5318563229505635], [30.287668355032814, 1.5318089332633982], [30.28758606866242, 1.5317919904643693], [30.286863530497385, 1.5318756041247377], [30.286711052603902, 1.5318618098564916], [30.286528865631063, 1.5318708311319413], [30.286429283880395, 1.5318542563521067], [30.286266780641046, 1.5317743472809562], [30.286108352837186, 1.5316227561227345], [30.286062861461275, 1.5314582180341203], [30.286073406638316, 1.5313227399827796]]}}, {"type": "Feature", "properties": {"OBJECTID": 2977, "Id": 21387, "Contour": 1360.5, "Shape_Leng": 9566.84162066}, "geometry": {"type": "LineString", "coordinates": [[30.289223009713503, 1.5473611933440654], [30.289367101633964, 1.54721582275307], [30.28942483470952, 1.5471786220541677], [30.289734460178156, 1.5470960452029983], [30.289897581496433, 1.547094458496436], [30.290064367520227, 1.547136691619598], [30.29022807683099, 1.547231557501691], [30.290342597131474, 1.5473183124898697], [30.290501100860837, 1.5474784332179583], [30.29063806687925, 1.5475833425907024], [30.290701586342553, 1.5475902804454624], [30.290898097349693, 1.5475496387098429], [30.291037938104612, 1.547546697550865], [30.291254183126632, 1.5475623694795715], [30.291430196837688, 1.5476185741524977], [30.291494871674754, 1.5476052029040095], [30.29156841559653, 1.5475438153912175], [30.291668545000288, 1.5473965016251592], [30.291772098183344, 1.5472027266516466], [30.291811333952754, 1.5471625447173945], [30.291861641272458, 1.5471402953729112], [30.292172571921075, 1.547122662023748], [30.292310950850695, 1.5471530417403807], [30.292558709958612, 1.547253059383631], [30.292648691858293, 1.547256374411787], [30.29272884471692, 1.5472334373519612], [30.292812410285666, 1.5471851033493118], [30.29308313831908, 1.546979772170331], [30.293169430740743, 1.5468817150431617], [30.29318199631201, 1.546820032404271], [30.293157616548886, 1.5465481740873424], [30.293201781986916, 1.5462176285697025], [30.293305447995408, 1.5459315785317271], [30.293375664973425, 1.54577947725454], [30.293416786945492, 1.5456388977355944], [30.293465096302644, 1.545565197867681], [30.293529504578768, 1.5455276173590837], [30.29362859760226, 1.545508339093077], [30.29394123841326, 1.5455126557968546], [30.294242851436497, 1.5454766880987532], [30.29434489180908, 1.5454517898964695], [30.29467498130758, 1.545264653012182], [30.294972321340254, 1.5450400909676523], [30.295135124340018, 1.5449462706982078], [30.29523266370618, 1.5449204620903771], [30.295366955389742, 1.5449192641816774], [30.295450069216518, 1.5449379075567338], [30.295534569072082, 1.5449866782551231], [30.29565842659126, 1.5450890981751604], [30.296261154462343, 1.5457416811000184], [30.296546325873614, 1.5461505882790572], [30.296710309215058, 1.546429834411485], [30.29689722771236, 1.5467022413917566], [30.296960491030998, 1.5467463000209718], [30.29701624210344, 1.5467214237876425], [30.29704046038254, 1.5466456532186756], [30.2970244014846, 1.5463517197749], [30.29705755902167, 1.5460818632190614], [30.297053897058138, 1.5459479252676123], [30.297030921155287, 1.5458443612155908], [30.296858904090502, 1.5453648584343636], [30.296824224285384, 1.5451700037122416], [30.296845110385544, 1.5447724557509068], [30.29690862307528, 1.5445146333655282], [30.29695538520753, 1.544223416619521], [30.296943015839833, 1.5441561838725182], [30.296859498635335, 1.5439633065024692], [30.296847355418716, 1.5438658050516063], [30.296860727321434, 1.5437478305733192], [30.29689806267574, 1.543665260983146], [30.296966203898794, 1.543613594000038], [30.297014491290884, 1.5435304712333426], [30.297165258959016, 1.5434026381766393], [30.297261564715956, 1.5433656189045166], [30.297683573858762, 1.5433095109679251], [30.297862780335052, 1.5432678728025533], [30.2979292861991, 1.543217400401803], [30.297946658956096, 1.5431671412188013], [30.297945565891684, 1.5431106901287326], [30.297841041339435, 1.5427921603202324], [30.29780563476033, 1.5427402793909362], [30.297758279543963, 1.5427148582250076], [30.297483699333462, 1.5427075868066051], [30.297016599762216, 1.5426271778634628], [30.296605599247133, 1.542645023726552], [30.29629807443006, 1.542637220831005], [30.2962222644749, 1.54260503277018], [30.296143529356243, 1.5425196786085211], [30.296067717810224, 1.5423701035390505], [30.296022634595573, 1.5422257438841311], [30.2959948679644, 1.5420706072808212], [30.296067428116324, 1.541584263704373], [30.296029858749073, 1.541178410148107], [30.296089685408038, 1.5407377767854602], [30.296160501715082, 1.540570746561468], [30.29630370447501, 1.5405354724209912], [30.296366284375683, 1.540544421571279], [30.296469869711984, 1.5406250262679726], [30.296537558468046, 1.5406494205384986], [30.296864053255355, 1.5406637381121648], [30.296997896991787, 1.5406333861733124], [30.297148212191487, 1.5405305000971516], [30.297444070191535, 1.5402403970275753], [30.29753874233646, 1.5401835287155854], [30.297629771504248, 1.5401620049757871], [30.297735134735113, 1.5401692214183877], [30.297890187086207, 1.5402159325805296], [30.298116001688832, 1.5403360512268842], [30.298226222144233, 1.5404367534409185], [30.298386003552096, 1.5406735130028004], [30.298454735746276, 1.5407372220248527], [30.29852344184551, 1.540739781299539], [30.29859312170792, 1.5406607547748477], [30.298632157425367, 1.5405711798004393], [30.2986488669821, 1.5404742466443944], [30.298567485840547, 1.5402865800260577], [30.298546737055506, 1.540188369939768], [30.298538164431278, 1.539501852377751], [30.298569877001302, 1.53938572318174], [30.298768923816077, 1.5389722595502184], [30.29878977861555, 1.5388517535091022], [30.29879174307158, 1.5386513683327723], [30.298765961808602, 1.538524616601601], [30.298598427147013, 1.538231921847821], [30.298577223950325, 1.5381505880005195], [30.29857557578038, 1.538077816990567], [30.298625536287503, 1.5378869944042752], [30.29880435144452, 1.5375948516429188], [30.29883066803259, 1.5374979986975086], [30.298835421988567, 1.5374110879082754], [30.29879828094603, 1.5372512221289185], [30.298628665068282, 1.5368650202402099], [30.298483218209604, 1.536439382119108], [30.29843248894922, 1.5362483362954056], [30.298431834486166, 1.5361254724032045], [30.29845871984923, 1.536036972362396], [30.298499621926595, 1.5359745145257666], [30.2988589842749, 1.535710387427427], [30.298955099973643, 1.5356018962105633], [30.299025942515954, 1.5354791797719953], [30.29905702333835, 1.53538055727193], [30.299060183832278, 1.5352619433026025], [30.298970127274305, 1.534907959362404], [30.298980774651934, 1.5348493233296154], [30.29901841048647, 1.534793770576885], [30.299093929313543, 1.534751399216442], [30.299254557651263, 1.5347631158906554], [30.299352759460866, 1.5348214261647146], [30.299541435874254, 1.5350094588746208], [30.29958317528866, 1.5350071396232006], [30.299594404959553, 1.5349538858713763], [30.29956487731962, 1.5348342926982887], [30.299510102009144, 1.5347225017962811], [30.299441521113543, 1.5346427922385746], [30.29933884751572, 1.534568899314845], [30.299252755950228, 1.534532089593226], [30.29916595870626, 1.5345167152107977], [30.29885342818628, 1.5345398883667019], [30.298790118979973, 1.534560148957145], [30.29873698530051, 1.5345959681582124], [30.298637592640677, 1.5347273985903147], [30.298567647810753, 1.5349048119679283], [30.298555855383132, 1.5351388875444105], [30.29854703756311, 1.535155735854087], [30.298524982464674, 1.5351573812441122], [30.298463964303338, 1.535102373273901], [30.29826458817124, 1.5347717976198398], [30.29807016185275, 1.534492067287765], [30.297989989962584, 1.5344065104991902], [30.297920843036504, 1.5343623429639142], [30.297833017398492, 1.5343311962097432], [30.297482654629192, 1.5343030916095026], [30.2974307277128, 1.5342844197027925], [30.29739705117009, 1.5342541652963368], [30.297374625004366, 1.5341998903460505], [30.29738159596855, 1.5341063028320059], [30.297514073395984, 1.5338490672163612], [30.297508588853272, 1.5338093195512237], [30.297475399219103, 1.5337725343777335], [30.29741072178649, 1.533746068404524], [30.29725082642969, 1.5337182932639088], [30.296913319184913, 1.533726716902965], [30.296506710039754, 1.5337055937680688], [30.29633897957383, 1.5336706449524693], [30.296116311126404, 1.533579332078296], [30.295925552909647, 1.5333996987716545], [30.295836983755898, 1.5331921583121975], [30.295830590110743, 1.5330644883236682], [30.295876497225713, 1.5328098105798893], [30.295849412583948, 1.5326249896804522], [30.29587223613125, 1.5324860290524103], [30.295986848457048, 1.5322771316730581], [30.29607813208264, 1.5321719451443694], [30.29642323892733, 1.5319495241631655], [30.296708401550166, 1.5317230089179148], [30.296793656667283, 1.5316865841875573], [30.296898497858574, 1.5316662188288575], [30.297318104752506, 1.531679659262015], [30.297434148757862, 1.5316432123025694], [30.29750907679162, 1.5315876662998256], [30.297530626391858, 1.5315414981994668], [30.29751975763742, 1.531480852492125], [30.297295201880253, 1.5311495464727187], [30.297239187751888, 1.5310119099400954], [30.297233205206627, 1.5309174897491384], [30.29724957390468, 1.5307864681012042], [30.297277631170065, 1.5307344610126734], [30.29732983705821, 1.5307063126090772], [30.29764084729527, 1.5307071477997143], [30.29812481728356, 1.5306255066009797], [30.298863589483325, 1.5305346187033277], [30.29898580901716, 1.5305408513454375], [30.299154453195282, 1.5305807805960154], [30.299298588600177, 1.5306718401000585], [30.299391958499154, 1.5307871139275258], [30.2994929619766, 1.5310312779165371], [30.299593983667403, 1.5314054083861173], [30.29966500626784, 1.5315371280162493], [30.29976934368742, 1.5316465583341083], [30.299989069339222, 1.5318272096800776], [30.30007681102984, 1.5318829647366212], [30.30015534433974, 1.5319123261086334], [30.30023248309071, 1.5319104447041754], [30.30029589922268, 1.5318604595657286], [30.300450930047166, 1.531610032274166], [30.30052017270356, 1.5314563303196327], [30.300523263222036, 1.5314199893783174], [30.3004918374654, 1.5313891391093772], [30.300348052498382, 1.5313835571883787], [30.3001952864881, 1.5313405475541146], [30.300115636401976, 1.5312871074365315], [30.29999696551965, 1.5311676040401503], [30.29996913401658, 1.5310974200782042], [30.29992600630523, 1.5308915481325218], [30.29986517019211, 1.5304842596873578], [30.299791354459522, 1.5302991882847714], [30.299765786094177, 1.530178623163154], [30.29965385745372, 1.5301201614407314], [30.29933561443042, 1.5297970432250405], [30.29913972389486, 1.5296383242611244], [30.299024045048487, 1.5295658262806082], [30.29889815862882, 1.5295384431122607], [30.298617079951093, 1.529578416580408], [30.298489888636198, 1.529574010161531], [30.298356585354696, 1.5295365626084307], [30.29821862500019, 1.5294662188312524], [30.298093650341052, 1.5293726711759368], [30.297964332774267, 1.5291808071835455], [30.297722574794285, 1.5289301819394374], [30.297581898433577, 1.5288077986972088], [30.297539175397965, 1.5287475818028782], [30.297520287323945, 1.5286811449195852], [30.29753089137197, 1.528601055000666], [30.29757256352073, 1.52852761955319], [30.297635261242586, 1.5284771932967414], [30.29790617439557, 1.528378938329717], [30.29826213171411, 1.528346794043944], [30.298323091170587, 1.5283217513197664], [30.29835054958092, 1.528288622459083], [30.298348266179577, 1.528259335215106], [30.29832465095072, 1.5282280800309687], [30.29815742403803, 1.528116898626541], [30.298010923671423, 1.5279794979298342], [30.29794094720695, 1.527849927039487], [30.297918739385505, 1.527734848175021], [30.29794671914436, 1.5276387606740331], [30.298093241186997, 1.5273781306954135], [30.298267836040843, 1.5269339469818823], [30.298421092523824, 1.52665988694132], [30.298451711512815, 1.5265571460656384], [30.29846224261647, 1.5264231773306118], [30.29845387540127, 1.5264038610468735], [30.298436826191843, 1.5264014349862993], [30.298319621667673, 1.526475157254661], [30.29821842484027, 1.526507695768559], [30.29811945133399, 1.5265122086033485], [30.298071508412626, 1.5264912421125527], [30.29806353682952, 1.5264610009180297], [30.298074498754982, 1.5264110810414744], [30.298195173816172, 1.5261194225854329], [30.298197276772676, 1.526024393525638], [30.29812982987357, 1.5259296811294092], [30.297874752901308, 1.5257045129954954], [30.297828961592774, 1.5256818954047935], [30.297802198013322, 1.5257107800538854], [30.297800087305642, 1.5258630008760083], [30.29777833576363, 1.5259465745568186], [30.29762562417176, 1.5261647366103295], [30.297579896321, 1.526271715912159], [30.29757678366511, 1.526369816581877], [30.29763976597544, 1.526522383789103], [30.29763614202767, 1.5265770259665448], [30.29759870272451, 1.5265923156571986], [30.297352664561963, 1.526616670993974], [30.297255839045977, 1.5266067425273084], [30.297140007151413, 1.526535404690738], [30.29696576582051, 1.5263323475286668], [30.296919368492283, 1.5263103989399394], [30.296882715130575, 1.5263193195343876], [30.296846989115135, 1.5263814651483774], [30.296836690582897, 1.5265154867192898], [30.29684906010559, 1.5266247363635512], [30.296913835209306, 1.526905282399124], [30.296909932326944, 1.5270662940917443], [30.296863727348637, 1.5272043234892898], [30.296689866168464, 1.527538179675611], [30.29653945457243, 1.5277044077420598], [30.29639757623874, 1.5277865290118653], [30.29622585525323, 1.5278203429717618], [30.29590998731093, 1.527800935482957], [30.295865965914587, 1.5278119741992042], [30.295828572751308, 1.5278486777063087], [30.295821750710576, 1.5279682479897012], [30.295871858471955, 1.5282739206951388], [30.295871777157355, 1.5285419253181127], [30.295786847759118, 1.5292994373396274], [30.295735103559576, 1.5294338523016744], [30.29567323166424, 1.529485712895593], [30.29557713676876, 1.5294949050813604], [30.295472858827676, 1.52945604410872], [30.295034551517098, 1.5290829856628578], [30.294904210909714, 1.529007633913955], [30.294709966528362, 1.5289207631179003], [30.294579964851867, 1.5288853377950284], [30.294399264357903, 1.5288884804932004], [30.29421371391909, 1.5288700408719982], [30.294059783245686, 1.5288262489685276], [30.29390158117037, 1.5287576232959188], [30.293634164808886, 1.5285713404360026], [30.293444957676645, 1.5283528785153606], [30.29337212113424, 1.5283179997939522], [30.293164874671177, 1.5282609660815065], [30.293042764362667, 1.528200329938307], [30.29284918551843, 1.5280663238151537], [30.292688455628884, 1.5278904863092087], [30.29263276519638, 1.5278499681553395], [30.292552881486195, 1.5278525918507946], [30.292440111923945, 1.5279464731009398], [30.292372789801867, 1.5279679423232169], [30.292285725990055, 1.527956146965767], [30.292075488614262, 1.5278837158379674], [30.292022242422924, 1.5278825215238756], [30.291995294330654, 1.5278977208465292], [30.291993109593815, 1.5279247122953001], [30.29201574929737, 1.5279622793430072], [30.292192981466226, 1.5281451388578193], [30.292259307627084, 1.528232540263937], [30.292370520331552, 1.5284036005317276], [30.292404260457634, 1.528495384348411], [30.292398672117955, 1.528574643334912], [30.292359656710335, 1.5286342269072446], [30.292211938116015, 1.5287419771983948], [30.29209341090844, 1.5287770442637783], [30.29205449720729, 1.5288312064802445], [30.292047649476906, 1.5288972868353066], [30.2920665382416, 1.5289731382167286], [30.292177851375445, 1.5291490778684969], [30.29244476692233, 1.5294161885339532], [30.29252587277691, 1.529473908298603], [30.29265518901107, 1.529514975992583], [30.292839720894783, 1.5295210734807485], [30.29293239489353, 1.529541491751857], [30.293273537145474, 1.5297853486851307], [30.29349425274465, 1.5298618048889547], [30.293687591793887, 1.529905123439784], [30.293841272022156, 1.5299681898799278], [30.293894999529563, 1.5300127241001358], [30.29390855577495, 1.5300717756744664], [30.293858882374835, 1.5301719898241095], [30.293771477866247, 1.5302170395796733], [30.29361287378779, 1.5302284565197322], [30.293376626878533, 1.5302019776152076], [30.293097379571726, 1.5302669445542731], [30.292954604856842, 1.5303435138879613], [30.29269753942023, 1.530524278519255], [30.292473578646323, 1.5306336779029726], [30.29242307499424, 1.530674323773351], [30.2923859077992, 1.530732394398201], [30.292361752228988, 1.5308391279740008], [30.292396177446403, 1.5309171808562134], [30.29271673626315, 1.5310703564271522], [30.292999961444437, 1.5313145222475735], [30.293086711064422, 1.531406511943925], [30.293229263418933, 1.5316440712844512], [30.293303391860334, 1.5318274721329943], [30.29332005307259, 1.531925395775723], [30.293310190817877, 1.5320171355848775], [30.293272575337994, 1.5321067287339216], [30.293218068939396, 1.5321785766053426], [30.293147229275647, 1.5322255817507682], [30.292971779473138, 1.5322627908849464], [30.292500918268196, 1.5322884190833541], [30.292423197291345, 1.5323083440407648], [30.292381441359133, 1.532340085185733], [30.292375595325304, 1.5323680899953511], [30.292390226867163, 1.5324100474077895], [30.292562237603434, 1.5326479341274188], [30.292670789716254, 1.532874847925384], [30.292803812974796, 1.533380871146382], [30.292811500123886, 1.5334691381333492], [30.292798076770847, 1.5335893983969187], [30.29277230831152, 1.5336702641013389], [30.292707628317924, 1.5337942812919356], [30.292606753157006, 1.5338822641747896], [30.29233820362128, 1.5339667272429345], [30.292057360359063, 1.5340001290118075], [30.291999303606854, 1.5340223439645644], [30.2919753604467, 1.5340553911317352], [30.291999331779703, 1.5341065840435777], [30.29223116174897, 1.534338220122295], [30.29230556711373, 1.5344406514539328], [30.2923124041755, 1.5344930762004316], [30.29225691504421, 1.5347439825872622], [30.292258405981638, 1.5348123752786342], [30.292293329515047, 1.5348924810625204], [30.292448047508902, 1.5351263539336446], [30.29251923053402, 1.535303215307293], [30.292529112031353, 1.5353701322200726], [30.292493136568815, 1.5354218914736488], [30.292294959807027, 1.5355465282056118], [30.29219684202684, 1.5355698936141904], [30.29199566539724, 1.535587066320037], [30.291772885607465, 1.5356660513669533], [30.29155769095552, 1.535697032506028], [30.29146688301982, 1.53573191087399], [30.29136927587011, 1.5358168856922916], [30.291203069756087, 1.5360612110829905], [30.291095447505146, 1.5361695938825526], [30.291030786433378, 1.536214525231684], [30.290793325443584, 1.5363073513976035], [30.29064381672406, 1.5362986778994763], [30.29043374581969, 1.5362512565593218], [30.29014515882376, 1.536115274298598], [30.290009810946366, 1.5360163980140988], [30.289816902066757, 1.53582930337621], [30.289739690630164, 1.5357748991166345], [30.28968605453058, 1.5357562795188286], [30.289625513758633, 1.5357724309744307], [30.289567844537, 1.535831768164112], [30.289312461406197, 1.5362921392054742], [30.289205801581137, 1.536393750611219], [30.289128923935575, 1.5364372438427305], [30.289043221873694, 1.5364587881838974], [30.28887647253492, 1.5364522015403228], [30.28858606671802, 1.5362247806583171], [30.2883933541998, 1.5360046404910703], [30.28810988015213, 1.535746118882101], [30.287794524289595, 1.5353643863893403], [30.287659160673012, 1.5351374336641932], [30.28747732059504, 1.5347584308771764], [30.287409567742472, 1.534597952011465], [30.28736199565698, 1.5344016005631622], [30.287315611442903, 1.5339912784594685], [30.287357497917018, 1.5336124358702345], [30.28744224013933, 1.5333441706759934], [30.28750566786273, 1.5329415334444152], [30.28765312961373, 1.5326305345668931], [30.287688322666018, 1.5325079301555902], [30.2877017550487, 1.5323701494303257], [30.28770254075665, 1.531982854200802], [30.28768582226256, 1.5318936073020786], [30.28763116455972, 1.5318431053419732], [30.287535471872072, 1.5318298260491192], [30.287306968318475, 1.5318544959031832], [30.286858715919124, 1.5319441850169708], [30.28669736950424, 1.5319582060588939], [30.28643490293163, 1.5319492610637822], [30.286301382055427, 1.5319055320415325], [30.286154088622684, 1.5319319155300204], [30.286075120624545, 1.5318585996293619], [30.285999601291653, 1.531716202164774], [30.28597534643578, 1.5315096535247814], [30.285992591184534, 1.5313205602278748]]}}, {"type": "Feature", "properties": {"OBJECTID": 2978, "Id": 21388, "Contour": 1360.0, "Shape_Leng": 9653.8958893}, "geometry": {"type": "LineString", "coordinates": [[30.28911224582299, 1.5472560498508698], [30.289166168674264, 1.547255097992381], [30.289372797100555, 1.547132644042285], [30.2896393273894, 1.5470541440010914], [30.289773378286775, 1.5470418501618697], [30.289952594227394, 1.5470519420413862], [30.290114189126694, 1.547079966771369], [30.290277693977707, 1.5471529144383358], [30.290357781163, 1.5472199321728168], [30.290555887766313, 1.547459567045542], [30.290662267257133, 1.5475388280248934], [30.29072679859092, 1.5475451207011122], [30.290902948781067, 1.5475076081428891], [30.29113746881676, 1.547488482799841], [30.291423963107867, 1.5475385125076417], [30.291492288534293, 1.5475222181099053], [30.291547905725434, 1.5474759952402992], [30.291750935057603, 1.5471369263266759], [30.291791212065235, 1.5470964507041016], [30.291836746993024, 1.5470756861580266], [30.291981268438313, 1.5470597076566894], [30.292132174756333, 1.5470632436836038], [30.292273397000038, 1.5471011388270897], [30.292551080281775, 1.5472160184786519], [30.292632510863502, 1.5472239550451918], [30.29271448273214, 1.5472043502759412], [30.292807741935324, 1.5471520971043728], [30.29305141519883, 1.5469574620548956], [30.29312343465328, 1.5468725967500938], [30.293135983924092, 1.5467944009651156], [30.29310792534822, 1.5464946014963075], [30.293145959282107, 1.546242960987453], [30.293362043553895, 1.545626527269133], [30.293447519332332, 1.5454820552515098], [30.29350783693715, 1.5454456391009215], [30.293589281677356, 1.5454296372922642], [30.293907740934305, 1.5454783588663605], [30.29430451146308, 1.5454210700635798], [30.294648548128816, 1.545241487131345], [30.294964766557573, 1.5449766479047122], [30.29510340497283, 1.5449044552960054], [30.2951998799695, 1.5448780235886512], [30.295344512315335, 1.54487384010371], [30.29545445846148, 1.5448912888233914], [30.295543703897348, 1.5449391846431588], [30.29568029962166, 1.5450429300797446], [30.296283992202486, 1.5457131349636586], [30.296760116011182, 1.546450781862234], [30.296823617236047, 1.5465078117426396], [30.29686885358084, 1.5465293085052616], [30.296942305645985, 1.5464574797451174], [30.296981791217252, 1.5463465603960913], [30.297025366828287, 1.5461107034748847], [30.29703069547904, 1.5459971177409082], [30.29700378593063, 1.545850609269926], [30.296830835225474, 1.5453722685383064], [30.29677552053907, 1.5450817412456737], [30.296782488824444, 1.5447656393606561], [30.29688843653265, 1.5443739211946197], [30.296906136296375, 1.5442495995264776], [30.296895558548734, 1.544168948262393], [30.296805957300425, 1.543935043087202], [30.296797742238653, 1.5438488775949872], [30.296815905224765, 1.543727383281083], [30.29685806151774, 1.543623161201128], [30.296907304655246, 1.5435507563590019], [30.297140050637122, 1.5433653118023678], [30.29725038094671, 1.5433280808084304], [30.29741582182633, 1.5433180370161332], [30.297833141619318, 1.5432408469015362], [30.29789087870561, 1.5432015403793968], [30.29790164465478, 1.5431336572731376], [30.297820915775663, 1.5428164319655167], [30.297793034546586, 1.5427681579623969], [30.297754449108194, 1.542744876196641], [30.297497021643338, 1.5427462020326246], [30.297045446795504, 1.5426688104369455], [30.296209724181583, 1.5427022836561253], [30.29602796258819, 1.542641841173702], [30.29596435266781, 1.542592086300818], [30.295939345504706, 1.5425288239863661], [30.29590173892543, 1.5421965062878846], [30.295952348673367, 1.541870929322772], [30.295950255267588, 1.5416386272495197], [30.295999307003854, 1.5414332160810016], [30.295987444897058, 1.5411796501097201], [30.296028439626596, 1.5408958775318142], [30.296050214327966, 1.5406054020517261], [30.29602799964622, 1.5404375651901951], [30.296131307264258, 1.5402481112175856], [30.29615774456339, 1.5402275937815584], [30.296191701655502, 1.5402258408907539], [30.296345263673693, 1.5402989352370098], [30.2964591761227, 1.540457493356765], [30.296531427781613, 1.540515046688419], [30.296826671067414, 1.5405970979272023], [30.296961004721876, 1.5405928067339862], [30.297022337101968, 1.5405708294672904], [30.29712420826468, 1.5404982330668524], [30.297460763320217, 1.540161895889271], [30.297568806734457, 1.5400894197427282], [30.29764290405492, 1.5400731287927276], [30.297749165024598, 1.540103581822786], [30.297941199506152, 1.5401915663663928], [30.298176467464383, 1.540332975687296], [30.298261579187294, 1.5404171044805648], [30.29838149707612, 1.5406060631326175], [30.298447436075666, 1.5406765045092077], [30.298497488283186, 1.5406905291775856], [30.298543759351546, 1.5406513956768222], [30.298573619451137, 1.5405813518926483], [30.298584411009415, 1.5404844855310962], [30.298504745944452, 1.5402295220671591], [30.298518472821403, 1.5398483850914657], [30.298504730434363, 1.539466207246181], [30.298542701093304, 1.5393362653026321], [30.29873335112224, 1.5389714118015214], [30.298753690073358, 1.5388536485852604], [30.29875680982641, 1.5386609463420524], [30.298727705798093, 1.538529860167175], [30.29855550393965, 1.5382308942661507], [30.298533437178474, 1.5381452886602924], [30.298530799605835, 1.5380666301629147], [30.29854846893877, 1.5379566580414823], [30.298576031306375, 1.5378881659592192], [30.298771540871744, 1.537589464969445], [30.298798416141125, 1.5374986288276433], [30.298805538781934, 1.5374101355554266], [30.298768640481686, 1.5372582469504792], [30.298618170055814, 1.5369609768165826], [30.298448840091293, 1.5364949526393015], [30.29838471243184, 1.5362626692822887], [30.298381163511173, 1.5361276992792097], [30.298409643937784, 1.536042694994251], [30.29845622728572, 1.5359717435008076], [30.298837895564958, 1.5357066944569338], [30.298933721553468, 1.5356040002684956], [30.299001201968597, 1.5354907766364265], [30.29903332560599, 1.5353877879909836], [30.299033293487028, 1.5352852384503999], [30.298926392663535, 1.5349173686276212], [30.29893918166258, 1.5348415968825564], [30.298984526278936, 1.5347714315578471], [30.29902408943796, 1.5347377169801926], [30.29908861964736, 1.5347134615235527], [30.299261117150287, 1.534727416079737], [30.29937326359113, 1.534795725250209], [30.299535728717803, 1.5349738215714133], [30.299562818568635, 1.534976568628846], [30.29956987562453, 1.5349457542462868], [30.299540990311943, 1.5348379279218516], [30.29948729052744, 1.5347377625208956], [30.29940631841548, 1.5346501255748266], [30.299309429728613, 1.534581905738802], [30.299158565855677, 1.5345397218937695], [30.2988519860557, 1.534566192685536], [30.29875366384731, 1.5346152594680822], [30.298663272579393, 1.534731849786105], [30.298596622482318, 1.5349063772982257], [30.298595547538344, 1.5351842562649716], [30.29855781771976, 1.5352138592817526], [30.298502917848882, 1.5351941954341282], [30.29842453477961, 1.535111269518516], [30.29826788018003, 1.5348327471668035], [30.298090884385903, 1.5345625784830919], [30.297972109224855, 1.534428334802832], [30.29788374515699, 1.5343804402357346], [30.29777248097458, 1.5343518917843098], [30.297431091040178, 1.534361859204313], [30.297344182599765, 1.534304562126734], [30.297314078483947, 1.534238560722714], [30.29731185692446, 1.5341335012471145], [30.29734152188858, 1.534054655701033], [30.297460298891092, 1.533870446860537], [30.297463098619215, 1.5338247643488754], [30.297435784259132, 1.5337932312555878], [30.29728877038849, 1.5337665703635257], [30.297095083770493, 1.5337757916298054], [30.296486658415137, 1.5337459488356446], [30.296243322171865, 1.5336957273241627], [30.29607407901687, 1.5336338000560557], [30.29600885514854, 1.5335900276030359], [30.295874341737186, 1.5334240582478669], [30.29579245869858, 1.5332110974327975], [30.29578331355503, 1.5329962113304334], [30.295814467631274, 1.532792350899071], [30.29577291685247, 1.5326356368564324], [30.29577811620186, 1.5325270650668434], [30.295810676626935, 1.532441109193874], [30.295919914312787, 1.5322542100084278], [30.29599225414364, 1.5321632448447593], [30.29606521182734, 1.5321101561548442], [30.296391665021773, 1.531936012304929], [30.29671304088667, 1.5316833163578105], [30.296796872268402, 1.531646841562676], [30.296887458194185, 1.531629934062423], [30.297313757836264, 1.531652090485514], [30.29742282103945, 1.5316229678605053], [30.297489005247023, 1.531577716870116], [30.297505782567274, 1.5315410732263839], [30.297496227735458, 1.5314930506001578], [30.297266486098906, 1.5311634601809456], [30.29720061048711, 1.5310070212521352], [30.297190987685273, 1.5308284586984324], [30.297201565084425, 1.5307388478343784], [30.297239475987098, 1.5306795669587383], [30.29730241954802, 1.5306530775020872], [30.297556138988163, 1.530680006454156], [30.29765259795879, 1.5306776797679773], [30.298853662451812, 1.5304990171231], [30.29900380012884, 1.5304979883956382], [30.29913899740501, 1.5305209239627366], [30.29929712123181, 1.530610735608365], [30.299403817989063, 1.5307376329549887], [30.299513490849634, 1.5310117835404182], [30.299628937751134, 1.5314365100670777], [30.29970014730414, 1.5315474287582467], [30.299832377328134, 1.5316736174787562], [30.300029382886244, 1.5318224157424865], [30.300091960046935, 1.5318433167277068], [30.30015095616385, 1.5318371806721807], [30.300236575009603, 1.5317804989394668], [30.300302562364447, 1.5316993911260934], [30.30034659986392, 1.5315947762253017], [30.30035466622259, 1.5315016895602265], [30.300308753994557, 1.5314366440401705], [30.30010819684741, 1.5313324664010135], [30.299990871987664, 1.5312479627001294], [30.299959169670757, 1.5312077392517305], [30.29993493829155, 1.5311361861465058], [30.299859584622997, 1.5305798245579436], [30.299830402439184, 1.530464982789582], [30.299541709299238, 1.530047242972533], [30.299423880459322, 1.5299111901285893], [30.299159741878228, 1.5296799649661479], [30.29898323247943, 1.5295745371069756], [30.29888093973906, 1.5295633481541246], [30.298636624236348, 1.5296096331737792], [30.298519053844508, 1.529614623595574], [30.298356200594174, 1.5295829125766625], [30.298206569711688, 1.5295215339606802], [30.29807716792151, 1.52941206877629], [30.297974050902173, 1.5292426611779804], [30.297881596753797, 1.5291351823616046], [30.297563240216277, 1.5288477352436063], [30.29750603609907, 1.5287720250845296], [30.29748286737839, 1.5286873226410953], [30.297492105786063, 1.5285947555138477], [30.297532145232598, 1.5285151475887062], [30.29760481163752, 1.5284474317691397], [30.29786039420604, 1.5283524308078942], [30.29820769111879, 1.5283364507843682], [30.298287650758414, 1.5283146416011895], [30.29831651624867, 1.5282843182942811], [30.29829399260231, 1.5282448433485196], [30.298120619705088, 1.5281354580810929], [30.297989321599445, 1.5280099229060637], [30.297911710628657, 1.5278732587198955], [30.297882899051316, 1.5277380246051204], [30.297915112277025, 1.5276273652773615], [30.298026778630216, 1.5274521252012114], [30.298086874394325, 1.5273285366830378], [30.29824378871228, 1.526842214218788], [30.298377581343818, 1.5266412045477853], [30.298396030383962, 1.5265658936267867], [30.298360943155917, 1.5265289136463125], [30.29809650996729, 1.5265324722978724], [30.298030864873976, 1.5265073527640498], [30.298033921999195, 1.5264473111061516], [30.298167108050155, 1.5261362924765656], [30.298175265979232, 1.5260303974066953], [30.298150569366364, 1.5259782360737835], [30.29809727340286, 1.5259237827485352], [30.297919473543647, 1.525823561899459], [30.297875941656233, 1.525842699905175], [30.297797018452755, 1.525973238770968], [30.297649763435018, 1.5261445596328154], [30.297602950018142, 1.5262316296176923], [30.297589678465965, 1.526364599955035], [30.297662378559462, 1.5265623005452555], [30.297656376333617, 1.5265989130056428], [30.297630621456243, 1.5266243458387871], [30.297356182899847, 1.5266527872504263], [30.297258710497132, 1.526640463242323], [30.297142923559914, 1.5265653540397375], [30.296961198755785, 1.52634865314326], [30.296909858139557, 1.5263330899043606], [30.296873840954238, 1.5263592558888721], [30.296851467609553, 1.5264282819517003], [30.296848841058974, 1.5265344786203832], [30.29693264653544, 1.5269149927895749], [30.29692342866169, 1.5270982625101295], [30.296878546726624, 1.5272269656362794], [30.29675212304802, 1.5274995645383795], [30.296691561697475, 1.5276013546740228], [30.296607722256116, 1.5276987468789298], [30.296484586299947, 1.5277904305241508], [30.296338669508703, 1.5278425005738854], [30.296194880651623, 1.5278527181717323], [30.295949803260076, 1.5278259520915547], [30.295899633641387, 1.5278375335939371], [30.295865995843645, 1.5278681180651996], [30.29584925230952, 1.5279621241758912], [30.295900594899727, 1.5283000981568309], [30.29589974159379, 1.5286233611049862], [30.295817909970527, 1.5293621845764112], [30.295772056603198, 1.529481592427713], [30.295699240952043, 1.5295363799402983], [30.295574516251996, 1.529539323488618], [30.29546331223427, 1.5294948072574976], [30.295010746696768, 1.5291045894457387], [30.294896370592195, 1.5290326910942214], [30.29474071728034, 1.5289603577105935], [30.29460898162638, 1.5289200167095673], [30.294427813063358, 1.5289333669218717], [30.294246562492685, 1.5289149167344076], [30.2940598528851, 1.528860840470457], [30.293882932374114, 1.5287846855235976], [30.29360298808933, 1.5286077960475244], [30.293361543752063, 1.528367997480597], [30.29309107732562, 1.528255036226345], [30.29286700017324, 1.5281128922372824], [30.29262986079594, 1.5278858932598605], [30.292567339493, 1.5278883364911742], [30.29247270699484, 1.5279849475040885], [30.292402927142536, 1.5280099400555403], [30.292299745248407, 1.5279943538132472], [30.292091474968043, 1.5279118438257822], [30.292037009082463, 1.5279208012331256], [30.292063789420595, 1.5279782492129266], [30.292224149426787, 1.528140663752676], [30.29240424991068, 1.5283806499719803], [30.29244587010175, 1.528450640669686], [30.292464250483512, 1.5285176454426368], [30.292458949596302, 1.5285875094755936], [30.292426127363726, 1.5286502036410339], [30.292234557215163, 1.528807201424668], [30.292132571300755, 1.5288705107583218], [30.292109794338753, 1.5289005763450503], [30.292121369717105, 1.5289939027673454], [30.292208922184518, 1.529130107732765], [30.292374770974416, 1.5292776930368592], [30.29252882521546, 1.5293842635885253], [30.292588465267304, 1.5294022299791217], [30.292758204045956, 1.5294125179832683], [30.292986544127903, 1.5294733704112469], [30.293168421253455, 1.529598775085569], [30.293300650254736, 1.5296641268293627], [30.293439424155135, 1.5297580379092015], [30.29354564721741, 1.529803743555321], [30.293757764749266, 1.5298572438300186], [30.293910038832298, 1.5299241404321235], [30.293995167501578, 1.529998560009364], [30.294010788918488, 1.5300922551809713], [30.29399324734563, 1.5301449572063106], [30.29394595332969, 1.5302104047764362], [30.293844096218873, 1.5302646108949032], [30.29368568545356, 1.5302765805195593], [30.293370350278213, 1.5302521951040584], [30.293098307303143, 1.5303240235908788], [30.292753471615974, 1.5305378713960316], [30.29248520457932, 1.5306696918224318], [30.292430583377996, 1.530720615511615], [30.292394912109547, 1.530790712200266], [30.292394488002245, 1.530860649688086], [30.292425369689706, 1.530905496497586], [30.292753839828656, 1.5310529350314717], [30.29297503485251, 1.5312262536486303], [30.293113172858675, 1.5313702711306676], [30.293260792837877, 1.5316128190559486], [30.293359891884947, 1.5318369361292101], [30.29338705083926, 1.5319642475697053], [30.293376328059, 1.532043347190821], [30.293329044450353, 1.5321279133870467], [30.29325185892833, 1.5322111054812302], [30.29318160388859, 1.532254232219434], [30.29295754289531, 1.5322935058827196], [30.292531369766035, 1.5323102957596715], [30.29246257818943, 1.5323300720342499], [30.292433370422476, 1.5323664079402475], [30.292454776408647, 1.532432833614344], [30.29264528077083, 1.532732415698764], [30.292716940989177, 1.532899713631361], [30.2928505283876, 1.5334126944364808], [30.292858841446016, 1.5335729439159387], [30.292845112192982, 1.5337149882088181], [30.2928214219368, 1.533801155313763], [30.292788304739183, 1.5338595016912608], [30.292740883063413, 1.5339031736791142], [30.292654108248897, 1.5339516249750051], [30.29241636961223, 1.5340194902791549], [30.292141727444747, 1.5340381124639821], [30.29209616739934, 1.5340567343453646], [30.292080453837023, 1.5340868425166863], [30.292096752721193, 1.5341264677136912], [30.29215912385474, 1.5341986443347364], [30.292319672776742, 1.5343156653699535], [30.29237750068886, 1.5343911474652476], [30.292394738461446, 1.5344767752629414], [30.29238662444963, 1.5346029182913212], [30.292372378063, 1.5346616692777628], [30.292324523878285, 1.5347518202994033], [30.2923226326554, 1.5348065516446279], [30.29261057648025, 1.5353097798348696], [30.2926280434581, 1.535372998574038], [30.292619040022878, 1.5354324423410204], [30.29257838654554, 1.5354752768864928], [30.292336881524495, 1.535601979166267], [30.29194591497137, 1.5356688548008413], [30.291813637313457, 1.5357209691497788], [30.2915896840934, 1.5357178650253476], [30.291481875853364, 1.5357488865289026], [30.291390315620312, 1.5358336237353098], [30.291287100472882, 1.5360425487615466], [30.291212017799147, 1.5361385051367282], [30.291088075957166, 1.5362532582027384], [30.29084738060216, 1.5364033101926042], [30.290737914856617, 1.5364203532194418], [30.290548130489835, 1.5363666573047103], [30.290196834684895, 1.536206269983232], [30.28999411333761, 1.5360770269775283], [30.289797696967177, 1.5358863977334416], [30.28967949099532, 1.535825551692423], [30.289631706465997, 1.5358448052492164], [30.289587670468663, 1.535907827914863], [30.28950376883884, 1.53618531252542], [30.28946333393876, 1.5362691830953086], [30.289268574364034, 1.5364812829587662], [30.289209737863935, 1.5365230685787739], [30.289030623014447, 1.5365758987897924], [30.288925657191104, 1.536559688900301], [30.288824494915335, 1.5365014995280635], [30.28855034016551, 1.5362667368120064], [30.288369894765594, 1.5360436470861176], [30.28798088961206, 1.5356751891892058], [30.287714402934178, 1.535319975393458], [30.287612780561517, 1.5351459154287608], [30.287540178193126, 1.5349611422681857], [30.28737714860228, 1.5346446918317596], [30.287263577070693, 1.5342234589168986], [30.287245050196063, 1.534082672571362], [30.28725294847898, 1.5339624694024585], [30.287297520865348, 1.5337378345873247], [30.28731953757589, 1.5335185348819844], [30.287430925422264, 1.532995645267613], [30.28748121226362, 1.5328477371263172], [30.287627962018743, 1.5326014674395754], [30.287656252912274, 1.5324992945173321], [30.28766713673619, 1.5320185788254932], [30.287646893844766, 1.5319232651848778], [30.287589135669926, 1.5318774271920683], [30.287459471807956, 1.5318696616924454], [30.287242205570582, 1.5319016702231392], [30.2866448394565, 1.5320703409090537], [30.286505328196842, 1.5320799293537561], [30.28629521680116, 1.5320436778517565], [30.286160559383756, 1.5320729016435908], [30.286079537447748, 1.5320659481207795], [30.286017178028935, 1.5320301926028659], [30.285947567931906, 1.5319447047819184], [30.285882705982356, 1.5317897141821342], [30.28582603331278, 1.5317950065785688], [30.285798366771846, 1.5317692333337365], [30.28574116474325, 1.5313142719139103]]}}, {"type": "Feature", "properties": {"OBJECTID": 2979, "Id": 21390, "Contour": 1359.5, "Shape_Leng": 9798.20824267}, "geometry": {"type": "LineString", "coordinates": [[30.288927028447308, 1.5470816950259418], [30.288963489688964, 1.5470771736445958], [30.28902147549271, 1.546993948922054], [30.289073453972804, 1.5469687688776543], [30.289207347750512, 1.5469784526945376], [30.28935536719975, 1.5469644626281311], [30.289513734883265, 1.5469847369518515], [30.290037642606187, 1.5469973973386553], [30.29017706108817, 1.5470514862062341], [30.290294629840012, 1.547120185127683], [30.29042078623909, 1.5472314426922238], [30.290620892496964, 1.547457750383799], [30.290673422036683, 1.5474928694592125], [30.290718730567214, 1.5475023986935115], [30.29107527999422, 1.5474353175550766], [30.291405203454353, 1.5474767510664336], [30.29146850437759, 1.54746835714872], [30.291531020699537, 1.5474201710389626], [30.291610476911252, 1.5473057657776228], [30.291736064294664, 1.547051042961961], [30.29177184150468, 1.547018656293653], [30.291823080038093, 1.54700098314829], [30.291998658889113, 1.5469850709601167], [30.292094332189855, 1.5469944868968128], [30.29224983050087, 1.547043524558859], [30.292546351703844, 1.5471827167832075], [30.29262170789807, 1.5471952974496235], [30.292695774690426, 1.5471822523227894], [30.29279304195623, 1.5471291852402247], [30.292963272547556, 1.5469744478187388], [30.29303461658641, 1.5468971810329344], [30.293071406199424, 1.5468339461372829], [30.293089961401783, 1.5467407196399086], [30.293086785630784, 1.5464054343649698], [30.29315416198868, 1.5460378503072052], [30.293262001962635, 1.5457086040449541], [30.293363952624652, 1.5454717005610845], [30.29340428540409, 1.5454115082017439], [30.29347576135062, 1.5453674141091447], [30.293554177106827, 1.5453582003767388], [30.293799565785235, 1.545433728190078], [30.293912611954525, 1.545443535726453], [30.294208088238914, 1.5453959330418208], [30.294338219790966, 1.5453584076569864], [30.294506891512395, 1.5452889518719275], [30.294625364887143, 1.5452222758082164], [30.294893690180423, 1.544969878277342], [30.29505184531059, 1.5448644525426753], [30.29514354943648, 1.5448252335432617], [30.29524687698126, 1.5448107081797684], [30.295360528262993, 1.544809521766357], [30.29547776446441, 1.5448425328712467], [30.295789930520087, 1.5450801334556235], [30.29597429656147, 1.545320675236169], [30.296353393366388, 1.5457394487334915], [30.296719053547815, 1.5463447474896173], [30.296766150536286, 1.5463878874016177], [30.296819760544683, 1.5464084919383656], [30.29688165122747, 1.546397531756353], [30.296921861856408, 1.5463643987174545], [30.29695302875626, 1.5462867658256347], [30.296989082303373, 1.546108595597355], [30.29699481101801, 1.5459330189796028], [30.29679823675191, 1.5453426604635843], [30.29674056485142, 1.5451042512566162], [30.29671415018126, 1.5449181198339081], [30.296727981811827, 1.5447668898251197], [30.296801306063195, 1.544560053259933], [30.296858105009814, 1.544295111394916], [30.296845855822475, 1.544185040167785], [30.2967590263528, 1.5439184192541757], [30.296757541870107, 1.5438282188322325], [30.296775534446148, 1.5437330530875653], [30.296812662907886, 1.5436332916430646], [30.296867789268322, 1.543540269466942], [30.297101483483953, 1.5433341843068689], [30.297210424721282, 1.5432946992180794], [30.297427004471952, 1.5432875585151555], [30.297774109475647, 1.5432168974925131], [30.297837980213615, 1.5431847052374832], [30.29784604906475, 1.5431286700633657], [30.297794590191796, 1.5428413098238414], [30.297773427080497, 1.542798018346071], [30.297735468330263, 1.5427756579952934], [30.297505316930888, 1.5427800573405135], [30.297156681787147, 1.5427094418366034], [30.29703584601698, 1.542701395761905], [30.296276470887893, 1.542773032008662], [30.29609209307773, 1.542773721704793], [30.295980981859067, 1.5427325163055474], [30.295847982036825, 1.542603859650335], [30.29582656032323, 1.5425231716781747], [30.295831072271262, 1.5422316971602006], [30.295886083202156, 1.5419025104692112], [30.29588822957182, 1.5415802666005787], [30.295931057138585, 1.541380825930564], [30.29593288454543, 1.5411996226689417], [30.295986602891535, 1.5408380271516133], [30.29597734111169, 1.5406949934323106], [30.29593805759872, 1.5404820048589258], [30.29593826155184, 1.5403248601403814], [30.29583121432512, 1.5401307815648888], [30.29582373750859, 1.540024853869647], [30.2958586283235, 1.5399308083024505], [30.295910635151373, 1.5398576616141708], [30.29596816547359, 1.539826459922049], [30.296020237929127, 1.5398346278472632], [30.29609241704387, 1.539895617141714], [30.296257837499542, 1.540124635148024], [30.296405226045195, 1.540265241817286], [30.296517021983178, 1.540416433581404], [30.296577282746355, 1.5404477965683052], [30.296800522379325, 1.5405174701380913], [30.29690829134485, 1.5405363960490295], [30.296998734973666, 1.5405202109585412], [30.297079427379487, 1.5404746872199548], [30.29717571199648, 1.5403817799291206], [30.297322608989507, 1.5401874612977002], [30.297518851839563, 1.5400510988714062], [30.29761273956843, 1.5400085541099848], [30.29771639074515, 1.540007795892485], [30.297818778846633, 1.540050312941012], [30.29817157909415, 1.5402817751257187], [30.298267443824354, 1.540378633107773], [30.298432015652406, 1.540595396534888], [30.298482388996756, 1.5406126616704474], [30.29852047678314, 1.5405873770745915], [30.298542741154044, 1.540526301230289], [30.29854506323623, 1.5404592874848881], [30.298483177456152, 1.5402978640973577], [30.29846922456408, 1.5402162933472057], [30.298484855378977, 1.5398801419905832], [30.298468283310335, 1.5394308609545237], [30.29851242474961, 1.5392834707794232], [30.29865414745648, 1.539062288988356], [30.29869626527148, 1.538970829343676], [30.29871915413434, 1.53883496905598], [30.29872204994041, 1.538666243039671], [30.29869392390526, 1.5385413250769928], [30.298511909335627, 1.5382265803410504], [30.298491177638226, 1.538147731476409], [30.2984876555715, 1.5380287054876627], [30.298502507687456, 1.5379431347640793], [30.29853335475455, 1.5378732666756032], [30.298732786961345, 1.5375878603309465], [30.29876409807392, 1.5374924013825269], [30.298772502218345, 1.537414187604611], [30.29873604773428, 1.5372702833650846], [30.298569920504654, 1.5369604759993292], [30.298407822043533, 1.536510751439371], [30.29833887379168, 1.536270090034296], [30.29833131775754, 1.5361028248832032], [30.298365070070695, 1.536018124632706], [30.29840761239595, 1.5359644810353255], [30.29881212206991, 1.5357066456049837], [30.29891150752323, 1.5356070775564457], [30.29897962667754, 1.5354971518474874], [30.299012582853347, 1.5353834884223572], [30.299005297909563, 1.535272815575252], [30.298975445345487, 1.535167454849865], [30.298884778661417, 1.534995923476927], [30.298868728402155, 1.5349304890147841], [30.29888623966944, 1.5348403044043735], [30.29894834016877, 1.5347462156986242], [30.29900435048808, 1.5346963716220874], [30.299053727527475, 1.534673636747261], [30.299231371086947, 1.5346674875860455], [30.299326953565355, 1.534697953609658], [30.29947274299072, 1.5348177477881677], [30.29948857610504, 1.534824934211789], [30.29949308551015, 1.534813568376208], [30.299464753813822, 1.5347530215258205], [30.299396294638864, 1.5346818450732511], [30.299315314187748, 1.53462098552104], [30.299233509383274, 1.5345840122116998], [30.29912854926174, 1.534572397083634], [30.29888250262308, 1.534593761251513], [30.29882137156083, 1.534612663870386], [30.29871241561014, 1.5347210736001324], [30.298643121254884, 1.5348399323282589], [30.29861628709635, 1.5349652551873338], [30.298640200517575, 1.5351797328275654], [30.29863502474168, 1.535246827880375], [30.298601372594025, 1.5352877288394375], [30.298549648143297, 1.5352755487400342], [30.298420360339758, 1.535149423943981], [30.298112402345467, 1.5346429064233391], [30.29797232029552, 1.5344726664556083], [30.297892626393296, 1.5344295334607714], [30.29775784885175, 1.5343885633595846], [30.297415501231104, 1.5344096153100548], [30.2973568150124, 1.5343858168849158], [30.29730043783291, 1.5343369100501587], [30.297262079655063, 1.5342527494097582], [30.297262005498954, 1.5341190422452304], [30.297306018808555, 1.5340171363590136], [30.29741512241589, 1.5338724060379598], [30.297420165420533, 1.5338406322274387], [30.29740554039125, 1.533824828267849], [30.297105803029577, 1.53383723227443], [30.2967676998191, 1.5337918179388979], [30.296490011872127, 1.533783078663249], [30.2960454013407, 1.533724876336397], [30.295972709192213, 1.5336871855316794], [30.295829344276743, 1.5334477390436367], [30.29575019805745, 1.5332252737078862], [30.29571229778498, 1.5329352124487736], [30.295708434514186, 1.5326550682735847], [30.295720907717172, 1.5325659511313539], [30.295764861941116, 1.5324406188371855], [30.295936182568713, 1.5321167089531822], [30.296007006259888, 1.5320676277087937], [30.29625968709493, 1.5319759852522565], [30.296369007861852, 1.531920991763044], [30.296719430928057, 1.53164438796394], [30.296796568720765, 1.5316094175755413], [30.296879462120454, 1.5315957015942654], [30.297295086788274, 1.5316227160815774], [30.29740457411673, 1.5316025167105691], [30.29746753689529, 1.531564387381788], [30.297478219282745, 1.5315354506201622], [30.29746854293245, 1.5315007169653312], [30.2972437223541, 1.531186256609272], [30.297170937164644, 1.5310276926625244], [30.29715119758639, 1.5308230723750818], [30.29715695970088, 1.5307323130965769], [30.2971997222273, 1.5306507955627828], [30.297275265148162, 1.5306125822346712], [30.2973612449156, 1.530610013795179], [30.297583550579184, 1.5306498886806863], [30.297684315315152, 1.5306479685712082], [30.298455110071284, 1.5305424508640404], [30.298908018444298, 1.5304542018666891], [30.299022710853716, 1.5304448933202583], [30.299115787546043, 1.5304594132752687], [30.299209711463067, 1.5304976191616961], [30.299299012506623, 1.5305569215250083], [30.299373825148006, 1.5306296863491733], [30.29943035353819, 1.5307111957996016], [30.29950449903096, 1.530893599889877], [30.299639213166063, 1.531408739770591], [30.299696180515415, 1.531508750380577], [30.299795813233008, 1.5316133841064197], [30.29999690872042, 1.5317531723673452], [30.300085471810043, 1.531766589677272], [30.30017409976239, 1.5317337582279953], [30.300245477227854, 1.531675774338045], [30.300301868461986, 1.5315884697869109], [30.300317318362893, 1.5315120647123068], [30.300276813846644, 1.5314537369723344], [30.30000663846729, 1.5313290300451186], [30.299924613311465, 1.5312504822780102], [30.299890948734053, 1.531145094731297], [30.299869469724264, 1.5307789506482103], [30.299804701374867, 1.5304774777795982], [30.299526241060576, 1.5300631479222815], [30.299428203127825, 1.529947354362053], [30.299150077983057, 1.5296983956959131], [30.298974771762058, 1.5295944305772229], [30.29887544915485, 1.5295854939501587], [30.298622493056, 1.5296398181878503], [30.298489638744392, 1.5296487819096771], [30.29832463069386, 1.5296254469733506], [30.29815859475739, 1.5295600820258195], [30.298049360319723, 1.5294539870686805], [30.29796012603007, 1.5292765180745105], [30.297872443666044, 1.5291615069950149], [30.2977623865695, 1.5290530624270673], [30.297525457733325, 1.528863986280582], [30.297447904838915, 1.5287522577083974], [30.29742087994139, 1.5286319271685673], [30.297432855048886, 1.5285528923058032], [30.297515159388563, 1.5284291754296284], [30.2976197137629, 1.5283336416212892], [30.29774752319605, 1.5283060247576559], [30.298132006255607, 1.5283190665804083], [30.298190180767783, 1.5283089516633714], [30.298220761160643, 1.5282833794174866], [30.298200227565584, 1.5282442805110608], [30.298052110548795, 1.528120585923692], [30.29793288994699, 1.5279932381869994], [30.297859826596174, 1.5278846764686969], [30.297818466257677, 1.5277780648276413], [30.297820823825116, 1.5277163529816997], [30.29784381886263, 1.5276560268963673], [30.297993442793707, 1.527455047938359], [30.29805650598791, 1.527338743355033], [30.298133871032668, 1.5271155845396545], [30.298191543328414, 1.5268614211132328], [30.298313521626707, 1.52661802054584], [30.29830650754891, 1.5265891148559534], [30.298274619141157, 1.5265665847149883], [30.29805150819465, 1.526543430922112], [30.298007600912054, 1.526513033001806], [30.298011401706347, 1.5264558999691447], [30.29813346476865, 1.526180598860878], [30.298155613384434, 1.5260640059609714], [30.298143309479176, 1.5260121387638705], [30.298106212480093, 1.5259653304343166], [30.298049602094476, 1.5259317736938076], [30.297980363732936, 1.525916875196407], [30.297900190657405, 1.52593964102751], [30.29775985588111, 1.5260497111356124], [30.297675960788272, 1.5261290997061487], [30.29762291362307, 1.5262089913373904], [30.29760019521462, 1.5262829035769174], [30.297599705770924, 1.5263552324864118], [30.297669299733368, 1.5265332145422954], [30.297680676894487, 1.5265994298705232], [30.297660162377476, 1.526659305485417], [30.29760453369577, 1.5267062663946778], [30.29733857160612, 1.5266928660442518], [30.297245874373758, 1.5266634505065997], [30.29713088982487, 1.5265752980132417], [30.296968566928975, 1.526372759481024], [30.296926267946816, 1.5263527115038567], [30.2968929091918, 1.5263649431913917], [30.296863588218123, 1.5264319148794778], [30.29686072591363, 1.5265428585929122], [30.296947356800548, 1.526892796242793], [30.296950837977402, 1.5270515731958156], [30.2968944642135, 1.5272454569540395], [30.296713671206692, 1.527637596728851], [30.296589997679035, 1.527769169768241], [30.296425043398436, 1.5278586467575326], [30.296247022229817, 1.5278864664305427], [30.29595537441705, 1.527845671185835], [30.29591319382138, 1.5278558463285652], [30.295886775607897, 1.5278806123689235], [30.29587359680979, 1.5279686701991637], [30.29592327139971, 1.5282386910240697], [30.29593273647759, 1.5285251455854154], [30.29585924878046, 1.5293336515367861], [30.295843842599027, 1.5294192974133667], [30.2958102842953, 1.529499434760338], [30.295764529460314, 1.529553732636891], [30.29571036708387, 1.5295828838229633], [30.29557231801014, 1.5295815014881013], [30.295422031041515, 1.5295194632636364], [30.295313310861776, 1.5294356991183842], [30.294980194206502, 1.5291224803783676], [30.29487929913662, 1.529053527192117], [30.294759615241357, 1.5289951692882637], [30.294609945062607, 1.5289540918946132], [30.294429013756947, 1.5289762639590057], [30.29426015021537, 1.528957196900488], [30.294018983128424, 1.5288833728532876], [30.293870173415286, 1.5288154054068086], [30.29355194429962, 1.5286195289124536], [30.293325980633274, 1.5283827927673368], [30.293074074924554, 1.5282722224109282], [30.292840349132145, 1.5281264491198987], [30.29262856376052, 1.5279250846977113], [30.292583616055584, 1.5279305144885953], [30.292542120400178, 1.528004863220426], [30.2925065434831, 1.5280371354647704], [30.292437064754157, 1.5280578920285326], [30.29232762544519, 1.528043214784396], [30.292087383418888, 1.5279444318102502], [30.292476611397575, 1.5284176357900168], [30.29253484628351, 1.5285472274230092], [30.292532529496484, 1.5286053679099618], [30.29250096438337, 1.528666393102092], [30.292330028973225, 1.5288005694659426], [30.29221691056366, 1.5289469179294883], [30.292212861946233, 1.5290346298815027], [30.292263239656375, 1.5291268470779622], [30.29235941512145, 1.5292108989867708], [30.292457435730554, 1.5292657769417246], [30.293017037760915, 1.5294258703933776], [30.293333511104628, 1.5295846646734441], [30.293497928659605, 1.5296863561376135], [30.293831074778605, 1.5298162725418405], [30.293962332056065, 1.529895126989177], [30.294036410238455, 1.5299619032470806], [30.294078969016095, 1.5300371227630298], [30.294084962142442, 1.5301160168134478], [30.294060293829382, 1.530180265777702], [30.294007323888653, 1.5302391263830877], [30.293930107849707, 1.530288131840309], [30.293863296860543, 1.530311247174491], [30.293717109197306, 1.530324821272723], [30.293414635136457, 1.5303079466363265], [30.29324240239773, 1.530328584021379], [30.293146740635084, 1.5303570017599326], [30.29280412122609, 1.530550724210051], [30.292521899236018, 1.5306833615352102], [30.29246944530017, 1.5307224681274838], [30.292437484126875, 1.5307674877959407], [30.292426420062476, 1.5308312615059458], [30.2924498318889, 1.5308750557322426], [30.29271448761751, 1.530989846783027], [30.29282177083823, 1.531051416867856], [30.2929895031466, 1.5311794799473941], [30.293157242645332, 1.531364471519092], [30.293264290278888, 1.5315380808967918], [30.293379468575424, 1.5317781903851124], [30.293420366159523, 1.5318899082490163], [30.29344611313711, 1.5320335968543555], [30.2934397806159, 1.5321168470889928], [30.293399701674335, 1.5321952943517858], [30.2933393703262, 1.5322395485273765], [30.293220576050913, 1.5322923855693675], [30.29283617523648, 1.5323395170456637], [30.29255341584837, 1.5323318128042593], [30.29249716167145, 1.5323474868519549], [30.29247723421944, 1.5323765927993127], [30.292504134279152, 1.5324460395252752], [30.292710339353977, 1.5327759030741217], [30.292796054286125, 1.532982380950468], [30.29289925164588, 1.5334237276176406], [30.29289563842123, 1.5337461868749298], [30.29284844960348, 1.5338849597634565], [30.29275144037903, 1.5339693647319763], [30.292432155518473, 1.5340896466197858], [30.292230860313254, 1.534093788315417], [30.29219550080717, 1.534104623479696], [30.292185664785094, 1.5341245647988284], [30.292220911504337, 1.534176067868131], [30.29237038627642, 1.534252246089563], [30.29243425390142, 1.5343247392141581], [30.29245035351542, 1.5344045087073026], [30.29245645373885, 1.5347822303000278], [30.29247118449845, 1.534911986807575], [30.292511152570544, 1.5350233024347115], [30.292616201605025, 1.5351848160547366], [30.29266820673032, 1.5352972718706621], [30.29269387169969, 1.535403262926375], [30.292688127699034, 1.535475279350106], [30.292600164374807, 1.5355958069604245], [30.292520862538773, 1.5356440143376753], [30.292225985382707, 1.5357000181066771], [30.291998605185963, 1.5357224158795455], [30.29186879701909, 1.5357703541966266], [30.29159840408817, 1.5357378800439694], [30.291488703773858, 1.5357650932406766], [30.29140619439622, 1.535847435547185], [30.29131303283004, 1.5360709300665685], [30.29124142746006, 1.5361782494396312], [30.291097163971124, 1.5363363027761492], [30.290937264919208, 1.5364517651852079], [30.290767660548813, 1.5364850002175054], [30.290546103742024, 1.5364370979625672], [30.2903745455429, 1.5363369128724402], [30.29012294274433, 1.536251692791032], [30.28998971029849, 1.5361442922109607], [30.289821573614223, 1.5359773757051443], [30.289721900392653, 1.5359375998543447], [30.28967967278603, 1.5359475087012238], [30.28964262463322, 1.5359842446648264], [30.289570168571124, 1.5362211342454832], [30.289504001310963, 1.536363280205945], [30.289308096992126, 1.5366400739259611], [30.289222731418008, 1.5367025567429882], [30.289102817807397, 1.5367116639786693], [30.288967204478926, 1.5366658542884277], [30.28884513550573, 1.5365830277328267], [30.288561489424776, 1.536337728586183], [30.288341952419216, 1.5360741518179808], [30.287944775896186, 1.535690278415272], [30.287642706523723, 1.535286261675058], [30.28755943354664, 1.5351406896485262], [30.28748206763306, 1.5349230867214883], [30.28732564082046, 1.5346351139046883], [30.28727500104389, 1.5344917706126677], [30.28722074150078, 1.5342660857153232], [30.287195243128046, 1.5339649810989173], [30.287280444357553, 1.5334203617444992], [30.287407927156277, 1.5329072239033141], [30.287454066755352, 1.5328118470807486], [30.287580793953047, 1.5326187986610331], [30.28761963894532, 1.532510320276522], [30.28763441382844, 1.532056103860946], [30.28761179665492, 1.5319543642301465], [30.287574940445406, 1.5319194883810512], [30.287510216656095, 1.531901942976507], [30.28726282947971, 1.5319267292517706], [30.28684037832629, 1.532071729564314], [30.28657799742478, 1.5322079450899615], [30.2864773771202, 1.532239036723391], [30.28638345409262, 1.532235607604049], [30.286220465150762, 1.5321751361110516], [30.28598469808617, 1.5321265693023278], [30.285869735768756, 1.5320706576903007], [30.28566011487512, 1.5318492123122605], [30.285566493601557, 1.5314668208348305], [30.285561573823397, 1.531310286795618]]}}, {"type": "Feature", "properties": {"OBJECTID": 2980, "Id": 21392, "Contour": 1359.0, "Shape_Leng": 9711.93459452}, "geometry": {"type": "LineString", "coordinates": [[30.28863097285221, 1.5468607774350853], [30.28858108374754, 1.5467870568584379], [30.28857699584431, 1.5467513315168349], [30.288591664019464, 1.5467341543984363], [30.288638942634606, 1.5467461508887035], [30.28878319129658, 1.5468415545664747], [30.288781368305383, 1.546774368262824], [30.288823551509818, 1.5467466826898106], [30.288995357065367, 1.5468431003259064], [30.289099420075384, 1.5468775854782073], [30.28943057113999, 1.5469089123712139], [30.289757643946544, 1.546910765331713], [30.29002583368692, 1.5469428184025744], [30.29017487490014, 1.5470033415649145], [30.290298693288957, 1.5470749291697992], [30.290429577407906, 1.5471912383683624], [30.290655649747507, 1.5474333581946478], [30.290720914576664, 1.5474605986791092], [30.291071733594876, 1.5473866385143493], [30.291413698218495, 1.5474266769922356], [30.291460414857216, 1.54741853290844], [30.291517667368993, 1.5473679586679328], [30.291591165809386, 1.5472563978086573], [30.291689598705467, 1.5469910954039012], [30.29173291209934, 1.5469543262673187], [30.291796395990254, 1.5469372898331326], [30.291992405198073, 1.5469262500525172], [30.29211749677038, 1.5469444322524808], [30.29227221410591, 1.547004994421686], [30.29256031321716, 1.5471537625177012], [30.29263824408844, 1.5471668124193008], [30.292702844769707, 1.5471532958784766], [30.29278602181582, 1.5471028658983563], [30.29295010284901, 1.5469422829568618], [30.293040540526352, 1.546808633173948], [30.29305820081222, 1.5467103935639734], [30.2930567634458, 1.546371149085409], [30.293138482875623, 1.5458727366681129], [30.29319983939322, 1.5456788536679271], [30.293376139368377, 1.545360774192964], [30.293443990597964, 1.5453220392732998], [30.2935496469988, 1.5453134859732827], [30.293645404771972, 1.5453340268405076], [30.293800412365986, 1.5454007188806305], [30.293910835465496, 1.5454122059198003], [30.29416084228126, 1.5453717425948494], [30.29436652413148, 1.545315728277342], [30.294509944383822, 1.545259247923861], [30.294595329430226, 1.5452075932802682], [30.294877752249185, 1.5449150444466466], [30.29496853439613, 1.5448445855246709], [30.29509325613785, 1.544787059873], [30.29527279893059, 1.5447591672615384], [30.29543376102289, 1.5447648743855216], [30.29554084047577, 1.544794492864719], [30.29584107486594, 1.5450551480173245], [30.296121562399918, 1.5454415838666806], [30.296310145648775, 1.5456062775222035], [30.296382001640396, 1.5456899902825012], [30.296538144734797, 1.5459906736361069], [30.296717828650586, 1.5462927890390872], [30.296795146870906, 1.5463537063902493], [30.29684343510064, 1.546358980508163], [30.29687443351836, 1.5463428246346993], [30.29688013971549, 1.5463116374580017], [30.29685809520358, 1.5462142251162232], [30.2969444418225, 1.5460439734966052], [30.296955539981322, 1.545895954580016], [30.296737022096817, 1.545220062193914], [30.296678478922814, 1.544912118694786], [30.296689219615974, 1.5447800096575826], [30.296768345777704, 1.544551296140556], [30.296809972166216, 1.5442978952261879], [30.296799599002338, 1.5441807304545645], [30.296722230310706, 1.543924747419668], [30.296741716702215, 1.5437231562549176], [30.296781557365147, 1.5436097195605896], [30.296840749832015, 1.5435153575824292], [30.29708724826971, 1.5432967415147745], [30.297226746487095, 1.5432483176878071], [30.297473228665325, 1.5432435052419717], [30.297683960288296, 1.5431919610539468], [30.297737770520527, 1.5431640369839947], [30.29775683230363, 1.543116129809285], [30.297736934268265, 1.5429573676838113], [30.297748741779102, 1.5428397155124685], [30.297738338150516, 1.5428181711917122], [30.297713732247097, 1.5428081772375835], [30.29750989509574, 1.5428230218176344], [30.297178301515284, 1.5427461512491702], [30.297049204469346, 1.5427354775499518], [30.296779150798976, 1.5427619362862752], [30.296550468597076, 1.5428285605323373], [30.296361585876536, 1.5428341060002333], [30.29612954999359, 1.5428649608660312], [30.296001124181767, 1.5428316836395433], [30.295776678644234, 1.5426836471538175], [30.295746694920208, 1.5426170064332776], [30.29566136968314, 1.5423076088123413], [30.295676490360734, 1.542255326751179], [30.295790902750905, 1.542042371142245], [30.29583566031514, 1.541888079875124], [30.2958466982152, 1.541524671752414], [30.29591295870881, 1.5410296961161554], [30.29588724321259, 1.5408880199090478], [30.29592305736649, 1.5407620422945794], [30.295912579247375, 1.540701633130407], [30.29585348564438, 1.540555942293305], [30.295824802981205, 1.540334810382483], [30.295742091867105, 1.540133931094086], [30.29574041606394, 1.540066161028041], [30.29590856854324, 1.539684433053144], [30.295933944632385, 1.5396640657646667], [30.29596784334055, 1.5396667056439903], [30.296179215049946, 1.539869558671194], [30.296306287947075, 1.540068796834133], [30.296428560955544, 1.5401571708847628], [30.296653943350307, 1.540382975940957], [30.296821498390468, 1.5404689430732035], [30.296931775389698, 1.5404880197179072], [30.297000541741678, 1.540472671705947], [30.29709196035186, 1.5404107411032995], [30.297276021446876, 1.540152853062257], [30.29741743574003, 1.5400194257425692], [30.297545888019524, 1.539967016520544], [30.297702933747118, 1.5399655263588523], [30.29781779820057, 1.5400081474374385], [30.298104621797826, 1.5401844841267016], [30.298236782728956, 1.5403070458186565], [30.298452566583506, 1.540555102032376], [30.29847951492358, 1.5405610871358462], [30.298488562111075, 1.5404361175918133], [30.298428573100686, 1.5401831539924773], [30.298445348690674, 1.539930335918101], [30.29843175038942, 1.5394419556529362], [30.298478310573053, 1.5392752092758886], [30.298643146783974, 1.5389985304383507], [30.298673054297463, 1.5387855406979642], [30.29864122157922, 1.5385572392575606], [30.298472221860305, 1.5382259594221588], [30.298450356686462, 1.5381442308557958], [30.298445078413433, 1.53802909854992], [30.298485306411806, 1.5378791444223108], [30.298682031158535, 1.537588091214613], [30.298710249814427, 1.5373947827215648], [30.298659632932623, 1.5372240292354262], [30.298344111060047, 1.5365816959057934], [30.29828021912468, 1.5361882933270943], [30.298277597509852, 1.5360963814835311], [30.298307260435703, 1.536004726750925], [30.29834898464772, 1.535954874404509], [30.298709041785468, 1.5357594961370251], [30.298870469685557, 1.5356315354546877], [30.298963290028492, 1.5354872255995191], [30.29898473287988, 1.535409535078192], [30.298988091549447, 1.535331072256192], [30.29895568186562, 1.535185673317571], [30.29884855570789, 1.5350052934490879], [30.298826596569924, 1.5349378971456578], [30.298838792290148, 1.5348262788291214], [30.298901664193846, 1.5346796118569102], [30.298892292449032, 1.5346482823123997], [30.298857765756516, 1.5346557240280894], [30.29880856528294, 1.5347170046645588], [30.298716407336002, 1.5347947167376634], [30.298673847593193, 1.534859276257764], [30.298648396452872, 1.5349709887623229], [30.29866512868197, 1.5352489844090627], [30.298634212246757, 1.5353087163278434], [30.298578639939567, 1.5353175179392247], [30.29850314647763, 1.5352679881546496], [30.29841932141442, 1.5351788636651058], [30.298127721568964, 1.5347184734216324], [30.297956082900324, 1.5345168980846267], [30.29775258235789, 1.5344326417923526], [30.29743604063791, 1.5344651610307085], [30.297356051010073, 1.534445159188524], [30.297288541759475, 1.534399681235777], [30.297252784278232, 1.534351610529007], [30.29722851247551, 1.534281644955351], [30.297218062553135, 1.534157038901727], [30.297229664642536, 1.5339917892222885], [30.2972160197887, 1.5339467057211862], [30.29718583169456, 1.5339173138835456], [30.296786267126347, 1.5338271231464788], [30.29622353537559, 1.5337955695177548], [30.296040792905732, 1.5338020712358373], [30.29595197758411, 1.5337658202686495], [30.29589915915863, 1.5336877031195026], [30.295749450657706, 1.5333670924620253], [30.295665347747804, 1.5329919561558454], [30.295656620808806, 1.5326877191883534], [30.295724557332694, 1.5323164687395665], [30.295744509135638, 1.532263239246622], [30.295803308912372, 1.5321907400392112], [30.295866744966883, 1.5319728815146416], [30.295906927587254, 1.5319286124994076], [30.296112459299444, 1.531961950988656], [30.29621841636221, 1.5319537382805215], [30.296302393288506, 1.5319294675318955], [30.296432500762343, 1.5318538006943514], [30.296682502240024, 1.5316323713998974], [30.29681871252221, 1.5315691850596005], [30.29704378510761, 1.5315689024706982], [30.297265458917366, 1.5315917871300857], [30.297387057886812, 1.5315787423434477], [30.297435481064046, 1.5315559006288968], [30.297444920343985, 1.5315333030674836], [30.297435106784594, 1.5315044055240035], [30.29718249760072, 1.5311525521212708], [30.297132123348266, 1.5310084155774841], [30.297116146098002, 1.5307955814511824], [30.29712478026321, 1.5306988306266252], [30.297176783319657, 1.5306121233761416], [30.297266158645566, 1.5305732066520954], [30.29736742022991, 1.5305734162446618], [30.297578587739693, 1.5306182493252407], [30.297708879291747, 1.530620117218334], [30.29843246009443, 1.530526863826699], [30.298957211022962, 1.5304035831747105], [30.299038212201918, 1.530401937372159], [30.299111323478055, 1.530418411841323], [30.299219001309467, 1.530464219052728], [30.299308918064792, 1.530523254610621], [30.299390282734198, 1.53060079131227], [30.29945652403561, 1.5306957958704983], [30.299515176531436, 1.5308324585445436], [30.29964996511706, 1.5313770585706976], [30.29969563995378, 1.5314675519141387], [30.299771546669536, 1.5315551567399714], [30.299906206161005, 1.531642761930567], [30.300038230546434, 1.53167896275088], [30.30011703349369, 1.5316830767303666], [30.300170099197757, 1.53166634513535], [30.300222051253506, 1.531625689767949], [30.3002714581541, 1.5315618278699346], [30.30028605737574, 1.531506256485177], [30.300258573127437, 1.5314805756854388], [30.30008023305133, 1.5314403398892937], [30.300021666536413, 1.5314386514989033], [30.299952234953935, 1.5314569970059855], [30.29991824399531, 1.5314344715854973], [30.29983790348671, 1.5311443694536602], [30.29985293187669, 1.5308123436862775], [30.299789720231033, 1.5305188340673113], [30.299530287757086, 1.5301066718593481], [30.299420635247806, 1.5299720626490545], [30.299140611711884, 1.5297172923929736], [30.299041385646255, 1.5296497950864452], [30.298964164455253, 1.529615918189103], [30.298866924072193, 1.5296099118843782], [30.29857773638545, 1.5296750311662484], [30.298427499909966, 1.5296876859095687], [30.298299219560914, 1.5296688080897514], [30.29812499126368, 1.5295972796998598], [30.298025467777588, 1.5294947252193225], [30.297936090709857, 1.52929566757924], [30.29784820857546, 1.5291707070867593], [30.29773059597951, 1.5290572781152472], [30.297477887996855, 1.5288672317682612], [30.297389592654845, 1.5287372857107915], [30.29736655805417, 1.5286384227147245], [30.297384782320982, 1.5285319183131656], [30.297469138204875, 1.5284171590914142], [30.297590873829254, 1.5283177267523718], [30.297713963376314, 1.528278495365807], [30.298079435754683, 1.5282910899168305], [30.2981213306945, 1.5282838685514595], [30.298138860083963, 1.528264957456928], [30.29810630930608, 1.5282117655851721], [30.297801744639074, 1.5279054224155917], [30.297765443787423, 1.5278505909379858], [30.297750957751514, 1.5277888093656116], [30.29776840903277, 1.5277012473984077], [30.2978068913571, 1.5276226697062738], [30.297970013204143, 1.5274410900942912], [30.29803830337673, 1.5273254699112582], [30.298105944673683, 1.5271224430165877], [30.2981575188161, 1.5268633157650902], [30.298262362814913, 1.526633809677263], [30.298259461010417, 1.5266005380905716], [30.298229016234224, 1.526578081780635], [30.2980404264762, 1.5265658852169601], [30.298003845510696, 1.5265525340008146], [30.297980685402234, 1.5265247913751534], [30.297980318535753, 1.5264783891218472], [30.29809189789731, 1.5262443946074726], [30.298130939363617, 1.526087487801014], [30.298124621267185, 1.526034411481445], [30.298100283110955, 1.525994074593264], [30.298052792316646, 1.5259610956061387], [30.29799785869804, 1.52594764747582], [30.297921316504308, 1.5259627465956103], [30.29778521332364, 1.5260545762191589], [30.297696134507035, 1.5261282534237568], [30.297639344352824, 1.526204914247079], [30.297616801745114, 1.5262672340308507], [30.29761322558112, 1.5263515792302915], [30.29768633452929, 1.5265431106467178], [30.297695224289114, 1.5266157635241155], [30.297662050596287, 1.526690024579652], [30.297586351514873, 1.5267473380977388], [30.297521234972915, 1.5267614712966004], [30.29743147616382, 1.5267556808241458], [30.29725979864455, 1.5266978792057793], [30.29712970715229, 1.5265967240183915], [30.296965260184074, 1.5263900903488012], [30.2969309575946, 1.526372428267127], [30.296898380563377, 1.5263841361747883], [30.296873988390985, 1.526443121209033], [30.296872688710856, 1.5265482136225446], [30.29696753287362, 1.526897747924041], [30.296969103057375, 1.5270693582455241], [30.296913581858007, 1.5272580684638901], [30.296741631130836, 1.5276704760474904], [30.296617729973352, 1.5278023641985317], [30.296515137946173, 1.5278656483687758], [30.296422649289244, 1.5279011903915396], [30.296249858177298, 1.5279173023125496], [30.295972018169756, 1.5278651975653643], [30.295911154430332, 1.5278906909842855], [30.295901906349734, 1.527968979277407], [30.295956182042598, 1.5282475130877438], [30.29596027346912, 1.5285088172808725], [30.295886943876372, 1.5293763008359615], [30.295867029743725, 1.529469487790234], [30.295832832305663, 1.5295451436776826], [30.295786969978288, 1.5296004875049476], [30.295738052419665, 1.5296286521953575], [30.295665773671104, 1.5296374259653926], [30.29557059994328, 1.529620206103424], [30.295397436785915, 1.529545924154611], [30.295280446020314, 1.5294546758811165], [30.29495816631733, 1.529141724127228], [30.29477216146024, 1.5290290368949218], [30.294628810119487, 1.5289916506837504], [30.294418223274167, 1.5290141278316758], [30.29429478495291, 1.5290003843728146], [30.294025099883633, 1.5289210938857931], [30.293885559621813, 1.528861538987167], [30.293517848500336, 1.5286422092068674], [30.293300910198877, 1.5283980015442593], [30.29308939915394, 1.5283007904510857], [30.29271403992832, 1.5280985806044076], [30.29265535762396, 1.5280804789949645], [30.29259077982253, 1.5280799575855528], [30.292415509097623, 1.528115730827698], [30.292357435209738, 1.5281462082666275], [30.29234944837004, 1.5281911356628581], [30.292372129062382, 1.528249776165072], [30.292571518222722, 1.528475092892425], [30.292614414979912, 1.5285499580940836], [30.292627807426832, 1.5286085421113667], [30.292597044987662, 1.528678149711528], [30.292385575305328, 1.5288192335532558], [30.292289664732245, 1.52894526773525], [30.29227115578678, 1.5290333595228556], [30.292331237048444, 1.529132303271109], [30.292418397716332, 1.5292009084177907], [30.29253182664934, 1.5292508728196934], [30.293036300844143, 1.5293709186643052], [30.293273529215362, 1.5294558927197404], [30.293480626767572, 1.5296007515756154], [30.293776549147395, 1.5297316892006452], [30.293988338199746, 1.5298480622706534], [30.294092554072442, 1.529955827881671], [30.29413524390531, 1.5300697971056223], [30.29413013939244, 1.530139712167583], [30.294091824643477, 1.5302134084731518], [30.294021280933332, 1.5302784644788179], [30.29392667961602, 1.530333394505586], [30.293838555485934, 1.530361809530129], [30.293701441218474, 1.5303814439738277], [30.293440470323468, 1.53035387489385], [30.29318394048804, 1.530388703797667], [30.293091891674568, 1.5304270798746813], [30.292851651911135, 1.5305647263315643], [30.292545388258297, 1.530704032665603], [30.292496238227525, 1.530740539571258], [30.29247046138961, 1.53078644510487], [30.29247365401487, 1.5308296883957688], [30.292513536417765, 1.5308717177027393], [30.292790116573755, 1.5309876287420292], [30.292959390751918, 1.5311022652900315], [30.29322339857193, 1.5313627756543344], [30.293267835869177, 1.5314337826385318], [30.293445987537307, 1.53182273960357], [30.293509390052343, 1.5320706833766524], [30.293500080419047, 1.5321401806904082], [30.29345947647585, 1.532219576526442], [30.293411816020022, 1.5322707259415154], [30.293346901196127, 1.5323033295437707], [30.29317548973516, 1.5323461164136634], [30.292839521017335, 1.5323722965558793], [30.292615021080508, 1.5323659427420189], [30.292575827781782, 1.5323790532639086], [30.29255521844796, 1.532408563348245], [30.292582796759753, 1.5325110560404682], [30.292742015965864, 1.532767599654139], [30.292815267289487, 1.5329288367454077], [30.292886498214372, 1.5331703672547368], [30.292960470863378, 1.533502660318595], [30.292948700204363, 1.5337630858623645], [30.29290052838132, 1.5339101621118556], [30.29282112137413, 1.5339824665586606], [30.292550667413025, 1.5341118886311877], [30.29251641061731, 1.5341559213593072], [30.292499712355365, 1.5342183428831042], [30.292487828082187, 1.534607775798461], [30.29250526984914, 1.5348889836367101], [30.292552782252763, 1.5350219437286021], [30.292704850366494, 1.5352185496157862], [30.292780157491578, 1.535459894088795], [30.292807400292936, 1.535666452462212], [30.29278920205958, 1.5357227737718615], [30.29275406511158, 1.5357483372469234], [30.292611415908635, 1.5357657007513585], [30.292440713360424, 1.5357267159030243], [30.292374646376263, 1.5357253035317624], [30.292065036816926, 1.535774434188061], [30.291899928173006, 1.5358346286041307], [30.291824266137873, 1.5358466298025353], [30.29177380122474, 1.5358367876007981], [30.291623954482382, 1.5357637069567127], [30.291518286574775, 1.5357689470400164], [30.29146660838596, 1.535800630325933], [30.291426226776437, 1.5358511185163757], [30.29133388358331, 1.5361328253184812], [30.291234932543702, 1.5362746097975861], [30.29102512073556, 1.5364618860940846], [30.29093059440025, 1.536504064741398], [30.290807668845442, 1.5365305781928988], [30.290531801269836, 1.536511223925915], [30.29034538763845, 1.5364020122460675], [30.290166995295742, 1.5363562326426423], [30.290048001895016, 1.5362801225911304], [30.289850089589894, 1.5360874431259193], [30.289797998121692, 1.5360575242890928], [30.28975381668373, 1.5360505879489417], [30.289708232856405, 1.5360778779418445], [30.289673464318717, 1.5361320642172696], [30.289600506026606, 1.5363477875394806], [30.28954214907589, 1.536465255662245], [30.28929487982924, 1.536740832179673], [30.289220745674225, 1.5367736154852625], [30.28914652872546, 1.5367746125185135], [30.289024197041325, 1.5367450699838308], [30.288891049214378, 1.53668421837686], [30.288552112901765, 1.5364134135415997], [30.288353622555853, 1.5361532148360533], [30.287929697615628, 1.535732815604869], [30.287593685316946, 1.5353227281853934], [30.287531059226897, 1.5352126012242018], [30.287447808339376, 1.5349306835562975], [30.287300082481053, 1.5347212122188632], [30.2872694704149, 1.534653014225809], [30.287172852648645, 1.5342294569732768], [30.287155980883448, 1.5340505922469683], [30.28716103755337, 1.5338993095545301], [30.287284744353197, 1.5331432577756001], [30.28731972985066, 1.5330020990277418], [30.287371469841275, 1.5328740302264001], [30.28754743745447, 1.532611054368065], [30.28759037411628, 1.532503866053178], [30.28760719331657, 1.5320757148393584], [30.287588062915944, 1.5319826880121994], [30.28755538680343, 1.5319499133517047], [30.287495852482888, 1.5319334588446156], [30.287259864693592, 1.5319600920533742], [30.286898685354597, 1.5321089039227773], [30.28673768312034, 1.5322109194190712], [30.286551111216447, 1.53231020790573], [30.286479377620765, 1.5323335793940154], [30.28637387236824, 1.5323262179612889], [30.286262967204962, 1.5322562041985333], [30.286206268587637, 1.532236138048438], [30.285988179000014, 1.5322665029815485], [30.28583715098988, 1.5321779790311654], [30.285749880007717, 1.532042669405116], [30.285608189417225, 1.5318773947225957], [30.285515835997113, 1.5316271454101649], [30.285480757882755, 1.5313085218418747]]}}, {"type": "Feature", "properties": {"OBJECTID": 2981, "Id": 21395, "Contour": 1358.5, "Shape_Leng": 9708.1702605}, "geometry": {"type": "LineString", "coordinates": [[30.28820323258785, 1.5466493968765809], [30.288341380668648, 1.5465995026201538], [30.28852615148119, 1.5465707384264522], [30.288705219907982, 1.5464669297681284], [30.28905971248225, 1.5465163462379194], [30.28911385952369, 1.5465470198697513], [30.289370021793715, 1.5467884231010243], [30.289421557315965, 1.5468191245983487], [30.289498417900603, 1.5468349998229458], [30.289760620953206, 1.5468353688414658], [30.28989776831609, 1.5468616438216585], [30.290041538485625, 1.5469024907745814], [30.290260914726975, 1.5470019000617454], [30.29039124272466, 1.5470911674410641], [30.290659619387263, 1.5473843238950975], [30.29072664112029, 1.5474211400606919], [30.29101735027978, 1.5473468456876627], [30.29127316801733, 1.5473596115854273], [30.291396984541066, 1.54733429053454], [30.291458069573675, 1.5473070139147465], [30.29150419168274, 1.547267173739956], [30.291537392721718, 1.547212182129386], [30.291567095550853, 1.5470494835103954], [30.291617509867546, 1.5469074387050978], [30.291653665309326, 1.5468580491555446], [30.29169651991903, 1.54683722159302], [30.2918592092099, 1.5468440080711139], [30.291979359367094, 1.546832436021842], [30.29205121067601, 1.5468450681871677], [30.292182945693288, 1.5469040739615536], [30.292544694762146, 1.5471149798249964], [30.292616900622104, 1.5471384027681454], [30.292677799037904, 1.5471346626782045], [30.292734987017987, 1.5471097003483618], [30.292796067955468, 1.5470579578115737], [30.292948625358964, 1.5468947740348733], [30.293008467727223, 1.5467953045774137], [30.293021897346396, 1.5467009547589634], [30.2929896217913, 1.5464513211421942], [30.293060314873284, 1.5461378517885578], [30.293115578734895, 1.5457273893362076], [30.293153347665278, 1.5456184061062452], [30.29334117689119, 1.54530479839265], [30.293419669419187, 1.545267953812465], [30.29354635217898, 1.5452688234234657], [30.293660860194397, 1.5452958229544926], [30.29381732471794, 1.5453699676803536], [30.293909974304604, 1.5453821108713577], [30.2941385761189, 1.545347282359542], [30.294381129200634, 1.5452800166139058], [30.29448765395313, 1.545238646670289], [30.294562153112274, 1.5451897222259716], [30.294705839404692, 1.5450165395967481], [30.2949302505813, 1.5448074211875868], [30.2950364537187, 1.544756584648814], [30.29520992901953, 1.5447178665539958], [30.295360235242384, 1.5447140438000173], [30.295490982866607, 1.544730009502425], [30.295595296536572, 1.5447663801289504], [30.295684249103637, 1.5448237102051243], [30.295899599426587, 1.5450424613853575], [30.296045215572647, 1.5452384489422155], [30.296179499146376, 1.5454562894356896], [30.29633906472696, 1.5455880569084708], [30.296404297716396, 1.5456606703534523], [30.29646770253785, 1.5457624355952282], [30.296553594639512, 1.5459473651930389], [30.29662043161518, 1.546035957295163], [30.296676136673145, 1.5460782956556915], [30.296737352798534, 1.5460972018135282], [30.296827355008713, 1.546089660415418], [30.296886465970903, 1.546051353783723], [30.296923663397926, 1.5459564240190338], [30.29691568054491, 1.5458383233090127], [30.296685323286958, 1.5451608522973972], [30.296645191891486, 1.5449501685818037], [30.29665461635592, 1.5447761946182925], [30.296738154607965, 1.5445360226904448], [30.296770263553558, 1.544316724171775], [30.296762395878023, 1.544190080763126], [30.296682690106547, 1.5439202612729055], [30.29671628552814, 1.543692233591246], [30.296757504278204, 1.543580156211645], [30.29682548928333, 1.5434726298840118], [30.29704538437348, 1.543274306510229], [30.297209215761995, 1.5432093216295442], [30.2974812826537, 1.543196320507443], [30.29759232260187, 1.543175150208567], [30.29767011966397, 1.5431383451161889], [30.297682721546646, 1.5430866530855445], [30.297638565529176, 1.5430069106265316], [30.2975371549457, 1.5429148835897757], [30.29741230967583, 1.542848775364331], [30.297273147209058, 1.542806298472932], [30.29705698596482, 1.542776565079455], [30.29686001478928, 1.542784635126111], [30.296752758370857, 1.542804141214637], [30.29654898229681, 1.5428732440899275], [30.296116412276387, 1.5429314003783272], [30.29601806356933, 1.5429016598678793], [30.29574678401906, 1.5427680070318512], [30.295595107545893, 1.5426524147468283], [30.295577484799644, 1.542596415713058], [30.295583844596177, 1.5422982112457533], [30.2956070242514, 1.5422312057020025], [30.295698394027173, 1.54208492269501], [30.295786598552983, 1.5418168839907023], [30.295846549769866, 1.5411518349300273], [30.2958415782399, 1.5410521352851438], [30.295797213414914, 1.5408097244582912], [30.295776762489716, 1.5404273514050695], [30.295745228979726, 1.5402919796073393], [30.295684436408933, 1.5401421526146413], [30.295675462944086, 1.540012806632269], [30.295720351936648, 1.5398384847657962], [30.2958294833741, 1.5396289401176095], [30.295931703044655, 1.5395464468648228], [30.296041510546477, 1.5395286743213998], [30.296085418982134, 1.5395454377630275], [30.296202848025143, 1.5396374233415882], [30.29626265480368, 1.5397464337335947], [30.296308353843273, 1.539881915211047], [30.296431327267722, 1.540048466008086], [30.296734164594884, 1.5403418841875993], [30.296865224584145, 1.5404315791836394], [30.296952730830856, 1.540436669742338], [30.297015995842017, 1.540400082880185], [30.297100885965573, 1.540307561045121], [30.297264983829315, 1.540066885973038], [30.297345066374024, 1.5399922281489369], [30.297461772264562, 1.539937467524784], [30.29759920163152, 1.5399132545838048], [30.29771950091855, 1.5399276961262658], [30.297829050908845, 1.5399749817404393], [30.29809902305444, 1.5401551691472906], [30.29834193475554, 1.5403789253660065], [30.298388514742776, 1.5404004945588754], [30.298417351315894, 1.5403899417690965], [30.298425238413653, 1.5403389907037548], [30.298398738381366, 1.5401485321833106], [30.29841547759383, 1.5399455186784015], [30.298390912180288, 1.539429155042311], [30.298430303472866, 1.5392917400143065], [30.298581386382004, 1.538985536326676], [30.298605643155653, 1.5388937524680202], [30.298613416389305, 1.5387806824895693], [30.298610355867616, 1.5386550397446683], [30.298589298949793, 1.5385362985002224], [30.298428821545063, 1.5382032507314483], [30.298405664310213, 1.5380972820672254], [30.298403850753616, 1.5380113196925504], [30.29844209940237, 1.5378693322202863], [30.2986173861415, 1.5375781375057802], [30.298641920333033, 1.5373889922129471], [30.298627960698756, 1.5372778754785068], [30.29859045081414, 1.5371693054694942], [30.29825546144799, 1.5365130951521986], [30.29822672238532, 1.5363759606947274], [30.29822625169478, 1.5360949784388556], [30.298258679155964, 1.5359902645055898], [30.298303221551702, 1.5359415212678464], [30.29866524735089, 1.535767875431034], [30.298851630320478, 1.535629481204072], [30.29894379107434, 1.5354901114818138], [30.298964781449275, 1.5354077946707763], [30.29896637939947, 1.5353221954580878], [30.29892396757429, 1.5351736567802217], [30.29878859261281, 1.5350062088917913], [30.298725848462915, 1.5348529163715179], [30.29869481000061, 1.534869845099587], [30.29867832886038, 1.5349277470156415], [30.298704468045745, 1.535139130802928], [30.298697320585177, 1.5352723261563817], [30.29865190857155, 1.5353385507170072], [30.298589569257373, 1.5353446335887713], [30.298516756305048, 1.5353014217286576], [30.29842135214438, 1.53520548104689], [30.298122318039663, 1.534757320769242], [30.297946086022026, 1.5345735520471047], [30.29786608953528, 1.5345339857213143], [30.29774801767347, 1.5345013780181544], [30.297528553009972, 1.534519783394918], [30.29741566881905, 1.534511673540128], [30.297280243454285, 1.5344486797637273], [30.297226133772753, 1.534393813681854], [30.29719445529746, 1.534324035085499], [30.2971773294173, 1.5342357307301817], [30.29717090884848, 1.5340187037340873], [30.297122851612624, 1.5339631235276496], [30.296909120129214, 1.5338948882477432], [30.29669060353354, 1.533861467969862], [30.296246648401027, 1.533849884184096], [30.296166761744846, 1.533868424258847], [30.296042239648557, 1.5339312154502094], [30.29596493848047, 1.5338993988437422], [30.295897839239423, 1.5338062968276929], [30.295818233714552, 1.533603603048004], [30.29570880364829, 1.533381094604477], [30.295596456929886, 1.5329063384659618], [30.295588444442846, 1.5327846496259774], [30.295639205688804, 1.5325194527782946], [30.29565749348603, 1.532272805720434], [30.295683434772055, 1.5321885689584822], [30.29573863009685, 1.5320914415908555], [30.295781714893412, 1.5319311494183276], [30.295807884138444, 1.5318875608636637], [30.2958447131359, 1.531861877057149], [30.295937066645223, 1.5318497151623367], [30.29616752296573, 1.5319062916866275], [30.296277158214878, 1.5319036416936607], [30.296419170378552, 1.5318377833735028], [30.296640120665806, 1.5316171552551368], [30.296773842983225, 1.531540956536778], [30.29691257250787, 1.531525475578173], [30.29725979195302, 1.5315572466626979], [30.297398244665597, 1.5315403722416114], [30.297398177622014, 1.5315226024160224], [30.29715147357809, 1.5311597572481357], [30.29709409786407, 1.5309926226600759], [30.297076555563116, 1.5307568943795653], [30.29708820390114, 1.5306448244519208], [30.297140458770038, 1.530576779975635], [30.29723642974757, 1.5305403782451212], [30.297351684998002, 1.530540115858697], [30.297586554190865, 1.5305918100418503], [30.297719228026388, 1.5305956450705465], [30.298422695056402, 1.530507803026046], [30.29859835577863, 1.5304670178267454], [30.29892453674622, 1.5303595260505607], [30.29901130470332, 1.5303578784154528], [30.299106443485503, 1.5303816758638258], [30.299222159856225, 1.530432818863373], [30.299324229980876, 1.5304992391608379], [30.299409348171316, 1.5305812961147771], [30.299476334013086, 1.5306772086899791], [30.299537663009193, 1.5308232774525075], [30.29965749031584, 1.5313190597619455], [30.2997001891855, 1.5314160240540067], [30.299754768004856, 1.5314927821553534], [30.299850585387315, 1.531578216469674], [30.299922173713217, 1.5316068553509425], [30.300081649520415, 1.5316108974665643], [30.300109368672135, 1.5315917201076976], [30.300114026838237, 1.531558309125199], [30.300099514118276, 1.5315225400401908], [30.30006989430053, 1.5314997018848282], [30.29998254669934, 1.531543361716601], [30.299942762419004, 1.5315468556416345], [30.299906571654496, 1.531529874125534], [30.29987717654235, 1.5314916310874385], [30.29980184447275, 1.5311126246302984], [30.299831317281868, 1.530816175397941], [30.299790440711607, 1.5306044693978627], [30.29972181684206, 1.530450635178788], [30.299507282767603, 1.5301099061664938], [30.299426199821966, 1.5300078278827594], [30.299135540796463, 1.5297400712215325], [30.29904170252042, 1.5296755981336931], [30.29895865783742, 1.5296392882847463], [30.298858717274424, 1.5296340426833368], [30.29852062665126, 1.5297125853157478], [30.298379936456808, 1.529724327492553], [30.29823245956562, 1.5296947572987418], [30.298092890908084, 1.5296330822142044], [30.297996982332055, 1.5295357540625154], [30.297895340217675, 1.5292992790601223], [30.297816212783143, 1.5291766666354425], [30.297689389467873, 1.5290558975460828], [30.297416960059213, 1.528859568063685], [30.297358492901346, 1.528792133106766], [30.297316387255506, 1.5287100387535166], [30.297301046638484, 1.528606896064619], [30.297332761743416, 1.5285132310704972], [30.29741235611016, 1.5284212401289643], [30.297547857026615, 1.5283163969154454], [30.297674070737465, 1.5282604522463665], [30.297982982640143, 1.5282475534582194], [30.298031560280233, 1.5282232407829024], [30.298026255607738, 1.5281911506619663], [30.297988077335983, 1.528140189542452], [30.297745567196458, 1.5279009811656434], [30.297714901709075, 1.5278421086145544], [30.29770224187286, 1.5277774219014089], [30.297714844322556, 1.527702445022112], [30.29775339224127, 1.5276285395472753], [30.297951452059706, 1.5274279261708372], [30.298017840428827, 1.527323658050607], [30.29807991250735, 1.5271337284287132], [30.2981284349838, 1.5268535773576983], [30.2982267079506, 1.5266235903319096], [30.298219094731362, 1.526599062113364], [30.298185914273443, 1.5265886347687796], [30.298009516443113, 1.5266069489807854], [30.297971200323175, 1.5265864173066772], [30.297944805073442, 1.526548041381649], [30.2979478575228, 1.5264814483399067], [30.298052233312006, 1.5262884777086203], [30.298099616418178, 1.5261313101225606], [30.298087103043724, 1.5260359344843493], [30.29805707770971, 1.5260090753648816], [30.298017893438974, 1.5260002637566359], [30.2979235791504, 1.5260238671321251], [30.29777260559144, 1.5260970143043255], [30.297703185866254, 1.5261474050826884], [30.297653900401595, 1.5262084390419492], [30.297628903207023, 1.526275889346133], [30.297626872965516, 1.5263546222590496], [30.29770430049948, 1.526552658895287], [30.29771063509202, 1.5266262285798253], [30.297665836858798, 1.5267133992716742], [30.297576114208898, 1.5267738014685734], [30.297434902844813, 1.5267818038433851], [30.297257918183547, 1.5267160832214195], [30.297128916284155, 1.5266151477191159], [30.296961203272073, 1.5264087051098085], [30.296931815414744, 1.5263937427477658], [30.296907631581046, 1.5264017005320107], [30.296883669995538, 1.5264680451036565], [30.2968860138853, 1.526556404801039], [30.296986016866644, 1.5268889939529864], [30.296994783711067, 1.5270391400825025], [30.29695945915352, 1.527194930352503], [30.29676850849897, 1.5276869351911952], [30.2967090992222, 1.5277660505671555], [30.29663611147249, 1.52783206238287], [30.296524938277557, 1.527899038878], [30.296435507977755, 1.5279323192216687], [30.2963007056974, 1.5279481145768956], [30.29599690660023, 1.5278890709048074], [30.2959398393523, 1.5279074054797224], [30.295933323855394, 1.5279643491602384], [30.295984193244347, 1.528207065512947], [30.295990035276645, 1.5284832074642765], [30.295918778545158, 1.5293596294414242], [30.29590205649526, 1.5294692166014836], [30.295868040408664, 1.5295620320332555], [30.29582258564233, 1.5296283381430826], [30.29576654647469, 1.529666384535133], [30.295698530095528, 1.5296795460742145], [30.295612810671408, 1.5296694357299676], [30.295502969887934, 1.5296372928176436], [30.29538822675825, 1.5295808853847213], [30.29514010034536, 1.5293818234470962], [30.294917779492067, 1.529144642866255], [30.29476825248876, 1.5290524844973505], [30.29463936616052, 1.529020410886966], [30.294429953697513, 1.5290511704893863], [30.294320922183015, 1.5290418481057335], [30.294112028838025, 1.5289831751752467], [30.29386637117846, 1.5288839142718802], [30.293489141921736, 1.5286609701298066], [30.293279633188998, 1.5284165313954605], [30.2928516644296, 1.5281926278691145], [30.29268871938608, 1.528128085695489], [30.292620732466016, 1.5281169509760935], [30.29245074852117, 1.5281515818644131], [30.292396859843844, 1.5281880638071508], [30.292398316992447, 1.528229884671758], [30.29243189501833, 1.528279703461328], [30.292602371200267, 1.5284030432580116], [30.292673236584296, 1.5284740277577111], [30.292793482183445, 1.5286526510846685], [30.292797411644827, 1.5286764284127414], [30.292751214149984, 1.5287210057821476], [30.29252480171996, 1.5287882018224952], [30.292433543104405, 1.52885775334867], [30.29240119445577, 1.5289139758302361], [30.292361997328634, 1.5290364236965805], [30.29237227763903, 1.5290883045256916], [30.292405547154942, 1.5291362019541515], [30.292482174755268, 1.5291933796033352], [30.292599218549096, 1.5292400914673208], [30.293074446888088, 1.5293356784782612], [30.293247276909014, 1.5293889722267968], [30.29346069439926, 1.5295104819991583], [30.29396453489984, 1.5297544356870494], [30.294047948258534, 1.5298119179056655], [30.29414220004038, 1.529914240290043], [30.29418506245248, 1.5299959159642458], [30.294205236416836, 1.5300852265603766], [30.29419540576409, 1.530162838751872], [30.29415147803023, 1.5302329174944431], [30.294057655965293, 1.53030658339495], [30.29392599345758, 1.5303767422397154], [30.293694848838978, 1.530432272211037], [30.293373555570184, 1.5303980153000474], [30.293174893841318, 1.5304243023644089], [30.29286212680994, 1.530593583723483], [30.292585724037796, 1.5307179937206707], [30.292527562380588, 1.5307738435903047], [30.292527914385424, 1.5308128096296998], [30.29255870403289, 1.5308507196061125], [30.292810962412002, 1.5309656650748789], [30.29294849347909, 1.5310512774554745], [30.293347743199735, 1.531393513190746], [30.293398382602177, 1.5314798091554351], [30.293598967461755, 1.5320861512811392], [30.293588372129097, 1.532152005342456], [30.29354941671218, 1.5322126015644844], [30.293464362606503, 1.5323064916674305], [30.293383039111497, 1.532351357220169], [30.293174018827184, 1.5323896448117231], [30.292861006636294, 1.532406451295032], [30.292651426090984, 1.5323999817417842], [30.29261501271405, 1.5324119193442376], [30.292599186617466, 1.5324371561469416], [30.29262575981958, 1.5325326982203211], [30.292775855348218, 1.5327595520497048], [30.292842790717327, 1.5329105046692053], [30.292939064090923, 1.5332211617495475], [30.29300699790899, 1.533483146415807], [30.29302495819959, 1.5336049028466272], [30.293011246813684, 1.533811089151795], [30.292950599007938, 1.533940381904159], [30.292860873543642, 1.5340184159830887], [30.2925942833922, 1.53413693123079], [30.292554513599892, 1.5341810240706846], [30.292540623331625, 1.53423535474754], [30.292524439847494, 1.5346552346689903], [30.292561079698256, 1.5349191962381248], [30.292615684850503, 1.5350355551210675], [30.292806983284034, 1.5352097688728665], [30.292816607712307, 1.5353202427535912], [30.292873216988024, 1.5354215790107901], [30.29291593550979, 1.5355686692754957], [30.29291073023956, 1.535637176832077], [30.292875736689737, 1.5357318039945422], [30.29283793595713, 1.5357816877250845], [30.292783559795165, 1.5358160683293476], [30.29272525329947, 1.5358295608282668], [30.292616868751743, 1.5358265462418301], [30.292362040168292, 1.5357873184696855], [30.29211608850837, 1.535812670837846], [30.291938851592718, 1.5358716280848284], [30.291818469771922, 1.5358935839657741], [30.29176132231635, 1.5358770560241857], [30.291626598522978, 1.5357841097232117], [30.291574045250396, 1.535773718110454], [30.291521723168916, 1.535783406158594], [30.29146862500193, 1.5358201426859122], [30.29143395973556, 1.5358752778135174], [30.29137359934831, 1.5361743587163526], [30.29131912380321, 1.5362712410553643], [30.29104122627123, 1.53652997507874], [30.290982791305392, 1.5365593793870012], [30.290862375706105, 1.5365852840646126], [30.2905470086934, 1.5365867924339558], [30.290456293277906, 1.536572224128578], [30.2901667612014, 1.536425211053045], [30.289832672018168, 1.5361713833317931], [30.289764891394366, 1.5361595897464793], [30.289726656184115, 1.5361802568522824], [30.289697918288613, 1.5362235788150957], [30.289637946132228, 1.5365696689843225], [30.28960459568036, 1.536641896490025], [30.28955872859669, 1.5366882887526923], [30.28944663880836, 1.5367382646502747], [30.28932132007078, 1.5368222842869053], [30.289231859145843, 1.5368436049865577], [30.289055277421664, 1.536798735450443], [30.288857825909872, 1.5367100791985548], [30.28852658843111, 1.5364604563529618], [30.288288094436492, 1.5361456962312747], [30.28788125336993, 1.535748293156275], [30.287735144196578, 1.5355706690781292], [30.28757908085645, 1.5354116730825647], [30.28746242073927, 1.5352468356935447], [30.287386133722883, 1.5350431890674232], [30.28736204225605, 1.5348934212031864], [30.287251703166458, 1.5347314601151065], [30.2872240177877, 1.5346617355525773], [30.28714810574869, 1.534301687262052], [30.287122976681125, 1.5341042987383138], [30.28712438399716, 1.5338961901396688], [30.287164186471088, 1.533534257997345], [30.287247417088995, 1.532999595354683], [30.287315478471776, 1.5328644257215371], [30.28751441499119, 1.5326032906507392], [30.28756045852857, 1.5325023088743575], [30.28757634501323, 1.5321009636023337], [30.287555429587062, 1.5320113837797862], [30.287521696008444, 1.531981919155754], [30.28747045004831, 1.5319708136312848], [30.28734198841457, 1.5319755658233327], [30.28726054426433, 1.5319951012914261], [30.28691770139849, 1.5321557673806063], [30.28676020613594, 1.5322659297755348], [30.286568321264404, 1.5323771102096813], [30.286495325043415, 1.532402482327675], [30.28637176348313, 1.5324007570698135], [30.28625005134016, 1.5323314814172746], [30.28620407260019, 1.5323194485848066], [30.286003478267517, 1.5323616560420374], [30.285930488771612, 1.5323573342934385], [30.285867732157428, 1.5323213229619712], [30.28566548711265, 1.532136649922989], [30.2854505674311, 1.5317257343184505], [30.285400166250287, 1.5314419242921604], [30.285426880434542, 1.53130747031635]]}}, {"type": "Feature", "properties": {"OBJECTID": 2982, "Id": 21396, "Contour": 1358.0, "Shape_Leng": 9859.40905997}, "geometry": {"type": "MultiLineString", "coordinates": [[[30.28763395615951, 1.546368515570047], [30.287699643635566, 1.5463332273502783], [30.287701834201375, 1.546313810563335], [30.287682178260216, 1.546288327391004], [30.28762709185696, 1.5462797768836793], [30.287545364386123, 1.546314179238229]], [[30.287428481876063, 1.546220988825473], [30.28744240315802, 1.5461170511688556], [30.28747331360336, 1.546093074185837], [30.28750663558786, 1.5460935576292707], [30.28759776951305, 1.5461439735725178], [30.28769775833999, 1.546160328341475], [30.287770408068088, 1.5461908545864496], [30.287883368909814, 1.5463029180763725], [30.28797491217086, 1.5463585919489775], [30.288122408681154, 1.5463816506591497], [30.288287347662795, 1.5464758882393141], [30.288428816509526, 1.5465143181909389], [30.288449616273002, 1.5465035374154614], [30.288459230409533, 1.5464059338239335], [30.288534158182447, 1.5463651432259733], [30.288707349966444, 1.5463546780169475], [30.289076669200437, 1.546414596065099], [30.28913948734295, 1.546449598997963], [30.2892509940618, 1.5465496524802338], [30.28947698302716, 1.5466744193779716], [30.289658424650607, 1.5467498752528963], [30.290039508684757, 1.546849437997688], [30.290314767731697, 1.5469876497201778], [30.290423921719203, 1.5470664052205185], [30.2906758981468, 1.547344109533525], [30.290736807166137, 1.5473811719664856], [30.290793778440896, 1.5473757700176858], [30.291014395745307, 1.5473046448420649], [30.29125762938734, 1.5473176957969028], [30.291332390198594, 1.5473073197039555], [30.29139780745618, 1.5472780211367276], [30.291452059654436, 1.5472152327231785], [30.291589773153273, 1.5468218742321427], [30.29164390989898, 1.5467569527045846], [30.29169958660974, 1.546736307202029], [30.29202162581274, 1.5467761116443635], [30.292208722988427, 1.5468671120257347], [30.292549981360676, 1.547082664746954], [30.29261759038285, 1.5471084214405513], [30.292676258854343, 1.5471079202152347], [30.292727589460384, 1.5470855651976012], [30.292779305998163, 1.5470400241162625], [30.29291452903855, 1.5468834767573298], [30.292971176184075, 1.5467861245943344], [30.292981570178213, 1.5467096348591078], [30.292944594517664, 1.5464984594032771], [30.292948176096125, 1.5463792024101455], [30.292961910189476, 1.5462914835642314], [30.29302939097386, 1.5460988631025487], [30.293085357749117, 1.5456719090101683], [30.293118922374465, 1.5455802827335758], [30.293311812337983, 1.5452495514392348], [30.293388692498517, 1.545210198431841], [30.29350875559373, 1.5452132033200492], [30.29364553840704, 1.545242934729363], [30.293866874197718, 1.5453340580247734], [30.293948930135787, 1.5453439591162397], [30.294130006628205, 1.5453213835819215], [30.294405187640212, 1.545241962230279], [30.29448224580418, 1.5452111202349712], [30.294541987073305, 1.5451686248672463], [30.29468950396604, 1.5449686658330646], [30.29486518340217, 1.5448003640567565], [30.295020155445656, 1.544714740055748], [30.295128439433586, 1.5446760850911547], [30.29521270585791, 1.5446638012701257], [30.295507756870236, 1.5446928529194164], [30.295619012492846, 1.544733524608313], [30.295718483889793, 1.544798566728028], [30.295926851219146, 1.5449992736950153], [30.296008990413604, 1.5450975345957156], [30.29620433025578, 1.545438314981611], [30.296365827421443, 1.545564755775161], [30.296440681430855, 1.5456470271420948], [30.296504901743862, 1.5457502070194795], [30.29658152514336, 1.5459224840952697], [30.296630064621535, 1.5459903275840172], [30.296681112305542, 1.5460319503630773], [30.29674006857766, 1.546051458306652], [30.296801403144187, 1.5460441817814148], [30.296849385993664, 1.5460114912782488], [30.296883285367905, 1.545930708191628], [30.296874434986098, 1.545802112302839], [30.296729014178293, 1.5453562776660916], [30.296645813584387, 1.5451445006847495], [30.296610642547105, 1.5449459091005049], [30.296620652835717, 1.5447642270239366], [30.296708452941072, 1.5445056563855006], [30.29673583212841, 1.5443203852252116], [30.29672186498316, 1.544188636803954], [30.296629394614023, 1.5439625208219978], [30.296631881321694, 1.5438797780808018], [30.296677136446686, 1.5436945250792165], [30.296718724322613, 1.5435815820295158], [30.29678551050455, 1.5434639850383787], [30.2968833416995, 1.5433398661530873], [30.29696726159018, 1.5432713853042657], [30.29710464788926, 1.5431864741239665], [30.297238411754016, 1.5431354008513445], [30.297299040839867, 1.5430977566165731], [30.297345587310595, 1.543098808740222], [30.29745879976845, 1.5431451622014778], [30.29751966805605, 1.5431500374511207], [30.297600422120997, 1.5431200266532352], [30.297618977988073, 1.543064465486332], [30.297595875509447, 1.5430175389589027], [30.297541767832307, 1.5429589012214848], [30.29741908081218, 1.5428854879840932], [30.297312183126788, 1.5428550874823252], [30.297001193223515, 1.5428128754066337], [30.296809371294973, 1.5428271871123735], [30.296534790591814, 1.5429188741610813], [30.296336324071405, 1.5429429313053236], [30.296138851681942, 1.5429918505814975], [30.29604953795192, 1.5429905121918324], [30.29575895025502, 1.5428673358203622], [30.295560635667147, 1.5427302719527065], [30.295502215780928, 1.542666158327705], [30.295466169884726, 1.5425880788215203], [30.295463371046477, 1.5425179651830827], [30.2955050581489, 1.5424078929776708], [30.295530874942948, 1.5422165415924018], [30.295648444970684, 1.5420410302405587], [30.29574396266387, 1.541786065964999], [30.295759766503892, 1.5415248156339107], [30.29579311875627, 1.5413689742491368], [30.29580829032758, 1.5411657838929886], [30.29580287416994, 1.541071165472044], [30.295753952495, 1.5408229129099285], [30.295732798823316, 1.5404204756988369], [30.29570294163766, 1.540313752193951], [30.295577840288498, 1.5400298427194872], [30.295569448267916, 1.5399415849853495], [30.295779368843142, 1.5395660147862662], [30.295969966128762, 1.5393491792943614], [30.296024714408034, 1.5393215179336401], [30.296052270299583, 1.5393370372503206], [30.296282529647826, 1.5395899209126716], [30.296372485750982, 1.5397527577542278], [30.296435757108483, 1.5399350632623885], [30.29648306681988, 1.5400157012122606], [30.296807300765266, 1.540337329672606], [30.296866262651697, 1.5403808086684083], [30.296939132620366, 1.5403827552475748], [30.29700031979865, 1.5403367337274017], [30.29708132032273, 1.5402526915784898], [30.297238119101518, 1.5400389836509105], [30.29732894341532, 1.539952629989422], [30.297465857502413, 1.5398954273291887], [30.29761557810845, 1.5398695335100643], [30.29773245853098, 1.5398873672133562], [30.297838619853746, 1.539936634738795], [30.298092320085576, 1.5401228998961445], [30.298319500758602, 1.5403361322104396], [30.298360010297277, 1.5403576289470668], [30.298387554312363, 1.5403521583302286], [30.29839729669917, 1.5403083114638974], [30.2983719239, 1.5401263821663829], [30.298379830099734, 1.5399478053261326], [30.298344583433778, 1.539442813618138], [30.298383306741044, 1.5392975021364246], [30.298525782300455, 1.5389716978168908], [30.29856277381417, 1.5386592791448281], [30.298532484977308, 1.5384947067499095], [30.298370733916666, 1.5381655896176845], [30.298349041457623, 1.5379798838773389], [30.29839426120092, 1.5378330834075598], [30.298499784808037, 1.5376990233794363], [30.29856552234629, 1.5375765115068694], [30.298594297754203, 1.5374797473322923], [30.298600362010177, 1.5373793418230075], [30.298585689156482, 1.537284869102413], [30.29855147159483, 1.5371869652381047], [30.29826530019301, 1.5366345145638804], [30.2982184644517, 1.536518479033447], [30.298184228479215, 1.5363445500484878], [30.29818615326873, 1.5360707127491748], [30.298211356987167, 1.535982540047256], [30.298264992433047, 1.5359238761747], [30.298619439281115, 1.5357749058944377], [30.298823794072206, 1.5356337064069043], [30.298921486893768, 1.5354976979235782], [30.298948324252205, 1.5353451692926299], [30.298937480944822, 1.535273681558719], [30.298910214534523, 1.5352110548802038], [30.298873392333512, 1.5351756007909678], [30.29883387266162, 1.5351686473715287], [30.298790195968945, 1.535195610315657], [30.29873498077028, 1.5353127478099813], [30.298680374639737, 1.535361544514867], [30.298608220496277, 1.535369585792477], [30.29853263321814, 1.5353335568102984], [30.298381192422678, 1.535178486540169], [30.298086895011682, 1.5347549709538206], [30.29798414493481, 1.534650651766522], [30.29791019423876, 1.5345984307480305], [30.297737788944758, 1.5345495862040384], [30.29751867304963, 1.5345696443044723], [30.297419733767498, 1.5345625419173177], [30.29726222421357, 1.534488772126376], [30.297201504781704, 1.534432959200734], [30.297156528815268, 1.5343505332379583], [30.297095337940558, 1.534053327171145], [30.297058566824173, 1.5340102910121007], [30.297006814021305, 1.5339795470091444], [30.29681206216146, 1.5339202379182253], [30.29664159565851, 1.5339013879631265], [30.296259550709586, 1.5339150265442805], [30.296049829162012, 1.533993246977004], [30.295997351997784, 1.5339883410174397], [30.295940156418332, 1.5339553271833182], [30.295877537484543, 1.5338672318253577], [30.295790882849023, 1.5336230121467105], [30.295654077915824, 1.5333645657901624], [30.295534825646868, 1.5328613452435025], [30.295530829733668, 1.532774286984849], [30.295569564865396, 1.5325999566680915], [30.295581666330804, 1.5324163894041956], [30.295613317751837, 1.532222831985053], [30.29571472242459, 1.5318798111455898], [30.295748023854234, 1.531827102310826], [30.29579561521081, 1.5317903615465467], [30.29584872263756, 1.5317746973704285], [30.29591599174598, 1.5317767161182143], [30.29617323456156, 1.5318664079720221], [30.296296976495555, 1.5318693074380525], [30.296419174116576, 1.5318110791704356], [30.296614742531442, 1.5315982181928445], [30.296744798376626, 1.5315195076073806], [30.296880739022995, 1.5314927720418052], [30.297165413788182, 1.5315065802780212], [30.29722754809574, 1.5314879991369021], [30.297253119580322, 1.5314375205477118], [30.29724585979898, 1.531368299613159], [30.29709083405609, 1.531092706177742], [30.297040578621818, 1.5309014604583686], [30.297036599806777, 1.5306256318110456], [30.297069361253506, 1.530558928909266], [30.29713723640932, 1.5305191023360039], [30.297292294444553, 1.5305048692338754], [30.29760349715142, 1.530569257977056], [30.29772839685909, 1.5305720237087463], [30.298398569038344, 1.5304912252217957], [30.29858725951577, 1.5304426766560917], [30.298908785682112, 1.5303238801314292], [30.29899204510986, 1.530321322206886], [30.29907780412719, 1.53033987869653], [30.299207716043796, 1.5303940627347963], [30.299317980284517, 1.530461278871559], [30.299407424312857, 1.5305406006224807], [30.29948118160464, 1.5306349204213716], [30.2995499565814, 1.5307759233201463], [30.299674253382005, 1.5312856249649789], [30.299716579860977, 1.5313682957466082], [30.299764451455953, 1.5314039281457006], [30.29979989458573, 1.5313857922563463], [30.299814857498763, 1.5313290328147005], [30.299773656682635, 1.5310844792819023], [30.29981166675457, 1.530854354640627], [30.29980992497603, 1.5307608925351042], [30.29973947234157, 1.5305324367835222], [30.29948498032859, 1.5301133279963188], [30.299413359031234, 1.5300258868226992], [30.29913095218551, 1.529762639335179], [30.299008429554338, 1.5296833317343206], [30.2988994692146, 1.5296561506740007], [30.29839418378662, 1.5297601471882094], [30.29823204134118, 1.5297517831515706], [30.2981027539745, 1.5297038017402838], [30.29802639888824, 1.52964662957858], [30.297968187448976, 1.5295735755951831], [30.297855524284067, 1.529299224683222], [30.297781559216837, 1.5291851494019881], [30.297667939802945, 1.5290760339630607], [30.29738167026684, 1.5288705315951052], [30.297317641742286, 1.5287993232716497], [30.297278592521813, 1.528727037220204], [30.2972578828163, 1.5286161877061966], [30.29727420512464, 1.5285354163355667], [30.297331921930393, 1.5284488202302136], [30.297420854875487, 1.5283688804953581], [30.29761737173286, 1.528247873743923], [30.297910247041706, 1.5282102636923243], [30.297954652444695, 1.5281854215431414], [30.297921148799226, 1.528118558520453], [30.297709822531424, 1.5279109257344847], [30.29767649931264, 1.5278400276433943], [30.29766852597374, 1.5277680390435646], [30.297687666181478, 1.5276853036346314], [30.297730958493172, 1.5276101610624737], [30.29792535420636, 1.5274262962792473], [30.297978648913958, 1.5273594105342576], [30.2980531871627, 1.5271553109609919], [30.29808785869161, 1.5268697133183642], [30.298142405943423, 1.5266550465666369], [30.29811537741247, 1.5266415714652757], [30.29804014863014, 1.5266823166637191], [30.29799178617137, 1.5266771057336466], [30.29792315911781, 1.5266136362624887], [30.29788960433632, 1.526538066426872], [30.297907338287775, 1.5264610082189034], [30.29802518802398, 1.5262571689828424], [30.298066816387475, 1.5261111990181513], [30.29804505798343, 1.5260609130889156], [30.298000470845185, 1.5260627539533198], [30.29776061134208, 1.5261478503644375], [30.297707027910555, 1.5261780648737397], [30.29766606109121, 1.5262225915314727], [30.297641501011096, 1.5262869453660939], [30.297639586598677, 1.526347079803146], [30.297727508285423, 1.526552918500852], [30.297732714480922, 1.5266305122732895], [30.297715016728194, 1.5266797501712435], [30.29767500597444, 1.5267317184769589], [30.297567339434085, 1.5267985100240649], [30.297427438287766, 1.5268042048491315], [30.297257902951692, 1.5267350911128283], [30.297125122884985, 1.5266311150322882], [30.296964896845566, 1.5264363111083084], [30.296939410627715, 1.5264191676678536], [30.296916171560913, 1.5264236596359486], [30.296897713615703, 1.5264737156532961], [30.296900495742925, 1.5265593973979572], [30.297008000340384, 1.5268936457359694], [30.29701704088831, 1.5270470939771812], [30.296984745636557, 1.5271858910690674], [30.296836506897154, 1.5276103770986855], [30.296790020380985, 1.5277091870303023], [30.296722785362103, 1.5277970998114725], [30.29664944188053, 1.5278630688675479], [30.296545868841957, 1.5279247560095843], [30.296447777784415, 1.527961687136573], [30.296292616794275, 1.527974701128673], [30.296035590991593, 1.5279221238397929], [30.295981909074776, 1.5279294841834452], [30.295972054771372, 1.5279760658638926], [30.296019767631815, 1.5282227970133822], [30.296023870515917, 1.528483234877071], [30.2959648579728, 1.5289821066392257], [30.295942904751026, 1.5294169473844514], [30.29589255213765, 1.5296181167398795], [30.295863638393737, 1.5296685610824936], [30.29581807648703, 1.5297052333730279], [30.29573468005687, 1.529723439348734], [30.295624547135635, 1.5297124963203617], [30.295509426034283, 1.52967879683854], [30.295386699187617, 1.529618880481897], [30.295121242802328, 1.5294108011293517], [30.294890734597278, 1.529153956734391], [30.294775702642568, 1.5290790939312455], [30.294648815880382, 1.5290463451450598], [30.294472957591218, 1.5290840352686565], [30.294375537187836, 1.5290883037612637], [30.294110907491724, 1.52901924352345], [30.293872265478047, 1.5289146189434861], [30.293502897334115, 1.528708946164509], [30.293413391404506, 1.5286354473773056], [30.2932595839138, 1.5284424731311823], [30.292899098710862, 1.5282392712794741], [30.292788699758358, 1.5281960633376563], [30.29264879480296, 1.5281628299264844], [30.29257174685472, 1.5281678978448927], [30.2924681842713, 1.5281992953793917], [30.29245031157209, 1.5282303330431268], [30.292466375744233, 1.528260086718066], [30.292654060119986, 1.5283768095446206], [30.29281278157372, 1.5285030090487615], [30.292879761896252, 1.5285769285816933], [30.29290447326387, 1.5286511574427724], [30.292892438741763, 1.5287164796242534], [30.292845867656546, 1.5287646646335757], [30.292585115420323, 1.528802383360843], [30.292481337410713, 1.5288631897408569], [30.292444796173147, 1.528933010601314], [30.29243563068254, 1.5290272983666335], [30.292452861926623, 1.529095458026404], [30.292486733015327, 1.5291414552085711], [30.292549175845753, 1.5291862356309776], [30.292638531695154, 1.5292217900064673], [30.293158861776696, 1.5293211503595578], [30.293566546157848, 1.5294657765832433], [30.293803123050672, 1.5296194413604562], [30.294003682689148, 1.5297152843687716], [30.294105794858154, 1.5297869288998351], [30.29421287684485, 1.529898278551999], [30.29426231829913, 1.530047558978512], [30.29425375508729, 1.5301506384218306], [30.29420515123112, 1.5302412299702668], [30.29411528402014, 1.5303178839897351], [30.293964356543448, 1.530401319497272], [30.29384109766752, 1.5304447892484623], [30.293696522092137, 1.530472843668723], [30.293396730096696, 1.5304304780825202], [30.293175747102318, 1.53045137864554], [30.29308855153238, 1.5304890901443642], [30.29288228906218, 1.5306140946485445], [30.29262895110726, 1.5307296746128243], [30.29257434310392, 1.5307845331559633], [30.292584458892676, 1.5308194836708189], [30.292618155807883, 1.5308478213835899], [30.292838693898695, 1.5309482983321645], [30.293031168534277, 1.531062901595909], [30.293397967322765, 1.5313750894678502], [30.29344871026902, 1.5314558204381317], [30.293652418273542, 1.5320606407038597], [30.29365569087265, 1.532166506039992], [30.293633245438908, 1.5322344850678347], [30.293560500977645, 1.5323189765668843], [30.29346782207974, 1.5323786537665371], [30.293218764835547, 1.5324226921826025], [30.29292443794041, 1.5324428909827874], [30.2926843172776, 1.5324421706278715], [30.292651069526503, 1.532455185952236], [30.29264464571963, 1.5324745260163137], [30.292673739270818, 1.5325556921663317], [30.292816522178164, 1.532754064110467], [30.292888384816276, 1.5329073608761468], [30.293049277073692, 1.5334807236778505], [30.293093622722942, 1.533778874688801], [30.293066350735568, 1.5338824885293951], [30.29297339397983, 1.5339997425591323], [30.292858033057293, 1.5340830966218875], [30.292673471346404, 1.534160318223822], [30.292615488889364, 1.5342139173648548], [30.29259937723312, 1.5342469296241725], [30.29256785370902, 1.5344808130502805], [30.29261286765259, 1.534916876389044], [30.29263122937875, 1.5349749911876434], [30.292674706735223, 1.5350332100493083], [30.292876768855123, 1.5351912407607278], [30.293006898380188, 1.5353706274921306], [30.293212316940846, 1.5355269725983471], [30.293331283149392, 1.5357258179221496], [30.293333308747286, 1.5357837050565113], [30.29331303789731, 1.5358587333772358], [30.293237870703795, 1.535957891553491], [30.293131045912816, 1.536013760893962], [30.293064834689005, 1.5359959847815043], [30.292919482135204, 1.5358888196385014], [30.2926940844388, 1.535906122309308], [30.29239779987647, 1.5358462695494988], [30.29212207572608, 1.5358579424037149], [30.291924472023467, 1.535920392207581], [30.29181335081551, 1.5359310041900522], [30.291755071176485, 1.5359076140340673], [30.29162888852829, 1.5358016111305428], [30.291582125408013, 1.5357881185504632], [30.29153602927886, 1.535793470328377], [30.29147887008094, 1.535832288180649], [30.291444822852938, 1.535898379275172], [30.291410143960398, 1.5361874105877151], [30.29135410874722, 1.5363029262902232], [30.291038202381692, 1.536599555684475], [30.29094265078432, 1.5366437583703205], [30.290826612967155, 1.5366693667243205], [30.29066089182721, 1.5366821392779588], [30.290417365846523, 1.5366418495447314], [30.290214334146835, 1.5365144870839598], [30.289956316299353, 1.5363248840936172], [30.289812202350184, 1.5362501438312246], [30.28975884438076, 1.5362475908842295], [30.28973071071877, 1.536284344847284], [30.289697294681662, 1.5365598696353682], [30.289639295665822, 1.5367172079835936], [30.289578684885036, 1.5367996128239392], [30.289473409884902, 1.536894017373964], [30.289371107168897, 1.5369271848438024], [30.289189894894935, 1.5369100064379373], [30.288896693161142, 1.53677509876018], [30.28859318286441, 1.536581177725295], [30.288476490403134, 1.5364852173049723], [30.28835533735261, 1.5363554003207753], [30.28821499227789, 1.5361466857505268], [30.287819206691783, 1.5357493308716745], [30.287480439847528, 1.5353421009820845], [30.287374940981508, 1.535146642650525], [30.287282512132705, 1.5348884698946959], [30.287183353987288, 1.5347025312295295], [30.28712319088414, 1.5343885120971996], [30.287089537382773, 1.5341187287874682], [30.287099253314402, 1.533456118387194], [30.287179675327927, 1.5330342350499557], [30.287215011175615, 1.5329205980410308], [30.28726120812426, 1.5328450686347928], [30.28747033229627, 1.532605194373149], [30.287530123405595, 1.5324920295830096], [30.28754347898164, 1.53240937040511], [30.287547185719376, 1.532129158563512], [30.28752678156849, 1.5320429070242418], [30.287499577026473, 1.5320210385134942], [30.28743340954735, 1.5320114223740002], [30.287332085393036, 1.532015592291524], [30.287251299151563, 1.5320399141012293], [30.286942726940815, 1.5321942953298504], [30.28675741969802, 1.532343794841419], [30.286549163233023, 1.5324377202601627], [30.28636851474396, 1.5324538993370729], [30.286168228892127, 1.5324197920737688], [30.286027742050788, 1.5324496549134181], [30.28594520426505, 1.53243914897547], [30.285873489886814, 1.5323995050096828], [30.285623555688545, 1.5321881487234208], [30.285511004394053, 1.5319828117858973], [30.285391364429877, 1.5318145583413236], [30.28530732218735, 1.5314821039553241], [30.285325982295987, 1.5313738831666617], [30.285373002988823, 1.5313064187895713]]]}}, {"type": "Feature", "properties": {"OBJECTID": 2983, "Id": 21398, "Contour": 1357.5, "Shape_Leng": 9769.84947676}, "geometry": {"type": "LineString", "coordinates": [[30.287150485341673, 1.5459222671043336], [30.287596101648763, 1.5459979973313656], [30.28783524596251, 1.5461169783542095], [30.28803507194215, 1.5462621676918384], [30.288199648121235, 1.5463181269909347], [30.288249506633917, 1.546320887956207], [30.28833543771864, 1.546293510971892], [30.288544641801476, 1.546271716053643], [30.288987580690954, 1.5463097032342459], [30.289093995721473, 1.546334570656484], [30.289186937206033, 1.5463885345457784], [30.289317303321653, 1.5465021359764914], [30.289421346453654, 1.5465614957816132], [30.289649585043453, 1.546664476703245], [30.290055719143023, 1.5468008252505863], [30.290340836712833, 1.5469511359416388], [30.290494623212233, 1.5470633656370156], [30.290710151350716, 1.54731580955057], [30.29076571244745, 1.5473379246905667], [30.291050644384185, 1.5472463256801834], [30.291271512942078, 1.5472772877486258], [30.291359740565145, 1.5472493225056758], [30.291388371750752, 1.5472062219767206], [30.291416203896148, 1.547094419341633], [30.291474549389015, 1.546955404081665], [30.29153251867644, 1.5467250968305786], [30.291581359738625, 1.5466554978855471], [30.29162883528875, 1.5466311525927596], [30.292005517562522, 1.5467229579067923], [30.292231858782966, 1.5468316131916429], [30.292580838357114, 1.5470629892710348], [30.29264924044956, 1.547082223390885], [30.29271099236431, 1.5470648103990827], [30.292850917444955, 1.5469033393475276], [30.29291244572187, 1.5467949402430767], [30.292929541107757, 1.5466951639031754], [30.292911264892123, 1.5464854135662425], [30.292917560146574, 1.5463313746903453], [30.292993695785416, 1.5460407476707736], [30.293050798465266, 1.5455934980608033], [30.293125567065925, 1.5454287457049123], [30.293277650474142, 1.5452048959676088], [30.293360548759033, 1.5451596383480795], [30.293489657970643, 1.545162118833143], [30.293661237357433, 1.5451975963699465], [30.293900695677117, 1.5452949724868972], [30.293996056127, 1.5453066098736103], [30.294139904840687, 1.5452913258384], [30.294407290836734, 1.5452132464144377], [30.29447676786142, 1.5451840708062068], [30.294530357156646, 1.5451406367089375], [30.294665480087374, 1.544929104179038], [30.29479463255262, 1.5447886272088274], [30.294910865884923, 1.544708472863371], [30.295093465541132, 1.5446197065946314], [30.295231662512272, 1.5446106915223934], [30.29549191076278, 1.5446518075507634], [30.295626658368164, 1.5446924069127426], [30.295725597513908, 1.5447531241172738], [30.296022370895294, 1.545050290584482], [30.296220815139648, 1.5454085432002578], [30.296386953021834, 1.5455212991576461], [30.296471288113818, 1.5456126933020287], [30.296531853221065, 1.5457095301643249], [30.296610394998662, 1.5458992392040762], [30.29665026484329, 1.545961264932779], [30.296732088290007, 1.5460143062158591], [30.296780667989307, 1.546010758332813], [30.29681876768203, 1.5459839482109365], [30.296847572812396, 1.5458885776195277], [30.296828257428125, 1.5457491739614806], [30.296710093398747, 1.5453715662327248], [30.296614853411242, 1.545151114418553], [30.296584484108756, 1.5449864326687806], [30.296587965402693, 1.5447338012312688], [30.29666557551599, 1.544494888062787], [30.296693804139654, 1.5443247993974853], [30.296677060354927, 1.5441971776120975], [30.29658513342329, 1.5439932519524588], [30.296576307772764, 1.5439021864389364], [30.296589449035853, 1.543817268781196], [30.296643592155004, 1.5436489238870823], [30.296705858150435, 1.5435301656398837], [30.296833852208803, 1.5433440340692788], [30.29690691163058, 1.5432675009074563], [30.297168879023296, 1.5430741171650388], [30.297237203564304, 1.5430388012317042], [30.297346765693803, 1.543040844897702], [30.297519163128854, 1.5431130926374235], [30.297570980935863, 1.5431027973249811], [30.297587198976327, 1.5430658922673084], [30.2975239505461, 1.5429795230569456], [30.2974273094846, 1.5429225686390182], [30.296980469898816, 1.5428466272371166], [30.296764564094662, 1.5428820800119134], [30.296558858394473, 1.542964054095987], [30.29634191986889, 1.5429837721875455], [30.29610852612835, 1.5430499795098662], [30.29592966740154, 1.543043140443121], [30.295846014181812, 1.543008808792498], [30.295584823668722, 1.5428267625596157], [30.29544406937656, 1.5426817792493586], [30.295408487133553, 1.542614579650881], [30.29539381449909, 1.542543585380509], [30.29542321555568, 1.5423203006671826], [30.295467407959126, 1.5421851273718874], [30.295602318734105, 1.5419459100114856], [30.295688425780412, 1.5417407161779217], [30.29576962862127, 1.5411314729207228], [30.295720841812802, 1.540857580147124], [30.29569154418691, 1.5404865011669455], [30.295628743574113, 1.5403091169937475], [30.295490930291248, 1.5400385983356302], [30.29548154976663, 1.5399505199759962], [30.295511134341886, 1.53988118686846], [30.29561777491369, 1.5397304984451976], [30.29574186684315, 1.5395096947878313], [30.295865865122217, 1.5393542083970502], [30.295933827919203, 1.5392379442079775], [30.29597765927596, 1.5391928908000514], [30.29603155093823, 1.5391780631232717], [30.29609251296424, 1.5392026729473187], [30.296292991200364, 1.5394330969691286], [30.296451418439222, 1.5397256879408763], [30.29652019647737, 1.539897479673833], [30.29658276544294, 1.540007915857495], [30.296690852357887, 1.5401407538730179], [30.296815609689567, 1.5402280088456837], [30.296917206619426, 1.5402587486247448], [30.297005728555597, 1.5402430083318768], [30.297080164723965, 1.5401857807415615], [30.29722694103688, 1.5399886671252754], [30.297307939274003, 1.539915705092714], [30.297484444701134, 1.5398523422353834], [30.297640595075304, 1.5398328561828565], [30.297761572628936, 1.539858977484485], [30.2978470772674, 1.5399016054584087], [30.29804352772615, 1.54005025969778], [30.298281524218254, 1.5402747951923086], [30.298329218018647, 1.5403001461717494], [30.298354038438045, 1.5402890196893941], [30.298359923222158, 1.5402369413899275], [30.29833333477519, 1.540060956557216], [30.29832709777777, 1.5398246814891818], [30.29829307510876, 1.5394863426615855], [30.298336058588053, 1.5393154117425736], [30.29846318791193, 1.5390269459681938], [30.298481538135714, 1.5388931363977987], [30.29849136453271, 1.5386010588644645], [30.298458933094704, 1.5384668700701698], [30.298328428894845, 1.5382322478153794], [30.29825092329348, 1.538023579245619], [30.29821395059676, 1.537994002552498], [30.29814066631745, 1.5380003325945204], [30.298125743161048, 1.5379663090197682], [30.29814667729357, 1.5379181270005895], [30.29819170024228, 1.5378688280768655], [30.298429303710456, 1.5377010461700082], [30.298491612523986, 1.5376384989730232], [30.298550566826787, 1.5375298512304527], [30.298564547133214, 1.5374125887583576], [30.298545514907257, 1.5373051931853743], [30.29850307164232, 1.5371848339324774], [30.298363752605056, 1.5369227752246781], [30.29818781164024, 1.5365378526058326], [30.29814885447601, 1.5363444636577326], [30.298144472634032, 1.5360590705186639], [30.29817410251918, 1.535949933740319], [30.298217276346325, 1.5359075751643552], [30.29856894228506, 1.5357837984170113], [30.298702405096428, 1.5357107374901768], [30.298805503002935, 1.5356300239921123], [30.298865739745494, 1.5355623807547254], [30.2989070294226, 1.5354867152506992], [30.298925355614227, 1.5354124441589447], [30.29892501922356, 1.535325737889899], [30.298896448006484, 1.5352402329581318], [30.298847070469787, 1.5352084707619547], [30.298821721865306, 1.5352245917440703], [30.298785045050053, 1.5353300271382924], [30.298744724765527, 1.535373959234455], [30.29865741190426, 1.5354023815957425], [30.29858085508176, 1.5353838148789092], [30.298510375028364, 1.5353374103579478], [30.29842238326879, 1.535250959046745], [30.298088360529697, 1.5347983719219789], [30.297933760517505, 1.5346576062942816], [30.29786584749859, 1.5346264771471307], [30.297723352453545, 1.5345920577585144], [30.297414002294047, 1.5345999320585573], [30.297254133021596, 1.5345325708327617], [30.29718035523019, 1.5344685071346438], [30.297134569411718, 1.534396106780731], [30.297046976297203, 1.534081297094661], [30.297013555932338, 1.5340393289888177], [30.29695275740205, 1.534002186802607], [30.2967922370077, 1.5339570268044], [30.29666135503399, 1.5339419665394656], [30.29626991574763, 1.5339681917218855], [30.29603463284654, 1.5340423894756883], [30.295964631189683, 1.5340339214596825], [30.295910858867675, 1.5340005050666596], [30.295843785424008, 1.5338860069203184], [30.29575707784563, 1.5336217951086575], [30.295533840983033, 1.5332893265279894], [30.295491128009978, 1.533182153661021], [30.29551101686544, 1.5329965508207364], [30.295462796159814, 1.5328351692146789], [30.295457523770633, 1.5327633453879475], [30.29550156670829, 1.5326048939938393], [30.295591816387123, 1.5320650423062996], [30.29567210016313, 1.531819743874437], [30.29571417066813, 1.5317605336686266], [30.2957731116667, 1.531723849478817], [30.295835042174378, 1.5317114964227416], [30.29590533009032, 1.5317183542156736], [30.296201763412505, 1.5318313642141552], [30.29631562489861, 1.5318368168327348], [30.296420696348633, 1.5317843586106792], [30.296599136747965, 1.5315734978149498], [30.296728162072167, 1.531493130054215], [30.29689903387144, 1.5314615475935023], [30.29714725569554, 1.5314670465761993], [30.297198835949704, 1.5314451509260427], [30.297216050420655, 1.531401766689422], [30.297208236536786, 1.5313460704789117], [30.29705369008988, 1.5310752066282844], [30.29700359762179, 1.5308797922315907], [30.296991148082373, 1.5307099678470053], [30.2969984702442, 1.530608904511851], [30.297034988104457, 1.530526325375518], [30.29710616071888, 1.5304792331329093], [30.297270262999334, 1.5304692363934365], [30.29760139159578, 1.5305450782531034], [30.297730718299153, 1.5305494844729721], [30.298373826077977, 1.5304742130564206], [30.298600107265425, 1.5304105695536743], [30.298911557306397, 1.5302927544744336], [30.29900243846003, 1.530290087245481], [30.299076615524434, 1.5303052967009518], [30.299223823969474, 1.5303703903867878], [30.299341543188543, 1.5304435894795534], [30.29943330933308, 1.5305225781714744], [30.299516822528926, 1.530623443014912], [30.299580030278435, 1.530765408254682], [30.299686729744433, 1.531251308404742], [30.299720321760457, 1.5313264876524506], [30.299756159272746, 1.5313576225681107], [30.29978175496312, 1.53134619549183], [30.2997887718364, 1.531307861275448], [30.29974251303443, 1.5311306861755092], [30.299738683379786, 1.531057139791174], [30.299788962457868, 1.5308488002426075], [30.299790108335507, 1.5307587199930992], [30.29972846139624, 1.5305600400152874], [30.299468646845245, 1.5301259099215445], [30.299407243253, 1.530051657036068], [30.2991131298606, 1.5297722832810143], [30.29900293642056, 1.5297028331367002], [30.29890510195441, 1.529678969320265], [30.298339767871795, 1.5297942627922734], [30.298193411210857, 1.5297855783693977], [30.29807289766331, 1.529742077190925], [30.297997607855134, 1.529687459208825], [30.297938950606802, 1.5296160624132116], [30.29779646181157, 1.5292940950886293], [30.297710634987457, 1.5291674660771009], [30.29762537688374, 1.52908666238941], [30.297337419590285, 1.5288833936817796], [30.29726838065994, 1.528808443770921], [30.297219135350463, 1.5287272152198372], [30.297196758414337, 1.5286354197726204], [30.29720978216693, 1.5285502755217408], [30.297250135482045, 1.5284728515418335], [30.29734087429779, 1.5283692592656393], [30.297508415779216, 1.5282497811789055], [30.297592984964275, 1.5282158269960793], [30.29778015596274, 1.5281807739419775], [30.297831251979797, 1.5281376524518742], [30.297807622596313, 1.5280659389300941], [30.297669024117724, 1.5279022580559483], [30.297643175324264, 1.5277838005783866], [30.297657548931376, 1.527702044947345], [30.29769416643114, 1.5276227586327473], [30.2977740874879, 1.5275288914425826], [30.297954136936287, 1.527365412923234], [30.298001887289544, 1.5272767241191387], [30.298032721360173, 1.5271659748891837], [30.29804357629754, 1.5270145533126638], [30.298016424339476, 1.5268563453779664], [30.29794767955934, 1.5267259581694985], [30.297866434537667, 1.5266556527427062], [30.297799648697648, 1.5266620545791514], [30.29765689577285, 1.5267658491909786], [30.297574488296817, 1.526807892175869], [30.297483019818966, 1.5268257099468887], [30.297417779213973, 1.5268208357943998], [30.297329354494863, 1.5267903088095178], [30.297197683340624, 1.526713865202069], [30.297102074397465, 1.526630397097973], [30.29697778750113, 1.5264847677105553], [30.296947830362345, 1.5264663034075177], [30.29693043875661, 1.5264743926724587], [30.296924241447474, 1.5265675715150728], [30.29703177351595, 1.5268929500874597], [30.297043173095037, 1.5270490474371838], [30.29702316902333, 1.5271429451818261], [30.29692729060081, 1.5274007899720847], [30.296859459780993, 1.5276351676375257], [30.29681330119129, 1.5277363228731935], [30.29666952573657, 1.5278864583201992], [30.296478989149787, 1.5279856713576672], [30.296336242646877, 1.5280048591476125], [30.29606871054578, 1.5279625655584217], [30.296024464673614, 1.5279837579875102], [30.29605310215476, 1.5282203481499783], [30.296053228354616, 1.5284937014344422], [30.295983415554396, 1.5289976776640504], [30.29596757500411, 1.5294657137981076], [30.295913726008287, 1.529685367535292], [30.29588200499556, 1.5297301112494348], [30.295833250717543, 1.5297574852225702], [30.295739871626935, 1.5297626977649388], [30.295582384096768, 1.5297337606780406], [30.295365297478487, 1.5296392586619552], [30.29510858277312, 1.5294391178969389], [30.294897396997648, 1.5291912535653291], [30.294781998489093, 1.5291048892167955], [30.294652365609682, 1.5290735069622081], [30.294487834375538, 1.5291191041710386], [30.294381603014923, 1.5291273915840267], [30.294260035774325, 1.5291096201577499], [30.29413480107152, 1.5290678310217762], [30.293460204502882, 1.5287144087758313], [30.293384397225616, 1.5286499321511398], [30.293252591837064, 1.5284778795212004], [30.293130403197722, 1.5283937987270777], [30.292846378433254, 1.5282397360488509], [30.29272014293623, 1.5282099307036539], [30.292648853704492, 1.5282138029607053], [30.292629314620463, 1.5282338136209783], [30.292637422409932, 1.5282672240836368], [30.29295167241917, 1.5285863187600937], [30.29298339099509, 1.5286624860000595], [30.292983966592967, 1.5287350245428895], [30.292957473240023, 1.5288109021966536], [30.292896390593054, 1.5288526032664402], [30.292802802760143, 1.5288574997696631], [30.29262659123119, 1.5288341523026059], [30.292529596670626, 1.5288653293655923], [30.29249388148158, 1.528910890625927], [30.292481106124455, 1.5289799607765444], [30.29249310959066, 1.5290502247550268], [30.29253553018481, 1.529121110575302], [30.292597847198742, 1.5291691944626116], [30.292681399332626, 1.5292032435208895], [30.29316791332662, 1.5292926208304012], [30.293508099027566, 1.529391089153434], [30.29364409715603, 1.5294454419946406], [30.293849027021135, 1.5295785758574894], [30.294048350906152, 1.529683037317691], [30.294172690594507, 1.5297754925421907], [30.294272442376812, 1.529891145794393], [30.294312918112542, 1.5300287488073234], [30.294300635300484, 1.5301554192548983], [30.294235420003215, 1.5302698600009526], [30.294116860063188, 1.5303684274116323], [30.29393614148325, 1.5304654419882167], [30.293806080199918, 1.5305077604272666], [30.293705025465325, 1.5305188479459253], [30.293413887566704, 1.5304601847601278], [30.2931822205303, 1.5304766591812975], [30.293096476842265, 1.5305125095759895], [30.292907068088233, 1.5306314105766134], [30.29268248895743, 1.5307385025480322], [30.292632306753067, 1.5307858265638892], [30.292640314959108, 1.530810392679063], [30.29267396851817, 1.5308376015588456], [30.293101591696832, 1.5310558062366524], [30.293433926503727, 1.5313538157187816], [30.293487060465583, 1.5314317043469499], [30.293550483557574, 1.5316132041092323], [30.293641953854845, 1.5318032894336473], [30.293697801486918, 1.531991526147965], [30.293707133230924, 1.5321139559987502], [30.29369193929694, 1.532243247108238], [30.293641535885005, 1.5323312958900586], [30.293558835386182, 1.5324015299111202], [30.293428578156856, 1.5324387898582568], [30.29281854734812, 1.5324867274091634], [30.292773539149216, 1.5325002658881204], [30.292746576109234, 1.5325279068133983], [30.29275266046976, 1.5325963048520945], [30.292903893594936, 1.5328458848384396], [30.292982270607993, 1.5330425142917194], [30.293084456926366, 1.5334589158324718], [30.293149707551628, 1.5338295515311913], [30.293118389992063, 1.5339195291773267], [30.293020936229468, 1.5340198345136786], [30.292899598395213, 1.5341131058670603], [30.292737342001622, 1.5342003890472717], [30.292684959500214, 1.5342448163610936], [30.29263613393149, 1.5343510864648304], [30.29261367842779, 1.5344671167824808], [30.29262464749463, 1.534605197459976], [30.292669569077894, 1.534785093370204], [30.292758076301624, 1.5349306453212994], [30.292812138562518, 1.5350609887722548], [30.293100688636002, 1.5353571578561678], [30.293383006188805, 1.5354943876101415], [30.29346785020885, 1.5355805164986278], [30.29349790488013, 1.5356647745955654], [30.293506267051033, 1.5357377611141714], [30.293488094403035, 1.5357859133891334], [30.293429195706782, 1.5358383538685694], [30.2934216714419, 1.5358712687915088], [30.293436714261468, 1.5359230210594381], [30.29348740320539, 1.5360014841656868], [30.293486476072644, 1.5360364958074988], [30.293370157164595, 1.5361641061622473], [30.293321003159342, 1.5361850024254788], [30.29324831474168, 1.5361872252698177], [30.293130013338875, 1.5361558242393059], [30.29293380352543, 1.5360477290402639], [30.292594766884335, 1.5359668422692196], [30.29234286107157, 1.5359253548908933], [30.29213687428828, 1.5359212315236066], [30.29194159229895, 1.5359672621044707], [30.291822706913788, 1.535969458384213], [30.291755176757697, 1.5359391586821816], [30.291629425088242, 1.535818005322451], [30.291550225425517, 1.5358042056653123], [30.29149489408174, 1.5358379307546348], [30.29146071852072, 1.5359069436164894], [30.29144226907555, 1.5362140714478754], [30.29140887735381, 1.5363094148778615], [30.29136714066941, 1.5363630655318183], [30.291019099635736, 1.5366909757713927], [30.290792990917453, 1.5367727354930718], [30.290435484943952, 1.5367217546264462], [30.29036326343125, 1.536687258156256], [30.290027175795565, 1.5364211910041023], [30.28987350371164, 1.536344503481746], [30.289812735932045, 1.5363327193150211], [30.289781169414347, 1.5363695303467324], [30.28976437410882, 1.5366103904532398], [30.289722482024423, 1.5367151230440013], [30.289613317150387, 1.536870045117524], [30.28954831895293, 1.5369349846434186], [30.289468509205147, 1.5369872143935495], [30.289374179672087, 1.5370068032130102], [30.28923069963751, 1.5369975792058304], [30.28913321729566, 1.5369626661335327], [30.288715995502272, 1.53672371560026], [30.288531874230433, 1.536598678959665], [30.28835861213156, 1.5364583194249004], [30.28810771422892, 1.5361182119239458], [30.287937178410527, 1.5359254657280328], [30.28775078046461, 1.5357456573688293], [30.28750739485708, 1.5354296477037184], [30.287320182641782, 1.5351234868210062], [30.28710894370612, 1.5346840878122128], [30.287077933545614, 1.5345616024214237], [30.287041258337428, 1.533921845824633], [30.28704742668335, 1.5335038750715309], [30.28707050786359, 1.5331802738425568], [30.287186381594278, 1.5328707869723455], [30.287391137395726, 1.5326453419988884], [30.287489512948746, 1.5324818258841546], [30.28751028011422, 1.5323512786015407], [30.287509245610114, 1.5321597501814979], [30.287490003132397, 1.532099561927734], [30.287452260093943, 1.532073231194275], [30.287381568502955, 1.5320606859965236], [30.2872712808899, 1.532077746031999], [30.28699537754404, 1.5322321659670026], [30.286802673762228, 1.5323814143921808], [30.286631344702155, 1.532456533657828], [30.28651550006987, 1.5324893993464332], [30.286000951543574, 1.5325250355390836], [30.28591573511211, 1.5325034615418434], [30.28576026631377, 1.5323933596054906], [30.28573108304917, 1.5323953795000662], [30.285681365192435, 1.5324324417346722], [30.285644541794465, 1.5324297888999256], [30.285575178301457, 1.5323839282874423], [30.285486390628435, 1.5322897704345293], [30.285414687819607, 1.5321006416136245], [30.285352773691375, 1.5319811085120159], [30.285239281581845, 1.5315604567287946], [30.285193411520876, 1.5313029136910645]]}}, {"type": "Feature", "properties": {"OBJECTID": 2984, "Id": 21401, "Contour": 1357.0, "Shape_Leng": 9515.72279041}, "geometry": {"type": "LineString", "coordinates": [[30.28711925656008, 1.5458617782343707], [30.28769211562102, 1.5459604989787608], [30.287834372448078, 1.5460392434171624], [30.288003465426147, 1.5461658536443794], [30.288077218508047, 1.546196846630017], [30.28812513109522, 1.5461936975932982], [30.288205897191233, 1.546138738234543], [30.288261674613622, 1.5461314790107692], [30.28861469962133, 1.5462081146632196], [30.288724498799137, 1.5462174784979308], [30.28890682769594, 1.5462010729385836], [30.289064004124977, 1.5462089564478738], [30.289222644488596, 1.5462518871821955], [30.28928462132598, 1.5462909795248903], [30.289304157879492, 1.5464090321923216], [30.289370254048517, 1.546479887113403], [30.289524079848867, 1.5465593493898975], [30.289754311229935, 1.5466353594086317], [30.290272880495444, 1.5468494281199339], [30.290478941239, 1.5469903361485737], [30.290712891385986, 1.5472599488373207], [30.29077964976528, 1.547290170942839], [30.29101169626312, 1.5472148282272284], [30.29110524373147, 1.5472127548791215], [30.29125992471657, 1.5472457866350524], [30.29131824334485, 1.5472278557434271], [30.291486101472604, 1.5466718534306982], [30.291549935113867, 1.5465525246749046], [30.29160837723096, 1.5465190672904088], [30.291693578032316, 1.5465372312020012], [30.292180277264848, 1.5467629794206723], [30.29259541111162, 1.5470325514197103], [30.292669821624433, 1.5470442097227506], [30.29271406383216, 1.547019679103562], [30.292855206255336, 1.5468371417255635], [30.292894174152636, 1.546743733235452], [30.29289388410638, 1.546296033473621], [30.292956726512468, 1.5460461533628358], [30.292997790714022, 1.54577905137259], [30.293008317851807, 1.5455804249638372], [30.293062953209624, 1.5453700928110248], [30.29312810219614, 1.5452450737549064], [30.293248860967747, 1.5451338236906271], [30.29332096355251, 1.5450973635479175], [30.2934032656226, 1.5450918305315409], [30.293656637131793, 1.5451411612297927], [30.293972098658426, 1.5452719124324275], [30.294055772193335, 1.5452768487420199], [30.2941516652859, 1.5452622973099628], [30.294415581148712, 1.5451819946917378], [30.29449204266895, 1.5451400647315996], [30.294671687906163, 1.5448610244320677], [30.294797519158966, 1.5447248337789308], [30.2948846062466, 1.5446562083824036], [30.295057167399463, 1.5445721588255965], [30.295223722795036, 1.5445687087473723], [30.29560720279959, 1.5446422985295476], [30.29573455947055, 1.5446960150903126], [30.29583563092801, 1.5447795464270853], [30.29602580643785, 1.5449980131114571], [30.29610331289321, 1.545120148589962], [30.296202672627476, 1.5453317315161952], [30.296255730906935, 1.54539796727746], [30.296551154021927, 1.5455233626858416], [30.296620155204717, 1.5455297495793534], [30.296667105298713, 1.5455063943068534], [30.296687482286174, 1.5454584865071475], [30.296685342286047, 1.5453916927755507], [30.296589581549053, 1.5451596035269746], [30.296553455503762, 1.5449359458354457], [30.296550230716612, 1.5446915911916121], [30.296622681375084, 1.5444426076513873], [30.296643522541235, 1.5442945205713239], [30.296629336556908, 1.5441998095594145], [30.296541610899542, 1.543986728443316], [30.296539557097883, 1.5438046187035956], [30.296585135884893, 1.5436572729842333], [30.296705161773314, 1.5434707857801708], [30.296863534296648, 1.5432545334694683], [30.296991141742254, 1.543176113931171], [30.29707168273226, 1.5431041629088973], [30.29712604540527, 1.5430152175014658], [30.297134985489233, 1.5429516316906187], [30.297080716215678, 1.542901604237124], [30.29700155546326, 1.5428882304657818], [30.296979351949748, 1.542915367908744], [30.29700649706718, 1.5429858027649506], [30.297002684269604, 1.5430176801190811], [30.296969710001868, 1.5430436541096109], [30.29690118530288, 1.5430663248396577], [30.296784548536696, 1.5430689682600895], [30.296509787981837, 1.543021844184883], [30.296408013255885, 1.5430178314719947], [30.29627367265954, 1.5430450007644183], [30.29607332953664, 1.5431157324661058], [30.29591807264367, 1.543126857958403], [30.295834365638825, 1.5430895035148051], [30.295534480485088, 1.5428358066927834], [30.29537892171557, 1.5426597010394836], [30.29535021348375, 1.542592998997186], [30.29533966722901, 1.5425133262702087], [30.295384427554584, 1.542210823271926], [30.295413898109228, 1.5421106397445166], [30.29554136653085, 1.5419311808630363], [30.295626100167766, 1.5417214507537533], [30.295721579713373, 1.541149779774307], [30.295648563331707, 1.540507250438808], [30.29557557873701, 1.5403142026522645], [30.295425430108782, 1.5400652758400575], [30.29540835966706, 1.5400047439653193], [30.29541091643896, 1.53995295213016], [30.295466189373066, 1.5398291961231672], [30.29580649686256, 1.5393299232032314], [30.295903645209023, 1.539149963049697], [30.295978577623185, 1.5390890268539241], [30.296067622339255, 1.5390745970829898], [30.296170527527067, 1.5391127319377207], [30.296317904437085, 1.5392676457240226], [30.29635847345141, 1.5393483998630595], [30.29642305623343, 1.5395454922492295], [30.296576833630077, 1.5398854710921488], [30.296727092183676, 1.5400993169795747], [30.296835732543755, 1.5401888603736145], [30.296919119451026, 1.540215998945864], [30.296998408746884, 1.5402011438747674], [30.297061446009838, 1.5401472768059947], [30.29718950581617, 1.539964217662878], [30.297295636759415, 1.5398735214189492], [30.297455680617492, 1.5398137902508193], [30.297649549439623, 1.5397827044161712], [30.297761482364823, 1.5398106077742835], [30.29783841563755, 1.5398494853801659], [30.29797990330811, 1.5399624761540165], [30.29823328360258, 1.540205129903898], [30.29828634892077, 1.5402365594305312], [30.2983167338656, 1.540229097269725], [30.29832415208319, 1.540173418263915], [30.29825047163668, 1.5395173874972004], [30.298294194052716, 1.539331909428708], [30.29842391021165, 1.5390277062158226], [30.2984138939159, 1.5386217625369374], [30.29838131399401, 1.5384834793965818], [30.298247117894256, 1.538259681046975], [30.298110687649732, 1.538100276564518], [30.29808379472394, 1.5379865459547122], [30.29810247647791, 1.5379190529982185], [30.298159069221583, 1.5378428117304555], [30.298409628981137, 1.5376646541410437], [30.298477057213173, 1.5376022010057333], [30.29851948826595, 1.5375272830725046], [30.29853079486958, 1.5374393466492284], [30.298510442673212, 1.5373228895722744], [30.29846741641572, 1.537198335010104], [30.298149032857044, 1.5365511507366523], [30.298111659680167, 1.5363740557656353], [30.298085101771488, 1.5359681663314673], [30.298105858291706, 1.5359157374599448], [30.298150893770888, 1.5358820401082007], [30.298483856997958, 1.5358025807814835], [30.298680013101226, 1.5357104543500348], [30.298827155329484, 1.535591490803449], [30.298863057039743, 1.5355394757146885], [30.298876134170257, 1.535489360598349], [30.29884474664906, 1.5354466425217208], [30.298645351268288, 1.535426772656125], [30.298509544653406, 1.5353514441981253], [30.29836691643855, 1.5352037464641048], [30.29806938463039, 1.5348184555353461], [30.29793461917275, 1.5347053348224144], [30.29771580997891, 1.5346353574102083], [30.297379179233108, 1.5346284333271913], [30.297293017030693, 1.534600043208792], [30.297217462494633, 1.5345547683467304], [30.2971536658886, 1.534496338164306], [30.297106224750003, 1.53442143321464], [30.297006873309876, 1.5341143187238822], [30.296922184342648, 1.5340346527087672], [30.296798767033053, 1.5339955851249976], [30.296672971193907, 1.5339827008445934], [30.296401806500704, 1.5340337127450987], [30.29622629905103, 1.5340271967105032], [30.296050697406315, 1.5340887984469926], [30.295983989448384, 1.5340881767765635], [30.295900228803283, 1.5340526268146353], [30.295827753118193, 1.533942118168658], [30.295717312917972, 1.5336228167511607], [30.295653839082593, 1.533539917855844], [30.295487199149797, 1.5333722919695731], [30.295422409963027, 1.5332621985138548], [30.295405622687124, 1.5331513765284561], [30.29544806314312, 1.5329983219533785], [30.295400725516014, 1.532823494753876], [30.295399759393998, 1.5327212870031468], [30.295450142320952, 1.532594017731506], [30.295510332307888, 1.5323589254178294], [30.29556709039171, 1.5319627477217403], [30.29562816259258, 1.5317879474906069], [30.295694085541395, 1.5317039773262264], [30.29577970436964, 1.5316698945009681], [30.295885923062805, 1.531669678960107], [30.296021405797134, 1.531706450381716], [30.296223775662227, 1.5317951093959747], [30.29633048471477, 1.5318011272992553], [30.296420127523835, 1.531755829414881], [30.296582368640138, 1.5315540394756801], [30.296701345892426, 1.531472846346452], [30.2968547780989, 1.5314358100617413], [30.29712389528529, 1.5314260088844074], [30.297172051516924, 1.5313986809051854], [30.297174390444656, 1.5313294533586155], [30.29702679484877, 1.5310775338059561], [30.296967894043192, 1.5308555250492961], [30.29695838960113, 1.5305946859979214], [30.29699426073732, 1.5304974823223017], [30.297051349754877, 1.5304359775514578], [30.29711726648725, 1.530417669967993], [30.29723335438309, 1.53042049299823], [30.297588373567333, 1.5305198672930869], [30.297730988016767, 1.5305280115048012], [30.29834870982938, 1.5304569129255468], [30.29861424846985, 1.530380982225262], [30.29886238841062, 1.5302778532268249], [30.299018008081656, 1.5302606668024514], [30.299103322830614, 1.5302799573287542], [30.29922248975613, 1.5303389600300734], [30.299480405681383, 1.5305064944519922], [30.299547612265492, 1.530588993330858], [30.299645083043163, 1.5307897698359325], [30.299682755306982, 1.530835673100477], [30.299722346205787, 1.530849676034971], [30.29975202866448, 1.530839553937774], [30.299768826804225, 1.5308083657169504], [30.299769538525197, 1.5307566469160374], [30.2997215516207, 1.530610211926365], [30.299587553249555, 1.5304190256072772], [30.299451170220618, 1.5301381796312572], [30.299096840948803, 1.5297816411981304], [30.29899402859317, 1.5297204144212126], [30.29890015826961, 1.529701454714788], [30.29832239532, 1.5298254526975301], [30.298140160825273, 1.529822956665639], [30.29799483903421, 1.5297771767175572], [30.297939282484162, 1.5297357428214928], [30.297896499454822, 1.5296776287930538], [30.297771087661534, 1.5293487834643615], [30.297697984145334, 1.5292319781434967], [30.2975605111782, 1.529087517289356], [30.297254203490063, 1.5288653320295162], [30.297166353851676, 1.5287498269869821], [30.29714601489199, 1.528658540249145], [30.297158502294902, 1.5285747830456335], [30.297194041634455, 1.5284738497602075], [30.29725017665963, 1.528391101474351], [30.297455212435963, 1.5282237323550403], [30.297544668429406, 1.5281878144208556], [30.297710034560865, 1.5281547450525013], [30.297755358148414, 1.528118022698045], [30.29774945795173, 1.5280601965944427], [30.29766308659446, 1.5279466892214475], [30.297633106588343, 1.527882627010934], [30.297622335199144, 1.5278040676970739], [30.29763477050148, 1.5277142676363475], [30.297667994762627, 1.5276274442134579], [30.297716563408464, 1.5275561919842575], [30.297954111281182, 1.5273259637853298], [30.29799264902202, 1.5272386803408067], [30.2980157248792, 1.5271132551567916], [30.298014041554914, 1.5269877700449046], [30.29799180632823, 1.5268905202468694], [30.29794367337472, 1.526808229696124], [30.2978755465965, 1.526746128822883], [30.29778294941082, 1.5267456590659332], [30.29757568251055, 1.5268327032675941], [30.297474425594498, 1.52684786516867], [30.2973792247997, 1.5268339990689934], [30.297178364780567, 1.5267503551242894], [30.29710712962386, 1.5267566399308579], [30.29706823025922, 1.5268303985300324], [30.29707364139413, 1.527018546030678], [30.297058966162158, 1.5270993468166554], [30.296949231017116, 1.527388033967839], [30.296874462798158, 1.527681343899911], [30.296814724310227, 1.527794426848088], [30.296648679811707, 1.5279407142310168], [30.296477063660678, 1.528027974003467], [30.2963469992557, 1.5280383455895574], [30.296135158414952, 1.528005744105682], [30.2960902659797, 1.528019048570532], [30.29607605895488, 1.5285422900479306], [30.295999018774786, 1.529038848592427], [30.2959884547466, 1.52954640142498], [30.295950626235136, 1.5297313203117626], [30.29591698812717, 1.5297860899585403], [30.29586906203202, 1.5298177411395855], [30.29578455155658, 1.529819471296986], [30.295629164066405, 1.5297798271267313], [30.295472349644008, 1.5297241474419814], [30.295341535921008, 1.5296554837210452], [30.29509143346214, 1.529464546144671], [30.294876053726295, 1.52920053391771], [30.294764687361887, 1.5291204184603107], [30.294656818660908, 1.5291025135439142], [30.29448848550667, 1.529157138716648], [30.294382689384786, 1.529164458206392], [30.29423735224193, 1.529137616997465], [30.29407223139943, 1.5290681660791632], [30.293410177656693, 1.528727495412689], [30.29335074722312, 1.528678093493972], [30.29325684306538, 1.5285263305716799], [30.293185982840363, 1.5284563391051906], [30.292910984836134, 1.5282977585616915], [30.29285265026692, 1.528279736235038], [30.292810297965765, 1.528287155557293], [30.292797711034897, 1.5283304133708169], [30.292834010058858, 1.5283981470835002], [30.293020268089748, 1.528567558179771], [30.29306112343354, 1.5286209357090854], [30.293079915695667, 1.5286991813388606], [30.293066343266496, 1.5288017216639667], [30.293020514757362, 1.5288933825276805], [30.29294793699737, 1.5289340414687957], [30.29278047255939, 1.5289222438982129], [30.292634409362172, 1.5288752059938568], [30.292564612128057, 1.528888488508811], [30.292534749361888, 1.5289235431473585], [30.292527677236688, 1.5289767872059248], [30.292547541444854, 1.5290502720041323], [30.29258434138266, 1.5291066976325312], [30.29264885978545, 1.5291549862527323], [30.292759868025456, 1.5291954488017112], [30.293157685902464, 1.5292641543250902], [30.293565207578467, 1.529370780939256], [30.293712856431892, 1.5294258905483296], [30.29412335109917, 1.5296695022345905], [30.294236089505567, 1.529751468262692], [30.294319993430907, 1.529854813618694], [30.29435510901512, 1.529986123959796], [30.294350032115897, 1.5301290222383244], [30.29429350208667, 1.5302571753515664], [30.29415551604415, 1.5304016555777824], [30.293973707604973, 1.5305174706522704], [30.293858734673208, 1.530557087742434], [30.293749444527066, 1.5305706196261992], [30.29364600449028, 1.5305583724831986], [30.29343387635101, 1.530493299289252], [30.293204063406925, 1.5305009715517979], [30.293115476597855, 1.5305320498175738], [30.29281174369715, 1.530715841231398], [30.292759116609407, 1.5307546772523988], [30.29273814472047, 1.530788321153], [30.29275644423085, 1.530823474428036], [30.29282832201448, 1.5308759837671784], [30.293173962419555, 1.5310564541431881], [30.293492488791795, 1.531352902490397], [30.293557720374057, 1.5314581680904804], [30.293602562009532, 1.5315976348430456], [30.293705315298556, 1.5318224090783183], [30.293730111052938, 1.5319138125608067], [30.29375156476848, 1.532098730816197], [30.29374708383694, 1.532259026098199], [30.293716871621964, 1.532361000489467], [30.293663769094085, 1.5324169589906516], [30.293585361055136, 1.5324572047087692], [30.29350459699075, 1.5324784592458656], [30.292897775175362, 1.5325104159135776], [30.292824908127322, 1.5325241303212453], [30.292793356065538, 1.5325516321242265], [30.29280304318821, 1.5326181659051625], [30.292946032714696, 1.5328614119796153], [30.29302878583877, 1.5330546343271065], [30.29312024882249, 1.5334063307230605], [30.293189003770618, 1.5337522316530918], [30.293194063560602, 1.5338382946271214], [30.29316943153552, 1.5339241149457534], [30.293110653575106, 1.5340003389432488], [30.293003430843495, 1.5340928812044723], [30.29272469188352, 1.534289705959194], [30.292666105966376, 1.5343928688654818], [30.29264767974388, 1.5344969246989726], [30.29266025735894, 1.5345902583737585], [30.292701704516727, 1.5347026295684816], [30.292806412509577, 1.5348789202979554], [30.292878911455382, 1.53504451193196], [30.29292335265196, 1.5350994881164584], [30.29320308981394, 1.5353514243486102], [30.293366330456376, 1.535420140500002], [30.293613137631098, 1.5354982868956493], [30.29365484954303, 1.535526559229133], [30.293666450263018, 1.5355654595724089], [30.293638582230535, 1.535675402396481], [30.29370377677469, 1.5358194575993467], [30.293731262965576, 1.5359297159744116], [30.293714489175393, 1.5361586138370547], [30.293680101025753, 1.536196773193812], [30.293658486524333, 1.5361587213244223], [30.293632068715628, 1.5361578511974667], [30.293554040931188, 1.5362311594445144], [30.293491769639807, 1.536259394023393], [30.293251721196807, 1.5362805003776387], [30.293139263992742, 1.536324771515799], [30.29308864736961, 1.536327473181283], [30.292860481028313, 1.5362373670396445], [30.29267794383806, 1.5360859180080837], [30.29259749391934, 1.5360453262170042], [30.292177418652248, 1.53597392057139], [30.29191439800054, 1.536006805637979], [30.291821413295683, 1.536002506472015], [30.291747875566912, 1.535965203127118], [30.29162923791301, 1.5358344802672628], [30.291557346464376, 1.5358171979671555], [30.29150596707248, 1.5358485149162333], [30.291477312251565, 1.5359087234396887], [30.29147835338093, 1.536208833781358], [30.29144275142701, 1.5363479734710304], [30.291391945708792, 1.5364161760125568], [30.291054663240782, 1.5367311877177376], [30.29083202584155, 1.5368463411341462], [30.29077493946502, 1.536860164035788], [30.29044332670642, 1.536787697312768], [30.29033016637687, 1.536736315172245], [30.29003273455215, 1.536493559322124], [30.28991868551262, 1.5364372823231232], [30.289861160924257, 1.536427658894817], [30.28982861644212, 1.5364683584190537], [30.289788259286844, 1.53670705414625], [30.28966641858795, 1.53693677013444], [30.289577477336547, 1.5370500676433252], [30.28953058831565, 1.5370819308795327], [30.28947827341831, 1.5370952675549368], [30.289272271932504, 1.5370837945820368], [30.289169873104672, 1.5370532276471953], [30.288910519925988, 1.5368905203293926], [30.28871957962696, 1.5367950531381902], [30.288389471514467, 1.5365789295201497], [30.28829705514881, 1.5364776789600434], [30.28810591554421, 1.536201217698077], [30.287714249759727, 1.5357655870534335], [30.28756474322157, 1.5355698275409346], [30.28708142870392, 1.5348081090868362], [30.287040869796975, 1.534628866924059], [30.287004780245102, 1.5343229793233106], [30.286976793622635, 1.5338355928561447], [30.287003433346804, 1.5331992490047017], [30.287033712008572, 1.533095185783685], [30.287130730418397, 1.532871361927217], [30.28719353597298, 1.532789666453122], [30.287340014474502, 1.532645933360242], [30.287420605653075, 1.5325115221676453], [30.287466117262298, 1.5323382852604308], [30.28747088840107, 1.5322119395449716], [30.287455955080176, 1.532156317855826], [30.287424890891245, 1.5321341344085788], [30.287354425628735, 1.5321232886205072], [30.287237086329785, 1.5321464911952578], [30.287066126616125, 1.5322426703465823], [30.28682989682487, 1.532418489505468], [30.28659618936102, 1.5325210384928958], [30.286312442935245, 1.5325726196315208], [30.28592229626244, 1.532617602084802], [30.28586569639635, 1.5326129584527457], [30.285772105849226, 1.5325531406154547], [30.28563618997854, 1.5324953392310563], [30.285447900818195, 1.5323306048684673], [30.285398240936765, 1.5322598785822144], [30.285345970060465, 1.5321321165190362], [30.285257712842718, 1.5320053620598482], [30.28520862419944, 1.5318681556602425], [30.285136164103697, 1.5318104501863035], [30.285000100636218, 1.5316303147383468], [30.28497278793878, 1.5315636733361542], [30.2849730042296, 1.5314842138052343], [30.28504075885387, 1.531299887349904]]}}, {"type": "Feature", "properties": {"OBJECTID": 2985, "Id": 21404, "Contour": 1356.5, "Shape_Leng": 9429.15021472}, "geometry": {"type": "LineString", "coordinates": [[30.28707993824673, 1.5457442459489763], [30.287226326908776, 1.545711826941031], [30.287407814056223, 1.545728013008416], [30.28760055493178, 1.5458078827046704], [30.28782794719391, 1.5459828699582379], [30.28798273303379, 1.5460683970618885], [30.28821775639044, 1.5460647574248916], [30.288549168266957, 1.5460953041316152], [30.288639016518623, 1.5460836191885463], [30.288751223241036, 1.5460467457707066], [30.28908704326756, 1.5461182160564162], [30.289300900750998, 1.546208906842204], [30.289341156726202, 1.5462565661501293], [30.289408402156496, 1.546385033357879], [30.289475388913733, 1.5464435330832227], [30.28959663739529, 1.5464781647630061], [30.289768491786905, 1.5465728474113714], [30.289933928077364, 1.5466190470163566], [30.290272826987383, 1.5467803249133705], [30.290405271686463, 1.5468581675875557], [30.290520605514402, 1.5469543787113231], [30.290670256426452, 1.5471358746743082], [30.290741045702074, 1.5471976628245672], [30.290816400755496, 1.5472115337071104], [30.29102734674245, 1.5471755312017368], [30.291242141524535, 1.5472071312718894], [30.291276834071272, 1.547194746206585], [30.291296059114117, 1.5471616402273556], [30.291356431458823, 1.5468647853900606], [30.29142330218958, 1.546652981946353], [30.291505238298544, 1.5465022312115593], [30.291586747413497, 1.5464455851611605], [30.291687277151972, 1.5464554876436178], [30.291957057968478, 1.5465799095690813], [30.29221869105995, 1.5467253825078102], [30.292478542616237, 1.5469190354821143], [30.29257137740723, 1.5469723410059177], [30.292648283629664, 1.5469904421088763], [30.292712073632764, 1.5469420964457865], [30.292830292034385, 1.5468058680474128], [30.292866493021677, 1.5467242299241017], [30.292853640447166, 1.5464511390340476], [30.29286584587105, 1.5462741030653435], [30.292920283183083, 1.5460264488211068], [30.292961152090793, 1.5456072524335462], [30.293042621905567, 1.5452693491415093], [30.293102477909517, 1.5451493571347208], [30.29326709049939, 1.545036138473702], [30.293394178809777, 1.5450329796956415], [30.293649164611896, 1.545091139265324], [30.29397449910119, 1.5452413348202076], [30.294055691135235, 1.545249862446268], [30.29413908452668, 1.5452380477527312], [30.29439873464004, 1.5451582328790918], [30.29447375908024, 1.5451179387342835], [30.294520585577903, 1.5450616063969438], [30.29464048650489, 1.5448471097527734], [30.294800909404408, 1.5446597292252253], [30.294871762037598, 1.5446009318833862], [30.295031246777604, 1.544533538963819], [30.295197935477898, 1.5445311586486294], [30.29562757615073, 1.5446103959126245], [30.295759673049883, 1.5446650826438506], [30.295903198485256, 1.5447848902100247], [30.29604000857696, 1.5449486952615434], [30.296126524403793, 1.5450777022160096], [30.296217272425153, 1.5452686117404264], [30.296268920650235, 1.545332533822409], [30.296363559729006, 1.545396659142306], [30.296504617936296, 1.5454609656264708], [30.296595218555442, 1.5454771067880906], [30.29664313174278, 1.545456094738357], [30.296652369168683, 1.5453807603219594], [30.296569495448058, 1.5452043324440994], [30.296530922643463, 1.545005970130152], [30.29650271462595, 1.544634805444086], [30.296580472409, 1.544253028165604], [30.296506517081877, 1.5440069212061511], [30.29649867392214, 1.543882033167673], [30.296512874926318, 1.5437668312924642], [30.29654554120054, 1.5436664010608707], [30.296763188345334, 1.543316014513371], [30.296775237243477, 1.5432344480641387], [30.296757591323104, 1.543167824642699], [30.296718165653783, 1.543124232073171], [30.296662453923382, 1.543092799481166], [30.296494806831824, 1.5430528939346755], [30.296248781158337, 1.5431020125346526], [30.29597197963949, 1.5431951698399011], [30.295912654658288, 1.5432002259371922], [30.295851915935486, 1.5431858966460632], [30.29579686902224, 1.543147597533156], [30.295633290107936, 1.5429698717022107], [30.295357344028652, 1.5427138221059815], [30.295261608944692, 1.5425837904791713], [30.295223286237146, 1.5424945459884822], [30.295198678505667, 1.5423087370870623], [30.29520846802553, 1.542236924397609], [30.295265957956236, 1.542123921338317], [30.29542835426512, 1.5419707865581973], [30.29550614259688, 1.5418434340357492], [30.29562645667556, 1.5414123546038363], [30.295649875094533, 1.5411950964535404], [30.295634355031996, 1.540782392659587], [30.295594995381723, 1.5405030297167017], [30.295546568956023, 1.5403840927817904], [30.29536697047127, 1.5401043686525262], [30.295338802722988, 1.5400307075371757], [30.29533724321394, 1.5399722854053968], [30.295395439694605, 1.5398483230740743], [30.29575378287894, 1.5393148201076363], [30.29586806894344, 1.5390643549986096], [30.295937707964796, 1.5390007417431106], [30.296025905516075, 1.5389843915137433], [30.296112773078274, 1.5390000539450035], [30.29622319969991, 1.5390433515063566], [30.296315445648663, 1.5391226843272625], [30.29639123415361, 1.539261905047986], [30.296470195615516, 1.5395250049356317], [30.296596426045863, 1.5397996307748412], [30.2967172848222, 1.5399626253336878], [30.29679617460666, 1.5400958412524839], [30.296873902674598, 1.5401648311724694], [30.296933037776746, 1.5401810379374201], [30.297005616715545, 1.5401544568045158], [30.297165080174306, 1.5399391160089229], [30.297314478621757, 1.5398216257804087], [30.29744687441268, 1.5397717941689781], [30.297640469919696, 1.5397315177525854], [30.297739136965895, 1.539750265917107], [30.29784582135077, 1.5397989794068396], [30.29817576880798, 1.540125289980023], [30.298239321727635, 1.5401669006648133], [30.298274373993824, 1.5401624844035848], [30.29828426737099, 1.5400883035879325], [30.298217743615616, 1.539483513670711], [30.298266813642844, 1.5393134520681873], [30.29838701991399, 1.539061235831642], [30.298396299134033, 1.5389447723033252], [30.298309126673253, 1.5384969973905307], [30.298220010455726, 1.5383066446350269], [30.298071595269516, 1.538106607449434], [30.298049512905273, 1.5380429853587454], [30.29804384065906, 1.5379669962263915], [30.298067043004746, 1.5378912577832746], [30.298133226221736, 1.5378130616240222], [30.298449128860067, 1.5375869337741255], [30.298482436643724, 1.5375321073540962], [30.298493179277898, 1.5374571271801991], [30.298443911693838, 1.537276046631426], [30.298336560607332, 1.537077266290682], [30.298251770902148, 1.5368533898374206], [30.29812028348212, 1.536570894970801], [30.298003863892806, 1.536069326308338], [30.2979982471043, 1.535978918364711], [30.298030965798706, 1.5359006203388936], [30.298110538865572, 1.5358505925795212], [30.298440295656697, 1.5357969208174351], [30.298646496746894, 1.535714402195497], [30.298777923188194, 1.5356174941816827], [30.298812947150925, 1.535572546037662], [30.29882283124231, 1.5355325140494205], [30.298805045166375, 1.535503186919872], [30.298620904150145, 1.5354433842193294], [30.298493043347545, 1.535357602747262], [30.298368967794293, 1.5352291111738727], [30.29806312262347, 1.534853824478173], [30.297943931898743, 1.5347515856376703], [30.29785374080642, 1.5347110779620734], [30.297706442715445, 1.5346712170695445], [30.297441672757763, 1.5346682642524179], [30.29733514151653, 1.5346528847049727], [30.297188199628163, 1.534580524934331], [30.29712918614275, 1.534527605484451], [30.29708740506706, 1.5344655069401747], [30.296960969290364, 1.534153444983764], [30.296919992334743, 1.534102332239637], [30.296867356661373, 1.5340657153460926], [30.296724722292502, 1.5340386557037025], [30.296397679938146, 1.5340847431906717], [30.296223950724517, 1.5340836794778443], [30.296043253781885, 1.5341460530207123], [30.295949054432597, 1.5341331403888332], [30.29587766159726, 1.534095499656725], [30.295805145750368, 1.5339961704022507], [30.29572677936129, 1.5337521218714683], [30.29566581471189, 1.5336243667557155], [30.295591078349958, 1.5335282415696916], [30.295440144859572, 1.5333847326593277], [30.295371409955447, 1.533267259559523], [30.29534452849384, 1.533161495925859], [30.295360384242375, 1.5329669352027393], [30.2953294361331, 1.5327892398891179], [30.295331736876282, 1.5327090753510528], [30.295469604470576, 1.5323575904882685], [30.29552880578366, 1.5319194517725567], [30.295593733272234, 1.5317399580693223], [30.29564186468875, 1.5316751774962276], [30.29574890876427, 1.5316316330245006], [30.29588305401764, 1.5316292611909574], [30.29601430886809, 1.5316640014965646], [30.296233868375104, 1.5317657185152163], [30.296332087458985, 1.5317725293309525], [30.296418231747023, 1.5317272069952732], [30.296569041002936, 1.5315307985173663], [30.29668104236613, 1.5314497553346131], [30.296818386322396, 1.5314086516324752], [30.29709748314106, 1.5313982432386717], [30.297146732748654, 1.5313773151473375], [30.297145875627326, 1.531319728075582], [30.297034926857584, 1.531148492531524], [30.29697342051761, 1.5310072561109538], [30.296935309426857, 1.5308589640203998], [30.29690426473954, 1.5306427008648165], [30.29691133611131, 1.5305307003873951], [30.296974277241915, 1.5304225640117086], [30.297017080199094, 1.5303806619864393], [30.297081881174996, 1.5303655578428565], [30.29720788662953, 1.5303800101199885], [30.297532573246997, 1.530485272178279], [30.297706247604754, 1.5305085121352022], [30.298340936828527, 1.5304338003583937], [30.29860640062276, 1.5303622262388465], [30.298851573316536, 1.5302591137936101], [30.298986992610228, 1.530234051139941], [30.299110831676575, 1.5302473734353115], [30.29934072100684, 1.5303673259326818], [30.299443878940743, 1.530383082337816], [30.29948172645607, 1.5303504916995603], [30.29948594851264, 1.5302709962215275], [30.299460017737953, 1.5301891535829821], [30.299406755052235, 1.53011238887407], [30.299122772459985, 1.529825328438007], [30.29904723580184, 1.5297695354657024], [30.298975726099282, 1.5297373810478005], [30.298907870723816, 1.5297261257965162], [30.298818873751785, 1.52973327337632], [30.298419630413143, 1.529836930960915], [30.298241159538986, 1.5298589683243797], [30.298065505793897, 1.5298466436415044], [30.297946562605258, 1.5297956659220098], [30.29787980967863, 1.529740414394497], [30.297827635059516, 1.5296697224009874], [30.297716978823612, 1.5293687818072883], [30.2975901327932, 1.529167190650516], [30.297477596285262, 1.529060792152333], [30.297203028724283, 1.5288760020791816], [30.297115368628816, 1.5287689576608594], [30.297096533027865, 1.5287047011210861], [30.297110096185644, 1.528607163372104], [30.297163840126156, 1.5284581075288441], [30.297231963195724, 1.5283558210330628], [30.29735534027129, 1.528243650558573], [30.297444880805287, 1.528183594494862], [30.297527626676498, 1.528153946586652], [30.297684676852832, 1.5281269662382218], [30.297719162707672, 1.5281002706830769], [30.297714626404836, 1.5280604784906875], [30.297616900627197, 1.5279121563091047], [30.297606284398995, 1.527776011723799], [30.297632678976097, 1.5276557780512998], [30.29772381512035, 1.527396205746365], [30.297820710745086, 1.5272113394421591], [30.29783953238556, 1.5270960650772694], [30.29783127361853, 1.5270275877656247], [30.297805339522, 1.5269650421811132], [30.297762941832612, 1.5269122931023797], [30.297711778614786, 1.5268833384938552], [30.29764028844851, 1.5268737355686541], [30.297427205823414, 1.5268841846912355], [30.297363746701212, 1.5268672949188342], [30.29721788469269, 1.5267913341090837], [30.29716440247755, 1.526783573041492], [30.29712863945589, 1.526795424950596], [30.297097161146677, 1.5268542027763494], [30.2971038622752, 1.5270014808750865], [30.29709156249297, 1.5270824325985088], [30.29698093658549, 1.5273490328281192], [30.296900862588426, 1.5276881507624716], [30.296841557198597, 1.5278151597790905], [30.29667048923329, 1.5279777506150405], [30.296573437684916, 1.5280367395867944], [30.296434179842436, 1.5280710585801036], [30.29622312501938, 1.5280665206664419], [30.296183270868685, 1.5280821258436235], [30.296159759114907, 1.5281100266200984], [30.296137432686002, 1.528192001492744], [30.29609682491141, 1.5285778348545527], [30.296018966175616, 1.5290054759314664], [30.29602135076152, 1.5294862113527914], [30.29600789459133, 1.5296782164192089], [30.295953044145133, 1.52983004179341], [30.295905005012607, 1.529882445619945], [30.29584676850179, 1.529913516538376], [30.29578758071309, 1.529917855433306], [30.295743192084377, 1.5299023910121825], [30.295355562158598, 1.5296950810436813], [30.295177359996107, 1.5295822408773656], [30.29504430777881, 1.5294655454299515], [30.294870154292045, 1.5292282313807963], [30.294783792775593, 1.5291551980445124], [30.294673409612383, 1.529131399405705], [30.294509487625447, 1.5291855945490087], [30.294409062644647, 1.529197409759943], [30.294296290520364, 1.529182496176162], [30.294175988830023, 1.5291415146044982], [30.293595403141147, 1.5288455393099], [30.29330077995355, 1.5287471022153687], [30.293266169833128, 1.5287089184929268], [30.293245415869496, 1.5285824899261107], [30.2931935819808, 1.5285000352467757], [30.292995315416082, 1.528368181549482], [30.29290548276089, 1.5283277838743012], [30.29286203030644, 1.5283247636467923], [30.29285992088629, 1.5283556474506497], [30.292903056877137, 1.528420866348387], [30.293068890192465, 1.5285423334264092], [30.29311113799418, 1.528592495415736], [30.29313339695112, 1.5286844020748587], [30.293110264688075, 1.5288145629463905], [30.29305177165611, 1.5289414561233006], [30.29300618739751, 1.5289833041858967], [30.29295818273727, 1.5290037406416441], [30.292760752242213, 1.528985897913857], [30.292634316504305, 1.5289278907853496], [30.29259723237092, 1.5289300012356921], [30.292578739594845, 1.5289850409876582], [30.292622949599718, 1.5290759527354942], [30.292704941672223, 1.5291372024778358], [30.292815023555363, 1.5291788813723608], [30.293118724686497, 1.5292316935994548], [30.293591292908392, 1.529342435431709], [30.293825158970428, 1.529429323238976], [30.294186832327068, 1.529663553031889], [30.29429685607916, 1.5297561296138777], [30.294378149854648, 1.5298846819166392], [30.294401986140283, 1.5300383915096871], [30.29437449011578, 1.5301820904170593], [30.294293210276166, 1.530314505853644], [30.29417359342471, 1.530439948875243], [30.294000117615344, 1.530554049942303], [30.293877185336232, 1.5305996741139398], [30.29376712533885, 1.5306157940198597], [30.293647947374247, 1.5306003516362503], [30.293421084032783, 1.5305236380115559], [30.293195374156692, 1.530532282652943], [30.293096781430947, 1.530575186280794], [30.292899836468106, 1.5307160826160904], [30.292859019975587, 1.5307657936133756], [30.29285820744826, 1.5308131219301933], [30.292898606645426, 1.5308674781836022], [30.293251055575425, 1.5310647983445524], [30.293501591455044, 1.531300177855309], [30.29356874911036, 1.5313842116931944], [30.29376867428249, 1.5318385050723244], [30.29380561834554, 1.5321303556388361], [30.29381337667172, 1.532315469955414], [30.29379946260151, 1.5323814406229401], [30.293765929503977, 1.5324331729448002], [30.293707212828675, 1.5324735625253343], [30.293634960575982, 1.532498396662812], [30.293213092965757, 1.53254325142395], [30.292942378788176, 1.5325376887700382], [30.29287499149939, 1.5325504788031339], [30.292842796324678, 1.532574764947329], [30.29285005260108, 1.5326393416915776], [30.293018077809165, 1.5329329783992292], [30.293125639928807, 1.533220815230388], [30.293230616405648, 1.5336557923870013], [30.293256142175252, 1.533843956887404], [30.29322556418787, 1.5339471172905819], [30.293146928421077, 1.5340543253935957], [30.2928089882843, 1.5342816934108485], [30.292747245912455, 1.5343386047390528], [30.29269171035001, 1.5344349785313014], [30.29268730042647, 1.5345381275285273], [30.292715045296724, 1.5346134167895962], [30.292988003073244, 1.5350903370103532], [30.2932694594278, 1.535272708607661], [30.29367431209288, 1.5354125833459564], [30.294174713865722, 1.535705934985566], [30.294201594077116, 1.5357352863829703], [30.294220013561585, 1.5357900221775194], [30.294200429083602, 1.5359508305426393], [30.29414867649743, 1.5360273793834207], [30.294046200848616, 1.5360767588555586], [30.293957812030154, 1.5360781043929108], [30.2938304653651, 1.5360371221284848], [30.29384346511013, 1.5361345626655], [30.293835371250676, 1.5361853934877494], [30.293798985435924, 1.5362324010893424], [30.293734069366103, 1.5362780503483566], [30.293522991562927, 1.5363354917635754], [30.293365920157925, 1.5363556599226362], [30.29324510529494, 1.5364329419378555], [30.293165473743088, 1.5364507083863952], [30.29310142431609, 1.536429392136673], [30.2926920735219, 1.53619684356647], [30.29225402825871, 1.536033753675438], [30.292137280339606, 1.536011902916068], [30.291914896238545, 1.5360386481667883], [30.29179353612388, 1.5360263459437171], [30.291729044657636, 1.5359821023672153], [30.291628124410952, 1.535852134243714], [30.29159166189489, 1.5358325932320087], [30.291557111869114, 1.5358339415717666], [30.291513652359157, 1.5358662126610552], [30.29149223843124, 1.5359243350750802], [30.29151170388071, 1.5362207436503033], [30.29150142893045, 1.5363126636683906], [30.291475746181014, 1.536389338989153], [30.291372572510465, 1.5365292921548666], [30.29113074514389, 1.536757810126086], [30.2909511991339, 1.5368376190452264], [30.290810697341634, 1.536952544998396], [30.29068170211108, 1.5369908257836953], [30.290620245248597, 1.5369924889402713], [30.290574548665475, 1.536969063176009], [30.29055263733173, 1.5369032974901349], [30.2905185769159, 1.536871378696245], [30.290312894641843, 1.5367761085744172], [30.290025006359844, 1.536564125692824], [30.28995343846671, 1.5365337817035687], [30.28990257288237, 1.5365312433110818], [30.28986389096607, 1.5365921059413818], [30.2897825316371, 1.536959509296121], [30.289700814764096, 1.5370756619852668], [30.289657886574215, 1.537217674209064], [30.28960843644244, 1.5372508293688179], [30.289519598381244, 1.5372324421599595], [30.289372095882435, 1.5371534255531107], [30.289214928202252, 1.5371239686405669], [30.28911339843778, 1.5370836640651955], [30.288542891866598, 1.5367577014901321], [30.28839394904615, 1.5366500109826058], [30.288273794432857, 1.536514897113284], [30.288128085327514, 1.53630465073944], [30.2879208551745, 1.5360485691425738], [30.287636423237227, 1.5357391185228841], [30.287442191759954, 1.5354690399422593], [30.287318294859777, 1.5353504198696344], [30.28719699525204, 1.5350756983561156], [30.287053536895613, 1.5348218770229816], [30.286970908985946, 1.5345361125155674], [30.28694617239636, 1.534387997031729], [30.28693607558827, 1.533209692733779], [30.28698982096833, 1.5330307462165924], [30.287062171706108, 1.532884475395183], [30.287315182119745, 1.5325895483855003], [30.287397940687853, 1.5323171334159464], [30.287404476597455, 1.5322516879704513], [30.28739126092151, 1.532210036167593], [30.2873642266049, 1.5321905077285856], [30.287312159564873, 1.5321819628193487], [30.287208197077035, 1.53221130698778], [30.287096125744043, 1.5322743738518658], [30.28683915942003, 1.5324551725846098], [30.286606543409015, 1.5325746401219627], [30.2862654475075, 1.5326667262350695], [30.286058180188235, 1.5326626772941443], [30.28584273252613, 1.5327064368484453], [30.285735190137864, 1.532698212142382], [30.285662986671213, 1.5326575800295095], [30.285497749760633, 1.5324576554180942], [30.28531620719488, 1.532295322587371], [30.285263308610233, 1.532134135194214], [30.285161196715315, 1.5320087450232276], [30.285015128416372, 1.5317721768678179], [30.28491482605728, 1.5316470471631358], [30.284885210100683, 1.5315582955287208], [30.284877768184675, 1.5313895428386706], [30.284834825821708, 1.5313273355365298], [30.284780358344864, 1.5312892170219066]]}}, {"type": "Feature", "properties": {"OBJECTID": 2986, "Id": 21405, "Contour": 1356.0, "Shape_Leng": 9171.56850006}, "geometry": {"type": "LineString", "coordinates": [[30.287064137690862, 1.5456809662452409], [30.287115225749865, 1.5456637505819517], [30.287246549282735, 1.5456528542520915], [30.287388913061584, 1.5456553303666136], [30.287466315372196, 1.545670825547846], [30.28764647130214, 1.5457811104574535], [30.28785257957328, 1.5459474739954155], [30.287964086007282, 1.5460031330213844], [30.2880964453073, 1.5459922225729463], [30.288472833981622, 1.5460336818030258], [30.288744425467705, 1.5459881645526032], [30.288887947391498, 1.5460087917716587], [30.2890575118809, 1.5460116719473629], [30.289127733119013, 1.5460324441981608], [30.289330747048385, 1.5461271532251442], [30.289455110002784, 1.54636558030288], [30.289480500140073, 1.5463626483369408], [30.28948850548061, 1.5463050625258479], [30.289505684065514, 1.5462829500269288], [30.289581263165832, 1.5462950314336137], [30.28961505684698, 1.546324104530362], [30.289667659426545, 1.546412383304609], [30.28971100363692, 1.5464493045152785], [30.290091443240126, 1.546643402548117], [30.29031032438557, 1.5467304668844202], [30.290622369493462, 1.5469686121574], [30.2906641215709, 1.5470152710686067], [30.290732509184398, 1.5471350326621554], [30.29079946867006, 1.5471638236943979], [30.290930990515946, 1.5471325811757892], [30.29117206264239, 1.5471318382013248], [30.29122897438049, 1.5471058635234092], [30.291269626557444, 1.5470273302504114], [30.291315223500142, 1.5467102649631015], [30.291360609681025, 1.5465754062990065], [30.29141584707264, 1.5464969227245113], [30.291503326156263, 1.5464114276879306], [30.291559035480123, 1.5463736258481382], [30.291617604734476, 1.5463547967367897], [30.29169960542525, 1.546351937859808], [30.291777614272767, 1.546380601428094], [30.291895288212228, 1.5464794171549836], [30.292526192388127, 1.5468863580880483], [30.29258291146566, 1.5468969533651105], [30.29263793261873, 1.5468875901574373], [30.29277589889408, 1.5468026489230173], [30.29281795349199, 1.5467496488944292], [30.2928331854671, 1.5467038006096203], [30.292824886093616, 1.5463470624827202], [30.292878496912298, 1.5460401280072922], [30.29293517438362, 1.545545688241844], [30.293052583225453, 1.545090913253489], [30.293118642273637, 1.5449924652421076], [30.29320161716555, 1.544944300856785], [30.293278922266946, 1.5449423139103422], [30.293574139376897, 1.5450112419185829], [30.293715695372782, 1.545064751458421], [30.293950160346355, 1.5452030801672458], [30.294027642336637, 1.5452219960684175], [30.294107850330338, 1.5452173814287542], [30.294387500152787, 1.5451321000337326], [30.294455582410947, 1.5450938716462996], [30.294498643822305, 1.5450417220655848], [30.29461537140654, 1.5448227324537707], [30.29478923498262, 1.5446058733404262], [30.2948605730173, 1.5445505348076927], [30.29495857655994, 1.5445089782610184], [30.295051012574664, 1.5444897951929206], [30.295310625520685, 1.5445111001678389], [30.29564538242934, 1.5445784784546308], [30.295797597112546, 1.5446506486707503], [30.295937751727326, 1.5447739906193754], [30.296103442833967, 1.5449680470094307], [30.296169962990525, 1.545066901167888], [30.296242847205228, 1.5452224751416646], [30.2963024816921, 1.5452958422401295], [30.296438897381357, 1.5453815599078786], [30.29658175300232, 1.5454284792773914], [30.296619619852375, 1.5454236171478384], [30.296615738903675, 1.5453751200077794], [30.29653305615396, 1.5452732774309184], [30.29651206672829, 1.5451840386471243], [30.29648862391646, 1.5448278997269347], [30.29645468245372, 1.5445966290183886], [30.296526762983813, 1.5442258450637685], [30.296467211512073, 1.5440251683873745], [30.296456338467014, 1.5438988352355207], [30.296503483456412, 1.5436694090095961], [30.296618589263762, 1.543404079621592], [30.296727026236468, 1.5432963909460522], [30.29673621285255, 1.5432547895347255], [30.296725531830432, 1.5431982542996774], [30.296694962886377, 1.5431600816277475], [30.296638539319915, 1.5431254653538777], [30.296498587850134, 1.5430905976921998], [30.296255070952366, 1.543148865014379], [30.295933330502262, 1.5432549986029471], [30.295803097058652, 1.5432568133138789], [30.295684259315266, 1.5432223499384925], [30.295591527302406, 1.5431363461470113], [30.29544646328734, 1.5428914882493965], [30.295308621017444, 1.54276965467224], [30.2951894870263, 1.5426191595034893], [30.295105071062142, 1.542354495608307], [30.29509751923094, 1.5422503928536575], [30.295136435733266, 1.5421550977912508], [30.29521048654608, 1.542074092796654], [30.29539761827249, 1.5419279446198908], [30.2954723605575, 1.5418055032503701], [30.29557063514203, 1.5414567616646355], [30.295609618525784, 1.5411872274930996], [30.295600814697803, 1.5407856370571027], [30.29556029270876, 1.540571609547587], [30.29550378918152, 1.540413125585061], [30.295302772347238, 1.54009839536239], [30.295281926560154, 1.540030463012849], [30.295282155573386, 1.5399379012480137], [30.2953334471541, 1.5398249374513069], [30.295534282685324, 1.5395785239221338], [30.295710923158797, 1.5393142447282673], [30.295858351243755, 1.538988393350885], [30.295980695684424, 1.538869904071351], [30.2960783704052, 1.5388285920771259], [30.296154371951776, 1.5388572644066656], [30.296294841297478, 1.5389704764753833], [30.29634860023869, 1.539039216598388], [30.29646842737548, 1.5392941151098651], [30.296630012127487, 1.5397434834265182], [30.296832030625502, 1.540072634362996], [30.296888037231195, 1.5401295806001571], [30.29693864865846, 1.5401446166027382], [30.296993030294054, 1.540122063861443], [30.29713065256589, 1.539934413719602], [30.29729152405381, 1.5397974518276711], [30.297407111756904, 1.5397447595285574], [30.29763268968005, 1.5396885391008879], [30.297730393965352, 1.5397087677079822], [30.297836459301887, 1.5397618898998437], [30.29813858989548, 1.5400656203407443], [30.298199421700822, 1.5401062196101276], [30.29823582692265, 1.5401041874269132], [30.298247706237582, 1.5400270673778094], [30.298184620694812, 1.5395856018756893], [30.29818356570748, 1.5394572472142938], [30.298233932212355, 1.5392954140625368], [30.29836161769945, 1.5390450704484133], [30.29836838422999, 1.5389555737940148], [30.298265890679055, 1.5384949236211032], [30.298187814461734, 1.5383320164615524], [30.298042485652296, 1.538125556255781], [30.298008002180133, 1.538027198604061], [30.297998952475243, 1.5379328118789732], [30.29801959650435, 1.5378668430397435], [30.29808469074141, 1.5377953776934268], [30.298414316292124, 1.537580407488732], [30.298449437010323, 1.537523909722116], [30.298457792810204, 1.5374481142175684], [30.2984221444462, 1.5373159650362276], [30.298284202659488, 1.537069085578642], [30.2981016171486, 1.5366167368354164], [30.297949527971554, 1.5360618441464877], [30.297940731979107, 1.535956504377169], [30.29797424782842, 1.535869707478869], [30.298038893689334, 1.5358166167529004], [30.298124459664432, 1.5357949155145563], [30.298397506854577, 1.5357842078216166], [30.29851733063549, 1.5357551353510743], [30.298691128379946, 1.5356685563147192], [30.298746297516594, 1.535615546347979], [30.29876819998654, 1.5355682840620841], [30.298749876237185, 1.535533798605544], [30.2985950108732, 1.5354563530311338], [30.29847340815766, 1.5353614580030401], [30.298076957072062, 1.5349144761806055], [30.297968359653964, 1.5348232978997585], [30.297701831506792, 1.5347105822734668], [30.297309469686486, 1.534685708902978], [30.297219914446963, 1.5346579980217963], [30.29713595537687, 1.5346065127757536], [30.297050714999227, 1.534490935051191], [30.29692476821718, 1.5341724808576813], [30.29685776744912, 1.5341040889087108], [30.296785673113682, 1.5340886223890042], [30.29656879430368, 1.5341034132107807], [30.296049234787514, 1.534199896325206], [30.29594649184848, 1.5341913884738905], [30.29586798960063, 1.5341510659417714], [30.295784718101523, 1.5340396980100457], [30.295704645430245, 1.533785899540046], [30.29564156033889, 1.5336547973439862], [30.29556183117504, 1.533545073106676], [30.295403303496368, 1.5333893518512225], [30.295322290960055, 1.5332484693879396], [30.29528620072292, 1.5331158307609938], [30.295298161537797, 1.5329659813404937], [30.295273100978505, 1.5328253173067883], [30.295279256955634, 1.532718394584057], [30.29539991717839, 1.5323943173073638], [30.295479376407357, 1.5317992822567221], [30.29554259232127, 1.5316772674111843], [30.295582319017047, 1.5316321480752324], [30.295709860745706, 1.5315925824582441], [30.295881953527307, 1.5315942186442175], [30.296019197595307, 1.531633043812695], [30.296241655404327, 1.5317384846434787], [30.296326489815776, 1.5317457242854462], [30.296405462289133, 1.5317047181805967], [30.296551205593655, 1.5315083285692617], [30.29666798755878, 1.5314255194896662], [30.29682761297703, 1.5313761399645451], [30.297086643319577, 1.5313693107816884], [30.29712138724935, 1.5313562538742953], [30.29711972551524, 1.5313185857070892], [30.29696899854083, 1.5310647945839624], [30.29689688331534, 1.5308471575305902], [30.296850423768262, 1.5305113154450494], [30.296873616133198, 1.5304251570868201], [30.29694379502666, 1.5303465061316248], [30.297019408322043, 1.5303236858523193], [30.297107954316324, 1.530329839842395], [30.297261866361893, 1.530367756377551], [30.297513576544336, 1.530459769830818], [30.297721496517937, 1.5304850357224], [30.29819677507279, 1.5304339220299212], [30.298386834322777, 1.5303999907292438], [30.298595751705793, 1.5303445612907878], [30.298808425283422, 1.530249281884255], [30.29896466847285, 1.5302079594633733], [30.299129345790995, 1.5302135566054227], [30.29930824121246, 1.5303163331707028], [30.299382266956407, 1.530340970814254], [30.299441607838816, 1.5303188772962633], [30.2994521947319, 1.5302445683140775], [30.29940958288536, 1.5301515747370376], [30.29928087039655, 1.530041823852403], [30.299144667702297, 1.5298726265791063], [30.299058942710563, 1.5298020839799944], [30.2989742692488, 1.5297643274955148], [30.29888357683244, 1.5297532393545283], [30.298788042848294, 1.529761981196713], [30.298409833008268, 1.529862805018914], [30.298231851249106, 1.529886578487132], [30.298076192746887, 1.529880056417485], [30.297939802759977, 1.5298278749027143], [30.297847866583346, 1.5297568964641535], [30.29777336036857, 1.5296617096616727], [30.29764840186653, 1.5293284972638022], [30.297536656325423, 1.5291496626876409], [30.297428193257435, 1.5290565784015868], [30.2971162155868, 1.5288728066586106], [30.29703661717686, 1.5287986717775326], [30.297015357207755, 1.5287449733899352], [30.297021490057034, 1.5286897181936174], [30.297137768927833, 1.5284342033405973], [30.297198580114696, 1.5283453205681727], [30.29742376260097, 1.5281577744703778], [30.297504127537305, 1.5281238038747187], [30.297643055233497, 1.528100300694237], [30.297678177611292, 1.5280819650281958], [30.297606034834317, 1.5279590183243452], [30.297586172880774, 1.5278879991646757], [30.297588738909806, 1.5277788391050053], [30.297629676375625, 1.527561325463149], [30.29761537331636, 1.5275320297452926], [30.297567670499273, 1.5275368783023635], [30.297510448859633, 1.527567793812799], [30.29725338142147, 1.5278477535535917], [30.2970883006225, 1.5279535255183851], [30.296966890505978, 1.527983560614574], [30.296774293854874, 1.5279578066883002], [30.296631896853544, 1.5280479631754138], [30.296549312242774, 1.5280809102799946], [30.29642885386472, 1.5280995290060917], [30.296249619765106, 1.5280948304658994], [30.296199633520764, 1.528118374705915], [30.296171894849667, 1.5281891467343403], [30.296130032725944, 1.5285502245934908], [30.296069160729328, 1.5287899712246118], [30.29603677065739, 1.5289922961954991], [30.29602953372113, 1.5291461799111006], [30.296045623598552, 1.529557821642146], [30.2960313015502, 1.5297268855711874], [30.296003218329222, 1.5298192788735487], [30.29596410871009, 1.5298855033773164], [30.2959007899365, 1.5299460827976548], [30.295830775445392, 1.5299776625309813], [30.295748287165956, 1.529982628799994], [30.295679879246542, 1.5299564744701128], [30.295465636456218, 1.5297955324249455], [30.295133621004005, 1.529596322713458], [30.295005248137453, 1.5294733128821956], [30.29484300214477, 1.5292336311438786], [30.29474549533187, 1.5291666091562737], [30.294673413282716, 1.5291621036583671], [30.294468536913044, 1.5292197455822383], [30.29429657107597, 1.5292063820691324], [30.29412498698548, 1.529141051417943], [30.293579843887663, 1.5288613502555446], [30.293480745759673, 1.5288327984544636], [30.293356276250442, 1.5288195614140263], [30.29326569648422, 1.5288230291544005], [30.293181542909878, 1.5288503471487478], [30.29307494163397, 1.5289680263746634], [30.293004677977926, 1.5290242769949967], [30.29293365353543, 1.529062308031907], [30.292817297771453, 1.5290899606295039], [30.292820676825933, 1.5291247826569325], [30.292879829209628, 1.5291571123994048], [30.29366035016111, 1.5293304765969873], [30.293813515639673, 1.529387819899736], [30.294292256512254, 1.529708684154079], [30.294387414072546, 1.529817101516809], [30.294432172703882, 1.5299247559810474], [30.294441195351464, 1.5300178648086606], [30.294432096067833, 1.530115104414058], [30.29437312575428, 1.5302614302753097], [30.294227698879624, 1.5304403288701482], [30.294052893408658, 1.5305663724359198], [30.293884292936866, 1.5306347250784604], [30.293754599774978, 1.5306519099439697], [30.293649094291844, 1.5306355257723487], [30.293429493365856, 1.530558475626788], [30.29320320354384, 1.5305651385604642], [30.29310917063903, 1.5306040703856203], [30.29293913879058, 1.530726858752739], [30.292900971572042, 1.5307703783504971], [30.292900007580236, 1.5308114285427332], [30.29293589060821, 1.530855725091027], [30.293309471367458, 1.5310581172913147], [30.29349937303127, 1.5312176685825307], [30.29357499911043, 1.531311865068455], [30.29381205988851, 1.5318009306512035], [30.293869653279888, 1.532124324975752], [30.293878757898504, 1.5322935740533035], [30.293862790170476, 1.5323784745414106], [30.29382167739605, 1.5324577173627234], [30.29377183131926, 1.532508499066586], [30.293702473458293, 1.5325403867303864], [30.293239806240276, 1.532579388609342], [30.292973332528707, 1.532565733428505], [30.292891886007155, 1.532599411949093], [30.29290251267493, 1.5326762837345391], [30.29305570700518, 1.5329312979270604], [30.29314129354696, 1.5331322894021016], [30.29329523203972, 1.5336655866358149], [30.29332264948131, 1.5338623798824216], [30.293289955432865, 1.5339689988244196], [30.293204031091122, 1.534080106537143], [30.293127249735807, 1.5341469042199598], [30.292813836147396, 1.5343386215784185], [30.292739138726834, 1.5344243435644043], [30.292716350453432, 1.5344985979835812], [30.292727387718603, 1.534559565494942], [30.292763551074756, 1.5346248590043032], [30.29286573430705, 1.5347603022773317], [30.2930047017553, 1.5348975786772199], [30.293069086651606, 1.53505831706615], [30.293134897520787, 1.53513053854057], [30.293271009815644, 1.5352145834467834], [30.29338205711254, 1.5352623156478271], [30.293601538691643, 1.535314638606978], [30.29379288629469, 1.5353852480391066], [30.293966284502844, 1.5354217377942214], [30.294046607464004, 1.5355401235904131], [30.29422259764354, 1.53565185647442], [30.294257462759244, 1.53570180199741], [30.294281205859946, 1.5357938183979], [30.29427857729862, 1.535887467185694], [30.294255341582584, 1.5359799370562837], [30.29422465536664, 1.5360437337121022], [30.294190041171984, 1.5360795687236115], [30.293971066218855, 1.5361996212009998], [30.2938087065832, 1.5363197776791992], [30.293615350906048, 1.5363825042175332], [30.29348050657756, 1.5364800296798033], [30.293356739199773, 1.5364902712406676], [30.293158255732404, 1.5365364655124505], [30.2931017163066, 1.5365191841292933], [30.292980775475847, 1.536426834651552], [30.29285013413314, 1.5363526125873284], [30.292653016410675, 1.53626272807329], [30.2924497887652, 1.5361476091762998], [30.292255288053006, 1.5360699498994308], [30.29216333959827, 1.5360481490371705], [30.29190217682564, 1.536069934917532], [30.291777058702596, 1.536051394192313], [30.291712572550427, 1.5360025361766416], [30.29162578810373, 1.5358755464300944], [30.291597131884597, 1.5358568113092845], [30.291563094378407, 1.535855758516125], [30.291523813559188, 1.5358871119042146], [30.291508630036574, 1.5359382788644707], [30.291541747568093, 1.536234982496583], [30.29153099828318, 1.5363406394844592], [30.29150668642432, 1.5364149838961378], [30.291429269613584, 1.5365307350201782], [30.291154437822957, 1.536808597336561], [30.29097866492225, 1.5368845943323728], [30.29087333277142, 1.5369822925483831], [30.290803171564118, 1.5370270400378847], [30.29070702174425, 1.537055858530123], [30.290615131785863, 1.5370557138570675], [30.290542200849547, 1.5370362436733616], [30.290485623758453, 1.5370037122837614], [30.290344993663485, 1.5368645969842183], [30.290099834410604, 1.5366630667841699], [30.290016006208695, 1.5366208240001717], [30.289957046089302, 1.5366172191076433], [30.289916386714417, 1.5366477599638781], [30.2898863583083, 1.536714749280742], [30.289835994854872, 1.5370436807596055], [30.289774032286804, 1.5372759450450593], [30.28971327287878, 1.5373646272569934], [30.28963364565079, 1.5374062093448824], [30.289587777512928, 1.5373930288691418], [30.28932674912346, 1.537224953902216], [30.288955290177604, 1.5370600408884774], [30.28879025898768, 1.5369486155827126], [30.28853492620776, 1.5368056383090005], [30.288391507800693, 1.5367008280859489], [30.288246125115524, 1.5365407715496577], [30.287886620214294, 1.5360586260710356], [30.287630546847033, 1.53578423051045], [30.28742059243242, 1.5355193769519235], [30.287309673565023, 1.5354126175459246], [30.287242253136743, 1.5353092592921316], [30.28701603600921, 1.534806832519346], [30.286929293892825, 1.534529632562369], [30.28690547990417, 1.534388799377259], [30.286909197018286, 1.534196812905477], [30.28688749120775, 1.533871207371026], [30.286892100751906, 1.5332553595296567], [30.286915918207914, 1.5330917301384244], [30.286952669986167, 1.532972440176978], [30.28701839049381, 1.5328446682541392], [30.287222980512517, 1.5326255256288974], [30.287269372497388, 1.5325511276724713], [30.287290151559557, 1.532436350190877], [30.287255869791128, 1.5323445834414875], [30.28719002841118, 1.532308629930001], [30.287104112572145, 1.5323260058224164], [30.286637144321812, 1.5326157185798244], [30.286393070620118, 1.5327054642315836], [30.286240329940284, 1.5327325368305411], [30.286022247439032, 1.5327355600812407], [30.285858874027472, 1.5327806340240648], [30.285699862208283, 1.5327543726455573], [30.28562300589626, 1.5327054813841572], [30.28549253576066, 1.5325279975025115], [30.28536415825747, 1.5324306269072503], [30.285285586189815, 1.5323379246104472], [30.285002616250964, 1.5318549980031242], [30.284849367014, 1.5316555540067494], [30.284779830495054, 1.5314121908474068], [30.284672616906995, 1.5312764803434429]]}}, {"type": "Feature", "properties": {"OBJECTID": 2987, "Id": 21407, "Contour": 1355.5, "Shape_Leng": 9108.65645135}, "geometry": {"type": "LineString", "coordinates": [[30.287016373021242, 1.5454611211111973], [30.287061942585183, 1.5454509301145567], [30.2871412632271, 1.5454728170537835], [30.28759578641678, 1.5456861798372736], [30.287711192062602, 1.545721172043379], [30.287992803798442, 1.5458657711943136], [30.28832110655235, 1.545951506317568], [30.288454386945123, 1.5459673791651867], [30.28869309353683, 1.5459283315986367], [30.288965395477327, 1.54592136020571], [30.28907983487652, 1.5459347122506915], [30.289333454409963, 1.5459991196142657], [30.28959026965376, 1.5461828230492778], [30.28974323282447, 1.546363712300332], [30.289819658702157, 1.5464307606662773], [30.289944673865502, 1.5465054733354122], [30.290273188112497, 1.5466501255407759], [30.290624564394076, 1.5469153583405097], [30.290680757458357, 1.5469726164373618], [30.29075104466226, 1.5470837436950657], [30.290809163935723, 1.5471060489670045], [30.290939432635057, 1.5470896870252444], [30.29114286994117, 1.547094788289095], [30.29120265451661, 1.5470677270643227], [30.291240663270454, 1.5469754856653042], [30.291273623869014, 1.5466948213306346], [30.291331298192212, 1.5465259756200782], [30.291374462230642, 1.546451909436689], [30.291497673777947, 1.5463012327841017], [30.291587714431984, 1.5462570472244876], [30.29168381488202, 1.5462602759402995], [30.291791356189123, 1.5463088255094586], [30.292096641088648, 1.5465567222941106], [30.292548985998238, 1.5468388809430553], [30.29264057457886, 1.5468415413614396], [30.292751813467913, 1.5467751332605173], [30.29278573096007, 1.546730230588983], [30.29280003305538, 1.5466693518645809], [30.29277955535605, 1.5464318004373108], [30.292786924450187, 1.546161241311416], [30.29294596900452, 1.5452847422826368], [30.293031979744597, 1.545001127525735], [30.293120467566812, 1.5448938397235783], [30.293207480555676, 1.5448397790628685], [30.29330551837206, 1.5448303570399613], [30.293467680316922, 1.5448597476618937], [30.293710285006565, 1.5449858490996953], [30.293945380561343, 1.5451647313823536], [30.294012792903686, 1.5451902581500054], [30.294086699672018, 1.5451917089974203], [30.294377237239562, 1.5451060428863652], [30.294442960567665, 1.5450667175865127], [30.294477298799798, 1.545022122080812], [30.29457993065996, 1.5448079184946932], [30.294759664368588, 1.5445661532253072], [30.294838176001097, 1.544502777065121], [30.294940658225013, 1.5444600278198668], [30.295039443220197, 1.5444466096985336], [30.295388169295297, 1.544478787141849], [30.295664530948336, 1.5445440163131943], [30.29582620973411, 1.544632521320917], [30.295958398402725, 1.5447547578102694], [30.296138254270915, 1.544958397039596], [30.296305132902873, 1.5452488965657145], [30.296370001420318, 1.5452964370408504], [30.296419465103465, 1.545285113758993], [30.296435614631918, 1.5452377858768025], [30.296470471441868, 1.5449095425342614], [30.29646099144601, 1.5448113681197715], [30.29641590010662, 1.544631280629813], [30.296412875753852, 1.5445143794228289], [30.296429765956667, 1.544346365088882], [30.29648137785017, 1.5442130540989834], [30.296418025831354, 1.5440390013548588], [30.296401469728206, 1.5439090426172364], [30.29644346643268, 1.5437322336686232], [30.296537794631163, 1.5434884890435805], [30.296573775185564, 1.5432336872660253], [30.296565595559148, 1.5431698607970967], [30.29652682701295, 1.5431345591513583], [30.296472217110907, 1.543131460312476], [30.2962390082441, 1.543231897417982], [30.29596703394495, 1.5432996243956778], [30.295775305381, 1.543298851238481], [30.295660538837474, 1.5432691126598874], [30.295553949743095, 1.5431712826803345], [30.295383831730774, 1.542915382852782], [30.295247820642725, 1.5428070486436831], [30.295144654808972, 1.542690250997691], [30.295072035970303, 1.5425340705657204], [30.29499220997861, 1.5424295831211028], [30.294953102294492, 1.5422990070002898], [30.29492237059988, 1.5421305135540824], [30.294941170157838, 1.5420521039196688], [30.294976456533877, 1.5420317568297697], [30.295045947059084, 1.5420454853238108], [30.295087258272286, 1.5420285139234642], [30.295373487276247, 1.5417918333939193], [30.29543681442159, 1.541713203136326], [30.295489200814217, 1.5415645544050474], [30.29556006238199, 1.5411737045707894], [30.295563795299994, 1.540808872971116], [30.295534151394783, 1.5406129815734377], [30.295460983552985, 1.5404157399924234], [30.295256923543025, 1.540098571163576], [30.295228276678305, 1.5399909162199743], [30.295234092608887, 1.5398796559412182], [30.295284119444606, 1.53977166650105], [30.295496149281288, 1.5395686288537354], [30.295625823808777, 1.5393899482832065], [30.29589619457914, 1.5387791423301713], [30.295955008202743, 1.5387414003466566], [30.296113432498725, 1.5387278212066688], [30.296191149954154, 1.538750401854299], [30.296271023451926, 1.5388177544035262], [30.29654162660376, 1.5392008101410652], [30.296709104030366, 1.53974235619855], [30.296845162320057, 1.540025243664063], [30.296902404143452, 1.5400954400331572], [30.296946585263456, 1.5401046464445052], [30.296977718531505, 1.5400884906493295], [30.297120770144577, 1.5399009773620718], [30.29730892622105, 1.5397392598457609], [30.297396564522085, 1.5396909092349742], [30.297588618295304, 1.5396418186911547], [30.29768411719792, 1.5396549157916768], [30.29779802673926, 1.539709365577498], [30.297885467806218, 1.539779318426874], [30.298105024345848, 1.540006368425214], [30.2981638262162, 1.5400413839757023], [30.298198470691226, 1.5400318675215905], [30.298205794163685, 1.5399584147121894], [30.298157517060567, 1.5397150256312973], [30.29813345465707, 1.5394250291281848], [30.29821291508356, 1.5391587257453314], [30.298241828624228, 1.5391067775090013], [30.29831496077585, 1.5390348013486697], [30.298332147528214, 1.538950649380789], [30.29822212911658, 1.5384996933308401], [30.298158040781235, 1.5383690172481512], [30.29800658561147, 1.5381275954343643], [30.297970148664678, 1.538014878782761], [30.297960306735714, 1.5379190286845261], [30.297987444479958, 1.5378411351492545], [30.298056627068583, 1.5377655264050676], [30.298386844458932, 1.5375664774934183], [30.29841826602825, 1.53752176305339], [30.298430865266205, 1.5374395337136249], [30.298398725006155, 1.5373244947417866], [30.298246193910177, 1.537066647194155], [30.29810150249319, 1.5367255109974423], [30.297907156985122, 1.5360631397153728], [30.29789382969756, 1.5359352297793525], [30.297924684080495, 1.5358392980383755], [30.2979958576356, 1.5357773773233372], [30.29809375126736, 1.5357557976467389], [30.298330249070457, 1.535766938255076], [30.29848992071493, 1.5357473775789727], [30.29864575394811, 1.5356759928505144], [30.298684616241534, 1.5356360786435037], [30.298697678967823, 1.5355920227989532], [30.298672341055187, 1.5355496003326168], [30.29842921576135, 1.5353393128601294], [30.29808591206017, 1.5349628116925473], [30.297978095690773, 1.534875729812959], [30.297688689370847, 1.5347491418703183], [30.297278032385247, 1.5347126428433182], [30.29719334896408, 1.5346880079902234], [30.29712036096534, 1.5346458153309745], [30.297067626401507, 1.5345928608491868], [30.297013815887713, 1.5345087914692463], [30.296937318695292, 1.5343564010594832], [30.296887116725223, 1.5341929606797713], [30.296843484539867, 1.5341437532006812], [30.296554471944596, 1.5341494977057677], [30.29625270697837, 1.5342179151170061], [30.29602907933972, 1.5342453034464718], [30.295919958949774, 1.5342417050245944], [30.29584016073761, 1.534204426716683], [30.295762010603596, 1.5340840683538393], [30.295691449356287, 1.5338162580795591], [30.295635950895424, 1.5336908503201365], [30.295552151540427, 1.5335737671675909], [30.295362654599405, 1.533389441902178], [30.295265961492962, 1.5332114206706622], [30.29523485061897, 1.5331103149954095], [30.295219936674677, 1.5329792013517385], [30.295234181770617, 1.5327051069846673], [30.295352878560895, 1.5323415593905056], [30.295422953074496, 1.5317374059792783], [30.295448576647082, 1.5316680603999693], [30.29549989178462, 1.531607704579513], [30.295554227703466, 1.5315762834886146], [30.2956218273269, 1.5315600800069915], [30.295848040666566, 1.5315580887637914], [30.296011052134762, 1.5315969774138305], [30.29624963928294, 1.5317096079097166], [30.296321106494855, 1.5317157420635605], [30.29639316709907, 1.5316754665118875], [30.29649855608874, 1.5315163345358602], [30.296579643080374, 1.5314431351749367], [30.296723602443205, 1.5313725828067342], [30.296928977626667, 1.5313185193871481], [30.296984398699944, 1.5312821995714139], [30.29699621909278, 1.5312444746060967], [30.296988115936973, 1.5311901027936545], [30.29685330762857, 1.530878151612919], [30.296834018259666, 1.530721873639884], [30.29679103420282, 1.5305871112720155], [30.29681105204643, 1.5304375203221996], [30.29683809951535, 1.530384509932888], [30.29688905019652, 1.530333906217961], [30.296992057302287, 1.5302918960921184], [30.297108847201013, 1.5302950995660212], [30.297247306652128, 1.530334646963354], [30.29747529689437, 1.5304285753083502], [30.297649760045882, 1.5304612214491564], [30.29781909209833, 1.5304579989506126], [30.298242632877407, 1.5304075295552013], [30.29857921470518, 1.530332998120476], [30.298795955415827, 1.530235131281034], [30.29907699952471, 1.5301371563799075], [30.29916103489567, 1.5300691026356938], [30.29917633966623, 1.529977645778727], [30.299147027289266, 1.5299074395518493], [30.299085034097455, 1.5298403363168391], [30.299015046146277, 1.5297990370959411], [30.298927586472278, 1.5297780365620084], [30.298745453783397, 1.5297894098340932], [30.298411566736196, 1.529885617434726], [30.298237858503278, 1.5299137860512788], [30.29807461945915, 1.5299092815721285], [30.297941249244687, 1.5298630588855266], [30.29782697322116, 1.5297820064571686], [30.29772858374872, 1.5296614781805575], [30.297652013252648, 1.5294989463105753], [30.29757377738423, 1.5292679536536167], [30.29749542270497, 1.5291483705796671], [30.297376505163903, 1.5290520775006595], [30.297072601082938, 1.528887694542024], [30.296997026082764, 1.5288189582023484], [30.29697079012219, 1.5287478538255685], [30.296973703007247, 1.528691426119206], [30.29708002434829, 1.528394110789432], [30.297124812641933, 1.5283404924492938], [30.29737510161684, 1.528137551832511], [30.297474685078054, 1.5280197532124389], [30.29752124038033, 1.5279132913529108], [30.297569359945438, 1.5277332591253145], [30.29757833448717, 1.527636718199921], [30.297557854488062, 1.5276035724568315], [30.297518060885885, 1.52761993015085], [30.297257945356083, 1.527881779442644], [30.29702038005707, 1.528014825775397], [30.296554629850604, 1.5281174359533023], [30.296261822681597, 1.5281262795819386], [30.296217653928753, 1.5281496219564636], [30.296194806537493, 1.5282208873229834], [30.296156613994683, 1.52854584760274], [30.29608637070028, 1.5287944094852977], [30.296051779869586, 1.5289943097759944], [30.296045865314426, 1.5291640536305386], [30.296067494372906, 1.5295932916931405], [30.29605433219944, 1.5297536242864873], [30.296021232229464, 1.5298533195042066], [30.29596534433067, 1.5299373938135046], [30.295893614193364, 1.5300030936553697], [30.295804742265464, 1.5300458297499113], [30.295743127285014, 1.5300523793231562], [30.29568330339929, 1.5300367896456093], [30.295442421003404, 1.5299095241687515], [30.295340691790553, 1.5297876972693483], [30.295151427397517, 1.529654071515644], [30.295045756776407, 1.529559692588936], [30.29496607403941, 1.5294626893334613], [30.29484581446493, 1.5292701397473811], [30.2947622477959, 1.5291996824378786], [30.29468149259142, 1.529189390024475], [30.29446936406988, 1.529245607308241], [30.294317799888297, 1.5292349298447865], [30.29415281599253, 1.5291795182062846], [30.293549904123683, 1.5288843045277143], [30.293318417998524, 1.5288528707236635], [30.293253192898764, 1.5288604608957728], [30.293204589580537, 1.52888277751684], [30.293144808006215, 1.5289894410181346], [30.293067744233742, 1.5290736669566878], [30.293063172378208, 1.529116468893449], [30.29308093655883, 1.5291409010447783], [30.293155936666007, 1.5291835190598386], [30.293279701673843, 1.5292270856658465], [30.29374386013774, 1.529327374659863], [30.293886440019413, 1.5293999603489175], [30.294210200389013, 1.5296110675963528], [30.29437729885856, 1.529748141327999], [30.29446249905702, 1.5298802954035107], [30.294482532743142, 1.5300259463707626], [30.294443420496442, 1.53020120713735], [30.29434706407879, 1.5303664085483772], [30.29423112280852, 1.5304864517174244], [30.294046075354004, 1.5306085970788954], [30.2938981221364, 1.5306665919703648], [30.293769577769226, 1.5306865104379472], [30.29365670885457, 1.530673375164957], [30.293436278909432, 1.530599052131226], [30.293209315614618, 1.5306001436316714], [30.293111355990064, 1.5306427783372776], [30.292978309762933, 1.5307689341396185], [30.29297793910066, 1.5308060791654583], [30.293009995688298, 1.5308471827643226], [30.293265264818373, 1.5309900828842302], [30.29340672299472, 1.5310862986092284], [30.293521940287725, 1.5311860549693743], [30.293605803889225, 1.5312967384631868], [30.293852592506507, 1.531765244232168], [30.29391861650348, 1.532032773734157], [30.293928220795312, 1.5322789748890462], [30.29390950698532, 1.5323791195371088], [30.293862403373005, 1.5324830279717134], [30.293809092797844, 1.5325517383612297], [30.29374610265664, 1.5325887219341743], [30.293626894522518, 1.5326077377125602], [30.293276177443857, 1.5326147456038786], [30.293018802477658, 1.5325950383387077], [30.29297599146653, 1.5326048449529064], [30.292948014794987, 1.5326283683308168], [30.292942585892284, 1.5326619359825202], [30.29295769004726, 1.5327085744148656], [30.29310723391497, 1.532948032335544], [30.293179283759667, 1.533115189705706], [30.293294587112978, 1.5334642018801468], [30.293352228027633, 1.5337014036809298], [30.293378381866347, 1.5339015675251444], [30.29335070057493, 1.5340091577286539], [30.293308272330172, 1.5340704933036682], [30.293159362300496, 1.5341927654475045], [30.292835788051935, 1.5343712225423891], [30.29277274283799, 1.5344517878075727], [30.292756543489467, 1.5345237999382764], [30.292782980823244, 1.5345876411560575], [30.292856259026557, 1.53468772997383], [30.293096438044568, 1.5348698846437028], [30.293250416897962, 1.5351078101395161], [30.293336042920316, 1.5351856085913227], [30.293459866251755, 1.5352385986006687], [30.29369160241088, 1.5352779944358044], [30.293841595643162, 1.5352956894951226], [30.29399076101427, 1.5352822843796847], [30.294050497147268, 1.535290724725631], [30.294139498119396, 1.5353371482920475], [30.294381046360428, 1.5355181471570363], [30.29443891701207, 1.5355810024417915], [30.294473712676105, 1.535670890718724], [30.29449262927745, 1.5357883856839178], [30.2944703959127, 1.5358813604532908], [30.29443432503776, 1.5359487102370732], [30.294337859705863, 1.536027751676326], [30.29423744935031, 1.5361682056126673], [30.294131114131268, 1.536238004754257], [30.294018591074302, 1.5362617522207158], [30.29394270851989, 1.536296713080367], [30.29362864623571, 1.5364947512418532], [30.293441010141144, 1.536677963544333], [30.293290888949677, 1.5367346054309703], [30.293178277094345, 1.536696100161348], [30.292965980798716, 1.5365418020897357], [30.29283575010317, 1.5364262984627914], [30.292349644903013, 1.5361464673157548], [30.29217191646542, 1.5360829533609495], [30.291956525631957, 1.5360992051722375], [30.29178798125644, 1.5360826538118357], [30.291707940404272, 1.536035386227977], [30.291618387526636, 1.5359148086130767], [30.291564681003774, 1.5358994358848554], [30.291537354750794, 1.5359205926186827], [30.291526832415485, 1.5359660743323889], [30.29157126134068, 1.5362307947635636], [30.2915670189179, 1.5363305159537475], [30.29154250506517, 1.536427999580182], [30.291480554347988, 1.5365327165207157], [30.291199203023954, 1.5368476040028685], [30.290822036757916, 1.5370725091254813], [30.290721897884676, 1.5371012953959426], [30.29058559772982, 1.5371037008674575], [30.290497668810033, 1.5370781169356271], [30.290424198956686, 1.5370301706343306], [30.29027101394512, 1.5368547544291347], [30.290105075463654, 1.5367112236476665], [30.29003195866635, 1.5366734027058266], [30.28997525955701, 1.5366708499245685], [30.289939070931222, 1.5367035654092016], [30.289923430718666, 1.5367562446926255], [30.289952355070096, 1.537063474219797], [30.28988659302561, 1.537375422995891], [30.28986098274527, 1.5374105183589262], [30.28967037757863, 1.537478914829467], [30.289584839609645, 1.5374580027292988], [30.2894436962924, 1.5373691489341037], [30.28921892424381, 1.5372592501219278], [30.28907815859118, 1.5371656544793573], [30.288713261719153, 1.5369775976558813], [30.28853539267604, 1.5368698474565197], [30.288366978207378, 1.536734186634704], [30.288231445046794, 1.5365918073732945], [30.28788832088538, 1.5361165897392572], [30.287760427198958, 1.5359667037128195], [30.287504025128978, 1.5357131690808061], [30.287369415054258, 1.53560507231584], [30.287213183107816, 1.5353664738626502], [30.287117272354507, 1.5351053633188827], [30.28695408064551, 1.5348003220159938], [30.28691575736235, 1.5346948047672122], [30.286868949548893, 1.5344105255640974], [30.286837090568813, 1.5338457867071786], [30.286855008716653, 1.5332696105636077], [30.286881938985427, 1.5330595419381525], [30.286923489626414, 1.5329238910196532], [30.286977193348978, 1.532811165831748], [30.28720154745305, 1.5325374366759659], [30.28722311932259, 1.5324474835149648], [30.287202356350083, 1.5323772472334858], [30.28714839950209, 1.5323567873996258], [30.287058893433247, 1.5323861971240849], [30.28664109992449, 1.5326600377384985], [30.286469589810412, 1.5327304504728636], [30.28628087552359, 1.532770849061206], [30.28604087179002, 1.5327870726487587], [30.285870886474083, 1.53286803875035], [30.28573635957419, 1.5328606923144323], [30.285553930045833, 1.5328116310697704], [30.285415486219346, 1.5327183652197387], [30.28527054133192, 1.5323940999377184], [30.284987697411953, 1.5319086901452743], [30.28472896836121, 1.5316051266487565], [30.284663827468083, 1.5315119125379544], [30.284634538370756, 1.5314221443011762], [30.284475114875526, 1.5312341450300448]]}}, {"type": "Feature", "properties": {"OBJECTID": 2988, "Id": 21410, "Contour": 1355.0, "Shape_Leng": 9150.60399468}, "geometry": {"type": "LineString", "coordinates": [[30.286970349925156, 1.545238029987075], [30.287133300134155, 1.5453669632833376], [30.28727320259025, 1.5454520070984028], [30.287396197779092, 1.5454996382483515], [30.28755267346397, 1.5455105415961747], [30.287661763859333, 1.5455429431500054], [30.28791991427463, 1.5457565767574586], [30.28804133749409, 1.5458114409253736], [30.288241270194955, 1.5458754494816906], [30.28840275589627, 1.5459002340142136], [30.2886757710152, 1.5458740440605994], [30.28906347346978, 1.5458619629552792], [30.289220600660702, 1.5458776994383594], [30.28932988249038, 1.5459118145389146], [30.28956987575309, 1.546076035753522], [30.289786387529187, 1.546337161576099], [30.289914116143382, 1.54643525740952], [30.290244435447672, 1.5465818575347146], [30.290432938589365, 1.5467343135884537], [30.290675616872424, 1.5468860230751944], [30.290808394409225, 1.5470035375550686], [30.290875575907258, 1.5470222402159985], [30.291103327116335, 1.5470422933446146], [30.291154393805307, 1.5470243295028103], [30.291194254301878, 1.5469640490356216], [30.291257337244403, 1.5466121075277366], [30.291317514870695, 1.546393189825329], [30.291357819433987, 1.5463031117015975], [30.29140372028478, 1.5462409937025023], [30.291472100105484, 1.5461823211637513], [30.291630606511333, 1.5461324183299305], [30.29167511776982, 1.5461322999179934], [30.29171238542709, 1.5461497337482308], [30.292052366974286, 1.5464701160388645], [30.29254577072949, 1.54678310547785], [30.292583779139395, 1.5467976454739105], [30.29264027764244, 1.5467956800351599], [30.29273262763954, 1.5467434395128965], [30.292756914900714, 1.5467051599198611], [30.29276557466875, 1.5466564448629103], [30.292746935981256, 1.5464124609492886], [30.292753274335965, 1.5461584439860787], [30.292932552883368, 1.5451059389265416], [30.292992942519543, 1.544949636313744], [30.293103706443034, 1.5448185872258386], [30.29317800971991, 1.5447725407471793], [30.29328787644177, 1.5447664105848515], [30.293482095077753, 1.5448132323677652], [30.293735553586494, 1.5449406470331482], [30.293973391344082, 1.5451337023139193], [30.294027017039728, 1.5451546525071989], [30.294090474013363, 1.5451550332540496], [30.29434616566357, 1.5450871375682333], [30.29442771831328, 1.5450438008069476], [30.29446279952657, 1.5449925137108873], [30.294559163069433, 1.5447621338779396], [30.294711850733737, 1.5445486707720266], [30.294783870267263, 1.5444823629335394], [30.294872168967412, 1.544430774418484], [30.294946891376963, 1.544408165210092], [30.295139265719, 1.544407458651196], [30.295536294566702, 1.544455834624323], [30.2957032880076, 1.544509116591863], [30.29584616723934, 1.5446023328231522], [30.296079466412312, 1.5448415894791279], [30.2962825642562, 1.5450061546985752], [30.296323545446604, 1.5450629643608516], [30.296355668470344, 1.545065802301146], [30.296393736007175, 1.5450332694295712], [30.296433595833808, 1.5449558981849882], [30.296441276855226, 1.544867483987477], [30.296377274810425, 1.54461366643948], [30.296352532012534, 1.5439000259344147], [30.29639347984667, 1.5437265058494503], [30.296503316475434, 1.5434685162472075], [30.296531203414418, 1.5432281624872108], [30.296524726267098, 1.5431800244557847], [30.296492660912083, 1.543162363730458], [30.296460030387994, 1.5431675349186345], [30.296236792583745, 1.5432764669250958], [30.295998577343312, 1.5433367418767787], [30.295747731096483, 1.543347995513495], [30.29562409616287, 1.5433202230751892], [30.2955262105924, 1.543224541444402], [30.295353002417713, 1.5429524986032195], [30.295190393791415, 1.5428331009028937], [30.29509711118977, 1.5427317510883507], [30.29492401238226, 1.5424793867459716], [30.294871171864557, 1.5423225371347862], [30.294850338980226, 1.542141665781441], [30.29485892225244, 1.5420725666254345], [30.294884021469265, 1.542012755579127], [30.294978730208342, 1.541934311623403], [30.29507446051634, 1.541881496625727], [30.2951836912703, 1.5418513052668699], [30.295360525999406, 1.5417303091815575], [30.295428530317576, 1.5416288803890783], [30.295462006201312, 1.541481792428689], [30.295518553019242, 1.5410248839215894], [30.29551186519252, 1.5407259876127324], [30.2954431359525, 1.540486680929881], [30.295300341390316, 1.5402686948504205], [30.295209389326924, 1.5401014386492287], [30.29518719556886, 1.5400012047630816], [30.29519633782914, 1.5398623033257306], [30.295253897339833, 1.5397446012220897], [30.295476713519477, 1.5395402734045043], [30.29559622919675, 1.539378119733254], [30.295650908074926, 1.539256376083437], [30.295829392439547, 1.5387333805980579], [30.295908667048703, 1.5386583697255185], [30.29601356116614, 1.5386357467652825], [30.29616318782752, 1.5386697119604602], [30.296271149342942, 1.5387422729194322], [30.29639892973964, 1.538880891690552], [30.296556706609216, 1.5391090682280453], [30.29662371500328, 1.5392557334671204], [30.29668934380378, 1.5395462088178593], [30.296740276592303, 1.5397047133988548], [30.29685963107715, 1.5399777583068726], [30.296911557677547, 1.5400522587372387], [30.296936322975693, 1.5400584449590176], [30.296966964948865, 1.5400423342535692], [30.29710019448938, 1.5398755097413637], [30.29732652519921, 1.5396716709739158], [30.297427649347256, 1.539616650479306], [30.297554879640877, 1.5395873002494183], [30.297656871251277, 1.5396046014246083], [30.297765051101344, 1.5396550601914938], [30.297862027510405, 1.539733106928109], [30.29806903963082, 1.5399447152800354], [30.298120349736752, 1.5399744955725383], [30.298154034775685, 1.539967717611054], [30.298163715656976, 1.5398906161284374], [30.29808583893753, 1.5395103142341369], [30.298082158945743, 1.5394027992766819], [30.29815347715998, 1.53913836267356], [30.298197372535693, 1.5390662101246133], [30.298283491107963, 1.5389859092234182], [30.298291716775093, 1.5389346237777501], [30.29818390205632, 1.5385108519680948], [30.297971253856552, 1.5381367560829808], [30.297927036255913, 1.538003388538218], [30.297918492524424, 1.5379093896450386], [30.297945372605767, 1.5378374244415234], [30.298044959801327, 1.5377358867415585], [30.29829999534879, 1.5375990589235748], [30.2983673551583, 1.5375496145442273], [30.2984001758951, 1.5374980568637233], [30.298407781350676, 1.5374333819173445], [30.298373125749478, 1.537321051606236], [30.298210140553966, 1.5370631798753982], [30.298053532642896, 1.536735907370888], [30.297852649697244, 1.5360366666834073], [30.29784198275596, 1.5358768445625293], [30.297878249335632, 1.535784420317767], [30.297965193221888, 1.535730495008849], [30.29807456951974, 1.5357188917169184], [30.298331881513633, 1.5357457236320424], [30.298457478727254, 1.5357390344434745], [30.298594844409813, 1.5356828442960098], [30.29862992028418, 1.5356447577747316], [30.298637872498592, 1.5356076868481445], [30.29860003131061, 1.5355387536134897], [30.298248188320184, 1.5351549496716377], [30.298012101686773, 1.53493135790111], [30.297895476212535, 1.534865263529794], [30.297693682691133, 1.5347878989778798], [30.29728184995813, 1.5347430038271757], [30.29713825394649, 1.534697283220621], [30.297031056473912, 1.534600750096415], [30.296827912362314, 1.534288122348344], [30.296739876164146, 1.5342226199686642], [30.29664512665182, 1.5341918653765048], [30.29654513476389, 1.5341872528253198], [30.296260387872977, 1.5342499518218697], [30.295953527313703, 1.5342856798613953], [30.29586364887479, 1.5342704422150741], [30.29579483204949, 1.5342206521861572], [30.295735415378676, 1.5341033598058684], [30.295678211247697, 1.5338435729770306], [30.295628388178894, 1.533718847778277], [30.295540874009774, 1.5335961862640002], [30.29538128370578, 1.533453611062787], [30.295303047463616, 1.533362076231514], [30.295204860550534, 1.5331796045560648], [30.295146856176203, 1.533024684271907], [30.295147195623578, 1.5329557067768151], [30.295203896128577, 1.532641853795175], [30.295314026386084, 1.5322950300368299], [30.295363870062808, 1.5319355850127945], [30.295375502277807, 1.531686435720762], [30.295399382739966, 1.5316231998760192], [30.295458519601688, 1.5315638024999578], [30.29552096581341, 1.5315358373337542], [30.295643169474243, 1.5315197332082322], [30.295842979996912, 1.5315265226932733], [30.29596242238222, 1.5315460409531885], [30.29606691098682, 1.5315807747021337], [30.296250869989258, 1.5316767366911899], [30.296321714736443, 1.531682712891712], [30.296369536856197, 1.5316519759875609], [30.296470779371695, 1.5314921828645172], [30.296543585929587, 1.5314250724185092], [30.296680149797798, 1.5313553795770825], [30.296896374321403, 1.5312921122430083], [30.29694031418499, 1.5312675897937127], [30.296960114683113, 1.5312184949852468], [30.296944195919096, 1.5311435813921828], [30.296884599570873, 1.531020465648073], [30.296765469416403, 1.530835110966552], [30.29672004666536, 1.5306620622509282], [30.296728903028384, 1.530551033741883], [30.296775830763522, 1.5304023949628933], [30.296825788349288, 1.5303323402175248], [30.296910987131167, 1.530273387448634], [30.297004122950323, 1.5302509456850868], [30.29714109422251, 1.5302627011893535], [30.297456406915327, 1.53040247975236], [30.297623292331398, 1.5304391288639778], [30.297817526105504, 1.5304405863206068], [30.298206691550742, 1.5303933095519269], [30.29856038999168, 1.5303166775869212], [30.298787275701343, 1.5302090673768012], [30.299058721460263, 1.530114014355329], [30.299137612277534, 1.5300531647428717], [30.29915123699308, 1.5299665612512492], [30.299122370565694, 1.529905787656034], [30.299064214127867, 1.5298477128390904], [30.298997424888583, 1.52981313384118], [30.298906569829015, 1.5297953808348579], [30.298728891569127, 1.5298097449835142], [30.298394397167925, 1.5299117529327142], [30.298214576900914, 1.5299424241734354], [30.29805600014699, 1.5299371178193806], [30.297914953841886, 1.5298893121430397], [30.297771107416555, 1.529778734382815], [30.297630213259243, 1.5295961388803672], [30.29757015938387, 1.5294683251554053], [30.297535316230228, 1.5292659227934924], [30.29746374595653, 1.5291526955996748], [30.29735359537641, 1.5290651808062101], [30.297052216657537, 1.528914707719634], [30.296967492954117, 1.5288448234300616], [30.296935448632933, 1.5287766084298358], [30.296934057462185, 1.5286777518408776], [30.29704504932445, 1.5283980342257273], [30.297099851518336, 1.5283223302546807], [30.297416812437184, 1.5280377141600936], [30.297498204962693, 1.5278449326373431], [30.297509516134188, 1.5277853464797875], [30.297498545317396, 1.527760204101273], [30.297458321925493, 1.5277673467000061], [30.297219786876934, 1.527930468801348], [30.29700033234319, 1.5280419125080402], [30.29661239403272, 1.5281363478068464], [30.296333018423244, 1.5281744768222736], [30.29625078687408, 1.5282224892086531], [30.296218967046116, 1.5282985393213055], [30.296178432223506, 1.5285431000269485], [30.29610020515466, 1.5288032474663609], [30.29606612301621, 1.5289899422511217], [30.296060951154892, 1.5291635458059682], [30.29609156709271, 1.5296207724883302], [30.29607263111616, 1.5297953331407819], [30.29603604656368, 1.529884876420741], [30.295955731007837, 1.5299927203113293], [30.295865126445385, 1.5300716118342932], [30.295771354740616, 1.5301164697427665], [30.295718583509764, 1.5301194736366965], [30.295648038732608, 1.5300985805368927], [30.295463189432358, 1.5300192806860744], [30.29539461195635, 1.529973725573045], [30.295284800969164, 1.529828840059435], [30.29504324878421, 1.529606901226054], [30.29495114750681, 1.5294859180094171], [30.29484102665432, 1.5292980361029278], [30.29476342924867, 1.5292292627792206], [30.294691938238707, 1.529219487177018], [30.294480853413866, 1.5292710823299827], [30.294310580229276, 1.5292560632123666], [30.29417281579292, 1.5292125192350265], [30.293957239873436, 1.5291026124894267], [30.29357849437241, 1.5289390998294554], [30.293337843253887, 1.528898054019623], [30.293273815594823, 1.5289119300872018], [30.293216971107086, 1.5290182114785213], [30.293128987156646, 1.5290906729615754], [30.293125071435856, 1.529112014409689], [30.29314152915199, 1.5291336802181426], [30.293318169580054, 1.5292105611019249], [30.293770359768388, 1.529306882479021], [30.29419478317967, 1.5295700787333117], [30.294372265514927, 1.5297019381232437], [30.294459005364587, 1.5298001614975711], [30.294514806708094, 1.5299224615613363], [30.29452466844203, 1.5300612064522534], [30.294480045456172, 1.5302211449954433], [30.294358259915676, 1.5304116123743892], [30.294238597287674, 1.5305250966271433], [30.294045668470154, 1.5306449480327047], [30.29389746389425, 1.5307011961591772], [30.293769024200735, 1.5307195379159095], [30.293656635713674, 1.5307078921555612], [30.29343701442584, 1.530646277551804], [30.293220026902844, 1.5306354436993024], [30.293129715776058, 1.530672010269828], [30.293042632448454, 1.5307640724930933], [30.293040286017, 1.530794389934118], [30.293068958322326, 1.530831836657955], [30.293463836643816, 1.5310882333903117], [30.293555575688583, 1.5311687641624678], [30.293623532646716, 1.5312582896461753], [30.293838636447905, 1.531631340948046], [30.29391140369754, 1.5317892685896028], [30.293969710435494, 1.5320149755118533], [30.293978777362973, 1.5322354437907548], [30.293955094057267, 1.5323684399439768], [30.293909261765844, 1.5324822236044278], [30.29384826928858, 1.5325791904906636], [30.293777506264256, 1.5326349278977882], [30.293623029842877, 1.5326623881084673], [30.293046652504806, 1.5326250234201926], [30.293003773952623, 1.5326344116221582], [30.292985575600497, 1.5326527487132655], [30.29299856282717, 1.5327234525809421], [30.29317496595915, 1.5330132299144943], [30.293329685946407, 1.5334051647998213], [30.293447112269188, 1.5339007178101698], [30.293409904436917, 1.5340200719783659], [30.293336273191183, 1.5341155214760072], [30.293187903523386, 1.5342227091389724], [30.292933294599557, 1.534349225172138], [30.292882983854078, 1.5343873922806999], [30.292853605951514, 1.5344474880886025], [30.292855709167664, 1.534542734299313], [30.292878359683204, 1.5346054676277072], [30.292923960477786, 1.53466665194208], [30.29311041187383, 1.5348134811088021], [30.293295048456482, 1.535030744602609], [30.29344843316651, 1.5351424797156212], [30.293648952002357, 1.5352012537025537], [30.293899920952967, 1.5351804930209907], [30.294028714611475, 1.535203633486654], [30.294097562913183, 1.535232090396838], [30.29441059524645, 1.5354198567912138], [30.294499493033687, 1.5355460820044842], [30.294563197363424, 1.535753718548023], [30.294575494065665, 1.5358447033325573], [30.294546683986145, 1.5359670246084007], [30.294481419422045, 1.5360708764555244], [30.294205503327756, 1.5363253471426808], [30.2940024740543, 1.5364209682062542], [30.29376601295585, 1.5364847385243723], [30.2937000946476, 1.536537086740852], [30.293628852235038, 1.5366395850813903], [30.293425537338823, 1.5367975561683824], [30.293334398741102, 1.5368249669194656], [30.293044689649392, 1.5367518733148133], [30.292987140630302, 1.536658504343067], [30.292846088983318, 1.536534616583462], [30.292541036013773, 1.5363054696247394], [30.292297308997387, 1.5361609590163676], [30.292166396203008, 1.536117067594233], [30.29197248147073, 1.536129434198715], [30.291781649646772, 1.5361057942728777], [30.29170119741625, 1.5360640375817611], [30.29160740004173, 1.5359526455308712], [30.291567856553563, 1.5359378224588227], [30.29155099507299, 1.5359533886115524], [30.29154765294178, 1.5360047379501527], [30.291595233389053, 1.5361784633463254], [30.291605609681383, 1.536274487107435], [30.291581201575347, 1.536432718671663], [30.29150301743937, 1.5365835046019234], [30.291276083519477, 1.5368503314128787], [30.291194865905496, 1.536905102828164], [30.291007438117365, 1.5369974110804892], [30.290858535100472, 1.5370999055388395], [30.290753291375957, 1.5371345412347899], [30.290597525874347, 1.537144443399826], [30.290518588835983, 1.5371296084011172], [30.290440090037453, 1.5370931127826977], [30.29035140342653, 1.5370242454158356], [30.290171142924127, 1.5368398807328274], [30.2900616380347, 1.5367761985904285], [30.289986067489913, 1.536757932213375], [30.28996507632837, 1.5367813134409958], [30.28996248719818, 1.536827775770727], [30.29000135025933, 1.5370082062527364], [30.29000652667793, 1.5371204697438583], [30.28995720306306, 1.5374116784582486], [30.28990880042753, 1.5374814329408786], [30.289700460067216, 1.537575271286674], [30.289618444861787, 1.5375465644687556], [30.289453077588416, 1.53743109990166], [30.289221643610126, 1.5373032077440896], [30.289071162290895, 1.5372001660988486], [30.288486712422376, 1.536913518506875], [30.288251178259987, 1.5366839714933478], [30.28775788017458, 1.5360166990921724], [30.287547459011833, 1.5358196058690587], [30.287360018590736, 1.5356723685936409], [30.287195056658575, 1.5354440180230808], [30.287081533992684, 1.535105824681151], [30.286890423739166, 1.5347382096525761], [30.286794572862387, 1.5342955145332429], [30.286780863859168, 1.534175644453274], [30.28679530558012, 1.5340167891103078], [30.28679293466248, 1.5337832286223074], [30.28681792850702, 1.533553412127429], [30.286819726148792, 1.5332919015082025], [30.286849347336503, 1.5330613510336064], [30.286932759160393, 1.5328078771685554], [30.28714033915084, 1.5325197085189217], [30.287155466946636, 1.5324701712821605], [30.287145182331184, 1.5324311738747007], [30.287097547279828, 1.532421094992414], [30.287025806187042, 1.532447677121486], [30.28674294139329, 1.5326457233626347], [30.28656676270449, 1.5327400024738504], [30.2861335770871, 1.5328721525592224], [30.286026356938454, 1.5328883043639865], [30.28590501401409, 1.5329376106864363], [30.285776074028952, 1.5329427917148504], [30.285460016453428, 1.5328796955130162], [30.285405256904912, 1.5328380776983785], [30.285370928782886, 1.5327894101812076], [30.28526874873262, 1.532472801521409], [30.285169497754026, 1.532279912621307], [30.285033502531288, 1.5320929506784176], [30.284733050323684, 1.5317464082179728], [30.284640738663967, 1.5316146005578977], [30.28448483600186, 1.5314596636360025], [30.28438609780291, 1.5314504808076332], [30.28429459001771, 1.5313837997059592], [30.28422375454355, 1.531267360520453], [30.284178792735947, 1.5312206839253164], [30.28401878082138, 1.5311399915540296], [30.283981388418127, 1.5311057180428533]]}}, {"type": "Feature", "properties": {"OBJECTID": 2989, "Id": 21411, "Contour": 1354.5, "Shape_Leng": 9121.98741994}, "geometry": {"type": "LineString", "coordinates": [[30.286959942976917, 1.5451875836468123], [30.28709061797529, 1.5452761334194784], [30.287196450771827, 1.5453264820948696], [30.287257135707588, 1.5453352560273135], [30.287332486922352, 1.5453081244388391], [30.287381915897118, 1.5453214909607635], [30.287662375460265, 1.5454837511271444], [30.28791996700962, 1.545680786239549], [30.288247176391142, 1.5458245909628403], [30.288342197535822, 1.5458356036597172], [30.288782696929246, 1.545812398397596], [30.289109391177032, 1.5457705044095187], [30.28933040938405, 1.5458015942148347], [30.289416354907853, 1.5458306915572064], [30.289568834092464, 1.5459046348840175], [30.289627496863982, 1.5459502947061885], [30.289730553764404, 1.546090327831892], [30.28982192101282, 1.5462745454717735], [30.289961886077094, 1.5463971853001295], [30.290081905482626, 1.5464683573121663], [30.290242896043303, 1.5465369674033203], [30.29053023137861, 1.5467327685826273], [30.290667185478316, 1.546807120851005], [30.2908079374073, 1.5469395920012563], [30.29109442683938, 1.546995802036124], [30.291138645703896, 1.5469758330697891], [30.291169052761276, 1.5469156276128668], [30.29126675391052, 1.5464206611090276], [30.291324851526056, 1.5462587830027414], [30.29137710770743, 1.5461836787145864], [30.291466777160775, 1.5460968729216313], [30.29155404956065, 1.5460374602487508], [30.29162196046624, 1.5460140180669915], [30.291683670122584, 1.5460213460960306], [30.291743398782533, 1.5460566864448229], [30.291977424111064, 1.5463349112416225], [30.292236913134595, 1.5465464158180826], [30.292576247147895, 1.5467474759818096], [30.292643771502934, 1.546749342718567], [30.292701865501876, 1.5467155315332461], [30.292728758970615, 1.5466493215168609], [30.292723259959452, 1.54618196497279], [30.292789098387598, 1.5456784406223552], [30.29279926251889, 1.5454634270866294], [30.29294447991532, 1.544927706393944], [30.293051162949055, 1.5447865578065845], [30.293169121232207, 1.544700090610745], [30.2932778891371, 1.5446793684846158], [30.293399882422275, 1.5447098361981983], [30.293759699637416, 1.5449058542275125], [30.29398941326816, 1.5450897005338176], [30.294049683170186, 1.5451127804752185], [30.294098903748328, 1.5451119013374033], [30.294343465117976, 1.5450600964103351], [30.294414024270733, 1.5450210161936895], [30.29444835041238, 1.544963383685662], [30.29450318517189, 1.5447862939553476], [30.294556598411923, 1.5446686105874416], [30.294652722124283, 1.5445234902261415], [30.294719081495437, 1.544456474114698], [30.29488587669224, 1.5443590572585293], [30.295093987559554, 1.5443558521496012], [30.295547898476066, 1.544422703734107], [30.29570419857881, 1.5444677630388628], [30.295842683365965, 1.544552344024162], [30.296055733380236, 1.544778731250241], [30.296157928630112, 1.544857662217626], [30.29625019910141, 1.5449011106624857], [30.296372475029127, 1.544923020324346], [30.296402816524942, 1.5449144597941273], [30.296406291099313, 1.5448436139702848], [30.29634383114927, 1.5447577602330282], [30.29632957975385, 1.544709677220413], [30.296335632764258, 1.5442132037436038], [30.296314728262143, 1.5439098868778633], [30.296344935268923, 1.543741039689146], [30.296452919097554, 1.543500131764747], [30.296456799276164, 1.54341771825093], [30.296439575266824, 1.5433568564156421], [30.296387645845755, 1.5433191427825097], [30.29630673332145, 1.5433117461179582], [30.295965637482816, 1.543374890213739], [30.295744819336726, 1.5433957509766572], [30.29563617909255, 1.5433834795214334], [30.29554424288954, 1.5433449375568757], [30.295466315346403, 1.5432636491998935], [30.29532774735119, 1.5429990427035816], [30.295138785849964, 1.5428319874210161], [30.29495587319707, 1.5426054706784325], [30.294840562484076, 1.542485822727403], [30.294750308068636, 1.5423008260586424], [30.294744161630927, 1.5420945260317895], [30.29476265581799, 1.542020289137799], [30.294801735719254, 1.5419496248527997], [30.294869580569063, 1.5418955285488076], [30.2950166818854, 1.5418436054565952], [30.295302491890265, 1.541695124988669], [30.295391324090016, 1.5415967104500397], [30.295428009243214, 1.5414772818576907], [30.295442125450144, 1.5411884142895431], [30.295479340464603, 1.540974977169395], [30.295470346790335, 1.5407846924388717], [30.295399665992495, 1.5405283194323534], [30.29516019226595, 1.5401024200767792], [30.295142659240305, 1.5399822262051395], [30.29515209410867, 1.5398250665582591], [30.295210288743363, 1.539719144850942], [30.2954624829401, 1.539501059406646], [30.295568492654827, 1.5393596504303388], [30.295624044769205, 1.5392125012485804], [30.295723475463838, 1.5387655333436894], [30.295750305050802, 1.5387078310184141], [30.29586335555428, 1.5386086101913594], [30.295943957993686, 1.538577089137378], [30.296009646501858, 1.538572011730017], [30.296128572072668, 1.5385935276686682], [30.296229659857936, 1.538646338859107], [30.296349614755027, 1.5387527674286672], [30.29647782327975, 1.538913554394797], [30.296631921248373, 1.539166216690405], [30.29674982327037, 1.5396141426735666], [30.296837489596527, 1.5398223055259725], [30.29690162519712, 1.5399026347883733], [30.296959066566558, 1.53991754996284], [30.29701797235174, 1.5398911654851049], [30.297345849554784, 1.5395849427767], [30.297430410884118, 1.5395532737790418], [30.29752114962455, 1.5395406984983124], [30.29761627207714, 1.5395533953429517], [30.29773325311728, 1.539605821578638], [30.29783066471328, 1.5396823942036963], [30.298033457592826, 1.5398852822258786], [30.298084594578743, 1.5399153262910814], [30.29811558612561, 1.5399086746206325], [30.29812214584265, 1.539828092498493], [30.2980449977357, 1.53953545546755], [30.298034846215767, 1.539432690746473], [30.298098747047632, 1.5391561836749066], [30.29819298628042, 1.5389155303879953], [30.298191494232945, 1.5387627169183857], [30.29812933148871, 1.538487354548374], [30.297905179893238, 1.5381017382589695], [30.297869078943467, 1.5380013271894821], [30.29786021735049, 1.5379191608909262], [30.297888124116152, 1.5378336201546685], [30.297994828328445, 1.537733849377958], [30.298342346572138, 1.5375391954522408], [30.298378299303405, 1.537487475895355], [30.298386128489845, 1.5374251980100462], [30.298343195688332, 1.5373085514234097], [30.298104509340448, 1.5369801655740716], [30.298006942435617, 1.5368053744712535], [30.297842492443845, 1.5361718604238197], [30.297778661205136, 1.5359802903434183], [30.29776691887509, 1.5358848447709041], [30.297813581689887, 1.5357649198062153], [30.29790077638144, 1.535703386859935], [30.298036540290173, 1.5356873529529311], [30.298323781601837, 1.5357273423888194], [30.29843566931569, 1.535726854203848], [30.29854693504022, 1.5356858661487913], [30.298580220130546, 1.535651181719156], [30.298589733331077, 1.5356136652628476], [30.298532275243225, 1.5355033613655746], [30.298264321687075, 1.535196974035183], [30.297998594634343, 1.5349510202054228], [30.297873124557167, 1.5348832514803825], [30.29768391242509, 1.5348159388967302], [30.29751421926619, 1.5347874194978035], [30.2972502524486, 1.5347668925388498], [30.297124218657366, 1.5347282952820167], [30.2970069586472, 1.534630010434181], [30.29677730468941, 1.5343232691849533], [30.296675690476075, 1.5342445420979705], [30.296600728410755, 1.5342241932937384], [30.29652565320382, 1.534224147819417], [30.296246092542, 1.5342908868328273], [30.295942411425614, 1.5343262423487862], [30.295843368051287, 1.5343062164236547], [30.295771668375323, 1.5342506398139606], [30.29570957303852, 1.5341235064869434], [30.295661751134027, 1.533860361892596], [30.29561186892687, 1.5337300482763723], [30.295523500538728, 1.5336104855220707], [30.295361983589324, 1.5334737253732698], [30.295283603485924, 1.5333889939661873], [30.295132756394793, 1.5331344807303753], [30.295101381822914, 1.5330480524667183], [30.295100857544792, 1.5329612244833761], [30.295160833324704, 1.5326111409241767], [30.295250789800676, 1.5323563944394831], [30.29529856621863, 1.5321248133041148], [30.295327459888615, 1.5319114438337438], [30.295332088457855, 1.5316627120920097], [30.295362540342957, 1.53159035044962], [30.295429180735965, 1.5315291937222675], [30.295513336316493, 1.5314980650952417], [30.29562421868733, 1.5314858367240778], [30.29584204949335, 1.531491967535388], [30.296031475411493, 1.5315147728286815], [30.296101677459802, 1.5315411714246951], [30.296276428763356, 1.531646369932629], [30.296311116207313, 1.531651324072356], [30.296340744253705, 1.5316270351516912], [30.29643736830739, 1.531465203983766], [30.296512527062717, 1.5313957762668877], [30.296649352600483, 1.5313242636352173], [30.29690749238072, 1.5312397817249952], [30.296925012380164, 1.5311980267718992], [30.29691247341511, 1.531134572881019], [30.296724742981635, 1.530827342523875], [30.29669303369368, 1.530727899741686], [30.296683015105668, 1.5306255605468715], [30.296699155414075, 1.5304995696033754], [30.296738929522736, 1.5303888864632385], [30.296809028410866, 1.53029515813923], [30.29689798162405, 1.5302343785162362], [30.29699502766063, 1.5302121571635348], [30.297102780580218, 1.5302193622008449], [30.29719449186974, 1.5302486931682229], [30.297408898193893, 1.5303629959297234], [30.297512695463524, 1.530402016193606], [30.2976666242053, 1.530425841779067], [30.29784217777479, 1.5304209794660386], [30.298269184454995, 1.5303632623065606], [30.298549372708045, 1.5302955521031978], [30.298811913545123, 1.530170145209817], [30.299067777543943, 1.5300812558113763], [30.299119633667107, 1.5300336905779728], [30.299128483931348, 1.5299701205770637], [30.299096127263017, 1.5299064801390863], [30.29903527888058, 1.529853163538741], [30.298956896883087, 1.5298225879458889], [30.298868365060986, 1.5298128427048863], [30.298704024096278, 1.5298324622308337], [30.29829424690016, 1.5299568183837344], [30.29813369716157, 1.5299714366470416], [30.29801076306183, 1.5299584429316504], [30.297916592421146, 1.5299289588462703], [30.297828842826558, 1.529877776715236], [30.297608313316783, 1.5296560850876721], [30.297519759143988, 1.5295130441050158], [30.297501664609676, 1.5292874142287933], [30.29744737611678, 1.5291772543417088], [30.297387048499875, 1.5291182150108933], [30.29728692719871, 1.529053460230699], [30.29698324873222, 1.5289111246325429], [30.296927599343416, 1.5288499035459875], [30.29689840801806, 1.5287697846840822], [30.296911981450105, 1.5286095713622867], [30.29700480319631, 1.5284137335862114], [30.29708557973786, 1.528298254342882], [30.297359602957027, 1.528034411646337], [30.297381875800856, 1.5279588289792523], [30.29737002040859, 1.5279315764586627], [30.29734736599991, 1.5279219078242499], [30.297253665655212, 1.5279431970241437], [30.296958877944245, 1.528070922092068], [30.29664350984982, 1.5281567906069338], [30.296343476058684, 1.5281996712642916], [30.296268200557254, 1.5282463941137465], [30.296239078904854, 1.528317461200735], [30.29619250544951, 1.5285750981762112], [30.29610946014764, 1.5288298717097815], [30.29607846080498, 1.5289994546185306], [30.296075419733004, 1.5291633783211553], [30.296114796697754, 1.52963376598922], [30.296098215389943, 1.5298108563960022], [30.29605422147646, 1.5299094926951493], [30.295960931585366, 1.5300263031436028], [30.295837234990493, 1.5301361778407194], [30.295728949340365, 1.5301965922758398], [30.295642153899223, 1.530192647982668], [30.29536617405626, 1.5300738279501966], [30.2953113081589, 1.5300381429043788], [30.295202539846585, 1.5298455292933668], [30.294987161352513, 1.529582791352251], [30.294825755041977, 1.5293148243983112], [30.294757853391044, 1.5292579675531615], [30.29470556526894, 1.5292502957048077], [30.294512861378557, 1.5292985216547428], [30.294330324992234, 1.5292818715656973], [30.294174404139415, 1.5292352053943283], [30.29391720702673, 1.5291076430876067], [30.29362256145339, 1.5290199047908326], [30.293421750620727, 1.5290485872661446], [30.293302935951605, 1.5290954199242028], [30.29328926788634, 1.529134913282929], [30.29333423010546, 1.5291720265713997], [30.293681320162356, 1.5292439057102398], [30.293804500108752, 1.5292922883608753], [30.29437249151241, 1.5296639725871686], [30.29446266644544, 1.5297464151422138], [30.294521771757115, 1.5298335624738368], [30.294560187922425, 1.529949134931417], [30.294567540093958, 1.5300615515714315], [30.29455187398368, 1.5301541144213224], [30.29451903855913, 1.530240311018079], [30.29438307021608, 1.5304382976531046], [30.29423703628033, 1.5305718344529806], [30.294046784416047, 1.530683042568875], [30.29389798198831, 1.5307374174898845], [30.293767870940222, 1.5307532276573268], [30.2936542354895, 1.5307413635894578], [30.293437967839154, 1.530684684749669], [30.293241962159566, 1.5306689709827481], [30.29317632692267, 1.530690814164709], [30.293137406292576, 1.5307405208116183], [30.293138754728307, 1.5307961608518417], [30.293193413421275, 1.5308649810999986], [30.293500967575472, 1.5310792421031731], [30.293599864489806, 1.531166665854832], [30.29375989482405, 1.531405297382152], [30.293880869590566, 1.5316183658574503], [30.293964649485154, 1.5318209542765229], [30.294009792237265, 1.5320060116163996], [30.29401769796724, 1.5322167921506378], [30.293993669329407, 1.5323655843568846], [30.293941216071907, 1.5325083421988], [30.29386945444214, 1.5326250580856187], [30.293792766972842, 1.5326831639115002], [30.293638521604812, 1.5327105213810805], [30.29307698801524, 1.5326595693178815], [30.293026938612147, 1.5326778020890335], [30.293038617297054, 1.5327345410522342], [30.293199931413547, 1.53300418867166], [30.29336158276143, 1.5333733439607855], [30.293477943741667, 1.5337147526037358], [30.29351109578803, 1.5339043530527265], [30.293471955806307, 1.5340242029392572], [30.29336330579134, 1.534156954797881], [30.293239051883415, 1.5342412287921288], [30.292939036056453, 1.5343910945028962], [30.2929123937022, 1.5344484077176845], [30.292923090443665, 1.534531875062767], [30.29299172420813, 1.534647506270146], [30.29316675031494, 1.534806617518341], [30.29326826493756, 1.534921942421152], [30.29349263261967, 1.5350771907393077], [30.293597236085382, 1.5351132452041545], [30.293732145560277, 1.5351311188041505], [30.29403450877839, 1.5351167073789922], [30.294167419197827, 1.5350927663709095], [30.29424150688184, 1.5351116833732872], [30.294428055780116, 1.535298497148167], [30.294500134792838, 1.5354211169269234], [30.29457220223473, 1.5356022898888348], [30.29460993309862, 1.5356582726431642], [30.294644739299798, 1.5356674619944517], [30.294756487086364, 1.5356460597870019], [30.29485473463207, 1.5356546771537938], [30.29491484092218, 1.5356719978788382], [30.29495825749021, 1.5357039451243775], [30.2949999157564, 1.5357967279511544], [30.29498424365919, 1.5358921806360888], [30.294952944864445, 1.5359437923023649], [30.29491831119676, 1.5359686587858816], [30.294777617059957, 1.5359771552082293], [30.29465313606674, 1.5360168504829765], [30.294468083056064, 1.5362346747203395], [30.294399853226267, 1.5362910268993606], [30.29404598094524, 1.5364892272035813], [30.293742115713076, 1.5367022348358932], [30.293626552567254, 1.5367543354008872], [30.293457743224497, 1.5368568873808837], [30.293361484766137, 1.5368845990621225], [30.29316632434674, 1.5368458731059498], [30.293055818804127, 1.5368415169399128], [30.29299151655617, 1.5368151741525373], [30.292939330141294, 1.5367681344830675], [30.292841655646253, 1.5366336997870804], [30.292717995622333, 1.5365360891800048], [30.29257064928297, 1.5363930218077895], [30.29240216631196, 1.5362650284818835], [30.29225196283376, 1.5361774314841483], [30.292147127888803, 1.5361531042485832], [30.291848102921588, 1.5361488063539317], [30.2917180223393, 1.5361634645755933], [30.291666820438117, 1.5362147754505446], [30.29161147460553, 1.5364336047512375], [30.29156611629673, 1.536551993204206], [30.29144226515789, 1.5367513070220973], [30.29129612076541, 1.536888872475872], [30.29103208721104, 1.5370250301785473], [30.29088583888594, 1.5371399237947896], [30.290702313713243, 1.5371763690642266], [30.290508119162855, 1.5371603933098024], [30.29037184669557, 1.5370891006071088], [30.290153938750453, 1.5368932593603701], [30.290093727787585, 1.5368699161538364], [30.290051078705194, 1.5368793770479237], [30.29003807049206, 1.5369353645588117], [30.29006259107263, 1.5372681805927608], [30.290011221301935, 1.537580185600483], [30.28996159825563, 1.5376411596771082], [30.289783445246236, 1.537696133186774], [30.289668098077843, 1.5376759080277982], [30.289389074810217, 1.5374440740600985], [30.28908066570412, 1.5372608926264955], [30.288483793187023, 1.5369587821668336], [30.288261423563707, 1.5367556175293189], [30.28802436658533, 1.5364923888881772], [30.287723233350036, 1.536031979733453], [30.287555248201723, 1.5358788200388982], [30.287312989853405, 1.535697639794183], [30.287245164710534, 1.535623005257478], [30.287180635011875, 1.5355204324012612], [30.287027782833192, 1.5350997080705615], [30.28689331687732, 1.5349101679317236], [30.286858052841225, 1.5348344672221845], [30.286828135099896, 1.5347215357875408], [30.286810838059118, 1.53454837271495], [30.286750556789464, 1.5343562395138524], [30.286735425982414, 1.5342441020406696], [30.28677658044059, 1.533344714652009], [30.286806273643446, 1.5330885114629906], [30.286855669410947, 1.5329031927321377], [30.28699990868321, 1.5326006230623677], [30.28700484174808, 1.5325437128317019], [30.286977613907922, 1.5325466639056198], [30.286822961469312, 1.532655364714157], [30.28663015574386, 1.5327566251568694], [30.28636460232038, 1.5328463935735703], [30.286156028924704, 1.5329406614217995], [30.28588684602386, 1.5330061870232763], [30.285726403821506, 1.5330005881306559], [30.285571314132838, 1.533043894250819], [30.285524525630727, 1.5330370525180532], [30.28534654054395, 1.5328850137730803], [30.285230566829625, 1.5325902331426875], [30.285128281289765, 1.5324591805085095], [30.285022180584413, 1.5322462169859394], [30.284809749495714, 1.5319345228751031], [30.284555094887626, 1.531698476003665], [30.28449957968143, 1.5316727132743646], [30.28437951402308, 1.531651117869876], [30.28423729122823, 1.5315141818971538], [30.28403965446709, 1.5314327074412115], [30.28397295838021, 1.5312908958669653], [30.283847405740392, 1.5311792888619005], [30.283828782396125, 1.5310657943430421]]}}, {"type": "Feature", "properties": {"OBJECTID": 2990, "Id": 21412, "Contour": 1354.0, "Shape_Leng": 9075.00550531}, "geometry": {"type": "LineString", "coordinates": [[30.286951121538465, 1.5451448228671272], [30.287078454074145, 1.5452052685261577], [30.287099816903872, 1.5451985785567637], [30.287128769722322, 1.5451441179515273], [30.28717217977612, 1.5451290864413447], [30.287327889696265, 1.5451590387736172], [30.287421313261294, 1.545195328082371], [30.287829454636178, 1.5455585355042518], [30.288114221987776, 1.5457227324453968], [30.288256031796024, 1.545779979186645], [30.288748862568493, 1.5457628931440275], [30.28913940569787, 1.5457112511816349], [30.289336617241016, 1.5457272798613462], [30.289460332263886, 1.5457616389561097], [30.289568777015052, 1.545773920591158], [30.289605266268087, 1.5458042719578564], [30.2897156427374, 1.5459579066056013], [30.28991912451772, 1.546285627374913], [30.290005052777996, 1.546371373291158], [30.29069927855879, 1.5467608067092578], [30.290833840603277, 1.546862731704837], [30.29089958716779, 1.546888527167111], [30.29101335169779, 1.5468990960970292], [30.29109051810399, 1.546877187007601], [30.29113407953788, 1.5468186514294147], [30.291255953440906, 1.5463259466248118], [30.29131516128009, 1.5461997587859129], [30.29148095144643, 1.5460249957904957], [30.29155194977684, 1.545972579914941], [30.291618005330257, 1.5459454421772976], [30.291702142385354, 1.545950487350436], [30.291792468155396, 1.5460033883995294], [30.291993842094165, 1.5462855040295826], [30.292251465322177, 1.5465176971179404], [30.292373084053853, 1.5465864552859359], [30.292503371825063, 1.5466385031556138], [30.292619461986856, 1.546657433906878], [30.292662060374546, 1.546642061462277], [30.292695643711088, 1.546526237531458], [30.292700141048194, 1.5461692159253597], [30.292764136570447, 1.5454320812008377], [30.292915540855905, 1.5448872829740055], [30.293043505831495, 1.5447199539115377], [30.293153929103383, 1.5446409464373998], [30.293280969857776, 1.544622301617493], [30.293384668261556, 1.5446509958230161], [30.29377343759649, 1.5448685597397194], [30.293951410923377, 1.545006278797961], [30.294031777842523, 1.545052105587745], [30.294088949399356, 1.5450609149807173], [30.29433415811422, 1.5450345443300413], [30.294382933361877, 1.5450145819995456], [30.294420837695256, 1.544968211048257], [30.294522816607248, 1.5446450654838273], [30.294666987473914, 1.544365766376593], [30.294751877043208, 1.544307192586965], [30.29493042529564, 1.5442858426690094], [30.295140703292702, 1.544309734193302], [30.295691764165202, 1.5444294143340491], [30.29585447132214, 1.5445272758724222], [30.296094713818043, 1.5447739325248426], [30.296175598971, 1.5448060580968073], [30.296227566803427, 1.5447827161813497], [30.296287529503417, 1.5446461431611476], [30.29630540895495, 1.5445533708781176], [30.296281377774136, 1.5438788781272532], [30.29630304262788, 1.5437533815824274], [30.296382160872035, 1.5435046080420145], [30.296387414726727, 1.543443959120034], [30.29637098837371, 1.5433891750891715], [30.296323328190255, 1.5433550320925913], [30.29625079373231, 1.5433505431746517], [30.29584810833644, 1.5434328284355239], [30.29575390144116, 1.5434406264804494], [30.29562803631098, 1.5434303666741487], [30.29551855897057, 1.5433864826938257], [30.295437862237137, 1.5433033133995162], [30.295288110009324, 1.5430219756635304], [30.295112424352542, 1.5428516850125753], [30.294928595766066, 1.542627375770277], [30.294760870115358, 1.5424766148499987], [30.29467329348337, 1.542366146539947], [30.29463807106418, 1.5422744398763946], [30.294623481893062, 1.5419610709119083], [30.294645841825467, 1.5418596348730202], [30.294695704189813, 1.5417801696595548], [30.294750162146144, 1.541754836715184], [30.294851133905812, 1.5417742574122686], [30.295016572800236, 1.5417631934050655], [30.295129599009083, 1.5416914191545403], [30.29530338028456, 1.5416303261811704], [30.295367531590045, 1.5415586324618724], [30.295398256120784, 1.5414692276976396], [30.295400536906023, 1.5411528593520196], [30.2954417917815, 1.5409153014205172], [30.295430962516374, 1.540777390223747], [30.295342902911184, 1.5405215078056156], [30.29511304195887, 1.5401253581039518], [30.29507890840269, 1.5398691086570744], [30.29508312772728, 1.5398021978278877], [30.295132613969326, 1.5397192566987739], [30.295425167662508, 1.539486690692511], [30.29554642877629, 1.539335111497158], [30.29559932672596, 1.539168152305445], [30.29566342553487, 1.5387562629582447], [30.295697379549132, 1.5386753976785519], [30.295820663579985, 1.538567397261873], [30.29593086597788, 1.5385229544371937], [30.296006473763185, 1.538513137751443], [30.296163539299982, 1.5385386913220043], [30.29627904714364, 1.5386086508224437], [30.29638771363831, 1.538716310017687], [30.296585739105, 1.5389901528812042], [30.296657477651532, 1.5391201512945354], [30.29674359625663, 1.5393251541432122], [30.296778366093033, 1.5395267136302273], [30.296841495871504, 1.5397317517677371], [30.296874633484553, 1.5398137675335484], [30.296912968484794, 1.53985638518906], [30.296965913629872, 1.5398658489541213], [30.29701985925521, 1.5398384903816185], [30.297263608534863, 1.5395941028257516], [30.297341004001062, 1.5395349428988083], [30.297412663928952, 1.5395043724718656], [30.29749239134355, 1.5394914405651368], [30.2976101463633, 1.539505041263739], [30.297686631456504, 1.539539292862055], [30.297783568591015, 1.5396136966014464], [30.29799306468241, 1.5398174141691374], [30.29803956154711, 1.539842684721771], [30.298071290825185, 1.5398328896695115], [30.298076800531657, 1.5397600617454432], [30.298011259464506, 1.5395036738362917], [30.298003240689738, 1.5393912808735153], [30.298058477354292, 1.5391388211660013], [30.298140568825282, 1.5389013919882601], [30.29814337423582, 1.5387707969789874], [30.298069650851346, 1.538478396550995], [30.297987764388765, 1.538306565545313], [30.297838195605436, 1.5380595749789672], [30.297810800041848, 1.537980514330738], [30.29780558560933, 1.537902410014969], [30.297826340238363, 1.5378283923162552], [30.297872558860384, 1.5377685812794515], [30.298023207226247, 1.5376688030569163], [30.29830557283884, 1.5375382568971399], [30.29835262199872, 1.5374867771799179], [30.298363944786338, 1.5374205078478036], [30.298316080846238, 1.5373058015960614], [30.298071977319506, 1.537009319866365], [30.29797908907612, 1.536849547529477], [30.297846354120825, 1.5363507875112286], [30.29771852582245, 1.535969405180649], [30.29770725909323, 1.5358688163270526], [30.297763956620667, 1.5357312378528063], [30.29784405778522, 1.535672172829778], [30.297914435506453, 1.5356571753873776], [30.298035686473824, 1.5356582692311873], [30.298313153678258, 1.5357092302006576], [30.29840959592338, 1.535714278627629], [30.298516897490163, 1.5356806142106176], [30.298546415159354, 1.5356487532670118], [30.298554630657122, 1.53561039392838], [30.298495871672774, 1.5354933291580155], [30.29825456951677, 1.535215336301259], [30.297996387890958, 1.5349797681859116], [30.297863706828828, 1.5349069975133993], [30.29767112505063, 1.534842166601289], [30.29750513235293, 1.5348094999659145], [30.297240584955798, 1.5347912434534263], [30.297105619212434, 1.5347533678820489], [30.296993153430027, 1.5346648394978457], [30.296758322309433, 1.534366894033353], [30.296656851702704, 1.5342817304415612], [30.296588103295083, 1.5342622349087311], [30.296521550543368, 1.534262891276392], [30.29624666114217, 1.5343313244009131], [30.29594784291033, 1.5343633050712935], [30.29583131877841, 1.5343424274510629], [30.295754794112955, 1.5342899635769642], [30.295687683141757, 1.5341549855264613], [30.295645576998957, 1.5338699858439722], [30.29559669973511, 1.5337404571622082], [30.295515435827863, 1.5336332538272834], [30.295356481438024, 1.5335043304908904], [30.295260014543235, 1.5334043113682074], [30.295093856324797, 1.5331542365141637], [30.29505220703182, 1.5330498166055146], [30.29505020403308, 1.5329770687744366], [30.29508650091998, 1.5328044240625294], [30.29510427215239, 1.5325991834968977], [30.29521995040548, 1.5322855508166024], [30.295264398844317, 1.53210090149764], [30.29528296080827, 1.531933078143836], [30.295282343240018, 1.531662415295738], [30.295301235435897, 1.5316057184213039], [30.295361281485192, 1.5315328943671205], [30.295439454033236, 1.5314862484300253], [30.295540088762326, 1.5314592885893836], [30.296000436134506, 1.531463248351816], [30.296198290878344, 1.531512320448111], [30.296287863992486, 1.5315043843642753], [30.296346596905355, 1.53147654156646], [30.29657959332629, 1.531307854169167], [30.29680733393353, 1.5312274108083612], [30.296854988595523, 1.531198725030518], [30.29687296008271, 1.5311553911789093], [30.296865092425914, 1.5311089850613058], [30.29669196211723, 1.5308275957748272], [30.29666009181389, 1.530714897774153], [30.29665410612939, 1.5306001737532942], [30.296679046413924, 1.5304571286516082], [30.29671968782848, 1.530361719909602], [30.296799340744656, 1.5302625987387555], [30.296893774839987, 1.530198611490084], [30.29697914505347, 1.5301762252851425], [30.297103564299817, 1.5301878585572664], [30.29719551175158, 1.5302209767524035], [30.297398712289358, 1.5303386081749248], [30.29750415894844, 1.5303822282748798], [30.297658205572542, 1.530409031098527], [30.29782072696837, 1.5304061387183219], [30.29826733879984, 1.5303407099030666], [30.298549929200657, 1.5302591385510476], [30.298829983175192, 1.530137001677081], [30.299047710391406, 1.5300650162536569], [30.29909605723318, 1.5300231085115727], [30.299101996199465, 1.5299697068521985], [30.299066995729927, 1.5299091972742438], [30.29901325839476, 1.5298667449208423], [30.298925097723984, 1.5298385078885195], [30.29884551719604, 1.5298329664130834], [30.29869644896657, 1.5298523424579618], [30.298424948301793, 1.5299503636763037], [30.29829481964526, 1.5299803640823564], [30.298139798430206, 1.5299945906262786], [30.29799772017247, 1.5299835745172434], [30.29790035338934, 1.5299558622702114], [30.297821227566786, 1.5299110810655818], [30.297586783788912, 1.529683416023585], [30.29751701064619, 1.52959614995562], [30.297470197830076, 1.5295063298449065], [30.297454272759573, 1.5294284837383059], [30.297453517557404, 1.5292775558134708], [30.297408848785814, 1.529184679433735], [30.29721334143352, 1.5290513782539672], [30.296968408995937, 1.5289572706570618], [30.296901898207675, 1.5288916344935566], [30.296863310323495, 1.528809670041291], [30.296866135014398, 1.5286770044244484], [30.29691577923553, 1.5285255218024727], [30.297041524767074, 1.5283140283989791], [30.29728150578393, 1.5280524501407238], [30.297293898856736, 1.5280098838467222], [30.297265734896293, 1.5279868542326212], [30.297181810662934, 1.5279990379903299], [30.29698087943925, 1.5280803154909672], [30.2966831090504, 1.528173543650438], [30.296346457781315, 1.5282263397299276], [30.29628410833978, 1.5282683003800013], [30.296255687494458, 1.5283469325700842], [30.296216268151177, 1.5285744777589871], [30.296124857110147, 1.5288310336616973], [30.296089598155223, 1.529017469866553], [30.29608975326463, 1.529178889769145], [30.29613843834903, 1.5296626543971508], [30.296123945552665, 1.5298350991837963], [30.29608550072207, 1.5299219975761595], [30.296020545521188, 1.5300042435155456], [30.295761069775683, 1.530257913721576], [30.29566424269691, 1.5303186342329838], [30.295613637609275, 1.530322692655261], [30.295560908694483, 1.5303043385757003], [30.295416762331296, 1.5301884353765633], [30.29532584197235, 1.5301514393138431], [30.295278354694265, 1.5301093372024266], [30.29522964518359, 1.5300344136677901], [30.295153605266172, 1.5298558032722678], [30.294929418472734, 1.5295441537443346], [30.29481886124518, 1.5293483359899143], [30.294768713437776, 1.5292983906820352], [30.29469355300273, 1.5292877564049938], [30.294531809022796, 1.5293303992473524], [30.29439543369083, 1.5293190408878072], [30.29418734462581, 1.5292633375149156], [30.2938702753697, 1.5291204824694644], [30.29363524553872, 1.5290673492149065], [30.29356396209347, 1.5290843469577233], [30.2935493142001, 1.5291177043977375], [30.293573704139558, 1.5291490758040591], [30.293810625581735, 1.529265211888097], [30.294054476704886, 1.5294377682127258], [30.294366311483778, 1.5296287434286422], [30.294469621947325, 1.529711037803616], [30.294536063208678, 1.5297912887218004], [30.29457948660773, 1.5298806519743096], [30.29460403367643, 1.5299867977480992], [30.294603254666637, 1.530094278372691], [30.294545503021453, 1.5302738013463602], [30.29439503270437, 1.5304859964043411], [30.294263634646377, 1.5306035734574583], [30.294052717182517, 1.530724325439752], [30.29392387262517, 1.5307679500174827], [30.293802893674474, 1.5307828762733662], [30.293676310783287, 1.5307756300409228], [30.29346180287965, 1.5307230849837485], [30.293309293222897, 1.5307069002726266], [30.293226149739148, 1.530716787694565], [30.293195443779116, 1.5307491530708301], [30.29319771697084, 1.5308042986381651], [30.29324057920115, 1.5308626670222205], [30.293614230953345, 1.5311338171624724], [30.293823458778423, 1.531374268818512], [30.29396545575259, 1.53170177661938], [30.294020887051477, 1.5318849213905776], [30.29404701867879, 1.5320553481654973], [30.29405049416672, 1.5322423581369797], [30.29402737024505, 1.532385068975558], [30.293977872108353, 1.5325298320005332], [30.293905913534037, 1.5326551467738119], [30.29382844777562, 1.5327199746573288], [30.2936710196704, 1.532758119880698], [30.29343216176667, 1.532711697141743], [30.29327996848139, 1.5327023811400486], [30.293170706108654, 1.5327170491124555], [30.293126471921816, 1.5327414875232022], [30.29313262717579, 1.532816393815379], [30.293363261682256, 1.533297178159969], [30.29351231974817, 1.5336757677386381], [30.2935707942101, 1.5338757561416867], [30.293578206744215, 1.5339528206070254], [30.293538777078922, 1.5340574019830222], [30.29344595684535, 1.5341702333646288], [30.29331877890841, 1.5342603092205818], [30.293001005284555, 1.5343919588730563], [30.29295498894337, 1.5344458290367662], [30.29295300608618, 1.5345123372274923], [30.29299590414434, 1.5346043771581133], [30.293087799610547, 1.5346920414977163], [30.293332137142535, 1.53486954122268], [30.293671435845845, 1.535051371614255], [30.293785177597698, 1.5350711368478966], [30.294184683080463, 1.5350252271243081], [30.294267873464072, 1.535038960568385], [30.294355948647777, 1.5350825135279846], [30.294421143976294, 1.5351427780638793], [30.294526856119006, 1.535331616899112], [30.29459637237866, 1.5354115023276507], [30.294719634811088, 1.535502770996111], [30.294952483030173, 1.5356223926896426], [30.29501831605708, 1.535677848322088], [30.295072097090067, 1.5357909724458818], [30.295072944055722, 1.5358408326857378], [30.295052223965513, 1.535908324462018], [30.29499059993569, 1.5360128781243638], [30.294920157009965, 1.5360791541675038], [30.294810236581014, 1.536119184039571], [30.294732004051838, 1.536083391471815], [30.294686944492383, 1.5360929938361654], [30.294618107303656, 1.5361515861039683], [30.294511438183935, 1.5362900665135688], [30.294443264646922, 1.5363489996350554], [30.294091237028642, 1.5365404481434124], [30.293851085626972, 1.5367320173560708], [30.293557933322436, 1.5369002018904168], [30.29339308708082, 1.5369702842295698], [30.29306340434677, 1.536907790399926], [30.29295674958734, 1.5368618664502267], [30.29290475193395, 1.5368178731952555], [30.292803797528826, 1.5366918061051829], [30.292442711904354, 1.5363483264160716], [30.292259565271383, 1.536219740622394], [30.292163503280175, 1.5361907403239776], [30.29190866340971, 1.5361767090619485], [30.29176564109255, 1.5361947323267318], [30.29169998953955, 1.5362490307798549], [30.291574494482045, 1.5366115801348856], [30.291336271481512, 1.5370094217210009], [30.291287748328806, 1.5370432690485585], [30.291244237234764, 1.537012890508861], [30.29121977424328, 1.5370136704705417], [30.291097022992496, 1.5370792861680684], [30.291047677200286, 1.5370902561621131], [30.2909654150705, 1.5371961585371456], [30.29071477251082, 1.5372193025297574], [30.290519468069157, 1.5372067023635292], [30.290365100368305, 1.537131987144675], [30.290167837014412, 1.5369515898778343], [30.290131227330356, 1.5369360185364482], [30.29010223819921, 1.5369437268854278], [30.290085495705743, 1.5370025068640247], [30.290105445028015, 1.5372766427464835], [30.29008492534411, 1.5375077141136364], [30.290091250657845, 1.5376706735911823], [30.29007695179756, 1.5377053079941216], [30.28998879292683, 1.5377975415515317], [30.289912676650122, 1.5378379688912773], [30.28979487148366, 1.5378402284235224], [30.28969779226961, 1.5378118981875626], [30.289328163390795, 1.5374559388295868], [30.288912138429904, 1.537251266670727], [30.288808850520624, 1.5371864472224497], [30.288610866126277, 1.5371279094129269], [30.288500277324207, 1.5370557520268322], [30.288369351058705, 1.536902272547336], [30.288185104849408, 1.5367609136309186], [30.288004191698814, 1.5365458445522318], [30.287911644814887, 1.5364004360361805], [30.287831789586246, 1.5362373418980033], [30.28772060804849, 1.5360754896852125], [30.287292688089696, 1.5357311128300979], [30.287212630026133, 1.5356446713383671], [30.287129442935008, 1.53552260849011], [30.287071915518258, 1.5353963634655725], [30.28698466591115, 1.5351143301241692], [30.286859978936725, 1.5349517693283572], [30.28682574710689, 1.5348853626689227], [30.286780344863196, 1.5347309249352095], [30.286696343526145, 1.5343244144956174], [30.28671642448258, 1.5338036450622303], [30.28674035871636, 1.5335758948972942], [30.28674897781687, 1.5331474382877082], [30.286830784529883, 1.5328254571403719], [30.286825153460537, 1.5327582222560485], [30.286785230901543, 1.5327472072910826], [30.28672155756228, 1.5327599940640873], [30.286083315830968, 1.533017983101974], [30.2858724929456, 1.5330785282067472], [30.285814611333535, 1.5331053497078808], [30.285702075473157, 1.533189771053191], [30.285434635493335, 1.5331663609746058], [30.28535759914031, 1.533138677085394], [30.285311061221346, 1.5330934470435842], [30.285277637537142, 1.5330205329003463], [30.285222704922994, 1.532733398212493], [30.28519098710283, 1.5326405198970752], [30.28481654081551, 1.5320382523375105], [30.284677135065742, 1.531933685118232], [30.28455731332703, 1.531798157291852], [30.284487264627867, 1.5317619945579084], [30.28416256333157, 1.5316604613017157], [30.28393273729894, 1.5314630543232421], [30.283718333166625, 1.5311903424592228], [30.28369321297923, 1.5311245585565703], [30.283685152942088, 1.5310284402110588]]}}, {"type": "Feature", "properties": {"OBJECTID": 2991, "Id": 21417, "Contour": 1353.5, "Shape_Leng": 9136.38178345}, "geometry": {"type": "MultiLineString", "coordinates": [[[30.286936783245725, 1.5450753198637677], [30.28695612377063, 1.5450731565772662], [30.287041298189333, 1.5450044718577096], [30.287099616689805, 1.5449814332170073], [30.28717414822049, 1.5449807678604237], [30.287292672485602, 1.5450148334963625], [30.287843412389847, 1.545481144105371], [30.28797683449828, 1.5455569162788603], [30.28815805669168, 1.5456887830845474], [30.28825479018172, 1.5457316390165812], [30.288657081591538, 1.545713691314755], [30.28893304601391, 1.5456654460648585], [30.289158288594955, 1.5456530809899194], [30.289356474918844, 1.5456592645143277], [30.289535856040107, 1.5456970877359255], [30.289613809775297, 1.5457460339881486], [30.28969690479686, 1.5458328385970896], [30.28997558398342, 1.5462216891815865], [30.290072923830607, 1.5463257590764965], [30.2902018548431, 1.5463976750903041], [30.290363560752656, 1.5465210632141502], [30.290621100571713, 1.5466639927012156], [30.290779812142176, 1.5467322986355105], [30.29090010328407, 1.5468279838217007], [30.290972858001215, 1.5468421627093145], [30.29106030630251, 1.5468087734325475], [30.291108555877738, 1.5467367473652847], [30.291211652573686, 1.5463156952364223], [30.291283657178443, 1.5461498183274398], [30.291491565460177, 1.5459486014184998], [30.291618952776666, 1.5458930430125883], [30.2917253068979, 1.5458992681813628], [30.291824080645583, 1.5459509477334186], [30.292046754340777, 1.5462713510705954], [30.292209858232866, 1.546443625678637], [30.292284321998206, 1.5465035478815532], [30.29238999540678, 1.5465586871300814], [30.292499999245667, 1.5465901853427273], [30.292577691883253, 1.5465861910188212], [30.292629880217426, 1.5465536115869276], [30.2926579262727, 1.5465041938895079], [30.292672445304326, 1.5464341208492602], [30.292693870062607, 1.5457582985775538], [30.292722877955416, 1.5454625004810303], [30.292762707885302, 1.5452301545563212], [30.29289379386754, 1.5447888874788307], [30.293035667771903, 1.5445772316967612], [30.293093076399305, 1.5445287729188528], [30.293167032862563, 1.5445234998066293], [30.293358101618562, 1.5445861391875781], [30.29353402089294, 1.5446992124109002], [30.2937881645039, 1.544834882033399], [30.293991442621394, 1.5449799566837978], [30.294081763742273, 1.5450099671337154], [30.294326544622393, 1.5450027478469077], [30.294384553347243, 1.5449714265997736], [30.294415983887863, 1.544897656855966], [30.29447191572452, 1.5446534965682048], [30.294572926576986, 1.544379130588471], [30.29465172542962, 1.544273875359569], [30.294780126150105, 1.544221660715115], [30.294882660751455, 1.5442205832353477], [30.295105961681102, 1.5442565343960517], [30.295373103066623, 1.5443351329496366], [30.29569407525027, 1.5443977010255054], [30.295845071855805, 1.5444835332132276], [30.29604732641046, 1.5446855434121183], [30.29609822255999, 1.5447176899133748], [30.296143215644566, 1.5447142575372412], [30.296222464914727, 1.544648103141565], [30.296261459207635, 1.5445733711949843], [30.29626996223926, 1.5444795265434705], [30.29622526956532, 1.5438684799863769], [30.296248736233657, 1.5437716148225185], [30.296345400803304, 1.5435233588036639], [30.296352053627174, 1.5434524445390074], [30.296338103766516, 1.5434097833220175], [30.29628974337258, 1.5433820686427873], [30.29621431822918, 1.543383557108165], [30.295843719995226, 1.5434760197336101], [30.29566986303143, 1.5434980348718528], [30.295592607478664, 1.5434894386504523], [30.29552648991915, 1.5434575078698762], [30.295414147535766, 1.5433470988450357], [30.295307838067917, 1.5431263885535786], [30.295250521639606, 1.5430370962930755], [30.295099243322976, 1.5428817682851304], [30.294923251827452, 1.54267137577738], [30.294675930608868, 1.5424735993332999], [30.294620189003677, 1.542388777531963], [30.29458293948696, 1.5422843872680838], [30.29453474927394, 1.5420202214063259], [30.294530861632882, 1.5419243205066624], [30.294556869020607, 1.5418006566503824], [30.294610945388445, 1.5417191099870817], [30.294680874561134, 1.5416573929780544], [30.294751680300546, 1.541629939488499], [30.29492574962091, 1.541644917185855], [30.295254829623833, 1.5415975269442084], [30.295334360534056, 1.541534271095865], [30.29536888765367, 1.5414496294272984], [30.295359481546882, 1.541127801638564], [30.295400904965167, 1.540909011426105], [30.29539277592247, 1.5407652632549513], [30.295352915218164, 1.5406367463236998], [30.295289896533006, 1.5405038463318261], [30.294993143004604, 1.5401189029754392], [30.29498698469293, 1.540076596170397], [30.295017744663543, 1.539975020083681], [30.295026730410807, 1.5398143681874623], [30.295083914434535, 1.539706853242613], [30.29541130939513, 1.5394518499191958], [30.295518720174993, 1.53931704102202], [30.295559554560135, 1.539182162022918], [30.295589796228423, 1.5388113613392922], [30.29561800320878, 1.5387110787942828], [30.29566539046752, 1.5386295688604017], [30.295729693717607, 1.5385619236246975], [30.29580929027967, 1.5385118711945243], [30.29591838949064, 1.5384754927999174], [30.296010591638147, 1.538464695634848], [30.296156644226073, 1.5384853608398148], [30.296269121701155, 1.5385395413933436], [30.296392662604863, 1.5386456933830603], [30.296524506351346, 1.5388078844219024], [30.296650162381543, 1.5390075430259513], [30.296814794946343, 1.5393492128280253], [30.29685857831251, 1.5395125100358662], [30.296889370628712, 1.5397502827414506], [30.296927428622066, 1.5398219497227812], [30.296969283629423, 1.5398289216927756], [30.297019928797454, 1.5397988176018085], [30.297331216785103, 1.5394896149394235], [30.297418001374464, 1.5394390734593415], [30.297495816583627, 1.5394223154303504], [30.297579230331234, 1.539435058368162], [30.29765461776877, 1.5394714046429123], [30.297942919896077, 1.5397466132880924], [30.29799359345382, 1.5397773093256744], [30.29802686652233, 1.5397722108260958], [30.298036143574727, 1.5397071672159603], [30.29798348677635, 1.5394758470734349], [30.297976945619997, 1.5393611545414236], [30.298021513190434, 1.539134201316447], [30.29808779098454, 1.5389250868478963], [30.29809231178644, 1.5388510345095199], [30.29802013658402, 1.5384927724705322], [30.297796882159584, 1.5380484115509543], [30.29777379237287, 1.5379704596322215], [30.297770655166495, 1.5378782181841433], [30.297800703449255, 1.5377908162170075], [30.297862852717593, 1.5377177225177945], [30.297984217777813, 1.5376443441688838], [30.29828411718334, 1.5375222824421217], [30.29832931957341, 1.5374777556126775], [30.298341276586523, 1.5374159160689773], [30.298288124519427, 1.5373023242550001], [30.298013681960168, 1.5370131780832132], [30.297914926153833, 1.5368440147542863], [30.29781917850486, 1.5363964864363249], [30.297668203923422, 1.5359450674692356], [30.297657035334545, 1.5358092853387202], [30.29769998835117, 1.5356877089823884], [30.297786277940762, 1.535626302590248], [30.297973143158185, 1.5356199833455138], [30.298391287676118, 1.5356997941568264], [30.298488062479713, 1.5356734858735757], [30.29851463541525, 1.5356437132940828], [30.298521200293806, 1.535608846882299], [30.298465210010928, 1.5354901979330509], [30.298240435814474, 1.5352300933611407], [30.297989589989736, 1.5350067011484492], [30.297829596223384, 1.5349218346071989], [30.297588797537905, 1.5348483733356917], [30.29745531262809, 1.5348243933420147], [30.297182436642373, 1.5348101239309284], [30.297067768862988, 1.53477554382417], [30.296949420210648, 1.5346776992967028], [30.296731256200033, 1.5343980770281649], [30.296631729727203, 1.5343222353964971], [30.296576432663322, 1.5343054816699673], [30.296503166163976, 1.5343058827868028], [30.296232937845996, 1.534372460231018], [30.295959542554005, 1.5343979096976295], [30.295834595980008, 1.5343790386155165], [30.295751300602724, 1.5343363064089452], [30.2957065379205, 1.53427841426483], [30.29566795269131, 1.5341841594199193], [30.295628505779153, 1.5338705443025684], [30.295583182128045, 1.5337538575462448], [30.295504040468252, 1.5336540809912784], [30.29534861881832, 1.5335317536546285], [30.29524752530102, 1.5334315458234524], [30.2950242432538, 1.5331162116897628], [30.295005614065047, 1.5329809873337676], [30.295035046859624, 1.5327973255422178], [30.29504727799219, 1.5325847482296917], [30.295087596751145, 1.5324370269516805], [30.295205452323795, 1.5321318490476221], [30.295232270968235, 1.531647368018211], [30.295260118700487, 1.5315706707599088], [30.295309339495358, 1.531512850706546], [30.295435684366147, 1.5314491828489072], [30.295587679088694, 1.5314216127148708], [30.296002238125066, 1.5314243119158126], [30.296205379725265, 1.5314516496336157], [30.29628671918579, 1.531448221536271], [30.296356317949517, 1.5314181818244652], [30.29655734285911, 1.5312722425629481], [30.296765054007146, 1.5311929667879398], [30.296819050044505, 1.5311555423440926], [30.296828449069775, 1.531114669633735], [30.29680952926275, 1.5310588875220588], [30.296688129764565, 1.5308935368967636], [30.296644330642028, 1.5308110045255139], [30.29661928299055, 1.5306350438412795], [30.296638796978716, 1.5304899408510595], [30.29668131165044, 1.530367937724736], [30.29675074313132, 1.530271359668262], [30.296848058049484, 1.5301891369049496], [30.296950859469273, 1.5301436630073995], [30.297063400959324, 1.5301446491485025], [30.29718067058669, 1.530183157451527], [30.29739492529457, 1.5303165856498164], [30.297501239680688, 1.5303639336141055], [30.297643884603385, 1.5303919429024286], [30.29780588421171, 1.5303907003412323], [30.298206789172404, 1.530330391941558], [30.29835533268212, 1.5302940350312353], [30.298863559469307, 1.5300929011042885], [30.299034633761124, 1.5300407921605412], [30.29906886427923, 1.5300103199988602], [30.29907178571752, 1.5299743017748058], [30.299041267191907, 1.5299243074113429], [30.298990633618995, 1.5298875787824349], [30.298819108596277, 1.5298572651477893], [30.29868680858735, 1.5298753725009455], [30.298440904978293, 1.5299719597568826], [30.298308662477346, 1.5300013522425984], [30.298104622538258, 1.530015321785845], [30.29792636625006, 1.529991945772136], [30.297849073096963, 1.5299594902967144], [30.297779262174796, 1.5299102371804048], [30.29736925456731, 1.5295141106405405], [30.297184069545075, 1.5294493683743522], [30.297119251213807, 1.5294052821659923], [30.297088688450398, 1.5293589735694901], [30.29708071303936, 1.5293103746770054], [30.297142578647335, 1.5291467306080033], [30.297141064546295, 1.5290937049898408], [30.29710349346297, 1.529061161088645], [30.29698481165412, 1.5290220044137008], [30.296912684761022, 1.5289721669489307], [30.296830391311232, 1.528869741181055], [30.296810071695496, 1.5287815497859678], [30.296841916139968, 1.5286405744953528], [30.296908689349706, 1.5284849917791308], [30.29700255577944, 1.5283238882056809], [30.297213725878603, 1.5280739090639708], [30.29722636125706, 1.5280459742137689], [30.297207502475583, 1.5280200578676384], [30.29714182593057, 1.5280320666114726], [30.296691163005196, 1.5281987139039725], [30.2963583310923, 1.5282530871048619], [30.296299834402646, 1.528292849871591], [30.296279523503163, 1.5283451575387197], [30.29624122937118, 1.5285708268724718], [30.296146004290524, 1.5288153777059619], [30.296101415496825, 1.5290266431542165], [30.296103514656128, 1.5291876887994826], [30.29615960579367, 1.5296717740453643], [30.296144930482804, 1.529859793790075], [30.296111869169568, 1.5299365844725934], [30.29606560388233, 1.5299997245386239], [30.295907186347577, 1.5301588168025329], [30.29574040146259, 1.5303600825077286], [30.2956773440453, 1.5304008061545848], [30.29561490423451, 1.530403533013905], [30.29555770149542, 1.5303863822612698], [30.29534242334319, 1.5302859303236844], [30.2952829271333, 1.5302336452361052], [30.2951941334514, 1.5300899808486879], [30.295101151816823, 1.5298504929441066], [30.29488653827163, 1.5295283991037076], [30.29480492846409, 1.5293808758603575], [30.294762012900392, 1.5293373322050041], [30.294708433562732, 1.5293244925775156], [30.29455664066014, 1.5293597802003929], [30.294434740115005, 1.5293531180244928], [30.294188497998753, 1.529286778132201], [30.293938711587575, 1.5291719710603298], [30.29387311083204, 1.5291619406566972], [30.293833351970786, 1.5291731978410912], [30.293827304190174, 1.5291963063225766], [30.29385009388285, 1.5292355165670082], [30.29398525922606, 1.5293639124168554], [30.294410306949832, 1.5296324980018823], [30.29453044223778, 1.5297371780924058], [30.29458725436595, 1.5298188390894312], [30.294621611710067, 1.529903221305018], [30.294639494515245, 1.5300027620202472], [30.294635511667103, 1.530107996622195], [30.294570857754273, 1.5302978762632666], [30.29443245661453, 1.5305025960587344], [30.294301194279726, 1.530626544230435], [30.29409099977539, 1.530747820365934], [30.293959309117934, 1.5307940814621854], [30.29381137742978, 1.530810410974262], [30.293686061608984, 1.5308034570207292], [30.29336182831269, 1.530744938570639], [30.29328257529432, 1.5307467208030876], [30.293243385639364, 1.5307734012008127], [30.293248861065198, 1.5308201982420508], [30.293301725657713, 1.53088284056517], [30.29371468977768, 1.5311721958749143], [30.293855316084535, 1.5312967273225193], [30.293917955727125, 1.5313754496141152], [30.29404430887298, 1.5317526691523704], [30.294071692782634, 1.531951270066455], [30.294083932954443, 1.5322776645734821], [30.294057271540826, 1.532425302747213], [30.294008303751394, 1.5325641309534521], [30.293933561331002, 1.5326901487486548], [30.293854455764436, 1.5327623455941914], [30.293774731760298, 1.5327951323132023], [30.29369401539419, 1.5328050938192153], [30.293432157127953, 1.5327430154700803], [30.293329158692714, 1.5327350590598166], [30.293253521771387, 1.5327519648025623], [30.293208283720464, 1.5327941096005497], [30.29320079094586, 1.532851096356478], [30.293223466800526, 1.5329352242368548], [30.29350476370815, 1.5335534912313966], [30.293638909134955, 1.5338995414881567], [30.2936505883328, 1.5340033682305407], [30.293620970952, 1.5340790797154527], [30.29352304675109, 1.5341755494135798], [30.293357958524854, 1.5342848469601562], [30.293041237305136, 1.5344090333186893], [30.29299731843943, 1.5344523896854778], [30.29298787455124, 1.5345219132720764], [30.293027820909142, 1.5345999423603707], [30.29311923847019, 1.5346761974683936], [30.29331896358088, 1.534793295723539], [30.293503905589713, 1.5348708592909426], [30.293802536818433, 1.534968451183101], [30.29386862551857, 1.534951249249854], [30.293978379189188, 1.534875056825988], [30.294018030881745, 1.5348660684960491], [30.294108689079692, 1.5349393404327718], [30.294276065955955, 1.5349842745442488], [30.294374658503898, 1.5350288969440775], [30.29445488684842, 1.5351052170860628], [30.294570996206243, 1.535299378578935], [30.29462865397899, 1.5353663368449633], [30.29499333189307, 1.5355922424379649], [30.295074101426387, 1.5356620470416515], [30.2951252161437, 1.5357755301509048], [30.29512751621158, 1.5358413507846833], [30.295111029446172, 1.5359043467981661], [30.295036193295374, 1.5360233795013074], [30.29494801207342, 1.5361129243915432], [30.29483300165693, 1.5361892469827998], [30.29464587539983, 1.536277134902802], [30.294530783640198, 1.5363791217981477], [30.294322924056317, 1.5365190948642329], [30.294218844574125, 1.53661035624093], [30.294052632964384, 1.5367072503245196], [30.293736243479216, 1.5368492147310282], [30.293434788020033, 1.5370594547774845], [30.29329973562865, 1.5371204312465112], [30.293232969796627, 1.5371031578375656], [30.293092582267185, 1.536995807636878], [30.292893973242666, 1.536882055463629], [30.292638808963293, 1.5366014392200393], [30.292390802787438, 1.5363570833876021], [30.29227408197058, 1.5362674513328674], [30.29216295579124, 1.5362261037521203], [30.29192276786922, 1.5362035648484047], [30.29184614448659, 1.5362046226882353], [30.29178198545992, 1.5362226141364568], [30.291741051302882, 1.536251109666193], [30.291714281296716, 1.5362932775811307], [30.29159629741343, 1.536655668909918], [30.29140590377191, 1.5370465662155954], [30.29132800110182, 1.5371197887577461], [30.291178014579327, 1.5371690925260075], [30.291024430016893, 1.5372700439670723], [30.290946390301684, 1.5372840763958937], [30.29081915733754, 1.5372653677075587], [30.29059367029341, 1.5372648939304108], [30.290517243895806, 1.5372479697781407], [30.290365234093834, 1.537176449448239], [30.290165369777185, 1.5370001562404374], [30.290130253056535, 1.536989763694643], [30.290131451964005, 1.537131827121815], [30.290212753703624, 1.5374928546330922], [30.29021640437302, 1.5376144639521396], [30.290170161916954, 1.537730411048348], [30.290055592769576, 1.5378624354458155], [30.2900115018493, 1.5380715306359245], [30.289994917783638, 1.538102463452477], [30.28996948758174, 1.5381162672795659], [30.289914564955602, 1.5380996004308942], [30.289810477392148, 1.537982262727914], [30.289646459334307, 1.5378664947626628], [30.289485971803895, 1.5377874526027462], [30.28934435774411, 1.537526029436452], [30.289309321028895, 1.5374895019845045], [30.289172509306336, 1.537416758355406], [30.28892494715697, 1.5373265344717713], [30.288766010774776, 1.5372256080031617], [30.28855458093096, 1.5371358946475278], [30.28845367011816, 1.5370667504955156], [30.288342472457888, 1.5369470614292235], [30.288173931364398, 1.53682493169686], [30.287983656936934, 1.5366208355893214], [30.28781996516103, 1.5362756015948411], [30.287723782897512, 1.5361304371445914], [30.28761616369254, 1.5360316081605825], [30.28727961893267, 1.5357836193062888], [30.287098277321174, 1.535567735363377], [30.28693355569565, 1.5351914691381925], [30.28679327660212, 1.5349513254167666], [30.286662814268148, 1.534337403228534], [30.286664434187458, 1.5340666107445577], [30.28671765502219, 1.5335758788498906], [30.28671939597225, 1.5331076058927855], [30.286755061872892, 1.5328923588888863], [30.286742235406653, 1.5328399118566214], [30.286701643728417, 1.5328261324199266], [30.286632295735025, 1.532843726513831], [30.2864438879227, 1.5329402291514214], [30.286227878904597, 1.5330095842811993], [30.286060949963648, 1.5330898471222945], [30.285894777554926, 1.533130352607221], [30.285761696161117, 1.5332162176395618], [30.285705538980803, 1.5332373188391863], [30.285626359187138, 1.5332401689588573], [30.285365321454723, 1.5331942716326399], [30.28530680778109, 1.5331461946159568], [30.285264685363664, 1.5330686512447345], [30.28516360849706, 1.5326651223432337], [30.2849253190147, 1.5322729671251256], [30.284825873868982, 1.532139312758872], [30.28476805212144, 1.532086247290047], [30.284619558541266, 1.5319934642118767], [30.284473556896266, 1.5318511495950347], [30.283991332146705, 1.5316799286542755], [30.28393708152177, 1.5316482472078115], [30.28369501699813, 1.5313071763412127], [30.28345544642454, 1.5310356662145357], [30.28343301629776, 1.5309933785737326], [30.28343530324295, 1.5309640149036046]], [[30.283370962143927, 1.5309478718027691], [30.283337673634847, 1.530954533776439], [30.28333505438034, 1.5309388625894411]]]}}, {"type": "Feature", "properties": {"OBJECTID": 2992, "Id": 21419, "Contour": 1353.0, "Shape_Leng": 9160.12989036}, "geometry": {"type": "MultiLineString", "coordinates": [[[30.286901598770516, 1.5449126076686817], [30.286959711165924, 1.5448637370983525], [30.287028027940615, 1.5448517057749624], [30.28730647508368, 1.5449583702984884], [30.287597218115145, 1.5451966551554193], [30.28786646143566, 1.5454495631373286], [30.288138289327588, 1.5456274367785292], [30.28822282410891, 1.545665933758979], [30.288410849939524, 1.545677804571145], [30.28863437297025, 1.54566649736722], [30.28895461514681, 1.5456072533981873], [30.289188563746944, 1.545588397930846], [30.289394073431357, 1.5455886315365952], [30.2895087288911, 1.5456264344182193], [30.28960120257493, 1.5456840235666274], [30.289705254193763, 1.54578526551639], [30.29001425915999, 1.5461960570916289], [30.29009577869119, 1.5462801323586182], [30.290622152572656, 1.5466115010636108], [30.290905762704828, 1.5467603998704165], [30.290966994079003, 1.5467738537067557], [30.291028193682134, 1.5467495572551495], [30.291073837983717, 1.5466869637169354], [30.291176963098184, 1.5463027812790142], [30.29126276732015, 1.5460897695528921], [30.291444346776718, 1.545880665722716], [30.29150096011215, 1.5458328931141043], [30.29155329506977, 1.545812698437181], [30.291703653603054, 1.5458304753383232], [30.29183348780755, 1.545896498620822], [30.292104208704345, 1.5462741854775355], [30.292226418645303, 1.546413597129671], [30.292301521520894, 1.5464776082761669], [30.292391796745417, 1.5465246270905244], [30.292494206788565, 1.5465540376745768], [30.29256690774086, 1.5465514192134715], [30.292615807194725, 1.546521715782082], [30.29264226430173, 1.5464744894947766], [30.292654332921913, 1.546407404632508], [30.292658983544992, 1.5457810735954092], [30.292716641115323, 1.545155754183234], [30.292859408837728, 1.5447329009144435], [30.293020525550595, 1.5445060132439146], [30.293083253278397, 1.5444549108048715], [30.29317651979292, 1.544451740651612], [30.293350516315815, 1.5445217636196358], [30.29351910737366, 1.5446433169436773], [30.29371146626358, 1.5447383114000028], [30.294021504690743, 1.5449432777508356], [30.294086626748022, 1.5449580958127065], [30.294308816503897, 1.544961191721558], [30.29435461655882, 1.544944851435209], [30.294379025015907, 1.544894415794087], [30.29442022787969, 1.5446427733993493], [30.294512697041544, 1.544347801982396], [30.294597601350198, 1.5442390259678709], [30.294720484953846, 1.5441792033827455], [30.294805792627105, 1.5441643912569132], [30.294904378361846, 1.5441720918734971], [30.29514251713676, 1.5442273131571738], [30.295377247849355, 1.5443041136239146], [30.29565852290512, 1.544357117409919], [30.295752434729163, 1.544392976191323], [30.295991913465468, 1.5445252849834215], [30.296083167325452, 1.5445126881625197], [30.296161607575264, 1.5444514140394352], [30.29619841638688, 1.5443699221027793], [30.296206495849386, 1.5442903735766853], [30.296197730578555, 1.5442115773039373], [30.296149821623946, 1.5440429201608286], [30.296149567895327, 1.543923350830724], [30.296188897402626, 1.5437734423707308], [30.29630869402476, 1.5435475323747618], [30.29632064351616, 1.543479634766455], [30.29630829107925, 1.5434336172743834], [30.296263690686303, 1.5434143561242897], [30.29616349806684, 1.5434252137517857], [30.29566463918666, 1.5435623666904834], [30.29556980190043, 1.5435399504206058], [30.295450833483912, 1.5434601786366196], [30.295364929747564, 1.5433620748301595], [30.29521359912103, 1.5430662764062617], [30.294954107316325, 1.5427511249798007], [30.294863840543584, 1.5426628145758825], [30.29465843371757, 1.5425256964141296], [30.294568066329084, 1.5424252216395133], [30.294465857219695, 1.5422146648689545], [30.29443204857616, 1.542076507079182], [30.29442114938141, 1.541931359516686], [30.29434194731101, 1.5417861285115078], [30.294335794766052, 1.541744817812213], [30.294453738121337, 1.5416346953946125], [30.294512464688037, 1.5416037669422924], [30.294742238471375, 1.5415577595343628], [30.294913866743133, 1.541573650455666], [30.29519712875442, 1.5415605512912995], [30.295268299110344, 1.5415299840199586], [30.29532004648278, 1.5414658323737689], [30.295333224527567, 1.5414012561652157], [30.2953237834416, 1.5410598737969654], [30.295342011581287, 1.5408155687936114], [30.295323971052788, 1.5406987943608492], [30.295246221289585, 1.5405299916939552], [30.29492740236795, 1.540142145209359], [30.294898984028915, 1.5400616704575847], [30.29489934667441, 1.5399750243778072], [30.294950090702816, 1.5398030042795092], [30.295027457196475, 1.5396694981648398], [30.29509796948589, 1.5396074342871173], [30.2953864227171, 1.5394119345953161], [30.295493677063188, 1.5392923933264424], [30.295532701153988, 1.5391522852933621], [30.295544734729454, 1.538846540286788], [30.29557446223259, 1.538696557207369], [30.295633120183947, 1.5385924799369606], [30.295745006032448, 1.5384969196887501], [30.295927980200187, 1.5384358632906616], [30.296043657368074, 1.5384286948077968], [30.29615718018226, 1.5384434453801368], [30.296315763734256, 1.53851753476693], [30.296491319647085, 1.5386650766412913], [30.296568621585212, 1.538765177851102], [30.296681894337382, 1.5389659851486164], [30.29683118103711, 1.5392831576313517], [30.296884179614555, 1.5394698746379658], [30.29691575382652, 1.5397090317894169], [30.296948922431948, 1.5397728594860782], [30.296980106415855, 1.5397737008561514], [30.29702730076017, 1.5397436426452384], [30.29733049673543, 1.539450976331969], [30.297398363319, 1.539410207815863], [30.29746600776006, 1.5393907578457344], [30.297545448312793, 1.5393947421167238], [30.297630144457813, 1.5394287224736114], [30.297908105729828, 1.5396868665384953], [30.297957915083316, 1.5397152776529002], [30.297988985766935, 1.5397060455393288], [30.29799551203298, 1.5396426295836372], [30.297953945595612, 1.5393615476797713], [30.298031188980893, 1.5389325899402093], [30.298004013835847, 1.5386034790842087], [30.297964622792605, 1.5384669529474295], [30.29783878316935, 1.5382266578497625], [30.297758935486453, 1.5380399397962008], [30.297737967808477, 1.5379448808663017], [30.29774168430023, 1.537853889933652], [30.29778466874919, 1.5377482593137528], [30.297857028498786, 1.537664611395407], [30.297933505908397, 1.537618339286986], [30.298260433507707, 1.5375032666935067], [30.29830551628633, 1.5374628962852481], [30.298316434434202, 1.5374132926401578], [30.298295697846164, 1.5373519798583442], [30.298234600875503, 1.5372701061944138], [30.2979732148173, 1.537028733619431], [30.297871939185434, 1.5368577538429338], [30.297806228066953, 1.536606119955623], [30.297771733153922, 1.536368952765336], [30.29762130234983, 1.53590800082309], [30.29761001609117, 1.5357846903322685], [30.29762909164312, 1.5357063108256126], [30.297660615377715, 1.5356500652771667], [30.297709383127827, 1.5356076125213556], [30.29777168185263, 1.5355841982295968], [30.297964964923633, 1.5355912664931697], [30.298372299260595, 1.5356839277595695], [30.298462321403598, 1.5356631199072344], [30.298484307272883, 1.5356362480827686], [30.298487898597656, 1.535602997085778], [30.298438213518217, 1.5354962790287972], [30.298227407358866, 1.5352481868299908], [30.297994025006666, 1.5350458460392802], [30.29781166074972, 1.534944005897733], [30.297561146928814, 1.5348613164917149], [30.29743477794136, 1.5348399002731168], [30.29712658382819, 1.5348275981482533], [30.296985457342235, 1.5347851445291654], [30.296769900092798, 1.534653050539355], [30.296745854622998, 1.534609446382816], [30.29674313798838, 1.5345259425272537], [30.296720208737018, 1.5344654121284291], [30.29667380455083, 1.5344129726939402], [30.296599607763046, 1.5343642553437826], [30.296483466026906, 1.5343508078116777], [30.296225589755796, 1.5344112479695244], [30.29596812086856, 1.5344326732946347], [30.29583972420778, 1.5344156464774104], [30.295736752294662, 1.5343675036117663], [30.29569299882547, 1.5343126316986815], [30.29564538472544, 1.5341956601212983], [30.295613386093525, 1.5338796674011368], [30.29556896162019, 1.5337674235465046], [30.29549667510782, 1.5336792760579296], [30.29533993061658, 1.533558015671198], [30.295224616459166, 1.5334458817132315], [30.295024498732676, 1.5332004619792465], [30.29498002501481, 1.5331238558028981], [30.29495926536413, 1.533032291471276], [30.29496027922188, 1.5328611368181988], [30.29499604373141, 1.5325677624473588], [30.295033874821122, 1.5324168349952332], [30.29516103419336, 1.532089945518659], [30.295186894169284, 1.5316274491145094], [30.295211691819592, 1.531546180246199], [30.29525418545302, 1.5314938712857267], [30.295373715040615, 1.531434276299413], [30.295553246710885, 1.5313986265010735], [30.296030021716636, 1.5313960549603265], [30.29623279883715, 1.531416891178804], [30.296292023717267, 1.5314110933979985], [30.296352117265876, 1.5313824709955617], [30.29651313729482, 1.531261226727387], [30.296707832336242, 1.5311692540734738], [30.296753936947628, 1.5311304332967606], [30.296768010668515, 1.5310901720788748], [30.296756323115986, 1.5310415595516347], [30.296643991271925, 1.5308925405900873], [30.296603154600696, 1.530810647534796], [30.29658878793002, 1.5307334773843373], [30.2965906170103, 1.5306163078735877], [30.296614467868658, 1.5304586356361232], [30.29665908915195, 1.5303408490492358], [30.296719227838846, 1.53026062822769], [30.296837791236975, 1.5301586728192274], [30.29694682029702, 1.530104994804918], [30.297070298056767, 1.5301087464270193], [30.297184206486516, 1.5301519254888543], [30.29738456182258, 1.5302893304899983], [30.297498637502787, 1.5303448198603888], [30.297623068445844, 1.530373216858998], [30.297807846136877, 1.530373195253673], [30.298284859394514, 1.530296338263122], [30.298618806759574, 1.530171195746192], [30.298704023282934, 1.5301265359515615], [30.29876705697902, 1.5300701125900293], [30.298801622550567, 1.530006182637403], [30.298802755265807, 1.5299480750419652], [30.298771504053732, 1.5299119731447972], [30.29870980315438, 1.5299014342496062], [30.29862207602738, 1.52992282015303], [30.298445684498777, 1.5299982463239006], [30.298325684622128, 1.5300226886014863], [30.29807372616351, 1.5300366898337723], [30.297909015352282, 1.5300129851975948], [30.297766880023975, 1.5299344181266552], [30.29737537188292, 1.5295770508181208], [30.297297535228967, 1.5295354806487362], [30.29712983270287, 1.5294787324495651], [30.297043832853927, 1.529417323843131], [30.297012108252364, 1.5293349580174354], [30.297057835689607, 1.529139308375921], [30.296928256539122, 1.5290391120110778], [30.29685378682457, 1.5289579148969037], [30.296800241331926, 1.528866814465759], [30.29678761886914, 1.52877951286712], [30.296828698984523, 1.5286183044888335], [30.296938578917512, 1.5283712761821515], [30.297011199044995, 1.5282569170230875], [30.297139524576117, 1.5281054674615178], [30.29715457322064, 1.5280769168854347], [30.29714694572933, 1.5280647493643262], [30.29664835589666, 1.5282480617327203], [30.29649469207473, 1.5282825399321154], [30.296361936561503, 1.5282872368878866], [30.29631460443423, 1.528323566371702], [30.296260742250205, 1.5285818231202422], [30.29615808850363, 1.528829255430964], [30.296113611433263, 1.5290285362498892], [30.29611602149281, 1.5291901682631972], [30.296180271461438, 1.5296979274639948], [30.296165127476872, 1.5298800697151569], [30.296101102944125, 1.5300004238888898], [30.295875232148628, 1.5302423716697398], [30.295739407350297, 1.5304704740439325], [30.29566520233294, 1.5305291528654665], [30.295587976865683, 1.5305282724006146], [30.29538370839908, 1.5304490710290592], [30.295323621008084, 1.530418609399407], [30.29527604082594, 1.5303740727384765], [30.295170698953374, 1.5301726736653927], [30.295094894716318, 1.5299276486915097], [30.29504221518409, 1.5298115864395965], [30.294762158316935, 1.529393481494499], [30.29470800934391, 1.5293723352372735], [30.294531854313774, 1.5293902009054792], [30.29441495377326, 1.5293759997040801], [30.294192332405096, 1.5293186189589263], [30.293976436922264, 1.529222519413496], [30.293928638585403, 1.5292211097671211], [30.293923906455547, 1.5292420253372505], [30.293944047471715, 1.5292796575466152], [30.29403308343196, 1.5293690211769118], [30.29444113586167, 1.529627421225223], [30.294562266598124, 1.5297365087504151], [30.294619748175165, 1.5298214874354565], [30.294655557133478, 1.5299136596428826], [30.29467089141445, 1.530010930954781], [30.294664829760208, 1.5301096211836225], [30.294596331861694, 1.530310824956262], [30.294473068007576, 1.5305081830188523], [30.294352487522914, 1.530637221029276], [30.29419200587216, 1.5307369194726506], [30.294034383213578, 1.5308049255725245], [30.293900381870493, 1.5308310092357644], [30.293701488909193, 1.5308288964121906], [30.293414621319393, 1.530783242937335], [30.293339339689595, 1.530788782694807], [30.29330929949001, 1.5308096225496017], [30.293317162722126, 1.5308504225548112], [30.29336452960134, 1.5309010962072596], [30.293816363848567, 1.5311937624137244], [30.293930779142578, 1.5312956073758002], [30.293995255990676, 1.531386733530006], [30.294049944089018, 1.5315326919735217], [30.294091648171644, 1.5317240764558309], [30.29411372866169, 1.5322956120594224], [30.29408565992929, 1.5324493707797613], [30.294026426646738, 1.5326074626490263], [30.29394659935171, 1.5327431422856126], [30.29386374110784, 1.5328229826321695], [30.293802317383264, 1.5328483603263154], [30.293702864932502, 1.5328529519445993], [30.293435734651716, 1.532774567253872], [30.29335352416059, 1.532763292484073], [30.29328430952734, 1.532775108096504], [30.29324399051632, 1.5328134310565522], [30.29323588029832, 1.532870201861128], [30.293258860299826, 1.5329561220187506], [30.29342922075441, 1.5332885324913081], [30.29366714768244, 1.5338431004360311], [30.293698324167913, 1.5339391959747213], [30.293701227725517, 1.5340259329725565], [30.293669821982693, 1.5341172766446534], [30.293595165087964, 1.5341944116107025], [30.293378371686156, 1.5343173953721052], [30.29307627854105, 1.5344228242133195], [30.293022858819814, 1.5344727625183514], [30.293016197328487, 1.534526505644195], [30.293061398470282, 1.5346005579972768], [30.293172099070535, 1.5346782707322135], [30.293349611333426, 1.5347670187127922], [30.293501113687185, 1.5348137183173391], [30.293750696948795, 1.5348289408102136], [30.294041033635555, 1.5347721773704848], [30.294156966250444, 1.5347968946451924], [30.29423893653918, 1.5348874689810812], [30.294405004383027, 1.5349670806949895], [30.294484621449552, 1.535031243454646], [30.29466521226652, 1.5353106700824195], [30.294719051130755, 1.5353695879251283], [30.295100441769364, 1.5356368720743676], [30.29514086333202, 1.535698198942704], [30.295162293410364, 1.5357717454169706], [30.295162768838928, 1.5358473942260251], [30.29514323658774, 1.5359169864857858], [30.295077064425758, 1.536023856554928], [30.294993441949927, 1.5361214377151051], [30.294860679800287, 1.5362313874886995], [30.294711976199235, 1.536325958538678], [30.294561691076836, 1.5364785168964228], [30.294037133459796, 1.5367823825498415], [30.2937461160628, 1.5369023629367757], [30.293452153070984, 1.537112306527068], [30.293338732995533, 1.5371806179832614], [30.293270635090103, 1.5372023966114476], [30.29305170316857, 1.5371669708523494], [30.292986015561837, 1.5371306069853985], [30.292697223208016, 1.5367226668281908], [30.29250748647054, 1.5365435092241522], [30.292380366012527, 1.5363984932461985], [30.292285007031094, 1.5363199315872105], [30.292218148279847, 1.5362841941145657], [30.29213988516905, 1.5362637946414721], [30.29191193271867, 1.5362326999571014], [30.291818028295257, 1.5362491956547377], [30.29176951017944, 1.5362846579362033], [30.291729778850023, 1.5363530959010505], [30.29161608801093, 1.5366969085246194], [30.291463176107364, 1.5370423788545726], [30.29139213745907, 1.5371441556639325], [30.291324778244594, 1.5372001958159507], [30.2912135222065, 1.5372405525817636], [30.291062110377315, 1.537328836007918], [30.29096104792902, 1.5373461882181718], [30.29080441690933, 1.5373147577399364], [30.290581331825827, 1.5373027060552762], [30.29043514212317, 1.5372491935490915], [30.290264532966145, 1.5371643801429655], [30.290225038436486, 1.5371584914649907], [30.29020460180058, 1.5371699126214486], [30.290193992389405, 1.5372552837152318], [30.29025870582598, 1.537515867557416], [30.290265572141912, 1.5376162234584132], [30.29024750989534, 1.537699712427201], [30.290166144489806, 1.5378986462824267], [30.290166144728328, 1.5379660950071607], [30.290192035946085, 1.538079653154816], [30.290181240186573, 1.5382004003585084], [30.29015067347605, 1.5382506811749959], [30.290085959561083, 1.5382761830488407], [30.290025700735026, 1.5382605387562232], [30.289868647848817, 1.5381731221170565], [30.289712975094332, 1.5380318521189857], [30.289596076712858, 1.5378938126015111], [30.28945676968838, 1.5378122319100955], [30.289285349572427, 1.5375685382474689], [30.289216546562212, 1.5375044360111583], [30.289086399171552, 1.5374321490593368], [30.288872314091638, 1.5373549336240233], [30.288493325283138, 1.5371380922318487], [30.28832687655505, 1.5369914733743597], [30.288179889336433, 1.536884986703994], [30.287981405167024, 1.536668029718774], [30.287791138992382, 1.5362871982214894], [30.28770573245307, 1.53616440001248], [30.28753862249311, 1.5360325478337837], [30.287258711116085, 1.5358479008228485], [30.287049684760845, 1.5356471578647037], [30.286941578439322, 1.5352858448406144], [30.28679253956166, 1.5350411114729856], [30.28674240818145, 1.5349294884245615], [30.286689129039072, 1.5347199306062347], [30.286623848722034, 1.5343530273628718], [30.28662154509943, 1.5340477390903107], [30.286685304675654, 1.5335998411720577], [30.286674974900855, 1.5331501181724252], [30.28669378883205, 1.5329543635212417], [30.28668064764237, 1.5329074477850073], [30.28665253545213, 1.5328954505036123], [30.28660366701763, 1.5329055928210644], [30.286418522317703, 1.5330009822638615], [30.286209611785132, 1.5330648207308264], [30.28605339221164, 1.5331372840808675], [30.285900590824014, 1.533180653364297], [30.28578308903466, 1.5332543966724608], [30.285709020001246, 1.5332835306997075], [30.285562163065755, 1.533289151511359], [30.285417302628908, 1.5332634577723048], [30.285349539128646, 1.533236414075977], [30.285282130655553, 1.5331830746597603], [30.285240398016057, 1.5331073779717568], [30.285143017457866, 1.5327093117936186], [30.28503712561988, 1.532561557964972], [30.284896062573768, 1.532287181859066], [30.284810631693126, 1.5321817185249038], [30.284374080295397, 1.531902092485766], [30.284033525791685, 1.5317715372411569], [30.28389033466279, 1.531696536771869], [30.283768251132653, 1.5315910735334575], [30.2836629902861, 1.5315330309360076], [30.283610546794556, 1.531485250303918], [30.283554445618968, 1.5313942238332052], [30.283477896139114, 1.5312069988695485], [30.283400951074245, 1.531114908354395], [30.283294227634215, 1.531047772506211], [30.283108523754, 1.5310032055823706], [30.282997476363867, 1.5309580266296876], [30.282917786105877, 1.5308927350457757], [30.282895183604104, 1.5308291176861422]], [[30.28288964747586, 1.5308277633352836], [30.28288620659665, 1.5308269215633157]], [[30.282851122175632, 1.5308186771557504], [30.28284132088611, 1.530816476290856]]]}}, {"type": "Feature", "properties": {"OBJECTID": 2993, "Id": 21420, "Contour": 1352.5, "Shape_Leng": 9881.19494176}, "geometry": {"type": "LineString", "coordinates": [[30.28689114714228, 1.544867408966353], [30.28692175235243, 1.5447946695171222], [30.286977361876648, 1.544745774084639], [30.28705930597721, 1.5447324826979303], [30.287138287353184, 1.5447613889660285], [30.28760163006412, 1.5450653708437494], [30.287690231523854, 1.5451520511875085], [30.287880630396117, 1.5453849459649074], [30.28809615246029, 1.5455534750935302], [30.288195284266827, 1.5456055242747515], [30.288399985917575, 1.5456188536531301], [30.288668373362, 1.545599917992949], [30.289234313267688, 1.5454997568371862], [30.289384574678973, 1.545505732986292], [30.289510879976547, 1.5455395889138777], [30.28973815064282, 1.5457008422841318], [30.290006510202378, 1.5461208648826437], [30.290116424954572, 1.5462450185237044], [30.290306859161873, 1.5463702110603341], [30.290865401371864, 1.5466923629491462], [30.29095986562998, 1.5467235467545368], [30.291013048484817, 1.5466993599716548], [30.29105152217742, 1.5466372172500182], [30.29114204250234, 1.5462797454265398], [30.291246360033817, 1.5460098551439558], [30.291450424838796, 1.5457858436737164], [30.291560168174453, 1.5457351835596256], [30.29163034402114, 1.545735085835841], [30.291715994721713, 1.5457574281961035], [30.291786270063543, 1.5457883717072511], [30.29184827852411, 1.5458356921671925], [30.291912918007018, 1.5459137014293876], [30.292112117769015, 1.546230883353287], [30.292230164517218, 1.5463703668475024], [30.292312642332227, 1.5464451889300366], [30.292386233105955, 1.5464866192740145], [30.29249165157078, 1.5465177429991115], [30.292556924537628, 1.5465164801289821], [30.29260291657205, 1.5464888929066136], [30.292626006346907, 1.546443928284319], [30.292634025517017, 1.5463832880674149], [30.292623620541587, 1.5457134479013823], [30.29266742181418, 1.5454156005084367], [30.292670325829683, 1.5452079478414895], [30.29269285434749, 1.5450669463610678], [30.29280317826022, 1.5446856431334162], [30.293014702073652, 1.5444099011825265], [30.293060733307364, 1.5443747568279405], [30.293143346374546, 1.5443677346110272], [30.293265409259135, 1.544411029201672], [30.29338749005689, 1.54447913458626], [30.293541308613424, 1.5445980620412212], [30.293740783297665, 1.5446923535628951], [30.29396277325878, 1.544868050907507], [30.294030592562187, 1.544899549846549], [30.294100543329726, 1.5449106497205631], [30.294250291550057, 1.544893062893818], [30.294312137113447, 1.5448508559512648], [30.29433673477633, 1.544788261489753], [30.294367268473447, 1.5445788188844287], [30.294428984213067, 1.5443720894318096], [30.29455171970588, 1.5441982211195409], [30.294674721352727, 1.5441176198691962], [30.294758041571647, 1.5441095129699551], [30.294871620826733, 1.5441213364585502], [30.295364794115205, 1.5442689056280194], [30.29568758976404, 1.5443341236155257], [30.295983390183654, 1.5444793636803205], [30.29605363540612, 1.5444727848275217], [30.29611988018388, 1.544421122367926], [30.296149266712366, 1.5443599508364463], [30.29615522053361, 1.5442848923940744], [30.296097705018102, 1.5440228580892463], [30.2960944714082, 1.5439060033893366], [30.29614540754645, 1.5437503519239053], [30.296262924666813, 1.543558861997694], [30.29626211574947, 1.5435085015163401], [30.29622978055269, 1.5435010352806946], [30.2961522615064, 1.5435408196611569], [30.295954604151824, 1.543536011274399], [30.295720792046907, 1.5435986972568179], [30.295649562122513, 1.5436053565217973], [30.295545078357776, 1.5435715223416435], [30.29539757690204, 1.5434649159508749], [30.295300554235503, 1.5433523005886554], [30.295150805073813, 1.5430580747247602], [30.294912308195684, 1.5427527871729843], [30.294820081414045, 1.5426746141536454], [30.29451271898671, 1.5425037933795174], [30.294428016333537, 1.5424312728917087], [30.294405043205067, 1.5423774322221793], [30.294378771021748, 1.542149115039489], [30.294301997721533, 1.5418981784746262], [30.294251684230286, 1.5418129812562194], [30.294114977082835, 1.5416732152716692], [30.294018800035065, 1.541597021804602], [30.29383340172405, 1.541490694579849], [30.29359675601006, 1.5413893600657151], [30.293328935993138, 1.5411670852755652], [30.293294028951152, 1.541116738397328], [30.293259670935118, 1.5409913021633392], [30.293124198492563, 1.540813570624631], [30.293106665053273, 1.540709025890881], [30.293154541262993, 1.5406403157138866], [30.29327319311729, 1.54059126250501], [30.293568189657734, 1.5406066138939332], [30.293886646537317, 1.5408356161923906], [30.293984672560757, 1.5408627288934786], [30.294203048982045, 1.5408841509470588], [30.294367556893867, 1.540957791858238], [30.294460190650188, 1.5410393771655568], [30.29459812764575, 1.5412026549792217], [30.294711301153754, 1.5414172378794009], [30.294760940626176, 1.5414584922955876], [30.294880871677016, 1.5414948516865128], [30.29515425124703, 1.5415116782074136], [30.29520601577599, 1.541505303075082], [30.29524503790391, 1.541482683909317], [30.295285113003803, 1.541408393936244], [30.295294012934658, 1.5412587807690092], [30.29526604157997, 1.5407006268213037], [30.29523498413718, 1.5406336419743716], [30.295158136923508, 1.5405889330412232], [30.295014382292816, 1.540427021659461], [30.294876254880155, 1.5401694079299157], [30.294837255573817, 1.540013089483247], [30.29484848522187, 1.5398277635927702], [30.294903994384185, 1.5396748771556077], [30.29494567462101, 1.5396188144164642], [30.29522206969615, 1.5394676596566188], [30.295447368326588, 1.5392862254402984], [30.29548146739119, 1.5392239005300035], [30.29549919010459, 1.5391484138158487], [30.2955144320313, 1.5388081478754683], [30.29555964870502, 1.5386253862136237], [30.295607284966536, 1.5385516034963134], [30.29568757529296, 1.5384743299498589], [30.295750028011483, 1.5384399712044072], [30.295860871438137, 1.5384072981658592], [30.296047743577393, 1.538391153081318], [30.296196932170293, 1.5384166033371363], [30.296368096761654, 1.5385020984022921], [30.296517201294662, 1.5386274124349253], [30.2966272892991, 1.5387776747430406], [30.296761209575045, 1.539015353930542], [30.296872627625824, 1.539287937257172], [30.296950435814257, 1.5396418565810865], [30.296976191106573, 1.5396875087616015], [30.29700638427847, 1.5396909062706234], [30.297053046048877, 1.5396638610018272], [30.297349712474553, 1.5393992575760662], [30.297464284153868, 1.5393618665410729], [30.297545473847634, 1.5393712197357359], [30.297630766897377, 1.539409338778046], [30.297886934775494, 1.5396319482688647], [30.297921034701012, 1.5396415588860843], [30.297946935323438, 1.5396186870381954], [30.29793302778153, 1.539312323796916], [30.297981223083767, 1.5389642550451492], [30.29796316090424, 1.538595669015178], [30.297929690269463, 1.538479680270873], [30.297732514491372, 1.5380577115518526], [30.29771064750193, 1.5379622016311227], [30.29771013298493, 1.5378647053626802], [30.297752113051672, 1.5377387254398989], [30.297843416935727, 1.5376294214157709], [30.297935792312444, 1.537579486189616], [30.298236772781948, 1.53747822822208], [30.29827702456475, 1.5374410733677546], [30.298282616123597, 1.5373959952621288], [30.29825732794298, 1.5373388598641116], [30.298205271789403, 1.5372736375084282], [30.297976734058807, 1.5370891680272398], [30.29789257181193, 1.5369825329800753], [30.297821300467167, 1.5368383371590373], [30.297701402653786, 1.536455337946595], [30.297648925473577, 1.5363483380195562], [30.297579741740993, 1.5362849277405397], [30.29735948101325, 1.536178571937125], [30.29731462158259, 1.5361184764712388], [30.297303458333268, 1.5360582003093177], [30.29733384510115, 1.535967144824049], [30.297441184800856, 1.53580130612028], [30.297615642201873, 1.53562330295501], [30.297693753390938, 1.5355707212976941], [30.29778862735747, 1.535547558784133], [30.29789031615998, 1.5355523004256662], [30.298050949343015, 1.5355838190530335], [30.298284108175654, 1.5356541630253482], [30.29837433211003, 1.5356650937768859], [30.29842172086379, 1.5356550933397892], [30.298447614129355, 1.5356298661717305], [30.2984378186468, 1.5355526238345827], [30.2981876370785, 1.5352382524520245], [30.29796302399022, 1.5350632746152764], [30.29777289473639, 1.5349569166499186], [30.297542980670187, 1.5348755742132267], [30.297426944922545, 1.5348568042730981], [30.297106088279175, 1.5348492917209506], [30.29691111916369, 1.5347929400220806], [30.296775572403014, 1.5347257641586967], [30.29670979591173, 1.534677043453421], [30.296663113778642, 1.534616248848948], [30.296586982220937, 1.5344650463283187], [30.296521517696284, 1.5344147102558634], [30.296427754782215, 1.534412134424688], [30.296207613467278, 1.5344696862131308], [30.295959000802885, 1.534471937306169], [30.295811242452054, 1.534451676605076], [30.295724710783265, 1.5344114143046275], [30.29566569328406, 1.5343340797564677], [30.295612694945124, 1.5341985991740497], [30.2956028492646, 1.5339294848745957], [30.295571209074307, 1.5338103397227139], [30.29549086562617, 1.533706390596933], [30.295331478861144, 1.5335844643723753], [30.29520008641482, 1.533460807513569], [30.294972426274157, 1.5331980298209589], [30.294912443111716, 1.5330450240965843], [30.294904942355, 1.5328246785473676], [30.294969820566838, 1.5324764789128649], [30.295122824501586, 1.5320018118668324], [30.295145762104557, 1.5316153173034175], [30.295184529442473, 1.5315085565395496], [30.295223709235593, 1.5314673283571798], [30.295288612856048, 1.5314304681297077], [30.29549958614493, 1.531380777566215], [30.296065522449283, 1.5313672553294333], [30.29628628064642, 1.5313789860952165], [30.296504020191474, 1.5312324621886066], [30.296698608049883, 1.5311295605233044], [30.296724647692177, 1.5310895521421555], [30.29671977350095, 1.5310492869515777], [30.296608790638256, 1.530918908596067], [30.296561647200317, 1.530815954222466], [30.296555116756657, 1.530713383595083], [30.296576447764032, 1.530521964304331], [30.29660569171229, 1.530394528808581], [30.296657122994528, 1.5302878123053556], [30.296859655340732, 1.5300961399806803], [30.296945477054322, 1.5300599796522363], [30.297072527275432, 1.5300761850474354], [30.297185321934734, 1.5301236722514957], [30.297366948336215, 1.5302564875704894], [30.2974835162403, 1.5303196849366685], [30.297607059236956, 1.5303539118816953], [30.29776382239018, 1.5303589570535043], [30.298213869173168, 1.5302922550739084], [30.29839956219147, 1.5302376704955416], [30.298692141632056, 1.5301015797694193], [30.29874893369574, 1.5300248352385277], [30.298751520297223, 1.5299531482557425], [30.29872455915619, 1.5299338982902688], [30.298672009591844, 1.529935284588186], [30.29848323636825, 1.5300210536498713], [30.29835111605793, 1.5300518353749315], [30.29807469589616, 1.530067619263324], [30.297911043461486, 1.5300500389676064], [30.297824010131315, 1.5300144797301582], [30.29774819951973, 1.529964356066993], [30.297464424953315, 1.529686973527674], [30.297364176022807, 1.5296075645778229], [30.297279481984344, 1.529566066483342], [30.297081862917494, 1.5295111941706623], [30.296991562736807, 1.5294575821057863], [30.296946041140362, 1.5293741531998648], [30.29696288186141, 1.5292193890119787], [30.2969541401572, 1.5291657897718496], [30.296810268628413, 1.5289379553875417], [30.296769833620797, 1.5288244658635062], [30.296786039217466, 1.5286960535160787], [30.29690924603705, 1.5283393533016496], [30.296918276606704, 1.5282362862060688], [30.29690655309016, 1.52820948113266], [30.29688316691843, 1.5281998705962065], [30.296788975046347, 1.5282245670895866], [30.29657681204282, 1.5283369301863965], [30.296508872438192, 1.5283450758153185], [30.296384652424912, 1.528327587360714], [30.29633479987176, 1.5283599452554113], [30.296282458138652, 1.5285847036651563], [30.296173246551643, 1.528833512890593], [30.296125209458793, 1.5290372521140017], [30.29612894456719, 1.529198759664251], [30.296200098530218, 1.5297128931059314], [30.296200001025486, 1.5298261147222587], [30.296184563567433, 1.5299055354186637], [30.296121637364614, 1.5300217806895766], [30.295911467057554, 1.5302396042323225], [30.29575479077289, 1.5305344281834774], [30.29567311431217, 1.5306017875463787], [30.295572947771305, 1.5306267468296675], [30.295510755042415, 1.5306192533339866], [30.295337047063548, 1.5305107471735238], [30.295251230872037, 1.53043760252926], [30.29513815466977, 1.5301995337090097], [30.29505913221285, 1.5299231138290474], [30.29500765465896, 1.5297973544741328], [30.29492703679082, 1.5296674731566084], [30.294754583489524, 1.5294520868788286], [30.294661014236823, 1.5294139598282435], [30.294368311662197, 1.5294037597904575], [30.29430905146518, 1.5294184141050966], [30.294294015121114, 1.5294582174463687], [30.294310914654982, 1.5294946908769813], [30.29457840849065, 1.5297252167374358], [30.294648054573905, 1.529826888390393], [30.294687674064804, 1.5299361540835774], [30.294697743171756, 1.530046419169001], [30.294678112163652, 1.5301680430613938], [30.29462605790572, 1.5303072949629881], [30.29454645338202, 1.5304542953734106], [30.294443177684762, 1.5305965098139882], [30.294366303732886, 1.5306717291478604], [30.294239921434112, 1.5307508205954687], [30.2940696380404, 1.5308247162357267], [30.293859675930243, 1.53085898157601], [30.29369066946828, 1.5308534745057913], [30.293461423209713, 1.5308202520387137], [30.29340593433564, 1.5308233201509234], [30.293375213846303, 1.530846287010775], [30.29339249533024, 1.5308815561506581], [30.293446876294148, 1.5309265265998233], [30.293788216334686, 1.531129580920952], [30.293936290201867, 1.531239159581507], [30.29400955669694, 1.5313112047789368], [30.294073556363053, 1.5314148139389065], [30.294108830879512, 1.53150031059349], [30.29412677051233, 1.5316135700065987], [30.29413458280181, 1.5323246211571524], [30.294102424587578, 1.5324808306943305], [30.29404074307208, 1.5326390393663585], [30.293953966512483, 1.5327908921633653], [30.293872627142704, 1.5328686351916847], [30.2938107132704, 1.532894111458105], [30.293724326346638, 1.532896567379052], [30.293363853947504, 1.5327912908544044], [30.29330428935024, 1.532798265696238], [30.29327105935003, 1.5328289978327472], [30.29326506887813, 1.5328854943553005], [30.29329303624125, 1.532974102092939], [30.293461317547578, 1.5332711119983224], [30.29369808352392, 1.5337939737274968], [30.29373371585098, 1.5339150539562236], [30.293736028683526, 1.5340465450838308], [30.29369453578472, 1.5341545497666642], [30.293608357219544, 1.534239269782246], [30.293402344059952, 1.5343463604667673], [30.293109868358513, 1.5344359016021318], [30.293059677244944, 1.5344739716410376], [30.293045043034326, 1.5345261153121053], [30.29308177685747, 1.534587303589146], [30.293191244159907, 1.5346607171354703], [30.29334450563619, 1.5347283202764828], [30.293485529001433, 1.5347645503891487], [30.293614663078607, 1.5347722907522818], [30.294103960184497, 1.5347154838699655], [30.29417977617172, 1.5347261909996883], [30.294250785425362, 1.5347609745478372], [30.2945307953348, 1.5349802910997703], [30.294741057766085, 1.5352946715427], [30.29482023318437, 1.5353899918368032], [30.295138617770597, 1.5356300449792686], [30.295180440799122, 1.535703640335346], [30.29519911548232, 1.5357870357005439], [30.295178868867104, 1.5359190302568142], [30.295025034519757, 1.5361396879781315], [30.294770147204428, 1.5363570327762615], [30.294563773590987, 1.536564317127808], [30.294332700737616, 1.5366912059415705], [30.29415252521431, 1.5368095745596801], [30.29380687606325, 1.5369385792643586], [30.293338996333816, 1.5372545591508266], [30.29323299697125, 1.5372889019704272], [30.293078397095503, 1.5372761917037658], [30.292980844061983, 1.5372178481155134], [30.292916724820667, 1.5371373106027986], [30.292804402671393, 1.5369262307559006], [30.292709199243454, 1.5367941080572547], [30.292629867318134, 1.5367106749761883], [30.292465763031842, 1.5365812795456875], [30.292369835668133, 1.53644864470733], [30.292280523739116, 1.5363687063184113], [30.292213424313687, 1.5363292009042495], [30.29213156088256, 1.536304439673997], [30.29193266787684, 1.5362689859036542], [30.291844996435575, 1.5362834478104137], [30.291789755124288, 1.536331576085742], [30.29174064658769, 1.5364182455035802], [30.29161044848667, 1.5368172540816887], [30.291486134241058, 1.5370800893785368], [30.29139684285874, 1.5372036667882227], [30.29127993229435, 1.53729809009726], [30.291051613531295, 1.537405300229573], [30.29095332796873, 1.537418662190179], [30.290646604005662, 1.5373675948658123], [30.290305445532052, 1.5372300149632454], [30.29026802610882, 1.5372237699037636], [30.290246750966514, 1.53723556631872], [30.29023917327427, 1.5372742018236993], [30.290251465268007, 1.5373438342002297], [30.29034283435724, 1.5375893584018536], [30.290328144694758, 1.5378003379610772], [30.290399885546986, 1.537931645796416], [30.290410904622394, 1.5379992299546896], [30.290399335030273, 1.5380337295114905], [30.290319193673135, 1.5381136772942627], [30.29025058115594, 1.538305371544076], [30.290221813984328, 1.5384584787050517], [30.29020614947755, 1.5384825107324152], [30.290171016927964, 1.5384942921126303], [30.290117413271144, 1.5384754541166272], [30.290013705003798, 1.5383856138145846], [30.289930047580857, 1.538363071322326], [30.28987328810756, 1.5383208192993516], [30.289780795213954, 1.538191579088416], [30.28964475120715, 1.538069215957234], [30.289556102203466, 1.5379447369054513], [30.28942101138562, 1.5378404583898937], [30.289315467579794, 1.5376626696229767], [30.28923418380869, 1.5375690130511313], [30.28907469360674, 1.5374742300303184], [30.288862782753988, 1.5373969656460555], [30.288686348174178, 1.5372839313649562], [30.28847710027088, 1.5371741394394705], [30.288161022918285, 1.5369169120752861], [30.28798006752506, 1.5367289350552358], [30.28777571526435, 1.5363349299503979], [30.287670902575965, 1.536188821368699], [30.287503255523095, 1.536058065368642], [30.287212814995986, 1.5358850598730929], [30.287012757214402, 1.5356637434962634], [30.286922459788894, 1.535443667098014], [30.286882813091342, 1.5352596304943362], [30.286701300452453, 1.5349278641298993], [30.28663349382081, 1.5347003012408718], [30.28658025200314, 1.534456049469213], [30.286566049870622, 1.5340951715727436], [30.28664364649904, 1.5336121823416349], [30.28663210332408, 1.5334716781899242], [30.286645786312558, 1.5329898787275684], [30.286632402810778, 1.532953622161421], [30.28659204487537, 1.5329564902943698], [30.286426701010157, 1.5330380163381216], [30.28622265988299, 1.5331021947299246], [30.2860827674911, 1.5331707141064668], [30.285931863073603, 1.533219610288231], [30.2857773928875, 1.5333047493849765], [30.28570918943494, 1.5333278599777818], [30.28554768920653, 1.5333354589406707], [30.2853270833966, 1.5332818123001875], [30.28525629470059, 1.5332381460066], [30.285213816634762, 1.5331836080179218], [30.285131723405453, 1.532853955050948], [30.285035217899416, 1.5327101746471934], [30.284862944973668, 1.5323076053257128], [30.284782117550122, 1.532211922246281], [30.28468133748656, 1.5321448258315744], [30.284446606586187, 1.5320535365306707], [30.28426605413814, 1.531949864850606], [30.284083998455635, 1.53190145547073], [30.283764919889787, 1.5316577004832632], [30.283658866307835, 1.5316500921546596], [30.283440723164773, 1.531522951284621], [30.283375403463843, 1.5314595803021884], [30.2832670963533, 1.5312887779846258], [30.283205656868777, 1.531250055699228], [30.28306983699109, 1.5312075826338034], [30.283038478399387, 1.5311704460658244], [30.283006833150832, 1.5310939728402202], [30.28296766527345, 1.5310587349454394], [30.282812664483952, 1.5309996338120746], [30.2827507460599, 1.5310004617257538], [30.28262616636514, 1.5310311270310493], [30.282584693344038, 1.5309496607454465], [30.282540501918223, 1.530926333741046], [30.28224867539965, 1.5311602303778329], [30.282185402124412, 1.5312884653106593], [30.282128179262198, 1.5313439316555548], [30.28206645739195, 1.5313669414860391], [30.282006052277524, 1.5313700501498544], [30.281833844831908, 1.5313095270558283], [30.281886995806172, 1.5314837399157477], [30.281886364309788, 1.5315694525107744], [30.281774594169743, 1.5317631998937875], [30.28170401937725, 1.5320543587752538], [30.281588042371023, 1.5322995122857643], [30.281490982084257, 1.5326489490406758], [30.28145554094075, 1.532713389715299], [30.28139789552788, 1.532743909914378], [30.281284087778438, 1.5327741560508723], [30.280877598723325, 1.5327812837260504], [30.280790056146248, 1.5327686241024936], [30.28068085271212, 1.5327198323366966], [30.280519536358657, 1.532732079265057], [30.28042337785664, 1.532707771557666]]}}, {"type": "Feature", "properties": {"OBJECTID": 2994, "Id": 21424, "Contour": 1352.0, "Shape_Leng": 9774.00047802}, "geometry": {"type": "LineString", "coordinates": [[30.28688204066793, 1.5448312490469245], [30.28691051277272, 1.544727922369911], [30.286969390500005, 1.5446519077966772], [30.287035360810716, 1.5446224297535744], [30.287121351410264, 1.544638983956111], [30.287286354116105, 1.5447788653754215], [30.28762343977059, 1.5450168920932954], [30.287725021021494, 1.5451158896196697], [30.28791619369451, 1.54534620274542], [30.288087100281093, 1.545491291913747], [30.288190927217297, 1.545542263390658], [30.288385293511414, 1.5455499562707216], [30.28855219245306, 1.5455243791388285], [30.28874409910842, 1.5455315235085603], [30.28886190045408, 1.5455047755115645], [30.28902268760278, 1.5454425323944259], [30.289179389744575, 1.5454271530364714], [30.28931901878126, 1.5453860178100443], [30.289390017075302, 1.5453980615529908], [30.289583040942222, 1.5455001794534367], [30.289778136814995, 1.5456470040421424], [30.29001956688816, 1.5460760005636882], [30.290144378150366, 1.5462243193202065], [30.29032175886752, 1.5463322837467608], [30.290587788533546, 1.546461138831345], [30.290864702784, 1.5466500117294935], [30.290948096394846, 1.5466798025263462], [30.29099170656515, 1.5466601725571678], [30.291026047726778, 1.5466018073630399], [30.291095586232604, 1.54624861965232], [30.291213689983458, 1.5459658222899453], [30.291386691228862, 1.5457573507173183], [30.291469803541606, 1.5457041259589002], [30.291559023733228, 1.545675918010612], [30.291632918886567, 1.545674356823038], [30.291692067749132, 1.5456917727910713], [30.29179757985532, 1.545744550637293], [30.291868921851943, 1.5457998437249294], [30.291930826973417, 1.5458771193772054], [30.292126755805402, 1.5461958907822397], [30.29231723796111, 1.5464088761334105], [30.292387888693785, 1.5464502322119402], [30.292474981744412, 1.5464751100768428], [30.29254216099607, 1.546476280637451], [30.29258521855514, 1.5464519705999884], [30.292604278891208, 1.546391548612714], [30.292601384245117, 1.5460619541231584], [30.292565785983154, 1.5456574011603867], [30.292631898930146, 1.545421037533445], [30.292637772586584, 1.5451787952192197], [30.292677430579598, 1.5449156682166891], [30.292729557483096, 1.5446866286117205], [30.292797068007722, 1.544532308946085], [30.292979387309497, 1.544343421729164], [30.293022739321433, 1.544314359302234], [30.293139553063455, 1.544307808653311], [30.29328883754966, 1.5443664148665073], [30.29355796611415, 1.544543117555797], [30.293753161215076, 1.544650254027077], [30.293983606151947, 1.544837338861003], [30.294098354257624, 1.5448721291323844], [30.294202167587233, 1.5448621088988583], [30.2942759824672, 1.5448119435948493], [30.294298827281906, 1.544751396068347], [30.29433770123547, 1.5444773456225138], [30.294380559219828, 1.544347277420465], [30.29452739139152, 1.5441310871619387], [30.29462995744531, 1.5440605029052992], [30.294716004938817, 1.5440535222791485], [30.2948687995424, 1.544080537046761], [30.295364579809362, 1.5442419426282596], [30.29572441362541, 1.5443107822325113], [30.296008816972194, 1.5444179143886947], [30.296058535092172, 1.544414680425039], [30.29609205558206, 1.5443897941637665], [30.296118918378934, 1.5443087113533938], [30.29605769561928, 1.5439727540952182], [30.296062194581996, 1.5438716117258828], [30.2960936992709, 1.5437063503170865], [30.296074421280238, 1.5436339792326421], [30.296019455840163, 1.5435927120716846], [30.295955852149334, 1.5435797665913507], [30.295680490978132, 1.5436528650811778], [30.29558989757361, 1.5436520564414105], [30.295507856292556, 1.543607864481281], [30.295342016144403, 1.5434652540945797], [30.29525196963972, 1.5433542313261295], [30.295112597237043, 1.5430659072518378], [30.29488813964695, 1.542782227325979], [30.29477213242769, 1.5426887468261], [30.294449325236023, 1.5425328826932707], [30.294363597098766, 1.5424584219639528], [30.294335597700645, 1.542401727125403], [30.294327511437533, 1.542240410498462], [30.29428687545696, 1.5421144360184504], [30.29419059839161, 1.5418764263771247], [30.294093629418644, 1.5417495809659028], [30.293977331891128, 1.5416547969926608], [30.293836120555916, 1.5415706269918406], [30.29353832072953, 1.5414344679695338], [30.293259351266137, 1.5412041312295586], [30.293044798137117, 1.5408137067978604], [30.293021708944522, 1.5407263049851325], [30.293023195805052, 1.5406336651468304], [30.29306780013536, 1.540499427451425], [30.29310070610917, 1.5404532015319725], [30.293136275477398, 1.5404315543062985], [30.293288931515498, 1.5404251154005537], [30.293423183340767, 1.5404621078216862], [30.293550990431186, 1.5404751583705005], [30.29381873962639, 1.540637448821189], [30.29396036569359, 1.5407756041638272], [30.29417612975658, 1.5408121380557667], [30.2943800125839, 1.5409194426183297], [30.294475674128428, 1.5410040943085173], [30.29461983079889, 1.5411664723917513], [30.294728179193886, 1.5413311187857557], [30.294773150440847, 1.5413736286247732], [30.294869486127887, 1.5414068362496751], [30.295123632185007, 1.5414460094230666], [30.295212084789686, 1.5414293356147062], [30.295250664722914, 1.5413618894475407], [30.295268177656087, 1.5412045950445508], [30.295227473183047, 1.540832480245687], [30.29519337427892, 1.5407388747685875], [30.29511518361515, 1.5406085237122493], [30.29491062653823, 1.5403756281355974], [30.294831342127928, 1.5402211306790905], [30.29480269884268, 1.5401079706851055], [30.294791637193978, 1.5399905876216011], [30.294793498339093, 1.5398097520203824], [30.294811682784466, 1.5396817081699823], [30.29484047194507, 1.5395781768769656], [30.29488209489909, 1.539526938003601], [30.29507290355368, 1.5394841078350436], [30.295190994114673, 1.539439067680899], [30.295322194878985, 1.539351901239858], [30.295419286875614, 1.53926156280434], [30.29545138139972, 1.5392051216137947], [30.295469689963173, 1.5391300847436304], [30.295466241703284, 1.538804527805209], [30.295515884512827, 1.5386124822164748], [30.295569783061673, 1.5385250370228691], [30.295651924165245, 1.53844111917649], [30.29571149920625, 1.538403689207035], [30.295816505681632, 1.5383716701754853], [30.295995776414074, 1.5383535360529408], [30.2961739672627, 1.5383713878906564], [30.296356622600594, 1.5384439092060778], [30.29649961954873, 1.5385438513098335], [30.296631928826674, 1.5387153657748596], [30.296758762372693, 1.5389253234617948], [30.29696163474042, 1.5394628633717387], [30.29702362412872, 1.539544417809834], [30.29705929466587, 1.5395540535839063], [30.297109950014068, 1.5395427552263063], [30.297346366698623, 1.5393654103151526], [30.297463648914977, 1.5393372926870312], [30.29754512746366, 1.5393511819059058], [30.297620268447183, 1.5393854328720231], [30.297848693900654, 1.5395696795048859], [30.297875375732524, 1.5395788281493332], [30.297905386304226, 1.5395649139243075], [30.297916853569554, 1.5395109073995288], [30.29791394815239, 1.5392331819331553], [30.29794726628529, 1.5389668241781367], [30.297927195028002, 1.5387808202715645], [30.29792588070951, 1.5386018169921503], [30.297888515419007, 1.5384690408462423], [30.29769398265658, 1.538037920443726], [30.297673417881974, 1.537918990127926], [30.297677600656865, 1.5377963105342156], [30.297719003572016, 1.5377010948323102], [30.29781892520595, 1.537601624137683], [30.29789562160747, 1.5375579095626253], [30.29818289035346, 1.5374574009641235], [30.29822644206339, 1.5374230697736464], [30.298235108039272, 1.5373818004208633], [30.29821596335307, 1.537335526106064], [30.298166236993673, 1.5372755936112001], [30.29794386658223, 1.5371156521940506], [30.2978533459434, 1.5370181451849452], [30.29777013772974, 1.5368439860767487], [30.297689059898364, 1.5365617552154887], [30.297606979861378, 1.536381469376125], [30.297545963013153, 1.5363300982881312], [30.29736425051974, 1.5362663342120804], [30.29728880448909, 1.536222578395985], [30.297242034134808, 1.5361472364997335], [30.297235941248385, 1.5360502205324291], [30.297271092853375, 1.5359508672748567], [30.29738701279916, 1.53578869689119], [30.297590141789414, 1.5355889556082614], [30.297672331173192, 1.5355346955409368], [30.297780118278293, 1.5355105580588566], [30.29786121263685, 1.5355158165867908], [30.298337601894108, 1.5356405766599113], [30.2984053015232, 1.5356177744009787], [30.298401434166596, 1.5355524592175327], [30.29816308382746, 1.5352557411987975], [30.297777519220368, 1.534993197443883], [30.297637940498205, 1.534927825664547], [30.297507042357037, 1.5348855302796325], [30.297077007982168, 1.5348685351353712], [30.296934556496556, 1.5348363812103742], [30.29679265799378, 1.534783215991543], [30.29671288879084, 1.5347425772196053], [30.296661441796598, 1.534697794363108], [30.296563128385433, 1.5345093184420655], [30.296513156510784, 1.5344604681049354], [30.29642364527383, 1.5344566401804567], [30.29623889783163, 1.5345258720429529], [30.29618026093954, 1.5345348331885096], [30.295838660690972, 1.5345000280262249], [30.295713287566663, 1.5344478565306559], [30.29564987946844, 1.534370844775374], [30.295587609577836, 1.5342120416760983], [30.295582135471463, 1.5339240387807012], [30.295555269562918, 1.5338263387152458], [30.295475380954894, 1.5337268340017896], [30.295311180937215, 1.5335980347295868], [30.295159427265496, 1.5334557679490632], [30.29495240724386, 1.533227311179743], [30.29490910621958, 1.533148862851355], [30.29487806693097, 1.5330468468476868], [30.2948685283334, 1.5328085349526726], [30.294927685133903, 1.5324386483775594], [30.295070480605954, 1.5319781311093974], [30.295102339997577, 1.5316137518258057], [30.29514710051219, 1.531497701940564], [30.295192879173513, 1.5314494763536113], [30.29525108499672, 1.5314149878626684], [30.295440713155987, 1.5313670741517735], [30.295897100106313, 1.5313569413203685], [30.296279090540352, 1.5313075109631074], [30.296365516852394, 1.5312737883872634], [30.29666468567574, 1.5311090192843628], [30.296681480632426, 1.5310852623173306], [30.296677525015294, 1.5310586507360864], [30.296564707049157, 1.5309648353651417], [30.29651855550055, 1.5308449641156556], [30.29651725822574, 1.5307535946211028], [30.29655872726071, 1.530479622977411], [30.296591350186574, 1.530344208263946], [30.296638574572153, 1.5302411927546151], [30.29684828444446, 1.5300447361936487], [30.296932403605663, 1.530016880524543], [30.297072396638093, 1.530048567410123], [30.297189377943965, 1.5300998835453599], [30.29736889589967, 1.530232568870905], [30.297494327801004, 1.5302987119432472], [30.297601010944557, 1.5303309157347194], [30.29772715525596, 1.5303387400431143], [30.297980708081194, 1.5302940878242424], [30.298184980978913, 1.5302755915618917], [30.298330606816226, 1.5302408699355923], [30.298646314336835, 1.530097455566331], [30.29868846049623, 1.5300506565852081], [30.298688328104202, 1.5300034370686635], [30.29865362918998, 1.5299915572170428], [30.298511461245308, 1.5300544520121324], [30.2983833515781, 1.5300882103553377], [30.29799585004529, 1.5301305709233588], [30.29793251681573, 1.5301252901834654], [30.297736951123273, 1.5300106982944122], [30.297481580226535, 1.5297409639097928], [30.297353744611478, 1.5296361834264067], [30.297246383815434, 1.5295921231740817], [30.297016507974956, 1.5295472543115305], [30.296929031383097, 1.5294919385484584], [30.296885943759243, 1.5294361001536618], [30.29686664206653, 1.5293802991143042], [30.296893952224398, 1.529231924937075], [30.29688777452003, 1.5291550204040856], [30.296764569182145, 1.528900964651263], [30.296740752002506, 1.52881049124533], [30.296758153548858, 1.528702140195948], [30.296880321471157, 1.5283691444528162], [30.296889117109213, 1.5282576692180536], [30.296863074029865, 1.5282304945989118], [30.296785175934367, 1.5282573385273859], [30.296590361113424, 1.5283839967797606], [30.296519127857643, 1.5283908631363698], [30.296397010358064, 1.5283699483429307], [30.296354040230742, 1.5284004545583025], [30.296295109473082, 1.5286175304717915], [30.29617853180537, 1.528867383027054], [30.29613805279962, 1.5290422658756095], [30.296142386142527, 1.5292074582701662], [30.296220010823657, 1.5297258094826562], [30.296221593821585, 1.5298288111194844], [30.296203793602242, 1.5299315685003614], [30.29613827614331, 1.5300456026960727], [30.29599772660071, 1.5301680484576725], [30.295931076051104, 1.5302488193972181], [30.295778684457296, 1.530583856704821], [30.295728481524474, 1.53063689536724], [30.29564996157528, 1.5306821588259567], [30.295576417533276, 1.5307103749969868], [30.295516459782146, 1.5307083753990431], [30.295303675169453, 1.5306048611910836], [30.29514473345178, 1.5306002919609085], [30.295085907021853, 1.5305742524974912], [30.295064456610664, 1.5305193656402691], [30.29510705073736, 1.5303474560597197], [30.29509487763277, 1.5302115981900644], [30.295030126753687, 1.5299098245624911], [30.29494540087662, 1.5297283365488101], [30.294773094132974, 1.5295228459235861], [30.29470281164218, 1.5294663614493016], [30.294629033760852, 1.529447438303837], [30.29443155577732, 1.52943478493633], [30.29434450163122, 1.5294504876312496], [30.294339091252475, 1.5294742597693538], [30.294355670004382, 1.5295038383622266], [30.294569588775477, 1.5296820100454769], [30.29463872745387, 1.5297659378760664], [30.294686607527847, 1.5298509981876078], [30.29471549138876, 1.529939061974589], [30.294724053165357, 1.530028491199752], [30.294683012536655, 1.5302321409226616], [30.29456039897831, 1.5304804527414584], [30.294465504295438, 1.5306108478065028], [30.29438696165499, 1.5306915643040124], [30.294193700935196, 1.5308029518848063], [30.293850037399817, 1.53091298873155], [30.29381100848873, 1.5309413840377257], [30.29378996364469, 1.530985124461439], [30.293796797190055, 1.531039587235375], [30.293822983152374, 1.5310842269455327], [30.2940008441859, 1.531250893029619], [30.294060278369287, 1.5313238733646335], [30.294122647334657, 1.5314317519864484], [30.294149967093016, 1.5315126035830973], [30.294161011762654, 1.5322416331300315], [30.29414751281257, 1.532379177767432], [30.29411719349825, 1.5325063526453904], [30.293976611725924, 1.532818546456971], [30.29392619599307, 1.5328863407465592], [30.293865059412127, 1.5329295210043947], [30.293802595048703, 1.5329444017434792], [30.293733376165672, 1.532940137934206], [30.29335267800943, 1.5328311856913452], [30.293314400014456, 1.5328386916151242], [30.293297164315963, 1.5328691250143045], [30.293327382930894, 1.532981369896702], [30.293505611610886, 1.53327148249623], [30.293743606460275, 1.5337789605565737], [30.293779898778233, 1.5339243232779014], [30.293769912498234, 1.53411147777554], [30.293723457289662, 1.5342016297708287], [30.29362231424334, 1.5342852563477443], [30.29343435809566, 1.534371179816598], [30.293148231238217, 1.5344465280703439], [30.29309427293607, 1.534482226232614], [30.293076436153623, 1.5345285352246807], [30.29311476912724, 1.5345858545444089], [30.293219994157926, 1.5346501904455176], [30.293360647888722, 1.5347016448076494], [30.29350421307063, 1.534730954851794], [30.293599490385784, 1.5347361056452393], [30.293769859232704, 1.5347189541354356], [30.294149850715364, 1.5346578667293922], [30.294231747075507, 1.5346706589266805], [30.294394809811134, 1.5347322444101832], [30.294568505808, 1.5349425579306544], [30.29472544942813, 1.535208208100908], [30.294811799651242, 1.5353264228571868], [30.29492787870015, 1.5354320248412596], [30.29511360639476, 1.535539934782946], [30.29516267652163, 1.5355847219949503], [30.29520732034698, 1.5356692208345624], [30.295230595862026, 1.5357681420237626], [30.295230700432665, 1.5358544041075548], [30.295209870235063, 1.5359289886158636], [30.29505000195516, 1.5361581866415372], [30.294596203845042, 1.5366173400372853], [30.29438652291508, 1.536720529562559], [30.29422138230526, 1.5368377680753946], [30.293835332013757, 1.5369838507604696], [30.293646088666975, 1.5371094319419607], [30.293409907347524, 1.5373127871153138], [30.293189055175514, 1.5373696800270724], [30.29307111239642, 1.537352860000339], [30.292968093854654, 1.5372796838933833], [30.292878782788932, 1.5371713106419311], [30.292623554427685, 1.5367836317546892], [30.29256647716576, 1.5367287029571501], [30.292393085951648, 1.5366093173104838], [30.29221330770461, 1.536387020935083], [30.292136254674823, 1.5363477015363727], [30.291977636018697, 1.5363113461749225], [30.291868345554825, 1.5363151062281792], [30.291808109063457, 1.5363661226777812], [30.291745569095774, 1.5364759871876885], [30.291637502778983, 1.5368573401821672], [30.291535084572107, 1.5370714941881514], [30.291447131056227, 1.5372106364757954], [30.291323662200405, 1.5373217458760524], [30.291079729941636, 1.537455928053643], [30.290973616096167, 1.5374783943764865], [30.290751828510434, 1.53745610213808], [30.290431329216464, 1.5373315317883838], [30.290372422828646, 1.5373275401945061], [30.29034338086012, 1.5373419862952005], [30.290336941878184, 1.537425842390881], [30.290415843725356, 1.5376159248239998], [30.290490957122923, 1.5379183941674894], [30.290502355004765, 1.5381090309158347], [30.290451219443938, 1.5383314011833868], [30.29037026047289, 1.5384834804440777], [30.2903083363655, 1.538559785321303], [30.290221422968955, 1.5385920946389235], [30.290120786787387, 1.5385827987078837], [30.290044581595506, 1.5385472361652728], [30.289731461655307, 1.5382747222039639], [30.289415336106032, 1.537905970882865], [30.28929751802322, 1.5376907046723507], [30.289201680230967, 1.537587798292834], [30.28904611852256, 1.537495720596263], [30.288853195185787, 1.5374303539016152], [30.28862602489556, 1.5372916260603593], [30.288478858378763, 1.5372266201776803], [30.288011541382442, 1.5368361135641124], [30.287911232858416, 1.5367146748236058], [30.287806053741484, 1.5365314025047203], [30.287703112293222, 1.5363056683885876], [30.287631281850715, 1.536198111036265], [30.28750576330086, 1.5361003291153708], [30.287171663232158, 1.5359057219757508], [30.28706931889524, 1.5358060845782002], [30.28697937746437, 1.5356906454071917], [30.286877402981613, 1.5354726447176723], [30.286852875657917, 1.5353217246096065], [30.286819543342933, 1.535218735415454], [30.28664427920342, 1.5349235519129716], [30.286562576736323, 1.534613541137019], [30.286540981777595, 1.5344419602917099], [30.286527919494187, 1.534092304594038], [30.286592960961833, 1.533655459500922], [30.28660687610445, 1.5333204794766164], [30.28658077831397, 1.5331601651035278], [30.286539171382085, 1.5330982280035255], [30.286454011369223, 1.5330914707461836], [30.286238292908052, 1.5331372705293915], [30.286092331568334, 1.5332181501101674], [30.285945893708227, 1.5332630065357262], [30.285792204090985, 1.5333475505952034], [30.285711843258344, 1.5333748437782437], [30.285555268321808, 1.5333928143232294], [30.28538192522932, 1.5333937730969804], [30.285328402753485, 1.5333809323239425], [30.285225784084542, 1.53329587721926], [30.285187244206117, 1.5332461559127817], [30.285110433777973, 1.5329544686100403], [30.284932868736046, 1.532577355328357], [30.284777602102267, 1.5323220754583986], [30.28468484358424, 1.5322191477736533], [30.28462444758808, 1.5321807459648638], [30.284250454579414, 1.5320219456767183], [30.284081015025855, 1.5319877367012988], [30.283834521206327, 1.5318014922724692], [30.283668466635405, 1.5317562955075585], [30.28355206770305, 1.5316669408316543], [30.283429783807744, 1.531628863830723], [30.28337148768426, 1.5315728734805598], [30.283250175402685, 1.5313853562873168], [30.2831966638054, 1.531339373590322], [30.282844968571077, 1.5312739780415836], [30.28264663506325, 1.5311968993677942], [30.28242641963396, 1.5312109899503992], [30.282302940024504, 1.5313371477895612], [30.282215603184987, 1.5313981742210439], [30.28212356972266, 1.5314332628222576], [30.281974314658342, 1.5314521201564388], [30.281977013555135, 1.5315703714691862], [30.28195938108881, 1.5316458135249438], [30.281819228172626, 1.531885015948412], [30.28167697833625, 1.532298565156071], [30.281591955239975, 1.5326406954921117], [30.28155399193649, 1.5327174704766586], [30.28149543196239, 1.5327813052054584], [30.281176776178206, 1.5328915040673892], [30.28096188205603, 1.532850507227716], [30.280461206123622, 1.5328087220656337], [30.280368381843047, 1.5327754993620673]]}}, {"type": "Feature", "properties": {"OBJECTID": 2995, "Id": 21425, "Contour": 1351.0, "Shape_Leng": 9683.28233268}, "geometry": {"type": "LineString", "coordinates": [[30.286701406373982, 1.5444333865358226], [30.28699409881644, 1.544437195774752], [30.2870710900287, 1.5444609100771411], [30.287185811667854, 1.5445224297845812], [30.287543952370896, 1.5448021364576914], [30.287726332244134, 1.5449756705003883], [30.288004312639472, 1.5452736596921184], [30.28819624886821, 1.5453879882455739], [30.288272180050715, 1.5454180204843322], [30.288718907098374, 1.545433130684098], [30.288811011020396, 1.5454075783422099], [30.288981921014695, 1.545322767118772], [30.28916021997481, 1.5452750583479002], [30.289293497807552, 1.5452178378152834], [30.28939657872712, 1.545205471230007], [30.289464602529943, 1.545223633529036], [30.289803166141173, 1.5455037961147513], [30.28989184706848, 1.5456010755490153], [30.290013926162054, 1.5457964735305243], [30.290128582304266, 1.5460421851270783], [30.290194974720034, 1.5461268682478635], [30.290502375738033, 1.5463445140264427], [30.290781872011344, 1.5465075234835484], [30.290878129855418, 1.5465353727042128], [30.290932186463714, 1.5465171692572655], [30.290967438477267, 1.546465871524844], [30.291049535870297, 1.5461217962526999], [30.29113854323829, 1.545924576072616], [30.291223984890205, 1.5457922056772513], [30.29129428388241, 1.545717861626187], [30.291385869661838, 1.5456555966206535], [30.29147422491094, 1.5456167575124375], [30.291576246580053, 1.5455934058418286], [30.291708935993487, 1.5456045950844788], [30.291853496651523, 1.5456924890790673], [30.291959385784715, 1.5458064203270683], [30.292181545223045, 1.5461502491428376], [30.292310353208496, 1.5463184320317187], [30.292360923949907, 1.5463574873284782], [30.292415341522318, 1.546373238005805], [30.292484454162597, 1.5463436942554794], [30.292510357669258, 1.5462740266683557], [30.292529563465813, 1.5460913722715914], [30.292510067090767, 1.545664241941616], [30.292556625390517, 1.5454016649362043], [30.292595938710786, 1.544663059705163], [30.29264335496095, 1.5445247704568743], [30.29272884161755, 1.5443687454869708], [30.292787520428796, 1.5443133749984659], [30.292948268390614, 1.5442121329158238], [30.29306973596214, 1.5441947776533562], [30.29320636766023, 1.544224442996704], [30.2935513534085, 1.5444502722790308], [30.2937804993783, 1.5445800975090327], [30.29396647663537, 1.5447240125228867], [30.294040005172185, 1.5447555692865138], [30.294118182191887, 1.5447627130679924], [30.29417056265285, 1.5447510514511402], [30.294202663996586, 1.5447135456268744], [30.294295834879737, 1.544327047055018], [30.29435110675681, 1.5441899676287694], [30.294489692401577, 1.5440087702980125], [30.294560922280983, 1.543942473029198], [30.294614902154983, 1.5439127720984258], [30.29469904328603, 1.5439049767943147], [30.29477309582726, 1.5439190018415725], [30.2949535752706, 1.54401585124464], [30.295121223314503, 1.5440680516363998], [30.295309482954526, 1.5441670405015944], [30.295402511689783, 1.5441990175462164], [30.295790336160074, 1.5442350754363676], [30.295897047560878, 1.5442233028426862], [30.295952175003052, 1.5441918724366128], [30.29597363216064, 1.5441455114105445], [30.295980316383964, 1.5440509740189152], [30.295966690236536, 1.5438320933186669], [30.295933091517952, 1.5437396058941895], [30.295895947934184, 1.5437124015698307], [30.295851772416263, 1.5437053349600098], [30.295704500308243, 1.5437407116074944], [30.29557008350561, 1.5437502237513434], [30.295505813628925, 1.5437387492356451], [30.295435317988517, 1.5437034339256501], [30.295352716843258, 1.5436270189526557], [30.29524828741362, 1.543486121004502], [30.29518001011899, 1.5433721443048654], [30.29503991621239, 1.5430646216821846], [30.29496666797489, 1.54295984099174], [30.294867998701893, 1.5428532498671716], [30.294699552183744, 1.5427294818802362], [30.29454791314473, 1.542660647907548], [30.294299747416083, 1.5425892307889424], [30.294219584558498, 1.5425387419538168], [30.294187212898, 1.5424899387737068], [30.29416415388981, 1.5424087768338657], [30.29414810649377, 1.5421149359380018], [30.29410034366788, 1.5419626043257522], [30.294070013849964, 1.5419079955981385], [30.2940145046075, 1.541851875012093], [30.293923310933476, 1.5417920890858636], [30.293418786155996, 1.5415247499949842], [30.29316556877236, 1.5412896512613852], [30.293060166828948, 1.5411591619517815], [30.292844664563642, 1.5407977555744197], [30.292795105227736, 1.5406515681415698], [30.292783716824037, 1.540515292207878], [30.292831086336676, 1.540392067461928], [30.292905573052373, 1.5403144236465438], [30.292997329622317, 1.5402584367738759], [30.293149131718607, 1.5402115897731552], [30.293239469647283, 1.540209850872038], [30.293419134394338, 1.5402688961164783], [30.29358834372449, 1.5403062618903365], [30.29390618876149, 1.5404809584561385], [30.294113745748387, 1.540665496581914], [30.294424961970734, 1.5408850864954018], [30.294687353547253, 1.5411331441880876], [30.294844083144202, 1.541254953994821], [30.294925263482888, 1.5412974317733006], [30.295025708392426, 1.5413277168840265], [30.295106599643763, 1.5413359767656365], [30.295155121366296, 1.5413196807518397], [30.295192936668602, 1.5412608821589457], [30.29520541980694, 1.5411778008045092], [30.29515959988913, 1.540848814519234], [30.295055193282906, 1.5406245746811362], [30.294903313421003, 1.5404921676624266], [30.294794387225927, 1.5403326503129444], [30.294750150654487, 1.5401968691570844], [30.294664755438184, 1.5398004556336464], [30.294552851980832, 1.539537311637421], [30.294531147279244, 1.539431182319322], [30.294534137248554, 1.5393467998906922], [30.29457119982392, 1.539276718069054], [30.294636285222364, 1.5392490701102999], [30.29484534871617, 1.5392856321868986], [30.295104861377528, 1.539371891331555], [30.295205434808942, 1.539355088984651], [30.295317273357885, 1.5392850882446443], [30.29538231864345, 1.539213385424689], [30.29541131172912, 1.5391434620830133], [30.29541792023292, 1.539052908071841], [30.29539248755137, 1.5387646056954716], [30.29544823750362, 1.5385447917292172], [30.295494306361654, 1.5384656985408534], [30.295556783219347, 1.5384033583496997], [30.295657782677136, 1.538333622032202], [30.29576563135642, 1.5382929207824834], [30.29596543000075, 1.5382738355820067], [30.296164933798725, 1.5382953335637937], [30.29639695599638, 1.538381329651485], [30.29655698001399, 1.5384884771217595], [30.29662896878179, 1.538572656797834], [30.296798941828392, 1.538833076062525], [30.29699464298415, 1.5394027269205868], [30.297046601524965, 1.5394765253847251], [30.297079436191083, 1.5394833635927978], [30.297115636396196, 1.5394713296540634], [30.297310310177842, 1.5393168561279522], [30.297416621236845, 1.5392787959049192], [30.297495462940436, 1.5392873344012588], [30.29757751841176, 1.5393170124396605], [30.297782738057645, 1.539455683091558], [30.297826118318348, 1.5394565160131903], [30.297851151728615, 1.5394280739992636], [30.29787999969105, 1.5390117232744565], [30.2978504948804, 1.538792942729076], [30.29785497570416, 1.5385803239742197], [30.297825384147455, 1.5384793770294192], [30.297621529579388, 1.5380304575221868], [30.297598542254597, 1.5379221777107173], [30.297592217197597, 1.5377677896465016], [30.297634963613913, 1.5376600703313823], [30.297772181452082, 1.5375322222363372], [30.29783820739432, 1.5374890749909127], [30.298053783485905, 1.5373940080143544], [30.29808656185198, 1.5373647910292556], [30.298092124751033, 1.5373318924328758], [30.29803435845594, 1.5372584735740396], [30.297772029284733, 1.5370659961362594], [30.297711696589776, 1.5369516497988571], [30.297638957921993, 1.53667414051172], [30.297585779233522, 1.536564910136925], [30.297469654347573, 1.5364213539468503], [30.29725146421665, 1.536318613647263], [30.29718015295227, 1.5362672405752424], [30.297142162058403, 1.5362054087507777], [30.29713062506942, 1.536096879186348], [30.297168044283687, 1.5359599571250966], [30.297250308756208, 1.5358213345623755], [30.29755032123118, 1.5354990568297957], [30.297622811297153, 1.5354461701356144], [30.29769895564875, 1.5354276006625673], [30.297805116137365, 1.535432310473364], [30.298100725667016, 1.5355140905667355], [30.298265585991928, 1.5355802778526377], [30.298302579497197, 1.5355805005651537], [30.298311375688, 1.5355569445774446], [30.298249549326812, 1.5354886476421346], [30.2981895256345, 1.5353682189808615], [30.298127698021485, 1.5352975909801052], [30.297894403493295, 1.535173470224472], [30.297671221350374, 1.5350033201293896], [30.29755925673874, 1.534943669533458], [30.297416235626066, 1.5349121034196265], [30.297114149672908, 1.5349229943674092], [30.296734754869856, 1.5348574822172323], [30.296631142942342, 1.5348046452942483], [30.296508509258185, 1.5346467664364078], [30.296468593164953, 1.534616529625452], [30.296284598455145, 1.5346439718920808], [30.29619988814926, 1.534641961643789], [30.295800692077098, 1.5345729724823038], [30.29569049238871, 1.5345198059877674], [30.295603418194894, 1.5344183348246763], [30.29554702088744, 1.534266122925847], [30.295531648795, 1.5341529257703983], [30.29554008338483, 1.5339325987976096], [30.29551819514612, 1.5338498247913102], [30.295440642654896, 1.5337563948565325], [30.29500709458006, 1.5333900271376844], [30.294919275028327, 1.5332942092425472], [30.29483323161139, 1.5331216244669614], [30.29479512847162, 1.5328661785145832], [30.294803606526976, 1.5326083058974496], [30.294855616976754, 1.5323642086163387], [30.294878794343653, 1.532135763639574], [30.294952529049763, 1.5318997512975168], [30.29501344578538, 1.531585319305913], [30.295073239999766, 1.5314659752487154], [30.29517078090576, 1.5313863304547766], [30.29530856214968, 1.531341436465086], [30.29549221724639, 1.5313135243806542], [30.29581770686432, 1.5313303424512619], [30.2959686589569, 1.531320274874653], [30.296178918531457, 1.5312668211147755], [30.29637411919932, 1.5311753109992214], [30.29642799669423, 1.531125939870384], [30.296451410417934, 1.5310727369459094], [30.2964494676834, 1.53082300142541], [30.29656456716024, 1.5301765550988], [30.296600062666954, 1.5300846957204994], [30.29668929443736, 1.5299398094270706], [30.2967332855842, 1.5298980166255918], [30.296772099430743, 1.529883416872097], [30.296851181377647, 1.529889202569742], [30.29720157922122, 1.5300525874416275], [30.297364592525234, 1.530153039651082], [30.297451974290112, 1.5301643219300647], [30.297519081992952, 1.5301350229820394], [30.297542145186036, 1.530079476796161], [30.29744690712459, 1.5298071006668246], [30.29738271803886, 1.5297237126594976], [30.297300877527213, 1.5296661290296454], [30.297004580121467, 1.529605275587772], [30.296717566388516, 1.5294675924715966], [30.296665201885038, 1.5294713723675677], [30.296624995213545, 1.529498934705755], [30.296572053650532, 1.5296466872460888], [30.2965397903261, 1.5296875647065216], [30.296470167105692, 1.529694543983424], [30.296405876232047, 1.5296510257422302], [30.29636802491261, 1.5295600513469185], [30.29635141059109, 1.5294032964564117], [30.29636504827105, 1.5293159768090006], [30.296402134169494, 1.5292302869666379], [30.29643331264658, 1.529194082240116], [30.296469306842607, 1.529180444177443], [30.29663166764844, 1.5292204343434894], [30.296711441960174, 1.529211682323647], [30.296755870668477, 1.5291741122814035], [30.29677556079018, 1.5291148066782883], [30.29676215612374, 1.5290397425295246], [30.296679009057378, 1.528807100272606], [30.296681488907275, 1.528735071524314], [30.296722029367398, 1.5285799430964255], [30.296717790962386, 1.5285153956551032], [30.296697514112065, 1.5285043432480558], [30.296558616086298, 1.528531440975032], [30.29642069821513, 1.5285057576755126], [30.296230065925794, 1.5288469146764172], [30.296168596801017, 1.5290641456363334], [30.296174309700874, 1.529221002840555], [30.296229486190217, 1.5294422295268384], [30.296256481352845, 1.5296387709841244], [30.296264861791045, 1.529823699445355], [30.296251513587066, 1.5299561848020307], [30.296197203070452, 1.5300633776527968], [30.29602310872948, 1.5301946627477554], [30.29595626575138, 1.5302762881336756], [30.295914992160107, 1.530382547491348], [30.29587391648754, 1.5305955110075842], [30.295818144735698, 1.5307094149322977], [30.29572839633186, 1.5308057161422128], [30.29565148500016, 1.5308405158554297], [30.295554198079806, 1.5308274907575123], [30.295337245738352, 1.5307237183500784], [30.295238489629305, 1.5307039604283972], [30.295145562292284, 1.530724050020312], [30.29493720320152, 1.5308211570276733], [30.294858092994836, 1.5308305326740475], [30.294796000710363, 1.530793409127618], [30.294783601275313, 1.530715635520138], [30.2948205298284, 1.5306228950486922], [30.29496756570669, 1.5303941706047777], [30.295014652327225, 1.5302911421110088], [30.295027755504275, 1.5301730711731556], [30.295002371834457, 1.5300089442239455], [30.29494925204725, 1.5298345601765055], [30.294884937724678, 1.5297341735843202], [30.29466638196694, 1.5295475166406076], [30.2946164262426, 1.5295297278991231], [30.29458727849466, 1.5295398289860695], [30.29459101875394, 1.5295905604387547], [30.29473005852791, 1.5298246118357393], [30.294775917939567, 1.5299600275845078], [30.294754465820006, 1.5301619814203666], [30.294674651226174, 1.5303916322455746], [30.29452157662728, 1.530622472658546], [30.294370409682212, 1.5307877228213034], [30.29415150229834, 1.5308969478429684], [30.29392326720505, 1.5309591936571787], [30.293876894069818, 1.5310111136846831], [30.29388442167072, 1.5310477333137846], [30.293920025594765, 1.5310879425186172], [30.294100792775144, 1.5311962627178548], [30.294173475005255, 1.531255128895455], [30.294209266997253, 1.5313065602189486], [30.29423858482268, 1.5314025257267847], [30.294247523461998, 1.5315475155864595], [30.294199925571775, 1.5319604297948792], [30.294207304594547, 1.5322627855709083], [30.294169169703796, 1.532491521628801], [30.294014200908713, 1.5328711536862416], [30.29395263241404, 1.5329686698498002], [30.293897026043794, 1.5330083580595824], [30.293839071309666, 1.5330237781840206], [30.293609129980844, 1.5330122057337794], [30.293563898933208, 1.5330437106416892], [30.29354365339292, 1.53309433605735], [30.293547644323127, 1.533167308600317], [30.293577000996393, 1.5332501337903903], [30.293707315680205, 1.533504798688776], [30.293813234100867, 1.5336767072282387], [30.293867097428247, 1.5338042151724505], [30.293902249547784, 1.5339670469587388], [30.29388949962062, 1.5341179333670034], [30.293821734798726, 1.5342290570469468], [30.29372089609856, 1.5343059996055382], [30.29351970299602, 1.5344005321101137], [30.293242312250694, 1.534479327981515], [30.293201732849163, 1.5345082895626527], [30.29319217216693, 1.5345461860987009], [30.293221256059702, 1.5345893269247952], [30.29328117928178, 1.5346251929321335], [30.293467827007706, 1.5346659976223447], [30.293826863684693, 1.5346507520741428], [30.29410960177281, 1.5345723154114315], [30.294193569463392, 1.5345622115696844], [30.294446470007482, 1.5346068911444644], [30.29452091041399, 1.5346406279170526], [30.29461247334127, 1.5347238086778126], [30.294681781836015, 1.5348163824671601], [30.2948244986096, 1.5351332984466155], [30.294885948839873, 1.5352290635124441], [30.294993636125927, 1.5353359672164633], [30.295197736618366, 1.535482668288124], [30.295260337666708, 1.5355553472393633], [30.29529728303189, 1.535644444975404], [30.29532929204512, 1.5357980426087183], [30.29533201472385, 1.5358508418121477], [30.29531156984702, 1.5359261419778805], [30.295150827658876, 1.536138256857356], [30.294976937882108, 1.536321375366902], [30.294851616515597, 1.5365520225953446], [30.294730389863595, 1.5366799468987962], [30.294371295868775, 1.5369067349828451], [30.293921996970646, 1.5370465480752136], [30.293727078669985, 1.5371679152491429], [30.293602443990924, 1.5372889088168444], [30.29349271562567, 1.5373688752188304], [30.29307734344451, 1.5375407032220432], [30.293004079026257, 1.5375314982127368], [30.292942657683135, 1.537481921052673], [30.29277830389909, 1.5372710598286745], [30.292730975416006, 1.5371337734689194], [30.292690441271503, 1.537066472906272], [30.2925226027295, 1.536924250387103], [30.292397843255678, 1.5367697473355824], [30.29211842376632, 1.5364786066880667], [30.29202539248853, 1.5364195936735907], [30.29197554741336, 1.5364053537369082], [30.291937634747526, 1.5364105439084632], [30.29187884612809, 1.5364788959747562], [30.2917994826619, 1.536540422873246], [30.29177265065933, 1.5365819680131116], [30.29172524394394, 1.5368860957919728], [30.291636021253623, 1.5370668527550266], [30.291477036624666, 1.5372814419915741], [30.291317438854673, 1.5374137253938822], [30.291136843153335, 1.5375318066193315], [30.29100827951173, 1.5375629092120777], [30.290803830789038, 1.5375456279531772], [30.290508505921792, 1.5374342957521903], [30.29045122237114, 1.5374419304618465], [30.290443951211575, 1.5374711562795877], [30.29045741486227, 1.53752200145757], [30.290634104648067, 1.53790969484667], [30.290652923057557, 1.5380232275979786], [30.290656234484, 1.5381780556050313], [30.290697622799698, 1.5383279373336811], [30.290695142975384, 1.5384161980322308], [30.290675189017, 1.538477972840332], [30.29060445406429, 1.538556350252787], [30.290355669709026, 1.5387137542283975], [30.290215116373503, 1.5387580949064834], [30.290076382640276, 1.5387595896823958], [30.290007211131428, 1.5387373335676624], [30.28996674795556, 1.5387063148448912], [30.28980818464781, 1.5384685315973914], [30.28963905232133, 1.538303319842585], [30.28939617133606, 1.5380032785846787], [30.289231566450198, 1.53772420449456], [30.289117312034335, 1.5376103757039297], [30.28900867186084, 1.5375491382509239], [30.288801075687193, 1.5374762485931879], [30.288634278596785, 1.537371578902686], [30.28846512037197, 1.5372890098786434], [30.288300378874645, 1.5371785759924197], [30.288142760620726, 1.5371414604056728], [30.288089237574763, 1.5371111800783608], [30.288006718504214, 1.5369682068688721], [30.287827784459527, 1.536721763351461], [30.287648993237806, 1.5363274381795362], [30.287595668587745, 1.536242844617848], [30.287517190528206, 1.5361833224984522], [30.287329681280504, 1.53609945505903], [30.28709829021816, 1.5359580234729018], [30.286987537351017, 1.5358716592679666], [30.286917202539435, 1.535792921371735], [30.286783031997896, 1.5354717854874584], [30.286745117454778, 1.5352422615667347], [30.286574119221733, 1.5350148451385461], [30.28650797964652, 1.5348234060024886], [30.286452247914934, 1.5343865550962048], [30.286462883806674, 1.5342323348599227], [30.286446356521697, 1.534030224872035], [30.286457986651957, 1.5339207458913469], [30.28653342588578, 1.533601501976552], [30.286541016707165, 1.5334021587902489], [30.286522159065594, 1.5332836430420838], [30.286469362225493, 1.5332146228866286], [30.286384447031047, 1.5331957210698788], [30.286265667718105, 1.5332200113794738], [30.285937337533255, 1.5334004702676571], [30.285457373329113, 1.5335750155396], [30.285342453280368, 1.5335872664733565], [30.285195623210765, 1.5335692409573936], [30.285159073837473, 1.5335364558027071], [30.285132298597265, 1.5334759574336227], [30.285070838687254, 1.5331666990818125], [30.284989673728596, 1.532930592339687], [30.284820260123826, 1.53255972656721], [30.284736240477113, 1.5324105565167758], [30.28467353834852, 1.5323334568063247], [30.284615714144817, 1.5322992544548364], [30.284486014023354, 1.5322702368035395], [30.28418562689111, 1.5321644139338717], [30.283969355137625, 1.5320561166142064], [30.283818763102317, 1.5320734592458385], [30.283738068014593, 1.5320526672868426], [30.28356475828083, 1.5319241390852059], [30.28332516428907, 1.5316852190742853], [30.283074879373956, 1.5315100225587484], [30.28300624537803, 1.5314772141943225], [30.282796689549965, 1.5314403091657274], [30.282682388080374, 1.5313988865161476], [30.28250651025626, 1.5313995807101328], [30.282353686492574, 1.5314382481718314], [30.282160068480717, 1.5315852685386093], [30.282024637689453, 1.5317639470854922], [30.28191937354971, 1.5319532953601946], [30.281865057980355, 1.5320963737665017], [30.28178907112355, 1.5326025773258318], [30.281751687926544, 1.532758359316882], [30.28173643354822, 1.5329549787395675], [30.28171692295844, 1.533012415186322], [30.281679593082718, 1.5330490659220106], [30.28159804701788, 1.53307245406474], [30.281491431111462, 1.5330768274010027], [30.280903218334405, 1.5329692105760386], [30.28058966555797, 1.5329729643246996], [30.2804356620478, 1.5329357861271484], [30.280304369362714, 1.5328577890419648]]}}, {"type": "Feature", "properties": {"OBJECTID": 2996, "Id": 21426, "Contour": 1351.5, "Shape_Leng": 9681.48197972}, "geometry": {"type": "LineString", "coordinates": [[30.286755842201845, 1.5445225122625759], [30.28690258929809, 1.5444974838567005], [30.287004900861163, 1.5444998576729816], [30.287067008383808, 1.5445167605606487], [30.28717126550349, 1.544572704518068], [30.287386360112784, 1.5447663561256797], [30.287619489752743, 1.5449424717960276], [30.28801664674216, 1.5453591197004166], [30.288096250234727, 1.5454125758588024], [30.288213140926505, 1.5454588344294622], [30.288332977169627, 1.5454785922801308], [30.288739241562237, 1.5454739400616249], [30.288824387166656, 1.545451744906717], [30.289027850992323, 1.5453642597736352], [30.2893016029794, 1.5453109224931685], [30.28938124228891, 1.5453145064416], [30.28945675591175, 1.5453437150903069], [30.289660560717632, 1.5454604596670285], [30.289846926144953, 1.545623704342415], [30.289959710294774, 1.5458040904575814], [30.290058031335395, 1.5460449167656185], [30.290170311566918, 1.5461871575741177], [30.290605064570595, 1.5464293736198278], [30.29082458994566, 1.546576322360678], [30.29092434942646, 1.5466091788334293], [30.290965130550596, 1.5465930173630447], [30.29100065336404, 1.5465387221900577], [30.291065383897923, 1.5462025284930416], [30.291201072413383, 1.5458996933285332], [30.291297958030054, 1.5457770368909522], [30.29136693796353, 1.5457155553862285], [30.291458968125294, 1.5456623008797294], [30.29156813721501, 1.5456307520359778], [30.291639746323646, 1.5456291988121198], [30.291701455426246, 1.5456462134257904], [30.291879068288836, 1.5457624349238568], [30.291948127515514, 1.545847309015874], [30.292137120845425, 1.5461538095297116], [30.292315537186347, 1.546366378587843], [30.2924180797159, 1.546410029904043], [30.292470648940004, 1.5464041755075186], [30.29251282031651, 1.5463776281903692], [30.29254404087883, 1.5463021361847342], [30.292566242903916, 1.5460712125630571], [30.29253989875213, 1.5456399811455177], [30.292594551603077, 1.545409938535649], [30.29260456970608, 1.545154121634352], [30.292660200143008, 1.5446778262323075], [30.29270218274916, 1.5445429235483297], [30.292758717791774, 1.5444444156872914], [30.292982036955546, 1.5442628798900155], [30.293102589579384, 1.5442485150627208], [30.293234001617662, 1.5442933862945494], [30.29376197872237, 1.5446109758443072], [30.29399287059298, 1.5447943756794136], [30.294107531050393, 1.5448281748704609], [30.294199663609902, 1.5448190223721099], [30.294243868267195, 1.5447793844266977], [30.294305948641078, 1.5444340147078632], [30.29435999650373, 1.5442602668140595], [30.294488444832666, 1.544082457227551], [30.29455399328533, 1.5440323921568224], [30.29461103415972, 1.544009413132232], [30.294717921758817, 1.5440011152664368], [30.29481163465333, 1.5440212701821208], [30.295395773680983, 1.5442230660142204], [30.295710786786955, 1.5442738251055252], [30.29600518950376, 1.5443485639806922], [30.296055703964047, 1.544334096035527], [30.296061067985484, 1.5442817009873486], [30.296019199848697, 1.5439681190717813], [30.296026546233882, 1.543734646256759], [30.29600706876004, 1.5436860629635103], [30.2959566194309, 1.5436571345007555], [30.295870809255877, 1.5436483709955697], [30.29567828592617, 1.5436981863185093], [30.295579111303088, 1.5437069742227878], [30.29549634517011, 1.5436883961997276], [30.295422179981617, 1.5436375168111849], [30.295244881776842, 1.5434164719220278], [30.295090291480722, 1.5430935848215184], [30.294900832703625, 1.542848303483911], [30.294743262412375, 1.5427171207118455], [30.294381533932583, 1.5425588845355822], [30.294294734764204, 1.5424850880623855], [30.294255358492446, 1.542393445585082], [30.29424755901908, 1.5422297921987478], [30.29421435322423, 1.5420931115628873], [30.294152560690307, 1.5419405415208425], [30.294083222631613, 1.5418393855041337], [30.29399232814954, 1.5417683601114738], [30.293482860258138, 1.541480830887512], [30.29320789693735, 1.5412410401378585], [30.29289937815775, 1.540713651785643], [30.29286965991377, 1.5406058394847277], [30.29294405073103, 1.5404067699801125], [30.292984868176628, 1.5403602110709107], [30.293041307816377, 1.540329917814806], [30.29324931806785, 1.5402930631128053], [30.29357263091912, 1.5403727140344], [30.293868663345815, 1.5405320134866294], [30.294029300177094, 1.5406768736156005], [30.294379574717233, 1.540882293960875], [30.294768836441193, 1.54125274501948], [30.294848946504374, 1.5413129713811728], [30.29493035704308, 1.541350342317486], [30.295072824214014, 1.541385856171019], [30.295136930412955, 1.5413906124913614], [30.29518404999736, 1.5413734252169222], [30.295225304676435, 1.541293932534025], [30.29523769032921, 1.5411888203075421], [30.295197234577664, 1.540860184728004], [30.295081660530542, 1.540612276179172], [30.294886088998116, 1.540402392394667], [30.294801125137347, 1.5402470466285707], [30.29476531031579, 1.5401086258558256], [30.294694604556664, 1.539620447500799], [30.29469255440453, 1.5394610285632342], [30.2947076261206, 1.5394127174971985], [30.294737497334356, 1.5393932869116218], [30.29488915646561, 1.5393913691509666], [30.29503928763605, 1.5394264372198447], [30.295146326264017, 1.5394152122635725], [30.295268106187986, 1.539356481533116], [30.29537313822497, 1.5392690129994397], [30.295420276921533, 1.539202532459207], [30.295443350456893, 1.5391151580258051], [30.295429665787957, 1.5387833300075395], [30.295482169344552, 1.5385753632668182], [30.29553368575166, 1.5384877856818429], [30.295620012342354, 1.538403675434125], [30.2957052236937, 1.5383518529122888], [30.295787768694236, 1.5383254826322048], [30.295974222577662, 1.5383098707645144], [30.29617159521596, 1.5383316740986204], [30.296386004099176, 1.5384147045255654], [30.296524665441222, 1.5385121905389778], [30.296610387432242, 1.538613938855117], [30.296776571005076, 1.5388715474432226], [30.296976930939362, 1.539426056210652], [30.297006866140315, 1.5394816447487305], [30.297038924269195, 1.5395096554732597], [30.29707871060401, 1.5395164897413158], [30.29711695756248, 1.5395033550668737], [30.297323535318895, 1.5393430393237575], [30.297428231096507, 1.5393091267162866], [30.297506814903137, 1.5393172019061372], [30.297589598176984, 1.539347568617272], [30.297818373164446, 1.5395100074120187], [30.29785974428427, 1.5395086910164266], [30.297881192096316, 1.5394719579273857], [30.29791216671736, 1.5389837413647576], [30.297888353507762, 1.5387873663900713], [30.29788914274428, 1.538584966182342], [30.297852724515284, 1.5384598741229527], [30.297660146533055, 1.5380348888847102], [30.297639320892173, 1.5379266545206176], [30.29763841374965, 1.5377842346407546], [30.297672022167536, 1.5376897546322719], [30.297764476558594, 1.5375961788008852], [30.297859761645235, 1.5375332164432702], [30.298013751179173, 1.5374842451061], [30.29811455393024, 1.5374360901387516], [30.29815576240571, 1.5373964477903124], [30.298162251744156, 1.5373503747692165], [30.298117103894068, 1.537280252529872], [30.29789018752089, 1.5371138904376958], [30.297804637301983, 1.5370188589614302], [30.29772748829651, 1.5368434179595347], [30.297651246049284, 1.5365856169684933], [30.297572437451954, 1.5364263614838745], [30.29751146960205, 1.5363749338740045], [30.297300467809094, 1.5362936121089101], [30.2972254779223, 1.536250908391205], [30.29717956529693, 1.536189989732534], [30.29716766343125, 1.5360844778572806], [30.297201137917217, 1.5359722175332704], [30.297298164283234, 1.5358197551945416], [30.297574977969624, 1.5355371309712604], [30.29763812253528, 1.5354923337421464], [30.297733410720404, 1.5354680883087783], [30.297831729653875, 1.5354736809844982], [30.298289813883862, 1.5356083516011918], [30.2983484838627, 1.5355941249699978], [30.29835236386401, 1.535542855241331], [30.29821503042072, 1.5353501303800752], [30.298143634381635, 1.5352765006075197], [30.297919352388845, 1.5351501817662336], [30.297712774781267, 1.5349937289344864], [30.297585163154405, 1.534929762087145], [30.297428338577827, 1.534892220487852], [30.297183864892723, 1.5349008327455171], [30.297065979617834, 1.5348908208970313], [30.296722007111015, 1.53480043819474], [30.296620632101163, 1.5347201657549094], [30.296529853983696, 1.5345290694795644], [30.296493079003845, 1.5345025821919365], [30.29645346794251, 1.5345089634348985], [30.296311827758686, 1.534577492185488], [30.296220668113367, 1.5345913916309635], [30.29604299832437, 1.5345567755899663], [30.295836214229713, 1.5345387289508943], [30.29570511912885, 1.5344870059973883], [30.29562583701824, 1.534395186559061], [30.295565715172305, 1.5342379959104129], [30.295553078735278, 1.5341281860624212], [30.295560820432666, 1.5339251584431843], [30.295532714300244, 1.5338312311127806], [30.295461806298665, 1.533746693645725], [30.29524478812048, 1.5335677858863555], [30.294959780319537, 1.5332896000591116], [30.294875954373413, 1.5331501475465628], [30.294835329325746, 1.5329753478042087], [30.29483091400605, 1.532823433878109], [30.29486085070354, 1.5325135028993928], [30.294972759663747, 1.5320628881914249], [30.29504859125744, 1.5316201554753972], [30.29508892701905, 1.5315177118134025], [30.29517245243891, 1.5314264798196175], [30.295294229692697, 1.5313727813007925], [30.295491752719727, 1.5313384784622368], [30.29585296810089, 1.5313436663458138], [30.296098919711113, 1.5313107288901402], [30.296339524684853, 1.5312416278634309], [30.296540116766863, 1.5311208374986893], [30.29656346930846, 1.5310771991162164], [30.296504389470815, 1.530970772493619], [30.29648103551654, 1.5308277453232322], [30.296548275771865, 1.5304084800190512], [30.29661506030188, 1.5301492331364013], [30.296742467744334, 1.5299628814246498], [30.296780691686404, 1.529938225007588], [30.296826904018662, 1.5299305203878595], [30.296917905434444, 1.5299539422679278], [30.297175217611183, 1.5300650979283932], [30.29737274216974, 1.5301997561088503], [30.29759537922623, 1.5302984597479825], [30.2977389982375, 1.530309238344076], [30.29779429983027, 1.5302957643084583], [30.29782682947972, 1.5302688798419304], [30.29783262943325, 1.5302317903540277], [30.297810494769696, 1.5301884483381785], [30.297472818726117, 1.5297703261526459], [30.297369400473265, 1.5296737957671314], [30.297257916872642, 1.5296204015125663], [30.29699168090911, 1.5295717514604157], [30.296731174261318, 1.5294128549674904], [30.296577679784978, 1.5293628872955822], [30.296551626755793, 1.529342716234671], [30.296551995766613, 1.5293219192019785], [30.296574939636333, 1.529308482124074], [30.296770094426787, 1.5292796596928397], [30.296820081978854, 1.529250924235786], [30.296848299613057, 1.52920955190983], [30.296843760505315, 1.5291219100895375], [30.296733938526643, 1.5288886339827423], [30.296711694366717, 1.5287945763195034], [30.296728386290006, 1.5287038862925364], [30.296831833180583, 1.5284236313548658], [30.29683234970969, 1.5283282406312342], [30.296805589687768, 1.5283127776317036], [30.296761872573214, 1.5283259896062102], [30.296608925217168, 1.5284425018076984], [30.296438919389505, 1.5284528175024963], [30.296396863659353, 1.5284703003057474], [30.296213760034448, 1.5288251560984754], [30.296163750860302, 1.5289780931682238], [30.296148945053062, 1.5291147230647875], [30.296234915565996, 1.5296721445833166], [30.296242931213918, 1.5298259944543733], [30.296229443354672, 1.5299381128478953], [30.296169950901454, 1.5300524334910353], [30.296010500242865, 1.5301812785530242], [30.295946492407094, 1.5302581523263088], [30.29589990415041, 1.5303585767745072], [30.29583366544826, 1.5305880945469628], [30.29574802400619, 1.5307093568530745], [30.295665734633683, 1.5307668216024168], [30.295583693277877, 1.530779232045506], [30.295287904324024, 1.5306786145555793], [30.295062114813966, 1.5306758205840654], [30.294978531884784, 1.5306427232047515], [30.294952805959362, 1.530604654630369], [30.294948578989175, 1.530556449788037], [30.29503465399476, 1.530339899388814], [30.295051798222808, 1.5301947011574126], [30.295015524474593, 1.5299527136918043], [30.2949672589689, 1.529810956573765], [30.294884418950886, 1.529687067491921], [30.294694594386215, 1.5295070096594583], [30.294596855611854, 1.529475257249738], [30.29442157220007, 1.5294683909482456], [30.294394672037388, 1.529480107100218], [30.294400223938396, 1.5295016815002613], [30.29461789066264, 1.5297018024397748], [30.29468784920779, 1.5297996890850036], [30.294733872868537, 1.529901524485599], [30.294749304178357, 1.5299731887544095], [30.29474752516493, 1.5300569292834734], [30.294691549506805, 1.530279054602902], [30.294582766605544, 1.5304968910387118], [30.294392598880336, 1.5307253417884281], [30.294210741114135, 1.5308301467143424], [30.29390691699092, 1.5309310987116735], [30.293858474856407, 1.5309662211518622], [30.293842235278824, 1.5309981888153559], [30.293845431344923, 1.531043452408605], [30.293872261436682, 1.5310869453151588], [30.294036989999416, 1.531222236994089], [30.29411735264722, 1.5313226854303865], [30.294184962820317, 1.5314441479713912], [30.294203491159635, 1.5315621282126097], [30.29417492226484, 1.5319334538240748], [30.294176572878595, 1.5323344580885563], [30.29413797311185, 1.5325148249993417], [30.294064884252652, 1.5326968268727268], [30.293975494108093, 1.5328748727494024], [30.293906140524182, 1.532949898140407], [30.293807928271328, 1.532980661097237], [30.293585220568943, 1.5329699273753263], [30.293527959237213, 1.5330026565628594], [30.29350037004885, 1.5330562484355232], [30.293501228518426, 1.5331320325214828], [30.29353383758491, 1.5332372182935694], [30.293661875481853, 1.533517619273108], [30.293782112213446, 1.5337247504947087], [30.293823169717655, 1.5338215826568897], [30.293845031959783, 1.5339410122658057], [30.29383308277956, 1.5341076792305437], [30.29378323332288, 1.5342081306811943], [30.29366222999201, 1.5343059719937424], [30.293472417719332, 1.53439006359483], [30.293177965236257, 1.5344646169760547], [30.293126991552697, 1.5344994793237274], [30.29311532187597, 1.5345392190316447], [30.29315628017296, 1.5345876929334445], [30.293248598005754, 1.5346391838552593], [30.293361366144648, 1.5346752045164544], [30.29349305280958, 1.5346963542914787], [30.293782269873084, 1.5346852933314077], [30.294154705950458, 1.5346104989252825], [30.294329269820476, 1.5346359354411911], [30.29446907425296, 1.534687252642286], [30.294572085494337, 1.5347836179739354], [30.29466208748665, 1.5348957056236632], [30.294697405221328, 1.5349762020082407], [30.29473423579178, 1.5351320964712285], [30.294798239674403, 1.5352382374532165], [30.29498828746396, 1.5354063403540403], [30.295163898625383, 1.535509555174962], [30.295217142915657, 1.5355676939425182], [30.29525591339983, 1.5356792965523327], [30.295278227788984, 1.5358201470151553], [30.295270730853602, 1.5358977914682335], [30.29523844744152, 1.5359660485465267], [30.295081761321924, 1.5361652144199232], [30.29492241828873, 1.5363278392322477], [30.29481091328512, 1.5364873752002413], [30.294643910540007, 1.5366581068662857], [30.29444271889187, 1.5367562257501877], [30.294352514733283, 1.5368320191572375], [30.294271510902558, 1.5368773112129912], [30.29385818240906, 1.5370316713524104], [30.293682347901015, 1.5371411955664656], [30.293443912216816, 1.5373495771017218], [30.293110088993643, 1.5374573277887902], [30.29303323230311, 1.5374470887269083], [30.292958145129877, 1.5373885173755204], [30.292593066002517, 1.5368220844010234], [30.292533565063458, 1.5367650289688575], [30.29235854990551, 1.5366464427628939], [30.29215169292138, 1.5364114103432975], [30.292095607738563, 1.5363805649695925], [30.291970135848196, 1.5363484147800626], [30.29187687108183, 1.536358923303858], [30.291813249192405, 1.5364227306731795], [30.291749495892404, 1.536539534210104], [30.29169461018971, 1.536838078579274], [30.29165718138323, 1.5369355755900582], [30.291485846484786, 1.5372213347723709], [30.29135984975806, 1.5373425858159084], [30.29111990608633, 1.5374936081067623], [30.29099652782921, 1.5375250594985224], [30.290777899286663, 1.5375032222214098], [30.29048640906118, 1.5373932989262113], [30.29043465372847, 1.5373964894782595], [30.2904176537119, 1.5374106002554209], [30.29041035327993, 1.537483320525094], [30.290494710223026, 1.5376951512976982], [30.290563168862473, 1.537969861841165], [30.290604183542, 1.5383510929470303], [30.290580596730315, 1.5384167976549774], [30.29051189993573, 1.5385022335654024], [30.290373410368705, 1.5386070406600163], [30.290304312651788, 1.5386382843149524], [30.28999144023827, 1.5386852676834997], [30.289893703062052, 1.5384951735057013], [30.28963745402632, 1.5382315017487531], [30.28941938913829, 1.537976612534804], [30.289285692796096, 1.5377354641709042], [30.289220923048976, 1.537654112223331], [30.28907073334198, 1.5375415089178006], [30.288831950046568, 1.5374588332843124], [30.288620325098087, 1.5373265316724496], [30.288477722174164, 1.5372592677742865], [30.288124716660867, 1.5370095130576102], [30.287944515005208, 1.5368258783157225], [30.287872764450007, 1.5367327001758315], [30.28777585069299, 1.5365560043602313], [30.28766682650028, 1.5363067720214107], [30.28760265007243, 1.5362127609116636], [30.28750999532125, 1.5361446660945368], [30.287115788223836, 1.5359215719165624], [30.286934634319344, 1.5357636873953684], [30.286835215506425, 1.5354642033630792], [30.286782564252402, 1.5352368539560421], [30.28659737453191, 1.53499064712051], [30.286543147194653, 1.5347950649496296], [30.286475655516842, 1.5340517529418853], [30.286485145434018, 1.5339623338190584], [30.286563847594703, 1.5336325362532401], [30.286570278553544, 1.533363977964226], [30.28654882366004, 1.533240596894139], [30.286496698804157, 1.5331693753676174], [30.286402914289273, 1.5331511462177956], [30.286258994558494, 1.533177457591243], [30.286067836468167, 1.5332860724229977], [30.285799088418837, 1.5334002127975923], [30.285427686444184, 1.5335154486702152], [30.28535717509124, 1.53350721052588], [30.28522406048216, 1.5334213002940542], [30.28517133621069, 1.5333571069683491], [30.285020574512505, 1.5328741218605109], [30.284920729861042, 1.532636593346438], [30.284765829197486, 1.5323841086663936], [30.284683991130198, 1.5322898832099665], [30.284630835256184, 1.5322576292787038], [30.284127690757504, 1.5320709735955418], [30.28389689465717, 1.5319148942335217], [30.283876100618755, 1.531919426766887], [30.283837207523, 1.5319951520786093], [30.283777901641766, 1.5319924689839324], [30.28368214124225, 1.5318945291972672], [30.283538098905105, 1.5318198042803222], [30.28345014341352, 1.531748935994378], [30.283323264212363, 1.5316046307390565], [30.283201261818235, 1.531417787995373], [30.283186150078475, 1.5314168770141252], [30.283163963895348, 1.5314534395420905], [30.283143692582325, 1.5314569228293693], [30.283030215644846, 1.5313991653459293], [30.282910892758714, 1.531382921553256], [30.282797408469868, 1.5313871435515314], [30.282697119622515, 1.5313390401245166], [30.282615477142038, 1.5313230346253872], [30.28244940293801, 1.531328378851357], [30.282298504158682, 1.531415031033049], [30.282072101575714, 1.5316234187915518], [30.281892867536808, 1.531905107465268], [30.28179178079517, 1.5321465962249974], [30.281733828417693, 1.532429827617809], [30.28171842444515, 1.5325806132814568], [30.28167760832487, 1.5326837541956653], [30.281691844175388, 1.5329392045345154], [30.281671318414887, 1.533000216515073], [30.281539785865462, 1.5330125330456663], [30.28138574999778, 1.5329375357486184], [30.281116228153508, 1.5329545315621422], [30.28077860000568, 1.5329063954392623], [30.280556267648603, 1.532907152558816], [30.280431048154874, 1.5328738891730582], [30.280340332761806, 1.5328105391702167]]}}, {"type": "Feature", "properties": {"OBJECTID": 2997, "Id": 21431, "Contour": 1350.5, "Shape_Leng": 9146.3609681}, "geometry": {"type": "LineString", "coordinates": [[30.286643177109156, 1.5443429411740328], [30.28672075053618, 1.5443356742624639], [30.28698219224185, 1.5443525239243463], [30.28710843600418, 1.5444050222858068], [30.287499541034883, 1.5446945206402614], [30.28800711642921, 1.545200998979498], [30.288206849009047, 1.5453405316331363], [30.28828964721783, 1.5453770893894898], [30.28871088045594, 1.5453855605329117], [30.288960183615554, 1.5452750696162811], [30.289123063688944, 1.545224083197705], [30.289288555360464, 1.5451436365096702], [30.289406117417744, 1.5451298318651263], [30.28948225389651, 1.5451472767033092], [30.28972662347417, 1.545359107490799], [30.289919476932432, 1.5455623257660023], [30.290053083925606, 1.5457758556860983], [30.290167546755484, 1.5460183901185371], [30.29024555690935, 1.5461137366734476], [30.290349143753538, 1.5461963774140235], [30.290744220340027, 1.5464493761702685], [30.290853838450204, 1.5464914110060721], [30.290901029906323, 1.5464782944818756], [30.290934110659553, 1.5464363922715674], [30.291009185978222, 1.5460932361187316], [30.29108777665319, 1.5459253214350435], [30.291191653976366, 1.5457623575124837], [30.291262669447548, 1.5456847326918883], [30.291351454336706, 1.545619246780583], [30.291543482289114, 1.545561763522544], [30.291703730600958, 1.5455690494797076], [30.291852961437197, 1.5456537967349628], [30.291998951039147, 1.5458051557422705], [30.29231395099472, 1.5462644768528213], [30.292369098162748, 1.546292784324176], [30.292426034105883, 1.5462569819820904], [30.292475098627385, 1.546172497037146], [30.292503981586588, 1.546021452179094], [30.292488289790537, 1.5456383905761806], [30.292544094451927, 1.545017281791046], [30.292537897011904, 1.5447606738449684], [30.29255560012885, 1.544599285034194], [30.292598982087874, 1.5444818703136174], [30.292694100726084, 1.5443045405563405], [30.292928012306277, 1.5441537348204373], [30.293024740836167, 1.5441366134212817], [30.293215839815286, 1.5441781130091907], [30.293536169874386, 1.544403230314861], [30.29380382689974, 1.544557222642558], [30.293958947630834, 1.5446773022284666], [30.29404578086319, 1.5447038910171562], [30.294119655040536, 1.5446767786149393], [30.29415786464783, 1.5446191046777915], [30.29426662646052, 1.5442601554034288], [30.294309639009505, 1.544166354558397], [30.294496328034747, 1.5439250297585367], [30.294581599627875, 1.5438550341734125], [30.294650013152754, 1.5438428002733888], [30.294739207017468, 1.5438525265676868], [30.294965155864883, 1.5439628345392484], [30.295076006930255, 1.5439676647063458], [30.295289595487386, 1.5441212461641582], [30.295399584537037, 1.5441664443502774], [30.295569204189945, 1.5441593209655815], [30.295692432243705, 1.5441157173260172], [30.295855348503732, 1.5441252195761008], [30.29590055368876, 1.5441082853032952], [30.295921310915645, 1.5440369443121156], [30.295921399800942, 1.5438921375884136], [30.29590746811388, 1.5438179968131898], [30.295881041211697, 1.5437775251706753], [30.295833900317213, 1.5437662149723566], [30.295689813712023, 1.5437940595779864], [30.295579081837584, 1.5437977273246186], [30.295497803087848, 1.5437825767477735], [30.295428393983677, 1.5437465948390758], [30.29532524363052, 1.5436480823492422], [30.295194911340523, 1.5434646028824217], [30.295010097709948, 1.5430647711290475], [30.294944721854385, 1.542970957817182], [30.29485050911071, 1.5428720074463504], [30.29474501806447, 1.5427876982739768], [30.294592238665835, 1.542709515791493], [30.29425457148821, 1.5426246067666798], [30.294167782220757, 1.5425707646118514], [30.294112175984353, 1.5424586291946665], [30.294048869206524, 1.5421735988707657], [30.29402730475153, 1.5419961998229628], [30.293990702309912, 1.541921536083105], [30.293848989791663, 1.541803897326193], [30.29337252127594, 1.5415600627195292], [30.293231310954564, 1.5414531244587437], [30.2930623591636, 1.541251139922676], [30.292735176330865, 1.5407860331473417], [30.292686138512344, 1.5406840495907983], [30.292675935973598, 1.5406003764763425], [30.29271867588827, 1.5404067554239993], [30.29274990393633, 1.540331860792916], [30.29280618460279, 1.5402743175031175], [30.29295135095621, 1.540184985979444], [30.293079101879837, 1.5401374810644344], [30.29316009437516, 1.540123989350928], [30.293486101365815, 1.5401894473086577], [30.293691392004593, 1.5402619584135329], [30.293943414579584, 1.5404056562219282], [30.294145552831523, 1.540621187999893], [30.29445157897286, 1.540876398885999], [30.294697532604317, 1.5411104774733342], [30.294815681125495, 1.5411999552093765], [30.294908535762207, 1.5412501499991624], [30.295007671054947, 1.5412815297187892], [30.295085360182362, 1.54128920050114], [30.295132982358673, 1.541271659662467], [30.29516560992628, 1.5412160292448909], [30.295172808433602, 1.5411405374066836], [30.2951221932254, 1.5408373862647862], [30.295032266762767, 1.5406470180842136], [30.294880602833906, 1.5405346775662538], [30.294767750243544, 1.5403802856951345], [30.294657174889284, 1.539946298130298], [30.294545925858486, 1.5397066510855926], [30.29448355504428, 1.5395126776791421], [30.294455509068687, 1.5393726615480918], [30.29445805208483, 1.539259356761547], [30.294475841233258, 1.5392167048763659], [30.294505864941645, 1.5391912352320583], [30.294599698200933, 1.5391697150750825], [30.294902502450764, 1.5392360926058952], [30.295114655891318, 1.5393247667858372], [30.295196109925687, 1.5393209139650241], [30.295291864131, 1.5392706748633784], [30.295358187453974, 1.5392018248550554], [30.29538995821652, 1.5391199982403576], [30.295391278812154, 1.5390409779429601], [30.295352335736723, 1.5387420364289066], [30.29536571290937, 1.5386163358270595], [30.29539155434283, 1.5385328633593387], [30.295457691899657, 1.5384319526501602], [30.295527756584033, 1.5383705487171198], [30.29566031057477, 1.538293087070539], [30.295761900365584, 1.5382605734994814], [30.295981746297745, 1.5382354483426834], [30.29616601284856, 1.538252927202904], [30.29640220442536, 1.5383433518405691], [30.296580114078022, 1.5384610337840448], [30.29666005978145, 1.5385539662222292], [30.296824068201275, 1.5388009706662251], [30.29701272887058, 1.5393745400531735], [30.297060427457957, 1.5394403103933885], [30.297131234573, 1.5394283113631988], [30.29730435091956, 1.539285261149564], [30.2974040584614, 1.5392474658197717], [30.297478172392164, 1.5392530018542714], [30.29756336835209, 1.5392820634215216], [30.29776569627089, 1.5394183868795897], [30.29780380933201, 1.5394185446527502], [30.29783122200134, 1.5393861961569304], [30.297851558085746, 1.5390341390799258], [30.29780914613165, 1.538777133283648], [30.297816977888708, 1.5385712629375468], [30.29778359720041, 1.5384742507594793], [30.297570005750902, 1.5380226565727886], [30.297547002018202, 1.5379187866818087], [30.29753905628151, 1.5377721692090454], [30.297567349476857, 1.5376697861431476], [30.297645746267747, 1.5375523960728736], [30.297655137269903, 1.5374446789961378], [30.297886560949713, 1.5374007920743502], [30.297966860340654, 1.5373538980520935], [30.297990588068743, 1.5373249179000423], [30.29799138214884, 1.537301085815073], [30.297937498460406, 1.537235804006997], [30.297774588210217, 1.5371302220152678], [30.297720019599566, 1.5370765040327696], [30.29767044645845, 1.5369692122669791], [30.297620249861478, 1.5367358402002123], [30.297573326360077, 1.5366190932427397], [30.297420621887706, 1.5364499546795078], [30.29720925385095, 1.5363385211290783], [30.297151695088704, 1.536294793206582], [30.29710336507776, 1.536215003576838], [30.297092184676544, 1.5361091161859814], [30.297127114921913, 1.5359694133391786], [30.29719922856804, 1.5358365682494088], [30.29735671097584, 1.5356454177133176], [30.29756051371025, 1.5354355686585381], [30.297625472608615, 1.5354046091433204], [30.297721415313433, 1.5353944692969865], [30.298002163191473, 1.535443249615362], [30.298082383370517, 1.5354432652414103], [30.298138287649813, 1.5354095503138536], [30.298138475790086, 1.5353508166065086], [30.298071855769233, 1.5352883776921527], [30.297878499693223, 1.535206729861464], [30.297651626703125, 1.535019270602158], [30.2975239060904, 1.5349548023390018], [30.29741643184292, 1.53493596220688], [30.29713197490069, 1.534951150935185], [30.29669745003612, 1.5348963044151083], [30.296611863291172, 1.5348570045213046], [30.296495474844455, 1.5347366595768013], [30.296442104752238, 1.53470127334699], [30.295938920645362, 1.5346486900235323], [30.29579661963626, 1.5346176504614455], [30.295694128781157, 1.5345673958239152], [30.29559968045275, 1.53447047972287], [30.29554332560572, 1.5343428621190556], [30.295512701779316, 1.5341872112595487], [30.295515981961607, 1.5339293339693811], [30.295492676761718, 1.533855246641528], [30.29540666722523, 1.5337550401714086], [30.294995499493815, 1.5334237301420797], [30.294912427974985, 1.5333388219665518], [30.29481426607413, 1.5331688879622087], [30.294767867570364, 1.5329570974523197], [30.294760094921138, 1.5325994930007878], [30.294818119960432, 1.5323490616677078], [30.294832501684752, 1.5321404350109538], [30.294909917398922, 1.5319133873479494], [30.294958280836514, 1.531645953097387], [30.29501564822861, 1.5314822050084342], [30.295116898298893, 1.5313780720229164], [30.295234172183235, 1.5313308330805309], [30.29548333789968, 1.5312892778138854], [30.295809230183508, 1.5313167987522942], [30.29596368446261, 1.5313070400044548], [30.29616067472107, 1.531247097359875], [30.296306750881413, 1.5311780206139805], [30.296371936799346, 1.5311321871961412], [30.29641297749923, 1.5310541704308862], [30.296417734557853, 1.5308341050195642], [30.29647288435639, 1.5305980600879028], [30.29653425478159, 1.5301896073980032], [30.29661802790834, 1.5299510707560482], [30.296608863788972, 1.5298571856895948], [30.296557121580626, 1.5298057132341913], [30.296421888893057, 1.5297462356312157], [30.296365965264553, 1.5297355905662742], [30.29632993535064, 1.5297529671281949], [30.2963034119916, 1.5298085718110301], [30.296273094502347, 1.5299800096662293], [30.296249852568273, 1.5300390472542016], [30.296193396733347, 1.5301015247872025], [30.296030787256754, 1.5302106654092698], [30.295980087678355, 1.5302693178433144], [30.295937160092897, 1.5303731139173853], [30.29591012009767, 1.5305876778200782], [30.295880150860928, 1.5306803379390297], [30.29581409765015, 1.5307881978272513], [30.295713313916167, 1.5308822674471958], [30.29566464528978, 1.530900245431169], [30.295579357687103, 1.5308917563318234], [30.295346975292635, 1.5307593322135862], [30.295251751159366, 1.5307329077794172], [30.29516056830045, 1.5307542678757604], [30.29494290143582, 1.5308818798923542], [30.294828944946968, 1.530900987625963], [30.294777766329627, 1.5308881089740392], [30.294733815979388, 1.5308531912164374], [30.2947102244101, 1.5308023743807215], [30.294709907601167, 1.530747941421661], [30.29476325740455, 1.5306272588552214], [30.29497250808017, 1.5302992847487902], [30.294996684293377, 1.5302148429867584], [30.294994497853025, 1.5301317320202437], [30.294957073491176, 1.5299816823034644], [30.29488359873091, 1.5297935666759421], [30.29483445608104, 1.529738419219362], [30.294648310452995, 1.5296006346573499], [30.294812613674758, 1.5298710502873627], [30.2948343701486, 1.5299363768320982], [30.29477368179923, 1.5302234601640559], [30.294697072094944, 1.5304057185917515], [30.29447583134693, 1.5307207690627416], [30.29437444911996, 1.5308266872871816], [30.294238601858126, 1.5309052197833464], [30.293960417722456, 1.5309811261396338], [30.293917043646083, 1.5310191987734663], [30.29392564472833, 1.531048284816358], [30.29395625866773, 1.5310776829574482], [30.294205545296848, 1.5312258229475038], [30.294246053514524, 1.5312766279777648], [30.29427194956857, 1.5313467847423223], [30.29428763866602, 1.531548202469227], [30.294245988321524, 1.5318159935886024], [30.29421829116427, 1.532378810983233], [30.294145903909406, 1.5326234551928017], [30.294031161556187, 1.5329079298103954], [30.29398103098531, 1.532988047985352], [30.29392555597583, 1.5330341513424053], [30.29385167479335, 1.5330594829748823], [30.293621367181867, 1.533044847465722], [30.29358498865704, 1.5330720670482383], [30.293571551124153, 1.5331201664259844], [30.29358138571724, 1.5331821284923575], [30.29361629326689, 1.5332630478485811], [30.293821096728905, 1.5335975786364584], [30.29387760951207, 1.533717570876348], [30.29394824551048, 1.5339512860978028], [30.293950428233572, 1.5341127045829308], [30.29389914704359, 1.5342105121012686], [30.293800799191352, 1.534292381645747], [30.293587314685908, 1.534398990791689], [30.29330080272199, 1.5344949104703576], [30.29325863698615, 1.5345208044454954], [30.293250292703267, 1.5345571247706422], [30.29330109547107, 1.5346049828027013], [30.293410923038763, 1.5346365087674723], [30.293567630470065, 1.5346447026377], [30.293787375118225, 1.534632637923375], [30.29393550430777, 1.5346028491172967], [30.29437545845324, 1.5344367508912182], [30.294446090593045, 1.5344483785598164], [30.29471085735543, 1.5347595615995053], [30.294847164241062, 1.5350947160229076], [30.294912180526975, 1.5352054255733778], [30.295013605350366, 1.535309393150616], [30.295227398549766, 1.5354673181912506], [30.295311299666505, 1.5355723663374936], [30.29535597060368, 1.5356880938220534], [30.295377280895185, 1.535811668945037], [30.295367492690737, 1.5359010429260824], [30.295325908160766, 1.5359866489105076], [30.295051074925652, 1.5363097832838697], [30.294899105757253, 1.5365688336714205], [30.294777543234687, 1.5366994461419514], [30.294409187095788, 1.5369472874872534], [30.294088273510337, 1.5370260734148242], [30.29394994598273, 1.5370811315429969], [30.293795708015484, 1.5371956359807832], [30.29365917082417, 1.5373251103237071], [30.29334639871098, 1.5375563859938084], [30.29325483317953, 1.537602124158685], [30.293149748375754, 1.5376285233937719], [30.293046559035215, 1.537634562611338], [30.292989372459733, 1.537622095806731], [30.29282146537269, 1.5374854755579839], [30.29271947294114, 1.5373155313677154], [30.292643626703526, 1.537094133185811], [30.292451699259274, 1.5369434026243698], [30.292253162396115, 1.5366949823121432], [30.292085717170057, 1.5365137153675614], [30.292024177637835, 1.5364981755066294], [30.29196939283631, 1.5365619398160866], [30.291835126609286, 1.5365925078361167], [30.2917888265092, 1.5366482443104819], [30.29175254491309, 1.5369164391082473], [30.2916638295409, 1.5371001366718104], [30.291454542352735, 1.5373543241995455], [30.291189240204968, 1.5375546705593355], [30.291120872585722, 1.5375880411652443], [30.29105369449246, 1.5376014591673886], [30.290874057944954, 1.5375916971982513], [30.29073371662015, 1.537561908003252], [30.290476855893164, 1.5374622227544652], [30.290529169464836, 1.5376044551523933], [30.290660396010157, 1.5378380588485445], [30.290773360130284, 1.5380988946209495], [30.290792566755137, 1.5382126098152862], [30.290777081287935, 1.5385450532631355], [30.290748563442214, 1.538620008717883], [30.29068194034322, 1.5386722340626098], [30.290509319365068, 1.5387036661843738], [30.2902841082617, 1.5387951904859472], [30.290200097790887, 1.5388050343094408], [30.290082263408074, 1.5387954224398563], [30.289998177469492, 1.53876856871908], [30.289933676863182, 1.5387225016583812], [30.289493423424602, 1.538237027015077], [30.28933603752856, 1.5379873854307282], [30.289220416753015, 1.5377687477209354], [30.289104478928248, 1.537646610815809], [30.28882603763563, 1.5375194676537616], [30.28863146049066, 1.537402021716324], [30.288429617888553, 1.53731063999323], [30.28826678521318, 1.537211920412572], [30.288121446789994, 1.5371749805676054], [30.288056031639233, 1.5371376034449755], [30.28776637055735, 1.5366807181861484], [30.28756537491175, 1.5362582681400843], [30.287484135594703, 1.5362013992305021], [30.28728826225371, 1.536130295027421], [30.287079848422454, 1.5359946294175466], [30.28695854089649, 1.5358932318877407], [30.286875686006514, 1.5357955723836396], [30.286742319001565, 1.5355235853082725], [30.28671324356954, 1.5352554530232956], [30.286543812944565, 1.5350291578946331], [30.286491223424033, 1.5348999325347608], [30.28646186716983, 1.5347833238985955], [30.2864049256161, 1.5343473539400858], [30.286421789704413, 1.5342311332509717], [30.286425104213805, 1.5339435419486642], [30.28650346177987, 1.5336126440188729], [30.28651527169376, 1.5334716774023411], [30.28649994014596, 1.5333252286029995], [30.28644766798662, 1.5332496113035952], [30.286373745537126, 1.5332325952085208], [30.286275241965775, 1.5332525127746437], [30.285930319509973, 1.5334497568473744], [30.285472429072172, 1.5336203324095912], [30.28526780233212, 1.533630500014332], [30.285156803030663, 1.533606257179995], [30.285111996422998, 1.5335702229846513], [30.285086594702666, 1.5335191014175553], [30.285020600623664, 1.5331378743556419], [30.28496824279804, 1.532979924166208], [30.28479091972413, 1.5325960364414053], [30.284711408141348, 1.532449999965552], [30.284657970167423, 1.5323859051795476], [30.28457087087384, 1.532336479929002], [30.284306092142028, 1.5322447649701338], [30.284159287779488, 1.5322118789393757], [30.284048385941844, 1.5322106750090307], [30.28392605491352, 1.5322537411888661], [30.28368180242301, 1.532228933168988], [30.283598254842225, 1.5321590619832557], [30.283473028711793, 1.5319100043106626], [30.28333934265792, 1.531757695307265], [30.283064205781876, 1.5315838258628864], [30.282853934838176, 1.5315189520857382], [30.28270807256491, 1.5314924801336802], [30.28256687005034, 1.531500799957762], [30.282416744951856, 1.5314888284476618], [30.28234656516453, 1.5315023759534592], [30.282207392330037, 1.5315840037459905], [30.282086001355065, 1.5317240492740996], [30.28199093316264, 1.531906176738784], [30.281916301581617, 1.5321072384341916], [30.2818768979812, 1.5323643351165226], [30.28186032701556, 1.5326365446890038], [30.281810654893796, 1.5329301025299047], [30.281762871140813, 1.533040447786358], [30.281690844317573, 1.5331091713975067], [30.28154098379738, 1.5331733524140922], [30.281439426460846, 1.5331836541479715], [30.281271762439584, 1.5331050276883365], [30.280863716961942, 1.5330122089227254], [30.280674411534374, 1.5330485451109905], [30.280452314674697, 1.533044075636746], [30.28026180035564, 1.5330902156765762], [30.28018130628431, 1.5330835567377086]]}}, {"type": "Feature", "properties": {"OBJECTID": 2998, "Id": 21432, "Contour": 1350.0, "Shape_Leng": 8915.62995117}, "geometry": {"type": "LineString", "coordinates": [[30.286558711827453, 1.5442163138950382], [30.286772989233118, 1.5442581325464342], [30.286860065866865, 1.5442572840504996], [30.286955430286202, 1.5442267957492228], [30.287010141521925, 1.544242596449305], [30.287291478657902, 1.544472092547521], [30.287497633432864, 1.5446110270070614], [30.287977105301138, 1.5451086624263153], [30.288198222580228, 1.5452857880543043], [30.288298099767665, 1.5453378902150061], [30.288717756319468, 1.5453356094679278], [30.2890808789284, 1.545187200973448], [30.289294437481697, 1.545068831314463], [30.289427772986333, 1.545045885092792], [30.2894933779015, 1.5450628299249836], [30.289930198598682, 1.5454948254286984], [30.290081421664333, 1.5457384966967378], [30.2902203535654, 1.5460077630488742], [30.290290262217034, 1.5460999330141003], [30.290367294416015, 1.5461644053820718], [30.290753156230906, 1.546415451909709], [30.290835380780834, 1.5464460189569058], [30.2908840611646, 1.5464319458943414], [30.290914561689938, 1.546386689484487], [30.290958746254425, 1.5460941648731197], [30.291047869400384, 1.5458756366670359], [30.29124196908421, 1.5455938839661825], [30.29131006542727, 1.5455531193233984], [30.291379815174498, 1.545537102591668], [30.291640461710177, 1.5455163376928034], [30.291722311840296, 1.5455351279830276], [30.29179200025882, 1.5455712746414396], [30.291916563676924, 1.5456656844061696], [30.292025208240226, 1.5457746167230901], [30.292114616567183, 1.5458930401575943], [30.292231550858723, 1.546094149667739], [30.292327211368946, 1.5461973588612123], [30.292372780892943, 1.5462207879719223], [30.29241652058332, 1.5461892299558635], [30.29245657149287, 1.546108177365273], [30.29247426177405, 1.5459912154663338], [30.29246140946242, 1.5456145631081013], [30.29250816217253, 1.5450167345085288], [30.29250594027079, 1.5445868306977972], [30.29255552912532, 1.5443210386603061], [30.292596132910713, 1.5442584242902082], [30.292660187617123, 1.5442147749938575], [30.292794111858584, 1.544175426429562], [30.29290691324287, 1.5441057217967358], [30.292971594861925, 1.5440844878842797], [30.293041185133962, 1.5440844386842258], [30.29317662307297, 1.544113478667885], [30.293257287364874, 1.544151478072099], [30.293501780792333, 1.5443371366351117], [30.29379291421423, 1.544506254341013], [30.293966218492976, 1.5446393233293563], [30.294040572195513, 1.5446612872977008], [30.29408728608014, 1.544640929150343], [30.294120824325823, 1.544595185887524], [30.294234650585913, 1.5441042467386596], [30.294307489372972, 1.5439916248541057], [30.29434536772991, 1.5438561170120553], [30.29441513953428, 1.5437962280157698], [30.29459359885173, 1.5437723915730976], [30.294713555926542, 1.5437861297458992], [30.295082442690973, 1.5438944051721917], [30.295297376802846, 1.5440824020609452], [30.295366724825755, 1.544124609945438], [30.29544046438517, 1.5441285936435656], [30.295505162438328, 1.5440811716740772], [30.295518033814293, 1.5439928323473626], [30.29549185395956, 1.5439084616519312], [30.295136347458616, 1.5434631390566427], [30.29502433955175, 1.5431542157278375], [30.294923095765476, 1.5429870448653094], [30.294780648759676, 1.5428459700363224], [30.294635595738093, 1.5427611704721003], [30.294486310314458, 1.5427056193709943], [30.29421370656036, 1.5426579663283149], [30.294125820589645, 1.5426043719960816], [30.294082643197644, 1.5425454752002798], [30.29405360698733, 1.5424717211121575], [30.29397000800896, 1.542039874568802], [30.29392537876758, 1.5419475239550422], [30.293842843633655, 1.5418704383616744], [30.293711130146633, 1.5417811731040743], [30.293325330123004, 1.541581209813432], [30.2931480118432, 1.5414348756538883], [30.29286175649236, 1.5410978053155295], [30.292722096339247, 1.540959572621146], [30.292668667191393, 1.5408376820280374], [30.292583969583433, 1.5407032664542466], [30.292565546264782, 1.54059052364779], [30.29259279863704, 1.5404699746692656], [30.292659778443213, 1.5403390891780786], [30.292719730443007, 1.54026078009843], [30.292816903414053, 1.5401696370159106], [30.2929190921024, 1.5400976518393188], [30.293034272987043, 1.5400493879570152], [30.29311749891651, 1.540039148496674], [30.293222487002026, 1.5400537508551218], [30.29370194152115, 1.5402074062994657], [30.29389180951861, 1.540306463493686], [30.294020819994326, 1.5403992859395803], [30.294194714282575, 1.5405598875439313], [30.2943833800741, 1.540771514162834], [30.294756366211864, 1.5411246398000287], [30.294855083569313, 1.541189248747343], [30.294948121791666, 1.5412278487222655], [30.295042425204283, 1.541246744081638], [30.295101848998957, 1.541232933681327], [30.295132757772947, 1.5411836033715873], [30.29513816895, 1.5411109275060402], [30.295082766271292, 1.5408447928353863], [30.295002202183657, 1.540672483305327], [30.294836633444582, 1.540539947229057], [30.294772248116733, 1.540464640412174], [30.29473010930795, 1.5403889184208261], [30.294627243873094, 1.5400013552361849], [30.294513121057133, 1.539767086402035], [30.294443499147622, 1.5395275902438632], [30.294399124661098, 1.5392890389984657], [30.294402954460868, 1.5391474759796262], [30.294447403449226, 1.5390661389609057], [30.294504663118417, 1.539046000218684], [30.29474508144086, 1.539141437251014], [30.294923819280726, 1.5391930736263488], [30.29512924468217, 1.5392892165376277], [30.295198208225145, 1.5392876623792764], [30.29527567802061, 1.5392496951570926], [30.295340003671715, 1.5391850841706924], [30.295368047535263, 1.5391020284093841], [30.29531337238574, 1.5387118193229095], [30.295319367278793, 1.5386072436234386], [30.29534541952326, 1.5385157057122683], [30.29540908738205, 1.5384219842424611], [30.295481336860025, 1.5383531602878235], [30.295627350125393, 1.5382670553360127], [30.295731840633174, 1.5382266958304218], [30.296012134083057, 1.5381926179172045], [30.29615352588203, 1.5382014923986222], [30.296364536185717, 1.5382731995456567], [30.29657809477785, 1.5384009049286094], [30.296665616721885, 1.538492497832054], [30.29684372678468, 1.5387411260715966], [30.296889032482103, 1.5388537797872377], [30.297024711238034, 1.5393129526341207], [30.29707586842058, 1.5393850863182175], [30.297149357740615, 1.5393765123174774], [30.297300874981417, 1.5392514754605622], [30.29740907111788, 1.539213665329958], [30.29747829449673, 1.5392202230949914], [30.297559023304196, 1.5392487309499974], [30.29774885605259, 1.5393790273525207], [30.297779196547765, 1.539380492456211], [30.297808894941188, 1.5393488958340906], [30.29782325189876, 1.5390517581771606], [30.297764314206074, 1.5387616336195054], [30.2977732608029, 1.5385677856745066], [30.297635363346703, 1.5382537569710146], [30.297452039378122, 1.5379305295036063], [30.297424340520326, 1.5378005288710475], [30.297436037965575, 1.5377409861287712], [30.297514180083233, 1.53758195934836], [30.297521931745013, 1.5374433359640798], [30.297552710872978, 1.5373783949466175], [30.297591067535613, 1.537346650262619], [30.297630294414372, 1.537337213370563], [30.297761704124554, 1.5373719939825983], [30.297819328720607, 1.53737150750811], [30.29786320737554, 1.5373438271462498], [30.297876345962447, 1.537284269629063], [30.297846307787765, 1.5372343226739429], [30.297717423735552, 1.5371535378952572], [30.297661268208007, 1.5370831973457557], [30.29763318771517, 1.5369990580275756], [30.297583494740525, 1.5367219436253994], [30.29753107188789, 1.5366183960601303], [30.297380042082214, 1.5364630917105844], [30.297184832750087, 1.5363648594029984], [30.297120310711335, 1.5363178785870797], [30.297067714487504, 1.536240391347683], [30.297050447939576, 1.536159870980732], [30.2970640937292, 1.5360531941566578], [30.297114012746714, 1.5359217817609614], [30.297288161915734, 1.5356455148688857], [30.297532591324845, 1.5354050876007481], [30.297763366882926, 1.5353100687512737], [30.29778656968917, 1.5352577359441733], [30.297770127239794, 1.5351855381566633], [30.29765597823627, 1.5350482277167514], [30.29752173777082, 1.534978440005371], [30.297417341454064, 1.5349620830456148], [30.297177203829936, 1.5349781375757494], [30.296893300991922, 1.5349473305863497], [30.296641061290956, 1.5349399531643362], [30.29656749455903, 1.5349074218851524], [30.296476424668374, 1.5347930966330787], [30.296407175431092, 1.534746816745147], [30.296204099552266, 1.5347366574330557], [30.295923263533428, 1.5346995761779019], [30.295784119671584, 1.534662182847523], [30.295665663125817, 1.5346043578320614], [30.295577682963028, 1.534505638668609], [30.29552793966764, 1.5343847496718788], [30.295495163555948, 1.5342045189696767], [30.295489219635613, 1.5339431296351438], [30.295463149781266, 1.5338629446295766], [30.295375361363806, 1.5337587753187705], [30.29509785696826, 1.5335666327036275], [30.294910857601412, 1.5333849313635488], [30.294792545589548, 1.5331986892892473], [30.29473405291204, 1.5329744462435047], [30.294725361160705, 1.532573549164285], [30.294767249167453, 1.5322039503158218], [30.294798902164676, 1.5320786485150866], [30.294871780346984, 1.531901417171643], [30.29491866400527, 1.5316104149521257], [30.294956177657472, 1.5315051417357446], [30.295047048370016, 1.5313917618641915], [30.295114062573905, 1.5313460853423426], [30.295196479257985, 1.5313151385404724], [30.29547865574787, 1.5312679311216504], [30.295782862505483, 1.5313021953012433], [30.295944726905393, 1.5312948549313288], [30.296100725454316, 1.5312467501715123], [30.29634489505392, 1.5311147863125028], [30.296378297657313, 1.5310519871838064], [30.2963750498174, 1.5308341638057863], [30.296472485406884, 1.5303961712302658], [30.296477764716816, 1.5301572612264382], [30.296561290107856, 1.5299753495556283], [30.296572113557257, 1.529930346768995], [30.29656434999046, 1.529896051391538], [30.296524776274953, 1.5298695757907148], [30.296473343391813, 1.5298823539543007], [30.29640990252619, 1.5299723478567415], [30.29628009138362, 1.530105411764885], [30.296066758716798, 1.5302165517910407], [30.296003464458696, 1.53027368371028], [30.2959565783101, 1.5303819744429907], [30.29594259562956, 1.5306104937338836], [30.29590778923101, 1.5307459248256876], [30.295832089075702, 1.5308494151529528], [30.295720055526882, 1.5309353094997267], [30.295669628453933, 1.5309490936612264], [30.29558315660566, 1.5309367066583155], [30.2953448416325, 1.5307871087166507], [30.295242944135502, 1.5307601858467998], [30.295166442161864, 1.5307836368904286], [30.295018285917394, 1.5308931950882303], [30.294916785136905, 1.5309403483599395], [30.29476762503008, 1.5309673204868945], [30.29467871505694, 1.530946850544359], [30.29463733807589, 1.5308877850479488], [30.294640107340758, 1.5307983383494157], [30.294827470915664, 1.5303936690680495], [30.294827432542704, 1.5303559355452194], [30.294801618774542, 1.5303425177900347], [30.29477419226896, 1.5303603435102677], [30.29447082960248, 1.5307612786465403], [30.294390191212916, 1.530844277039568], [30.294243471463208, 1.5309326699870476], [30.29400550961955, 1.5310058002848166], [30.293976693137754, 1.5310306268306544], [30.294012642410163, 1.5310774743223854], [30.29424024667049, 1.5311930890318766], [30.29428588436645, 1.5312472179400582], [30.294315556875443, 1.5313228697975725], [30.294326475462537, 1.531541832753877], [30.29423931439159, 1.5323871828350102], [30.294075308147853, 1.5329022093792193], [30.294014837405008, 1.5330073059736185], [30.293944560960004, 1.533065620655537], [30.293896694144102, 1.5330864525576844], [30.293801074565106, 1.5330980575438535], [30.293643275110576, 1.5330765899922405], [30.29361208770211, 1.5330924640080978], [30.29360089808934, 1.53313035168342], [30.29366642412822, 1.5332956979041656], [30.293905007326664, 1.5336829526572446], [30.29399796254817, 1.5339745246262908], [30.294006342747416, 1.5340995655026497], [30.29395948964186, 1.5342014452634334], [30.29386076002116, 1.5342895055949983], [30.293640290636322, 1.5344004302101506], [30.2933497398816, 1.5345149939269134], [30.29331038729194, 1.5345583795340982], [30.293353432564274, 1.5345959731149899], [30.293454962001984, 1.534616828803295], [30.293681725935034, 1.5346180674064451], [30.29385453906964, 1.5346004750502842], [30.293992432259117, 1.5345355968299865], [30.294129443014068, 1.5343794708703935], [30.294275973913834, 1.534339992579803], [30.294458873849095, 1.5343508012816178], [30.294631852697787, 1.534417467171595], [30.29468260533746, 1.53447344032482], [30.29475465696081, 1.5346539904156258], [30.294826853197034, 1.5349548565023656], [30.294905668485807, 1.535151455471187], [30.2950138518472, 1.535276644882676], [30.29526369949366, 1.5354660838575631], [30.295360263321612, 1.5356069028045496], [30.2953985417071, 1.5357238365188148], [30.295412253673362, 1.5358308464489225], [30.29539863786703, 1.5359224040859432], [30.295357520532257, 1.5360057698259824], [30.2950817426459, 1.5363502912920448], [30.29490939032994, 1.5366378149727404], [30.294834932261068, 1.5367126480947677], [30.2946781623978, 1.5368293100766677], [30.294568561831888, 1.536939639026593], [30.294437374059754, 1.5369997401137236], [30.29416531246626, 1.5370433268549906], [30.294007717191413, 1.5370984747863978], [30.293893934673694, 1.5371867479916186], [30.293602534377765, 1.5374776387633684], [30.293053581256153, 1.5378042481198282], [30.292975407841126, 1.5378015907645284], [30.292930827065142, 1.5377684801508105], [30.29287655092096, 1.5376532063919044], [30.292770908673916, 1.5375187328169166], [30.29258148495236, 1.5371813089927908], [30.292216669346075, 1.5367275622388483], [30.292149695752663, 1.536672615239662], [30.29208260462862, 1.536643723311705], [30.29189428295518, 1.5366281625128846], [30.29184004148522, 1.5366387976447347], [30.29180754710697, 1.5366936262401434], [30.29178224382162, 1.5369361101693273], [30.29169523221847, 1.537123375473316], [30.291484811360785, 1.5373857989206088], [30.29123090846333, 1.5375885718213747], [30.291141718494593, 1.537635037685144], [30.291051663093146, 1.5376454691326467], [30.290648017889758, 1.5375790399806621], [30.290595206405293, 1.5375953131034545], [30.29058992873535, 1.53763375344851], [30.290608193495256, 1.5376896240037805], [30.29080713843178, 1.5380311338895758], [30.290865973592275, 1.538169209730357], [30.290881270910045, 1.5383539066316192], [30.290852180686507, 1.5385841299664806], [30.29082578746729, 1.5386579334112598], [30.2907567299481, 1.5387107105529965], [30.290599283493393, 1.5387724271646417], [30.290408846420103, 1.5388203161269154], [30.290251535561612, 1.5388405648037877], [30.290147917530035, 1.5388375110586552], [30.290020083690795, 1.5388091400826154], [30.28991897347564, 1.5387533980653378], [30.28957764104026, 1.5384309272711432], [30.289454212471213, 1.5382925138570451], [30.289314755377376, 1.5380685918480825], [30.28920848590055, 1.5378116316358417], [30.289130660330944, 1.5377116322389253], [30.289014184114926, 1.5376326927241668], [30.288037815196645, 1.5371738432151973], [30.287987216079358, 1.537118455066464], [30.28780064383845, 1.5368316612789976], [30.28753107866027, 1.5362715012590369], [30.287462694404272, 1.5362246456208086], [30.287233396214063, 1.5361454351057378], [30.287007000229085, 1.5359969927354091], [30.286860203984027, 1.5358656461031202], [30.28671086387854, 1.5355801231876351], [30.28669002081062, 1.535281053875639], [30.286579022613918, 1.5351515859125613], [30.286500646983523, 1.5350337831393308], [30.286436996711295, 1.5348853387902015], [30.286403436327834, 1.5347448072895442], [30.286346514837724, 1.5343573052491588], [30.286395110235755, 1.5339286954425722], [30.286479782810034, 1.5335313368472032], [30.286465485021818, 1.533351976145079], [30.286449014705298, 1.53330162428163], [30.286424750007228, 1.5332759704570038], [30.286363677320253, 1.5332661631756905], [30.286285045064318, 1.5332869950643935], [30.285985891625963, 1.5334654138322807], [30.285509347616824, 1.5336652837497091], [30.28521787672321, 1.5336838219836604], [30.285148479604185, 1.5336690776881987], [30.285092529617067, 1.5336251159120995], [30.285056886921595, 1.5335611766951691], [30.285005512049246, 1.5332847095488689], [30.284952800967044, 1.5331008273565192], [30.284792034665895, 1.5327017380410968], [30.284690032075286, 1.532502702849327], [30.284615104723112, 1.5324161488211645], [30.284363877641812, 1.5323024155975489], [30.284221264754752, 1.5322748201368246], [30.284159136404302, 1.5322829635147823], [30.284015960883117, 1.5323346906917232], [30.28384253926841, 1.5324169863141388], [30.28375482463137, 1.532410872629901], [30.28370335130848, 1.5323769130148723], [30.283570083896933, 1.5322424985596956], [30.283438005086754, 1.531976488287024], [30.283362587956542, 1.5318650129327551], [30.283272757034073, 1.531779828235335], [30.28310337452016, 1.5316585569985417], [30.283016386498215, 1.5316159839421224], [30.28282169148657, 1.5315633434496754], [30.28243518616056, 1.5315318723314792], [30.282374203141586, 1.531536841102628], [30.282292031856446, 1.5315661473839837], [30.28216105104515, 1.5316661334379096], [30.282075271675474, 1.531801093969353], [30.28197945284978, 1.5320467314775026], [30.281931777340706, 1.5322557236084593], [30.281930642500942, 1.5326518717900977], [30.281890899697565, 1.5328251733587885], [30.28187053455413, 1.5331306079609992], [30.281846370481297, 1.5331715126225973], [30.28147864253, 1.5332430552037608], [30.281123395862853, 1.533121154146626], [30.280879397313463, 1.533072966122292], [30.28047037693069, 1.5331173006374734], [30.280272124681254, 1.5331630266690803], [30.280166385342984, 1.533155833676302]]}}, {"type": "Feature", "properties": {"OBJECTID": 2999, "Id": 21433, "Contour": 1349.5, "Shape_Leng": 8572.29907299}, "geometry": {"type": "LineString", "coordinates": [[30.28650619545891, 1.5441420648631665], [30.2867181872241, 1.5440832164629354], [30.286839499500825, 1.5441333991696498], [30.28694820441119, 1.5441418326187386], [30.287019598274707, 1.5441722428843714], [30.287311559187994, 1.5443783611888207], [30.287744769766434, 1.5447807040674437], [30.288157910415066, 1.545198214615418], [30.288240012592013, 1.545262175556487], [30.288309132038876, 1.5452938815773332], [30.28854699460759, 1.545304972782825], [30.28870673738772, 1.5452922914066716], [30.289027289164665, 1.545158432787866], [30.289203097044144, 1.5450409552553581], [30.289290965119328, 1.5450005008660797], [30.289411062187387, 1.5449788308512793], [30.289522553704888, 1.5450064758507942], [30.289794714278447, 1.545210466422089], [30.2899227385261, 1.5453558303514479], [30.290262994486383, 1.5460043239874697], [30.29031417392839, 1.5460751711158645], [30.29076483489543, 1.5463814730426773], [30.290839747175337, 1.5464055290961956], [30.290870062896623, 1.5463916135003868], [30.290892906626752, 1.546349978837933], [30.290925846034934, 1.546097172432844], [30.291008948689917, 1.5458647754549744], [30.291197863545786, 1.5455630101431934], [30.291248157967214, 1.5455197830242928], [30.291319547210755, 1.5454892113159435], [30.29163494222125, 1.545458569225432], [30.29176323375406, 1.545486619468881], [30.29185671769662, 1.545551363190682], [30.292034859153382, 1.545732428994428], [30.29225850258553, 1.5460525093046003], [30.292335606768248, 1.5460828875044472], [30.292380959512847, 1.5460747732338473], [30.29241610405432, 1.546046914896534], [30.292446031731696, 1.5459297462205013], [30.292439344683707, 1.5455612991045387], [30.29246842361, 1.5450821545487559], [30.29244819029507, 1.5448162912225623], [30.29246270229174, 1.5445281732933984], [30.292497293676764, 1.5443074808115047], [30.292547958874273, 1.5442209059394891], [30.292610545859315, 1.544161124119787], [30.292669962499946, 1.5441373435447783], [30.29278175923369, 1.5441218540798545], [30.292885536185626, 1.5440537545269928], [30.29296224296076, 1.5440275341089957], [30.293055969266607, 1.5440207647333224], [30.293141892183687, 1.5440377019934188], [30.293278871367065, 1.5440941303303415], [30.293527464740603, 1.5443026532435902], [30.293802301649457, 1.5444638385052798], [30.293988753130996, 1.544599296326246], [30.29404678525008, 1.5446113554917413], [30.294080894943267, 1.5445818779098885], [30.294099966768638, 1.5445242600582358], [30.294112561011328, 1.5441955467899078], [30.294137494019015, 1.5440772026648149], [30.29419372328025, 1.5439538727900748], [30.294322708347366, 1.5437620331709347], [30.29440676122569, 1.5437032613454695], [30.294494323300917, 1.5436918979627983], [30.294670661378095, 1.543722272410326], [30.294876206327395, 1.5437977443910442], [30.294929937363342, 1.5437919044783388], [30.294956996047983, 1.5437671286917665], [30.294982309817385, 1.5436980031912753], [30.295048204140414, 1.5433427192831155], [30.295007973895704, 1.5431870453426206], [30.294917216290848, 1.543025080410646], [30.294773134003528, 1.5428726415500598], [30.294605853981427, 1.5427740968824721], [30.29444524447305, 1.5427236887442155], [30.29418068775261, 1.5427026686579972], [30.294087384891938, 1.5426588238213763], [30.294038822393585, 1.5425927264822359], [30.294002265082984, 1.5425045025163222], [30.293943192581025, 1.5421544765603887], [30.29388088117681, 1.5420088319587304], [30.293624491829995, 1.5417923397937876], [30.293336597611795, 1.5416494255639743], [30.293043744424658, 1.5414449941309065], [30.292902278224425, 1.541243583094625], [30.29268787818326, 1.541064929125221], [30.29261328605202, 1.5409727301910559], [30.292491291810492, 1.5406667622200767], [30.29247657279739, 1.5405334220703024], [30.292492920607454, 1.5404594436521477], [30.292537518949242, 1.540389333819967], [30.292661148037258, 1.5402433236842843], [30.292810476622783, 1.5401091145369876], [30.292966614980735, 1.5400004131502658], [30.2931862909179, 1.5399478111355152], [30.293243749067692, 1.5398959627870257], [30.293275349178963, 1.5398915193546514], [30.293515218015933, 1.540078967365383], [30.29389691038132, 1.5402623754306903], [30.294188946060316, 1.5404766056111874], [30.2942765858627, 1.5405600552184149], [30.29456306913325, 1.5409107549769006], [30.294774321782807, 1.5411027443781566], [30.294934869827195, 1.5411794617459693], [30.295008613077865, 1.5411906193604106], [30.29505975143237, 1.5411776044703096], [30.295086998295083, 1.5411393683860515], [30.29509176760531, 1.54104006332368], [30.29504892799195, 1.5408683034208566], [30.29500112867398, 1.540747579577277], [30.294952714509918, 1.5406757409924805], [30.294831238364456, 1.5405766683558308], [30.294735116844038, 1.5404707911090543], [30.29462170680867, 1.5402431293586178], [30.294580483427943, 1.540017789871354], [30.29448254330471, 1.5398061635552633], [30.294397795308466, 1.5395378026829138], [30.29433445068735, 1.539094995368118], [30.29435491012725, 1.5390547247112822], [30.29441222426177, 1.5390069806011242], [30.294465402391396, 1.5389849812703056], [30.294506052664374, 1.5389848015426435], [30.295159721433212, 1.5392376060272606], [30.295213895819575, 1.539238474809833], [30.29528000117977, 1.5392090753308174], [30.295328355767527, 1.5391567982823373], [30.295346312587306, 1.5390879756832845], [30.295283291778258, 1.5387053288655632], [30.29528759499512, 1.538597741777232], [30.295317569449328, 1.5384910805742738], [30.295380564839856, 1.5383963059885029], [30.29546089259911, 1.5383241079252485], [30.295630709538713, 1.5382247134066536], [30.295740975689267, 1.53818398781077], [30.29603636160163, 1.5381540375500147], [30.296180828314384, 1.5381639314151907], [30.296374295924856, 1.5382263002899033], [30.29661663450764, 1.5383650807711693], [30.296812573687806, 1.538596973639061], [30.296873168195052, 1.5386931499694512], [30.297030300974527, 1.5392352487115848], [30.29705933057552, 1.539303154466653], [30.297093980864346, 1.5393375878524858], [30.29715995517739, 1.5393326891468808], [30.29732242078152, 1.5392015641461325], [30.297424078404728, 1.539176760803899], [30.297558622395, 1.5392144218133232], [30.297730960626758, 1.5393388002311579], [30.29776497546669, 1.5393392908247896], [30.297787504157135, 1.5393112944655694], [30.297792564302014, 1.5390822870115162], [30.29770764026267, 1.5387499561388105], [30.297716258187698, 1.5385822455436535], [30.297602380385747, 1.5382740062843725], [30.297400539874758, 1.5379513730247878], [30.297363053816873, 1.5378203646368571], [30.297372510352904, 1.537707552675144], [30.297439497487705, 1.5375697867848022], [30.29744712316565, 1.537427866044905], [30.2975725454739, 1.5371732472071304], [30.297558278138933, 1.5367624870211871], [30.297506675369352, 1.5366435204403732], [30.297389189752348, 1.5365125547084237], [30.297313834615732, 1.5364589550862702], [30.29713828526374, 1.5363799190735241], [30.29706314767814, 1.5363202602121209], [30.29701490063144, 1.5362457223696053], [30.297003120083286, 1.536163367530912], [30.29702765999501, 1.5360550846061314], [30.2971051204478, 1.5358717940437283], [30.29741299030453, 1.535330761621942], [30.29747361835915, 1.5352911664162463], [30.297629989644804, 1.5352961558686398], [30.29770437506933, 1.5352828845581075], [30.29773750973229, 1.5352411077906933], [30.297728079951153, 1.5351880141949366], [30.297634813565143, 1.5350702967148409], [30.297512478138103, 1.535012249652974], [30.29740842205518, 1.5349991754096635], [30.29721474724818, 1.5350146624879315], [30.296900446599224, 1.5349799644308355], [30.29662046179992, 1.5349876834157032], [30.296537412980243, 1.534952614171596], [30.29644058361263, 1.534831064197993], [30.29638165684965, 1.534793145941422], [30.29600258527637, 1.5347757299337115], [30.295840570725353, 1.5347298171904926], [30.29565494761314, 1.5346519848647542], [30.295570807244967, 1.5345629111931542], [30.295520445596893, 1.5344547966173152], [30.295481423484365, 1.5342416868414703], [30.295461158640943, 1.5339760185584592], [30.295417185311603, 1.5338528178435888], [30.2953308340131, 1.5337524579351705], [30.295083009378676, 1.5335899664417065], [30.29490160824396, 1.53341354687118], [30.29477239738617, 1.533225578395283], [30.294704948982154, 1.5330171328439803], [30.29468533571941, 1.5325374208173907], [30.294708316504185, 1.5322817836452625], [30.294755987953593, 1.5320885588007633], [30.29483787362471, 1.5318910875291527], [30.29488350651409, 1.531604541582807], [30.294935981337122, 1.5314731179615397], [30.295044288409926, 1.5313566682046145], [30.29517082096388, 1.5312955094898895], [30.29548024952348, 1.5312468319739412], [30.29575689674848, 1.5312850796815483], [30.295913792870344, 1.5312801442495818], [30.296046848080778, 1.5312390320302198], [30.29631575465695, 1.5310996367321992], [30.296339702413185, 1.5310406702353465], [30.296303168651917, 1.5309139729187664], [30.296303305878027, 1.5308271407278442], [30.29642162570761, 1.5304854944810722], [30.296438101534385, 1.5303799596464827], [30.296422088306134, 1.5303115637778135], [30.29638885050734, 1.5302803969654548], [30.296343012920353, 1.530278726039654], [30.29617317805573, 1.5304138502614495], [30.296021286100974, 1.530437343665773], [30.295991563417495, 1.5304582282550527], [30.295979283125682, 1.5305122792160477], [30.295979788698826, 1.5308364940787285], [30.2959566624371, 1.5310178075666578], [30.29596592609181, 1.531133999343322], [30.295945818742076, 1.5311662028143016], [30.29592148062381, 1.5311517064752387], [30.295873795815965, 1.5310610303284193], [30.295834500716513, 1.5310240109467486], [30.29559796103586, 1.5309851280196676], [30.29535121913247, 1.530820201518086], [30.29526275288614, 1.530787901033159], [30.2951797043458, 1.530807746720794], [30.295034856090336, 1.530929394880732], [30.294957385397943, 1.530967507520269], [30.294732991039815, 1.5310191126637327], [30.294609658543386, 1.531005378697524], [30.29456862935736, 1.5309712423435076], [30.294560181510263, 1.5309165058924246], [30.294640939499192, 1.530656043246005], [30.29463697480612, 1.5306237725878997], [30.294585962769027, 1.5306568993476537], [30.294466052813544, 1.5308058938708897], [30.294367181056455, 1.530893959481882], [30.294236504685752, 1.5309653692602516], [30.294043278858553, 1.531041559254984], [30.294068090408242, 1.531067655731678], [30.29420141748167, 1.5311158032735028], [30.294270507622105, 1.531160207905974], [30.29432844578342, 1.531239728525994], [30.294359312183854, 1.531341368083591], [30.294363540274208, 1.5314767446692708], [30.294331109981105, 1.5319244139336816], [30.294262524956274, 1.5323949569315019], [30.29412645091671, 1.5328829461563107], [30.294048102238918, 1.533027337508623], [30.293990921478418, 1.5330824037473925], [30.293922189518273, 1.5331186485971735], [30.293826158853797, 1.5331351525724872], [30.293668930732483, 1.5331285924018545], [30.29365213161664, 1.5331376052828793], [30.29364829910888, 1.5331638522116957], [30.293713446087683, 1.5333221890047444], [30.293881015437613, 1.5335726063948794], [30.293952471740173, 1.533709791834494], [30.29404004787509, 1.5340066128651286], [30.29404940059542, 1.5341881362266896], [30.294067120535363, 1.5342393346622176], [30.29409772857871, 1.534267468689481], [30.294146784765896, 1.5342841176126831], [30.29446103063923, 1.5343069933328195], [30.294646451050202, 1.5343569292529002], [30.29471094258838, 1.5343994829762233], [30.29475263601842, 1.5344686494113133], [30.294805065971236, 1.5346213371298756], [30.294847954990008, 1.534911739018032], [30.294927510576724, 1.535132107946911], [30.295021890506863, 1.5352464177426122], [30.295289946299363, 1.5354569251519588], [30.295355645068348, 1.5355434093527538], [30.295405726145834, 1.5356455196691998], [30.295446925427, 1.5358307388975436], [30.295442429423332, 1.5359086573867136], [30.2954191488124, 1.5359838306646632], [30.29512701705445, 1.5363822415134651], [30.29498027756793, 1.5366295983804967], [30.29488313420222, 1.5367440280558111], [30.294750421883386, 1.5368322684648734], [30.29464616330834, 1.5369509010894442], [30.294567986982194, 1.5370068501851708], [30.294457758578826, 1.5370449964733701], [30.294145054552228, 1.5370883428851663], [30.294010228356598, 1.5371409804231813], [30.293931072318646, 1.5372068310046392], [30.293647267679304, 1.5375025397987405], [30.293450898590436, 1.5376231531636289], [30.293126044218138, 1.5378721542248976], [30.29302379857197, 1.5379136689229191], [30.292947832137216, 1.5378938401083164], [30.292877738314246, 1.537825268952128], [30.29258870403573, 1.537251094966675], [30.292223809690693, 1.5368108449501043], [30.292095304308805, 1.5367055722393346], [30.291854252842413, 1.5366797062091424], [30.291834277025345, 1.5367132757244784], [30.291829863609955, 1.5368687960006098], [30.291812907639464, 1.536954339710067], [30.291697398108067, 1.537210196526206], [30.291519409628677, 1.537430821061458], [30.29130359902313, 1.5376162553175248], [30.291219805008442, 1.5376675326299252], [30.291112851698195, 1.537688956583791], [30.29073133835239, 1.5376360488846086], [30.29065241456218, 1.537650365000515], [30.29064672978176, 1.5376789026023872], [30.29066869354478, 1.537734079174119], [30.29092609198971, 1.5381308164790564], [30.290978801700746, 1.538402775983752], [30.29099612759358, 1.53863422106481], [30.29096122601532, 1.5387062215988754], [30.290891710440444, 1.5387545473522741], [30.290400294641817, 1.5388646637335077], [30.290183552913863, 1.5388767620332107], [30.289987242275927, 1.5388323336546648], [30.289907620640278, 1.5387919154899783], [30.289687487126542, 1.538632785226677], [30.289520968825045, 1.5384553723391046], [30.28942368115515, 1.5383293015967494], [30.289278025202304, 1.538076604480718], [30.28917711782957, 1.537814385135826], [30.289111260612533, 1.5377292361988275], [30.288975175338475, 1.537642316322284], [30.28800512058673, 1.5371976705089716], [30.287921920244862, 1.5371052348646814], [30.287774591439536, 1.5368780654899175], [30.28750683308603, 1.5362902603057653], [30.28744180280731, 1.5362457670866225], [30.287284476884643, 1.5362042077966174], [30.287202256048563, 1.5361668769556196], [30.28695259752842, 1.5360123882834424], [30.286818774134712, 1.5358959937836458], [30.286645264797663, 1.5356229797178857], [30.286650470442982, 1.5354002052746925], [30.286629312573645, 1.5353176215215176], [30.286430928730507, 1.5350145413608738], [30.286373432773296, 1.534901898620108], [30.28632593896571, 1.5346177262129588], [30.28627881867703, 1.5344603210160637], [30.286278028597515, 1.534391442143797], [30.28631054167, 1.5342302699069903], [30.286317670283722, 1.5340436749185231], [30.28643539342058, 1.5335273559596951], [30.28642133694694, 1.5334174688885438], [30.286370344742927, 1.5333497845325839], [30.286290820566784, 1.5333500423044295], [30.28610127870658, 1.533453935669996], [30.285503790540158, 1.5337255781308374], [30.285337189886025, 1.5337316243314723], [30.28520909275842, 1.533755187543558], [30.285165152306913, 1.5337439914469255], [30.28509648977468, 1.5336946774772302], [30.28504451969195, 1.533616020847283], [30.28496404655766, 1.5332769973742038], [30.284754561648764, 1.5327215118299116], [30.284667178313235, 1.5325430996644156], [30.284584929408688, 1.5324475918219314], [30.284377265011713, 1.5323492426215362], [30.28419678073759, 1.532321482755883], [30.284018765397924, 1.53237938547884], [30.283876885800307, 1.5324735903420275], [30.283771258902693, 1.5325220446311996], [30.28370208067425, 1.5325263095429], [30.283644618121553, 1.5324882267589843], [30.283601902559248, 1.5324375818213913], [30.283398972497906, 1.5320028690875487], [30.283304829854615, 1.5318704754509238], [30.28323782206031, 1.53180609378155], [30.28306338589481, 1.531687476235015], [30.282971492046805, 1.5316496229065393], [30.282763461969438, 1.5316028881337185], [30.282433537846398, 1.531563519511038], [30.282318516267438, 1.5315863369028693], [30.282212474151716, 1.5316498797027733], [30.282141365285337, 1.5317363071562768], [30.282084043138386, 1.531864865091552], [30.281973112335013, 1.53230060476973], [30.281988570773294, 1.5328019283655057], [30.281962096540504, 1.5331512303130053], [30.28190699322241, 1.533227845084156], [30.281754071002513, 1.5332837580573597], [30.28150793509766, 1.533286604295931], [30.281134711037506, 1.5331743883798408], [30.280942695886463, 1.533139964316209], [30.280755799886368, 1.5331421113879542], [30.280574777491125, 1.5331639304230873], [30.280275681488412, 1.5332367188282117], [30.280158120460868, 1.5332190821246718]]}}, {"type": "Feature", "properties": {"OBJECTID": 3000, "Id": 21436, "Contour": 1349.0, "Shape_Leng": 8167.94338698}, "geometry": {"type": "LineString", "coordinates": [[30.28645887266289, 1.5440806298208778], [30.286647628715, 1.5440137718016889], [30.286726056913626, 1.5440033954558803], [30.28694944490606, 1.5440719674552061], [30.287021989725936, 1.544109988660045], [30.28734167257004, 1.5443525738029968], [30.28794993791673, 1.5448961161580215], [30.288189752333736, 1.5451773681828616], [30.28831574239804, 1.5452553812540226], [30.28859407937628, 1.5452672567624366], [30.288742901572625, 1.545242538632571], [30.28899000508642, 1.545126672095548], [30.289196211031896, 1.5449933369750657], [30.289377785791196, 1.5449280159019056], [30.28949266892389, 1.5449251205734855], [30.28962687632088, 1.5449688020679826], [30.289862515120994, 1.5452070492473207], [30.28999636913647, 1.5453786725733247], [30.290234475826782, 1.5457690404863533], [30.290291704308412, 1.5459757530758294], [30.29033093611114, 1.5460426005114167], [30.290751795285978, 1.546335350180628], [30.290825288879162, 1.5463659197393609], [30.29086282374162, 1.5463323786246346], [30.290906830678804, 1.54606158734174], [30.290975659388472, 1.545859700507385], [30.291171278722146, 1.5455122996736572], [30.29123038235198, 1.5454568126110808], [30.291307859585398, 1.545421045602131], [30.2914798094312, 1.5453943844453215], [30.291649811260626, 1.5453949838574568], [30.291726984261434, 1.5454053012928135], [30.291806282171414, 1.5454353202992066], [30.291875066031327, 1.5454845255484921], [30.291954878420473, 1.5455744309559247], [30.292117322971116, 1.5457861506376187], [30.292263884481404, 1.5460105324035447], [30.292337298214484, 1.5460426845656337], [30.292396398096322, 1.5460112363677012], [30.292423771157676, 1.5459032800347567], [30.292419704247827, 1.5455041291551537], [30.29243757496234, 1.5451677736939617], [30.292430858953086, 1.5450395761994555], [30.292397162409483, 1.5448415947488754], [30.292409113682574, 1.5444447723182586], [30.292428437994165, 1.5443455051349908], [30.292467776843512, 1.5442526482206433], [30.292538592329638, 1.544154406411668], [30.292611703466577, 1.5440922993966217], [30.292754186679158, 1.5440542981603036], [30.292879830256673, 1.5439905663699829], [30.292961240280878, 1.54397532939012], [30.293094311830888, 1.5439748830297817], [30.293308609213863, 1.5440206811158668], [30.29344462510367, 1.5440961459077343], [30.29354181853815, 1.5442378289392191], [30.293614612079658, 1.5443039686867277], [30.29400842508606, 1.54454274629846], [30.29403470859496, 1.544546612257929], [30.294063439957295, 1.5444862053383788], [30.294054810314165, 1.5441592572873706], [30.29407149801065, 1.5440472899055377], [30.294117807556255, 1.5439441173243502], [30.29422017489867, 1.5437784805212285], [30.294316270214733, 1.5436677121915996], [30.29439920976112, 1.5436168701594681], [30.294494323566575, 1.5436123168337799], [30.294656421888078, 1.54363824352911], [30.29483945011603, 1.5437223514055247], [30.2948903043376, 1.5437307082259248], [30.2949142282034, 1.5437192317970936], [30.294928482562046, 1.5436742853145913], [30.29492191026691, 1.5436196271413902], [30.294840781678875, 1.5435024668367168], [30.294832770287428, 1.5434640537619766], [30.294866327440023, 1.543432134937895], [30.29493356441217, 1.54342092797417], [30.294976572071747, 1.5433977400543488], [30.294997760303023, 1.5433657955560056], [30.295001490663577, 1.5433189551009108], [30.294935066333963, 1.5431539577055244], [30.2948241409978, 1.5429737329842454], [30.294709847840792, 1.5428637385715542], [30.294526967143444, 1.5427701079721798], [30.294397549956763, 1.5427436090276119], [30.29412224254206, 1.5427437945523765], [30.294061175189693, 1.5427287203998132], [30.294014546329525, 1.5426966401358762], [30.293955989120455, 1.5425828726461455], [30.29391577538983, 1.5422230077744692], [30.29388813394367, 1.5421266272989873], [30.293849473064505, 1.5420557803661905], [30.293793451512094, 1.5419965572062606], [30.29355526778342, 1.5418212690640027], [30.293223428482005, 1.5416553038117558], [30.293014939713306, 1.5414945309340649], [30.292871914081807, 1.54129898005465], [30.292677362091677, 1.5411326991540468], [30.292540014558906, 1.5409716257846868], [30.29242335370472, 1.5407169430068164], [30.29239782010693, 1.5405499419438857], [30.292413639276788, 1.5404598850802955], [30.29244639656588, 1.5403870970108948], [30.2926386952943, 1.540169384413], [30.292913241501633, 1.5399583613464969], [30.293059066199483, 1.539888373963498], [30.293195922079295, 1.5397988993696832], [30.293270051199464, 1.5397880784757458], [30.293397122048948, 1.5398695211326212], [30.29360308373615, 1.5400536123483932], [30.293827760743564, 1.5401609452941782], [30.294205187366142, 1.5404263972132985], [30.294298913961722, 1.5405211051345398], [30.294597251836436, 1.5409019517511087], [30.294750285541486, 1.5410451070585158], [30.29487802772462, 1.5411102713089289], [30.294983186401, 1.5411363554562585], [30.295031872476834, 1.541126992515561], [30.295046434664034, 1.5410639064354275], [30.294952702323563, 1.5407495715188546], [30.29491375757927, 1.540692084884712], [30.294706190769485, 1.5404779314823038], [30.294577910008186, 1.5402272872943057], [30.29452621476272, 1.5400108758917757], [30.29437104725264, 1.5395511744218582], [30.294300414325384, 1.5391258232639664], [30.294301404216768, 1.5390443178062445], [30.294327536001905, 1.538984102548079], [30.294376209959037, 1.5389389389426202], [30.294446517313553, 1.5389173467405273], [30.29452228854969, 1.5389181568364885], [30.294594820277858, 1.5389360174151716], [30.294846385911217, 1.5390652168794339], [30.294974197670975, 1.5391153509682267], [30.295218306761395, 1.539158700205047], [30.295287247515606, 1.5391467545571034], [30.295316644888988, 1.5391080894621207], [30.29532269673087, 1.5390485975311952], [30.29525258929538, 1.5386619260987886], [30.295260859544257, 1.5385707373965551], [30.295289874642116, 1.5384771813586267], [30.295347928800624, 1.5383862866277789], [30.295447899533684, 1.538294412549785], [30.295602941602684, 1.5382020002095813], [30.29572959418284, 1.5381524444208212], [30.29604238258813, 1.5381186234292898], [30.29621780185226, 1.5381277292819437], [30.29642802317372, 1.5382036884337709], [30.296633664746864, 1.5383244438221186], [30.296810967418814, 1.5385206224850376], [30.296889627409346, 1.538647278457657], [30.29693192739429, 1.5387594149596482], [30.2970266501285, 1.539144788938103], [30.29707231172752, 1.5392630259375466], [30.297105003286067, 1.5392988853614302], [30.297164700916017, 1.5392949243079197], [30.297307817739384, 1.5391611121176618], [30.29741772784112, 1.539120239118265], [30.297471435733762, 1.5391248945380294], [30.29753511576209, 1.5391523763839656], [30.297713442360056, 1.539297948737954], [30.29774507916659, 1.5393009538641393], [30.297763976503703, 1.539278490891084], [30.29777301282928, 1.5392056881893974], [30.297762446737693, 1.5390824267898071], [30.297653412717793, 1.5387421232613137], [30.29759411370424, 1.5383615931929884], [30.297537790322, 1.538237104363262], [30.29739726873135, 1.53805878670527], [30.297340627157944, 1.5379642373722182], [30.297307476612797, 1.537858607395374], [30.29727645728148, 1.5376418867995416], [30.297274295692628, 1.537559955461829], [30.297293332901294, 1.5374925141600386], [30.29744218661902, 1.537286798826534], [30.297484171357148, 1.5371966172777185], [30.297510342176984, 1.5369022500631027], [30.29748546702086, 1.5367365091392036], [30.2974440651636, 1.5366395573419587], [30.29736781013258, 1.5365480538325071], [30.297284727287558, 1.5364849444436606], [30.297121684888833, 1.5364163836180398], [30.29704728638221, 1.5363702296125883], [30.296994228650846, 1.5363104688441227], [30.296965223330197, 1.5362262322056845], [30.296979275050788, 1.5360982774035397], [30.297160702037576, 1.535650204213906], [30.29731854913761, 1.5353808946317924], [30.297326932456972, 1.5352753178071832], [30.297297919512776, 1.5351686771501627], [30.297212432511436, 1.5350789729905145], [30.29706972602809, 1.5350262030549897], [30.296957450157926, 1.5350260748710922], [30.296753443620972, 1.5350773209337485], [30.296599847985487, 1.535053852299111], [30.29650132392036, 1.5349982183984745], [30.296420783024544, 1.534871361355089], [30.29637019646731, 1.5348315966465509], [30.296007613726495, 1.5348250982130396], [30.295699380348708, 1.5347226331007815], [30.295619853703492, 1.5346774657487647], [30.295547460127366, 1.534590310835243], [30.295499721488437, 1.5344769380025847], [30.295445885992173, 1.5340096382379198], [30.295394719315237, 1.5338621570574402], [30.2953082269286, 1.53376070081781], [30.295074847409538, 1.5336145475543457], [30.294900935506185, 1.5334506478736403], [30.29476465499477, 1.5332663898105845], [30.294680720248014, 1.5330641374152063], [30.294616802213103, 1.532506000731361], [30.294619818200218, 1.5323875190527272], [30.29464606429142, 1.5322762397095842], [30.294804051860954, 1.531859493619468], [30.294855993538373, 1.5315887685651983], [30.294910580841584, 1.5314593174470816], [30.295034634777693, 1.5313224442007507], [30.295167716314346, 1.5312562987506158], [30.295497749467614, 1.5311962476422412], [30.295725666816935, 1.531260879257579], [30.295794533906225, 1.53126019917703], [30.295806278371128, 1.5312391892327286], [30.295404485486074, 1.5308970404842877], [30.295329252869685, 1.5308465466068655], [30.29526547830047, 1.530824555933456], [30.295189456657244, 1.5308393469297064], [30.295058056021933, 1.530980112730066], [30.294975209503455, 1.5310196915786187], [30.294684695507282, 1.5310717301841947], [30.29453927914109, 1.531056269528906], [30.29436055592601, 1.5310020884463835], [30.294305156265146, 1.5310171655519764], [30.294297854290257, 1.5310654213581878], [30.29438509213487, 1.5312891064658845], [30.29440081246401, 1.5314414347171241], [30.29436051993494, 1.5319576609775274], [30.294284291744145, 1.5324116056953083], [30.29422384362941, 1.5326750621791292], [30.29415583490224, 1.532903301595805], [30.294064968783452, 1.5330523771236595], [30.29398123930163, 1.533129130239816], [30.293788951850676, 1.533201152190376], [30.293747672063702, 1.5332501882047909], [30.293749242535856, 1.5333044975039183], [30.293779862040754, 1.5333807863717681], [30.293957209025795, 1.5336347710413822], [30.294004254432345, 1.5337262759016674], [30.294080867876925, 1.5339838403104382], [30.29408837532722, 1.534173020277971], [30.294101179881448, 1.5342087582944486], [30.294152844390243, 1.5342347747401421], [30.29442887078726, 1.5342512951996388], [30.294678362852547, 1.5342916084928022], [30.29476570984839, 1.5343375680104336], [30.29479813917291, 1.5343958917781186], [30.29484890047697, 1.5345969897024052], [30.294874823565827, 1.5349062068037436], [30.29494566845881, 1.5351006236001075], [30.29502618751057, 1.5352088414789558], [30.295241017353238, 1.5353734055078179], [30.29532303091751, 1.5354536021075984], [30.29539178581824, 1.5355543142628179], [30.295448031594372, 1.5356834238051018], [30.295481570227963, 1.5358484086095776], [30.295479212841006, 1.535927912791963], [30.29545834030896, 1.536004238912182], [30.29523346361604, 1.536331110026907], [30.295062185334853, 1.5366424656491435], [30.294937345531928, 1.5368311898462854], [30.294845890362623, 1.536949698686645], [30.294745098297824, 1.5370067421010625], [30.294519167027726, 1.5370761217849578], [30.29423790039877, 1.5371114586595296], [30.294024938581508, 1.5371761661991181], [30.293948820712643, 1.5372377122541405], [30.293762049300998, 1.5374482241108427], [30.293650975144207, 1.5375519639727289], [30.293329391850172, 1.5377660704882719], [30.293081795181614, 1.5379718429708664], [30.293010799876086, 1.5380124356036227], [30.2929505863201, 1.5380266019799453], [30.292897319083266, 1.5380076936289462], [30.292858564797285, 1.5379599328390714], [30.292636016763687, 1.5373962735743294], [30.29253799309853, 1.5372320517061513], [30.292129427896505, 1.5367852696132995], [30.29206579762065, 1.536753459050875], [30.291969225307017, 1.5367676867780091], [30.291902064801498, 1.5368301621667906], [30.291781379486302, 1.537134300841585], [30.291678235532597, 1.5373109783785082], [30.291548589827983, 1.5374690053772575], [30.291345812889535, 1.5376483954340041], [30.291257801878796, 1.5377009797321148], [30.29115182787023, 1.5377252436725224], [30.291034667615644, 1.5377218174250389], [30.29079119063241, 1.5376856098536924], [30.29073152367707, 1.5377045982409707], [30.290727637902826, 1.5377429874008577], [30.2907613999402, 1.5378106641700846], [30.291012113232604, 1.5381370621183872], [30.29107006159644, 1.5384230367710665], [30.291061977031816, 1.5386598969445824], [30.291017983625185, 1.538739225140085], [30.290933833865363, 1.5387946660413712], [30.290386102762238, 1.5389309901457429], [30.290241743430208, 1.5389344012298916], [30.290020010015397, 1.5388875077326205], [30.289790795845647, 1.5387949215907697], [30.28970721622665, 1.538742809697109], [30.289401094418338, 1.5383744259584244], [30.289245744980704, 1.5380807781406065], [30.289155482172877, 1.5378324339891198], [30.28909272589762, 1.537745769942986], [30.28895005261511, 1.5376557640703907], [30.288243000628366, 1.53735676306987], [30.287979397028128, 1.5372258370878356], [30.287872590348723, 1.5371119499860615], [30.28771101264053, 1.536851356570339], [30.287626107261836, 1.5366753564399127], [30.28751781489126, 1.5363948401863536], [30.28747020417702, 1.536318077661529], [30.28740952080543, 1.5362770304678528], [30.287223737719554, 1.5362217807203187], [30.286909371853238, 1.5360590903064368], [30.286845757057417, 1.5360122234230444], [30.286788138701954, 1.5359448390005217], [30.28661573986859, 1.5356455890045209], [30.286607039213298, 1.5355813635684687], [30.286619989060437, 1.5354330889964474], [30.286598207914235, 1.5353383399949356], [30.286522255326, 1.5352079307180149], [30.286365103752413, 1.5350053453612709], [30.286301067593698, 1.534851754524594], [30.28623159460772, 1.5343820189132358], [30.286271454039955, 1.5340424166820763], [30.286326805668157, 1.5338545083652155], [30.286382792471386, 1.5335560487674238], [30.286380853791105, 1.5334606776649347], [30.286350859712787, 1.5333992855477159], [30.286319384933602, 1.5334007084884418], [30.285796312356695, 1.5336297524471085], [30.285495432396665, 1.5337769308315425], [30.285309563153756, 1.5337937152442231], [30.285202326905747, 1.5338188026790927], [30.285118652632978, 1.5338101661395367], [30.285072945016463, 1.5337692585332379], [30.285015978828394, 1.5336595988606125], [30.284945997028675, 1.5333924429447336], [30.28487407532209, 1.5332092550504866], [30.28472661762351, 1.5327456431792974], [30.284647964726148, 1.5325801310669158], [30.284577639690397, 1.5324965610054548], [30.28451023923199, 1.5324498754327147], [30.284377620684612, 1.5323895402162926], [30.28430041693182, 1.5323786697098765], [30.284187107868885, 1.532385214865078], [30.284055391645445, 1.532420765623329], [30.28392096505043, 1.532522673130735], [30.28376026268661, 1.5326032380738253], [30.283695796220993, 1.5326054708003218], [30.28359281774069, 1.532513668456967], [30.28329640847113, 1.5320265130311288], [30.283162787150378, 1.5318367990295485], [30.283100302173544, 1.5317746544801458], [30.2830355454556, 1.531732623819609], [30.282785418439396, 1.531650098562778], [30.282440228367104, 1.5315905095496654], [30.28232600585475, 1.5316110927435658], [30.28222312344301, 1.5316703416327202], [30.282154644289623, 1.5317571912822463], [30.282109355263906, 1.5318723723158778], [30.28206805072027, 1.5321244133904515], [30.282010376791213, 1.532363370280065], [30.2820678059756, 1.533122335905825], [30.282050715394696, 1.5331944658806844], [30.28200227503175, 1.5332472503026335], [30.2819266814903, 1.533292792512691], [30.281817128584308, 1.5333320838498237], [30.28157758369338, 1.533333575962319], [30.281448491038052, 1.5333164109845252], [30.281030990676392, 1.533202378342606], [30.280759862653078, 1.5331854017692124], [30.280518655371676, 1.5332232931748648], [30.280266279261493, 1.5333355127183173], [30.2801918762152, 1.5333510003835804], [30.280147649707153, 1.5333455867700294]]}}, {"type": "Feature", "properties": {"OBJECTID": 3001, "Id": 21438, "Contour": 1348.5, "Shape_Leng": 8054.21637598}, "geometry": {"type": "LineString", "coordinates": [[30.286402958995893, 1.5440172986111436], [30.286523374165437, 1.5439386101932966], [30.286675592423194, 1.5439246322065137], [30.286895083526925, 1.5439893215558973], [30.287038850105013, 1.5440583216144967], [30.28731053308436, 1.5442496700264778], [30.28782556273714, 1.5447108241117322], [30.287957170454785, 1.544810768460264], [30.288180829927963, 1.5451180515578067], [30.288249837237004, 1.5451789765870227], [30.288324177136968, 1.5452152540228714], [30.28856820006469, 1.5452317213731892], [30.288724695082426, 1.5452082874890263], [30.28884480267039, 1.545156148174639], [30.289161232592452, 1.5449655202069534], [30.289367832811795, 1.5448900731932524], [30.289510817628376, 1.54488774769566], [30.289646688856045, 1.5449329483191137], [30.28972389181378, 1.5449862689678218], [30.28990609894671, 1.5451549776416895], [30.289989521077043, 1.5452589637327911], [30.290262338915262, 1.545718174604821], [30.290301639315274, 1.5458263554997271], [30.29032646884976, 1.5459605330845236], [30.290356469383966, 1.5460166961842479], [30.290445075768314, 1.54608848514058], [30.290724467141906, 1.546258522491085], [30.290778464829458, 1.5462616459253096], [30.290822941024242, 1.5462201171805658], [30.29094163765492, 1.5458634586016025], [30.291146909297964, 1.5454770523257744], [30.291199982619474, 1.545419926580709], [30.291290521260972, 1.5453573314722908], [30.29149500178253, 1.5452867447618273], [30.291573366977346, 1.545287735715339], [30.291686541696883, 1.5453191607660832], [30.291850071178324, 1.545406016475005], [30.291981443394253, 1.5455536329727277], [30.29226194161305, 1.545965687391647], [30.29230569278334, 1.5459991165682918], [30.292346013741803, 1.5459954113322552], [30.292379862440217, 1.5459592425515554], [30.292399129962618, 1.5458711268918686], [30.29240705532997, 1.545231773626094], [30.292357156476083, 1.544862338061905], [30.292345713841947, 1.5444825806254907], [30.292393108055148, 1.5442806544581407], [30.292486657781563, 1.5441385159381027], [30.29261496191691, 1.5440196693104482], [30.29282352937227, 1.5439150592632493], [30.293020733491907, 1.543913413070301], [30.293274549285464, 1.5439491073163352], [30.29338662702581, 1.5439831462394955], [30.293489752651666, 1.5440445301432575], [30.29362157534566, 1.5442427329552222], [30.293717934384375, 1.5443286646070105], [30.293839277692385, 1.5443731512929162], [30.293948359595134, 1.5443692527089066], [30.29399765492364, 1.5442950724019309], [30.29401637743694, 1.5440272752936157], [30.29407972066954, 1.5438977492765469], [30.294223358671772, 1.543696854946152], [30.294369741541527, 1.543543976972522], [30.294501263731924, 1.5434814876842662], [30.29463664698818, 1.5434847174240265], [30.294676280583538, 1.5434650220941664], [30.294703024989612, 1.5432094680686144], [30.294787322205885, 1.543038022382813], [30.294769329632754, 1.5429759406550807], [30.29471709451911, 1.542910363497108], [30.29462359187448, 1.542841964352103], [30.294530352399953, 1.5427975866185717], [30.294361479011684, 1.5427665268558934], [30.29407173586729, 1.54278035291082], [30.29401051315784, 1.5427623521507354], [30.29397128063801, 1.5427304323306579], [30.29392036489953, 1.5426159796478685], [30.29387840633297, 1.5422159788439622], [30.293848764462606, 1.542134549774467], [30.293809138796604, 1.5420752767287351], [30.293549256992577, 1.541883202918515], [30.293250971263525, 1.5417325619739195], [30.29305849525936, 1.5415966846388287], [30.29294553035802, 1.5414872182070005], [30.292822875804674, 1.5413305841717904], [30.29251153783068, 1.5410337706922614], [30.292407997895495, 1.5408996064099663], [30.292350433439616, 1.540737938255609], [30.292311808942046, 1.540552747312176], [30.292346480999292, 1.5404343127668554], [30.292429981802382, 1.540301879507212], [30.292576429326505, 1.5401462436886024], [30.29286646827438, 1.5399254477442563], [30.293036789004933, 1.539837659201873], [30.29319161392497, 1.5397369843163522], [30.293258577991427, 1.5397150577449386], [30.29330730764972, 1.5397172628746483], [30.293340074491216, 1.5397339134785477], [30.293604688747916, 1.5399854396514867], [30.293666821639082, 1.5400080049767368], [30.293794570567115, 1.5400200888838271], [30.293948563916178, 1.5401437667926727], [30.29412364454251, 1.5402320810461365], [30.294655138978555, 1.5409289968696946], [30.29478854560509, 1.5410304767481997], [30.294847731261598, 1.5410388824101813], [30.29488390261492, 1.5410241330883372], [30.2949177915335, 1.5409828294455068], [30.294937224179275, 1.540924560402192], [30.294931963878813, 1.5407962790807646], [30.294887425646838, 1.54071270745463], [30.29467831587526, 1.540478531795006], [30.294551466733935, 1.5402331467966872], [30.294491556694886, 1.5400140491677148], [30.29435151002267, 1.5396019093917697], [30.29427359155145, 1.5392890491346147], [30.29425924281929, 1.5390987959914242], [30.294271337483345, 1.5390144364539193], [30.294308597352668, 1.5389355367645945], [30.29435857055436, 1.5388886524508627], [30.29443239359736, 1.5388660655750521], [30.29453225438035, 1.538866487476981], [30.29467947087704, 1.5389070771020579], [30.294966506044346, 1.5390599177927795], [30.295101622392114, 1.5390695610270952], [30.29523361111351, 1.539108293161765], [30.2952739840488, 1.539103097930236], [30.295290041776333, 1.5390822394007775], [30.295293945372162, 1.5390225873016914], [30.295236829305914, 1.5387809860089756], [30.295221596338223, 1.5386534897014474], [30.29522967846882, 1.5385560154508344], [30.295262169084005, 1.5384574357796355], [30.295331105580654, 1.5383579207669538], [30.29544794405566, 1.5382521615614762], [30.29562289895421, 1.5381538789845348], [30.29575692678689, 1.5381102951280847], [30.296083392993236, 1.5380813924287007], [30.296238809899975, 1.5380898536647583], [30.296484489844385, 1.538191958777715], [30.296658806611518, 1.538300632738026], [30.296820239566948, 1.538469027315901], [30.296899818583277, 1.5385967419237914], [30.296956870512794, 1.538747897896203], [30.297038104608433, 1.539104586929313], [30.29707859546023, 1.5392107301781954], [30.29711757537028, 1.5392622310472852], [30.297145292401503, 1.5392660711573005], [30.297173144335062, 1.539249368068056], [30.297265233024888, 1.5391282003993123], [30.29732626524098, 1.539071159933963], [30.29741972048919, 1.5390323677879254], [30.297469571719745, 1.53904260769413], [30.297517192013423, 1.5390721150109044], [30.29769150540827, 1.539247387067183], [30.297716952379602, 1.539257143515611], [30.297734340535648, 1.5392482824638205], [30.297748593826363, 1.5391885307473208], [30.29774198333413, 1.5391090503434062], [30.29762432093633, 1.5387765606336348], [30.297590149954075, 1.5385078660852036], [30.297552793288098, 1.538366642965868], [30.29749348188653, 1.5382417864411877], [30.29735161261943, 1.5380739925970908], [30.297290192300483, 1.5379714200675845], [30.297250957911153, 1.5378481898203142], [30.297215739450436, 1.5375917350090569], [30.297213920603628, 1.537533852331432], [30.297232728625303, 1.537465246271955], [30.297372638322148, 1.5372982240964987], [30.29742391146391, 1.5371872803145266], [30.297464813805092, 1.5369205488849282], [30.29743946300501, 1.536730811725853], [30.29739687322615, 1.5366422643180795], [30.297303725057656, 1.5365384912274944], [30.297074473283697, 1.5364277947549994], [30.29700319997316, 1.5363740279871354], [30.296954181580464, 1.5363020795554332], [30.296930911070152, 1.5362153309055429], [30.296941444690972, 1.5361038975587042], [30.297028592861757, 1.5358878923618944], [30.297113450598992, 1.5356055885300677], [30.297279295286828, 1.5353583682144207], [30.29728540090729, 1.535273447469894], [30.29725911294579, 1.5351754937405917], [30.297180103230684, 1.5350910007044223], [30.297060343496817, 1.5350534137657814], [30.296944140133377, 1.535070076376186], [30.296764702136862, 1.535143820773051], [30.296647274253406, 1.535135221291081], [30.296456381686166, 1.5350596963192504], [30.296408602087908, 1.5350011897181735], [30.296365855855097, 1.5349057702883746], [30.29633254429035, 1.5348770475561424], [30.295988004421506, 1.5348594816543435], [30.29569621035088, 1.534761997387887], [30.295593300909964, 1.5347011591902642], [30.295522234373358, 1.5346091643487725], [30.29547691823644, 1.5344936803081306], [30.295433561254992, 1.5340269051318358], [30.29538728446826, 1.5338864037159023], [30.29530063585266, 1.533778466284972], [30.295054762683677, 1.5336286843999902], [30.294828049666446, 1.5334092436290914], [30.294747883028, 1.5332878769216975], [30.294680453052667, 1.533152130274399], [30.294549531492745, 1.532760667668858], [30.2945443780983, 1.5326980305346163], [30.294579932239063, 1.5326057153183592], [30.294561717864422, 1.532473343367107], [30.294577187493207, 1.5323334837137765], [30.29477431917716, 1.5317837705141844], [30.29486292678529, 1.5314776319476497], [30.294946712835973, 1.531343106916559], [30.29503448295838, 1.5312451816685253], [30.29513000611568, 1.5311878454123116], [30.29528866717585, 1.531191795322108], [30.295361862826276, 1.531167361543488], [30.295456361733518, 1.531064860656445], [30.29545376747335, 1.5310028948274492], [30.29541445170536, 1.530961884988465], [30.295351647769582, 1.5309279750318334], [30.295225719405405, 1.5309183431402102], [30.29516204852703, 1.530953214654181], [30.295044461847365, 1.5311052280839939], [30.294975307543805, 1.5311595105811584], [30.294947125458695, 1.5311572203655854], [30.29489700406331, 1.5311059391134372], [30.294858150335408, 1.531099226330279], [30.294723171238065, 1.5311314767590876], [30.294541852004503, 1.5311466269177352], [30.294461132813836, 1.5311843414122108], [30.294443802715186, 1.5312254624878654], [30.294442346779192, 1.5312821739242708], [30.29448727864814, 1.5313921207825072], [30.29453482592794, 1.5314240842915818], [30.294676977592157, 1.5314479788045405], [30.29469559235982, 1.531469653543591], [30.294554812608, 1.531606160379388], [30.29445032778668, 1.5316625922033036], [30.2944156908099, 1.5317311745682083], [30.294414296265305, 1.531793495085617], [30.294431518959918, 1.531833076576335], [30.294454377921163, 1.5318428868757712], [30.294498859115482, 1.531828047312213], [30.294538900123186, 1.5318621754280273], [30.294567818045532, 1.5319355018439798], [30.294567712372398, 1.5319926966656012], [30.294553102970248, 1.5320213214844591], [30.294521979238496, 1.5320407165397154], [30.294406077173363, 1.5320702424894435], [30.29435243216846, 1.5321575439738584], [30.294300163323477, 1.532510512986802], [30.294305012021603, 1.5325823168494632], [30.294337555116098, 1.5326727976988908], [30.294324152749, 1.532727465365067], [30.294180530648894, 1.5329450344665931], [30.294061742778222, 1.53309569136466], [30.29397151713289, 1.5331695611811076], [30.293808619425377, 1.533246305840172], [30.293787236202174, 1.5332953572543981], [30.29379815099606, 1.5333517961576069], [30.293831921649552, 1.533414971961731], [30.29402718060361, 1.5336475219100967], [30.294078186927187, 1.5337268654353409], [30.294122068916845, 1.533846999296459], [30.294160524021763, 1.5340767646125097], [30.294198603034594, 1.5341456862276914], [30.294295758379, 1.5341912614401643], [30.294749970684734, 1.5342425183637425], [30.2948044333009, 1.534264705179716], [30.29483073750624, 1.5342948173602744], [30.294889125087863, 1.5345702326947641], [30.29489219593527, 1.534862295138825], [30.29494808682133, 1.5350334691548282], [30.295052213424558, 1.535191207154218], [30.2952729209864, 1.5353665651545136], [30.295351614963447, 1.5354459695994374], [30.295408966343047, 1.5355315065393589], [30.295471799541968, 1.535669680067164], [30.29551308536607, 1.5358507579806049], [30.29549301569238, 1.5360179849077513], [30.295225736979408, 1.536420719502301], [30.295084944882937, 1.536738544948558], [30.29493335041959, 1.5369556637958108], [30.294818141519286, 1.5370390088970975], [30.29449760015728, 1.537119308561352], [30.29416459606189, 1.5371741361245856], [30.294040750079688, 1.5372210423090338], [30.29365772878725, 1.5375931758254942], [30.293333343284985, 1.5378083351409308], [30.293075561031387, 1.538028079587993], [30.292999791018122, 1.5380730162515193], [30.29293884033838, 1.5380903226461125], [30.29288679511128, 1.538082676617186], [30.29284995956352, 1.5380595081457145], [30.292770040272003, 1.5379445747942135], [30.29271420521057, 1.5377295288006965], [30.292658026845288, 1.5376090632804855], [30.292610768554894, 1.5374245047609454], [30.292530129068663, 1.5372800535453874], [30.292118284652368, 1.5368331699697153], [30.292045315100268, 1.536798897956478], [30.291965033676828, 1.5368111296631197], [30.291913031299945, 1.5368764415654583], [30.291815778673634, 1.5371630697325451], [30.291681793921768, 1.5373772114008561], [30.291582970315105, 1.5375035585940326], [30.291383140358192, 1.5376863534372196], [30.291294586870315, 1.5377388949838287], [30.29118973160363, 1.5377603767249657], [30.29105222237155, 1.537756740878747], [30.29083129236853, 1.5377270742619653], [30.29077696543469, 1.5377376774192966], [30.290776170455835, 1.5377671377734072], [30.290801461419406, 1.5378148463708516], [30.291031677285766, 1.5380866636500472], [30.29107858638285, 1.5381752525117134], [30.291141388019803, 1.5383961618188], [30.291138009393375, 1.538547501390582], [30.291114097163593, 1.5386927322282922], [30.291066945183676, 1.5387745271071918], [30.29097206836587, 1.538835284045568], [30.290420799812903, 1.5389774554684519], [30.290257935819994, 1.5389819788374623], [30.29008349107507, 1.5389556590376143], [30.289819296201273, 1.5388568555377036], [30.289683822378734, 1.5387783883927522], [30.28937322044927, 1.538414357440618], [30.28921876669238, 1.538093310814261], [30.289133093059423, 1.5378427478678414], [30.289072038454126, 1.5377581758308299], [30.288931427435738, 1.5376719748476277], [30.28848605074824, 1.5374852809916901], [30.288229250835546, 1.5373975543321625], [30.287969719995587, 1.5372586759470157], [30.287838180113354, 1.5371269775799743], [30.287680072938983, 1.5368657428288237], [30.287588115575094, 1.536671697579391], [30.287498926172145, 1.5364201351734303], [30.287453469821045, 1.5363484282114799], [30.28738595946552, 1.536306539319486], [30.287178011560595, 1.536245814483115], [30.286884854984056, 1.5360868997500376], [30.286804511228272, 1.536019282252125], [30.286704776778812, 1.535886645306394], [30.286590214767454, 1.5356613321219617], [30.286573697369377, 1.5355714735921668], [30.28658677656393, 1.535444351140002], [30.286570077645894, 1.5353724641521223], [30.28649123003075, 1.5352407595185857], [30.286369412818807, 1.5350978850330474], [30.28628613250101, 1.5349628821605519], [30.28626217887245, 1.5348980020938336], [30.286204059062552, 1.5343846225485067], [30.28623292357762, 1.5340500567528812], [30.286304337922715, 1.5337792502566416], [30.28631541065078, 1.5336447865567742], [30.28629789343797, 1.5335741548531634], [30.286261752915234, 1.5335392053090964], [30.286224724013458, 1.533527110810388], [30.28609521276274, 1.5335473892910936], [30.28586757852263, 1.5336387849531579], [30.285479992154755, 1.533828602929428], [30.285173138382984, 1.5338600791262669], [30.285091704467394, 1.5338404470102365], [30.285036221449303, 1.5337814978241222], [30.28498377016127, 1.5336787415573936], [30.284936365019725, 1.5334806080732986], [30.28483473118688, 1.533204228079934], [30.284747855644994, 1.5328828424138108], [30.284678324820028, 1.532714832941817], [30.284596503001794, 1.5325701940265182], [30.28448340951556, 1.5324819074772476], [30.284361820434096, 1.5324347876134155], [30.284166044732245, 1.5324386003029484], [30.28407538536986, 1.532479503058973], [30.283957705842457, 1.5325732636785827], [30.28378563631574, 1.5326599435737602], [30.28372695866979, 1.5326735980198127], [30.283676913482193, 1.5326642958596637], [30.283593379962873, 1.5325836103854682], [30.283258371687463, 1.532065235875426], [30.283058698448293, 1.531798530548923], [30.282837662431916, 1.5317128443714423], [30.282569389240678, 1.5316347694168702], [30.282462876006246, 1.5316154682055638], [30.28237946326406, 1.5316201222281338], [30.28229028339855, 1.5316510617133834], [30.282218563515357, 1.5317029386222865], [30.28216716321559, 1.531777352094331], [30.282132406343436, 1.5318741854247544], [30.2821034075883, 1.532201268504997], [30.28205663458326, 1.5324449939393283], [30.282143502604388, 1.5329162755244319], [30.282147508248276, 1.5330310081687475], [30.282107790944057, 1.5331919576730522], [30.282010940773617, 1.5333045530462825], [30.281898914711864, 1.533374306486157], [30.281786003512078, 1.5333871957170306], [30.2814853165312, 1.5333635426478422], [30.281259616039463, 1.5333201189224126], [30.281016650037298, 1.5332529087482236], [30.2807916074721, 1.5332350304601925], [30.280589697403745, 1.5332787591010077], [30.28026061511398, 1.53339526327499], [30.280144130546056, 1.5334003442291777]]}}, {"type": "Feature", "properties": {"OBJECTID": 3002, "Id": 21439, "Contour": 1348.0, "Shape_Leng": 7542.31903629}, "geometry": {"type": "LineString", "coordinates": [[30.286268432508777, 1.543886210745598], [30.2863631818998, 1.543896332305924], [30.28653763077861, 1.5438609540705965], [30.286712463812293, 1.5438759011670462], [30.286901125840387, 1.5439209331356043], [30.287040915330312, 1.5439921720329746], [30.287302968706506, 1.5441577920831955], [30.2874386517593, 1.544293613043054], [30.2876099596853, 1.5444280245456365], [30.287802171242912, 1.5446243445767442], [30.288006697254925, 1.5448034061762141], [30.28821796219273, 1.5451012204250807], [30.288287758411666, 1.5451524199516848], [30.288367359374696, 1.5451815308192736], [30.288551263097794, 1.5452008802636648], [30.288725719289836, 1.5451754959581698], [30.288830219245384, 1.545129010107895], [30.289013564278555, 1.5450018808714028], [30.289212880024692, 1.5448954558381784], [30.289415112706575, 1.5448238365541214], [30.28957012944395, 1.5447850705160933], [30.289613314919812, 1.544791876054499], [30.289853964065617, 1.5450260004650958], [30.289957180479398, 1.5451055640983473], [30.290034482438156, 1.5452048886641545], [30.290286998967172, 1.5456911821469814], [30.290329654387335, 1.545811208361955], [30.29035541455938, 1.545940457332662], [30.29037928965467, 1.5459861166958146], [30.29063209618732, 1.5461718335926582], [30.29072421039465, 1.546222517707197], [30.29077697739156, 1.5462202694067486], [30.290820162538772, 1.5461628671575898], [30.290913327662423, 1.5458478978458452], [30.2911187073409, 1.5454471908542795], [30.2912646901907, 1.545284167224352], [30.291353247233737, 1.5452412128126125], [30.291478593867257, 1.5452241542939535], [30.291568016025764, 1.5452294341093025], [30.291698058152736, 1.5452622176155344], [30.291777686372093, 1.5452997583619619], [30.29189961756913, 1.5454010049316038], [30.292083871986364, 1.545645256491097], [30.292241740306746, 1.5458264859472362], [30.29228464120683, 1.5458531520617655], [30.29232793736857, 1.5458432692091897], [30.29235204956304, 1.5458032593282955], [30.292373027957318, 1.5457116279395102], [30.29237908604425, 1.5452341067757525], [30.292320147217087, 1.54484360574807], [30.29230409324004, 1.544461614411245], [30.292321818635173, 1.544351588251703], [30.29235942330881, 1.5442373947853103], [30.292480481079888, 1.5440557450791843], [30.29260755563058, 1.5439396261827376], [30.292792793251877, 1.5438526768141012], [30.292886139674554, 1.543839219637056], [30.29303279815779, 1.5438461970327986], [30.29333430835299, 1.5439108960573582], [30.293643254648924, 1.5440085742756613], [30.293715035538774, 1.5440831287860068], [30.293723154227877, 1.5442320747451488], [30.2937467970836, 1.5442839703787996], [30.293813633456235, 1.5443215490637852], [30.29389789858643, 1.5443135407556279], [30.29393481148776, 1.5442811624249269], [30.29395274961984, 1.5442365912147207], [30.29396848248824, 1.544034151152289], [30.294015553191773, 1.5439109351901046], [30.29418087669084, 1.5436821167629988], [30.294328535103162, 1.5435149806944397], [30.294448901423245, 1.5434068893861659], [30.294595411500993, 1.5433117722120642], [30.294635131105796, 1.5432252216746074], [30.294674652819232, 1.543024570304169], [30.29466194731626, 1.542956598988504], [30.294622249770903, 1.5428962527066914], [30.294565035392147, 1.5428481759933572], [30.29448869701107, 1.5428111760587397], [30.294356754372586, 1.5427897454090505], [30.294060504508632, 1.5428196578073117], [30.293993395772613, 1.5428035697834368], [30.293947984283243, 1.5427690706968578], [30.29390735032784, 1.5427076199696768], [30.293880795918152, 1.5426317992000511], [30.29385792684231, 1.5422834393232714], [30.293835326498705, 1.5421917590316114], [30.293798275321553, 1.542121850899353], [30.29374002739125, 1.5420640013597846], [30.293634256886868, 1.5419920047608229], [30.293485642350372, 1.5419055769190488], [30.29327145615876, 1.5418118125238796], [30.29309190023615, 1.5416821434301846], [30.292964588108035, 1.5415696338982707], [30.292761516458775, 1.5413539246658643], [30.292510109226896, 1.5411293056092679], [30.292322545855676, 1.540912709507213], [30.292255173962065, 1.5408097014629736], [30.29220794632168, 1.5405942396210281], [30.292207116292246, 1.5404709115966175], [30.292221683056923, 1.5404090875285108], [30.292250744973668, 1.5403673706558556], [30.29253379960255, 1.5401066820033291], [30.29274762594241, 1.5399534524638625], [30.293182157370186, 1.5396883637782233], [30.293272954790275, 1.539657174271876], [30.293340356240044, 1.539657675971423], [30.29340994282829, 1.539697329852711], [30.293496633289962, 1.5398164549130635], [30.293586477757472, 1.5398995001166031], [30.293643804586097, 1.5399214966513628], [30.29373480824342, 1.539917380910844], [30.29378951152207, 1.5399326995266456], [30.29395565847989, 1.5400834407579265], [30.294108581154145, 1.5401482660002788], [30.294180294288672, 1.5401940653230786], [30.29422323785142, 1.5402438445320328], [30.294412252907595, 1.5405746614394482], [30.29464381462439, 1.5408825608086685], [30.294773778898914, 1.540994880944431], [30.294821177153107, 1.5410097811872994], [30.294863108248215, 1.5409980215427874], [30.29488710679525, 1.5409710772513159], [30.294908876614187, 1.5409070819858426], [30.29489716139545, 1.5407963561178526], [30.294856029846606, 1.5407265241509234], [30.294665617389597, 1.5405053801909399], [30.294553309480623, 1.5403080691692286], [30.294327535324307, 1.5396497857940195], [30.29422120061851, 1.539274235539001], [30.294217442891018, 1.5390879584931687], [30.29424155796383, 1.5389734622426212], [30.29427459885735, 1.5388918151288449], [30.294316032735736, 1.5388370634156538], [30.294360363546026, 1.5388088588260787], [30.294439311962854, 1.5387984354730677], [30.294623681640203, 1.5388386449591211], [30.294946162752222, 1.5389686469181667], [30.295181469482728, 1.5390266710031322], [30.29522992036287, 1.539024646751266], [30.295248578870854, 1.5389935035970557], [30.295248892349086, 1.5389596992237433], [30.295202849632414, 1.538736666268249], [30.2951948747076, 1.5386232331260563], [30.295208872205265, 1.5385152040827477], [30.295248685292744, 1.5384206179752573], [30.295336353860606, 1.5383093078716896], [30.295450466428004, 1.538211817039386], [30.295607878820494, 1.5381244506792084], [30.295766648047703, 1.5380678594769959], [30.296047618301365, 1.5380456456855016], [30.29624405739571, 1.5380548646930237], [30.296518013160476, 1.5381719426888756], [30.29667991404759, 1.5382738684912303], [30.296828647011097, 1.5384229973337833], [30.29691576446764, 1.538558464599279], [30.29697956686881, 1.5387329148495166], [30.29704964511408, 1.5390665407265038], [30.297091849477464, 1.5391691227637188], [30.29712697526331, 1.5392107748792025], [30.297168988647158, 1.53919489473233], [30.29730023083896, 1.5390123067902475], [30.297350335436434, 1.5389784861329567], [30.2973952021506, 1.538967667990843], [30.297491540609172, 1.5390046410828622], [30.297668972733618, 1.5391914883336242], [30.297695200648548, 1.53920859116273], [30.297713741857407, 1.5392034822128575], [30.297718728744776, 1.5391022948138917], [30.29760611937991, 1.5388290727226588], [30.297560326906304, 1.5385166721781682], [30.29749647152451, 1.5383174312725658], [30.297440846379853, 1.5382267749388399], [30.29728231926001, 1.5380731239281074], [30.297202951914443, 1.537971007115787], [30.297138381847837, 1.53784105225367], [30.297128883848337, 1.5376706067252277], [30.297020719502665, 1.5375819117076481], [30.29699632595681, 1.5375411628221476], [30.297010428496318, 1.5375092678387758], [30.29726150431554, 1.537360461232462], [30.297343136876393, 1.5372856915922133], [30.297381263042457, 1.5372040831517961], [30.29741919181694, 1.536978102795549], [30.297410512500427, 1.5367886731503462], [30.297352425735077, 1.536653268959083], [30.29724527884135, 1.536540929872402], [30.297053847285408, 1.536451928428932], [30.29698452635042, 1.5364005355307337], [30.29692277531972, 1.5363137004079288], [30.29689299992437, 1.5362056739497398], [30.29690429514433, 1.5361014771801438], [30.297016591563025, 1.535810599884689], [30.2970729918163, 1.5355126011405664], [30.297116504222004, 1.5354457863185338], [30.297230353994088, 1.5353394778588119], [30.29724583358252, 1.5353043149422783], [30.297243544559127, 1.535225946940818], [30.297221531042116, 1.5351635379144197], [30.29714425968788, 1.5351008167476594], [30.29703834075908, 1.5350880932131692], [30.29693253212607, 1.5351205712833058], [30.296749502136475, 1.535226985016608], [30.29665609856897, 1.5352380809680868], [30.29641987854551, 1.5351053074093761], [30.296248794747108, 1.5349350409684461], [30.295957436486688, 1.5348886978823841], [30.295688373712142, 1.5348022193801814], [30.295581897693193, 1.5347402950250222], [30.295504576439736, 1.5346497184851697], [30.295457767825358, 1.5345302962015892], [30.295423059288495, 1.5340440064806744], [30.295400114230908, 1.533952010779779], [30.295360746348006, 1.5338711477674731], [30.295279083524985, 1.5337823895653273], [30.29506581667303, 1.5336682591845008], [30.294836737921898, 1.5334837758109716], [30.294713495237097, 1.533276463485948], [30.29453650964933, 1.5328568484014025], [30.29449319475476, 1.5328122345990889], [30.294449548052047, 1.5327913223048864], [30.294395965736836, 1.5327895525135768], [30.2943448719672, 1.5328088141458334], [30.294263633351353, 1.532876853759848], [30.294032391899933, 1.5331575277292857], [30.2938409378618, 1.5332777314090047], [30.293826790004722, 1.5333117412277089], [30.293834099773274, 1.5333532886300563], [30.293864439560007, 1.5334018628665298], [30.29392115220816, 1.5334514987238386], [30.294112781325996, 1.5335257703809018], [30.294203432017028, 1.5335890350836123], [30.29423930179149, 1.5336321499342407], [30.294253144123168, 1.5337226138344948], [30.294205914998763, 1.533871993326653], [30.294198228322163, 1.5339387299726974], [30.294226810452074, 1.5340602348425145], [30.294256900106536, 1.534107338678983], [30.29432024157971, 1.5341316980155413], [30.29444787384369, 1.5341371329620659], [30.29475048698983, 1.5340752999755864], [30.294816611538426, 1.5340959441095052], [30.294867672021116, 1.5341445703815442], [30.294898517854143, 1.5342193621658775], [30.29493270433787, 1.5345228757157579], [30.29491387396918, 1.5348280259262537], [30.294953707629578, 1.5349906407101654], [30.295005849324667, 1.5350927483780075], [30.2950693477731, 1.5351759027165175], [30.29529937183315, 1.5353558694338532], [30.295388640903212, 1.5354501121177944], [30.29550362031742, 1.5356681685259383], [30.295541898426606, 1.5357832426721563], [30.295545594515264, 1.5359390264407191], [30.295512210523555, 1.5360664040817897], [30.295249550582803, 1.536468614155036], [30.295164923444993, 1.5367075876208736], [30.295076453122995, 1.536868581208281], [30.294956624727174, 1.5370060114929134], [30.294808959736418, 1.5370962792629523], [30.294411983369123, 1.5371820062353423], [30.29418618547879, 1.537212201346197], [30.29406587120945, 1.5372566370988734], [30.29366677951487, 1.537628662258938], [30.293343613686066, 1.537837057320612], [30.293064652190164, 1.5380983190413111], [30.29296759217663, 1.5381564052811232], [30.29287380186684, 1.5381757972472392], [30.292830100449784, 1.538165378177198], [30.292778698729276, 1.5381290837304935], [30.29268460671784, 1.5380121469087007], [30.292566260886655, 1.5375803840142173], [30.292348989153297, 1.537173202550419], [30.29212584261213, 1.536887253929419], [30.29205087139213, 1.53684426978988], [30.291979111862243, 1.5368456199123552], [30.291930181673024, 1.5369110409025937], [30.291845407421775, 1.5371970366929957], [30.291684401516413, 1.5374735907764638], [30.29162278289657, 1.5375518826002479], [30.29142947669536, 1.5377222001834108], [30.29135866905875, 1.5377672727447804], [30.291270400829628, 1.5377916551910722], [30.290921606294944, 1.5377794565647043], [30.29086522471061, 1.5378025199879906], [30.290888250089385, 1.537865351949656], [30.291093361917532, 1.5381039173776585], [30.291170217289167, 1.5382626419737542], [30.291200465475047, 1.5384079235663188], [30.291205344067283, 1.5385726702848797], [30.291184844168725, 1.5387028099457158], [30.291138722539593, 1.5387993374175786], [30.291039391605107, 1.5388701195013492], [30.290667343494373, 1.5389988401701342], [30.290433874643135, 1.5390279854689508], [30.290176761129363, 1.5390161833329805], [30.290022610027695, 1.5389862696068566], [30.28984389259745, 1.5389173747666074], [30.28969616338595, 1.538837063686817], [30.289592055922224, 1.5387478740236198], [30.289332270197246, 1.5384274202327515], [30.289192291712965, 1.5381201296464588], [30.2891084030433, 1.5378522925037963], [30.289045034084086, 1.5377678521043585], [30.28886891523489, 1.5376711371060028], [30.288477176542298, 1.5375181369149156], [30.288192745278387, 1.5374247218154748], [30.28796925473791, 1.5372972149006787], [30.287852204320988, 1.537190361398367], [30.28777522720507, 1.5370853323178912], [30.28761899514225, 1.536802925477852], [30.28748424539926, 1.5364509500589862], [30.287441941676896, 1.536379207561333], [30.287383474343887, 1.536343354753991], [30.287186895093324, 1.5363008140926615], [30.287071502451077, 1.5362502360174692], [30.286833499762505, 1.53609459841241], [30.286686301601414, 1.5359464243835268], [30.286534774934758, 1.5356482671617406], [30.286520202093435, 1.5354056737692858], [30.28647140198968, 1.5353284044678646], [30.28635284503671, 1.535193448878564], [30.286260930069115, 1.5350174859168473], [30.286227817776055, 1.5349193421579819], [30.2861732207959, 1.5343960068194267], [30.286197686451573, 1.5340691621721754], [30.28625450362803, 1.5338092804837278], [30.2862511603344, 1.5336171250472566], [30.286238959386427, 1.5335857080594828], [30.286178765948666, 1.5335702461940988], [30.2860548470486, 1.5336043393583008], [30.285897003909394, 1.533673749582701], [30.285747736765455, 1.5337728342936978], [30.285485300093356, 1.5338770017130772], [30.285310468745053, 1.5338886576110176], [30.2851225896048, 1.5339286428638181], [30.285018366972984, 1.5339186904989461], [30.284967082435386, 1.5338248945528694], [30.284908235897095, 1.5335314196292251], [30.284830627062767, 1.5333432978052135], [30.28469450254351, 1.5328706801993672], [30.284608767368375, 1.5326582493715113], [30.28453422274394, 1.5325730783063267], [30.284348251229424, 1.5325077098374207], [30.28422668319247, 1.5324996941228335], [30.284141029752096, 1.5325305939877352], [30.283861558527576, 1.532718307045418], [30.28374303343127, 1.5327367180563682], [30.283650951479437, 1.5327212026574857], [30.283491936758317, 1.532604694272849], [30.283423138733173, 1.5325246820247143], [30.28334446127443, 1.5324062603492061], [30.283277889138972, 1.5322058267641958], [30.28301173040738, 1.5318463065479817], [30.282870536261523, 1.5317700800261314], [30.282591542185596, 1.531659102147231], [30.282476637616895, 1.5316343631948663], [30.28237678177738, 1.5316400481727712], [30.282292094805836, 1.531671174439114], [30.28222996542989, 1.531717967307436], [30.282183578748583, 1.5317873374876732], [30.282151901650668, 1.531881698867759], [30.28213376832983, 1.5325689919557868], [30.282147198686424, 1.5327405090830564], [30.282192536376193, 1.5329667037040826], [30.282193973426235, 1.53308981064273], [30.28215253775737, 1.5332269822732079], [30.28209652313418, 1.5333166077263651], [30.282038920201973, 1.5333771138829737], [30.28193861833143, 1.5334349964523442], [30.281827390408388, 1.5334552253530531], [30.28079106465073, 1.5332926059420116], [30.280469617121106, 1.5333830322268271], [30.280245632017774, 1.5334631728879362], [30.280139601686606, 1.5334811315154864]]}}, {"type": "Feature", "properties": {"OBJECTID": 3003, "Id": 21440, "Contour": 1347.5, "Shape_Leng": 7556.01171086}, "geometry": {"type": "LineString", "coordinates": [[30.286235943518374, 1.5438562557013256], [30.28631046441184, 1.5438210509515737], [30.286362708465894, 1.54372217612316], [30.286389547746808, 1.5437133409494317], [30.28648914619483, 1.5437529120583342], [30.28681162573459, 1.5437991794640775], [30.2871379482331, 1.5439432616700353], [30.28750311052643, 1.5442641085522817], [30.287785679338725, 1.5445505324626574], [30.288018427879166, 1.5447578484949644], [30.288121757303472, 1.5448854913777519], [30.288250970132253, 1.545082729292979], [30.28830235795645, 1.5451214271870661], [30.28839730694928, 1.545158330845535], [30.288572242915723, 1.5451754064938714], [30.288731864044117, 1.5451442423845068], [30.288832658734176, 1.5450896569587353], [30.289017745356322, 1.5449389432698535], [30.289176531949632, 1.5448481800944938], [30.289370597660678, 1.5447643539029225], [30.289533153376674, 1.5446686989789233], [30.28960901005175, 1.5446518561396283], [30.289674128493324, 1.5446651684176262], [30.289728576175342, 1.54471464975048], [30.289797445957568, 1.5448577329094781], [30.290044243811217, 1.545130735947654], [30.29020285856889, 1.5453842094582395], [30.290314936021602, 1.5456156999920414], [30.29042819368283, 1.5459391509556772], [30.2905822610645, 1.5460865617757906], [30.290689227384227, 1.54615085827293], [30.290752224579776, 1.5461499375727779], [30.29080173803829, 1.5461049595911471], [30.290904769337565, 1.5457743775293544], [30.291108912359377, 1.5453857867534997], [30.291207152365775, 1.5452621931834343], [30.291324707400747, 1.5451980378558405], [30.29153805903089, 1.5451751382421972], [30.291652420629575, 1.5451911809825591], [30.291736022349408, 1.5452214438212941], [30.291886529571666, 1.5453355469550607], [30.292137373867142, 1.5456339258900142], [30.292227737083152, 1.5456774296044404], [30.292305193965067, 1.5456644273441063], [30.29232857166621, 1.5456268948271215], [30.292340884804393, 1.5455531895052352], [30.292349795872727, 1.545227787973312], [30.29233439158524, 1.5450785572518844], [30.292268618278033, 1.5447852209603357], [30.292262107619727, 1.5444229394816216], [30.29232373100552, 1.5442019846829054], [30.292457751187786, 1.5439786851856898], [30.292570773311372, 1.543874966310381], [30.292763381413316, 1.5437999507459084], [30.292890854960884, 1.5437866275867873], [30.29305107841683, 1.5437980559553093], [30.293340950339104, 1.5438656544484586], [30.293688572920505, 1.5439757409130956], [30.293752160908117, 1.5440236753729255], [30.293785573277383, 1.544076885292503], [30.293780688281895, 1.5442526518321158], [30.29381669722009, 1.5442733687603278], [30.293850558638635, 1.5442648347318768], [30.293895348259095, 1.5442061431604197], [30.29393972512507, 1.5439692602088821], [30.294033475149533, 1.543774052517228], [30.294094982001816, 1.5436931417324629], [30.294408417054374, 1.5433731224363068], [30.294568715317492, 1.5432555429097439], [30.294595112872745, 1.5431948152530734], [30.294628150994555, 1.5430154547191333], [30.294615364033664, 1.5429582669276767], [30.294579913619916, 1.542903971366537], [30.294522985747466, 1.54285869553213], [30.29445366278145, 1.5428291102997387], [30.294333314795185, 1.5428159078243588], [30.294037315543612, 1.542859361120014], [30.293975324985645, 1.542842860498003], [30.293928179184203, 1.5428067182582907], [30.29387455943813, 1.5427259367774413], [30.293834859012012, 1.5426203738897513], [30.293819612741878, 1.5423098101311516], [30.293798642002066, 1.5422216470099772], [30.29376330868652, 1.5421552849203581], [30.293703146228403, 1.5420929390581881], [30.293598637478038, 1.5420200071579777], [30.29345253006611, 1.5419375832100464], [30.29324249911671, 1.5418471421411057], [30.293107509974675, 1.5417516103776758], [30.292543768111496, 1.541237062739424], [30.292271851872428, 1.5409636131310955], [30.292194202995287, 1.5408603542459756], [30.292156411390454, 1.5407601815033458], [30.29211674470656, 1.5405548758090277], [30.292119119904047, 1.5404665003322673], [30.292138280388368, 1.5404010017804797], [30.29220296965165, 1.5403140134233098], [30.292340030886947, 1.540218701451682], [30.292553232056054, 1.540026815254827], [30.29315201840402, 1.5396524395509834], [30.29326796619928, 1.539607407431376], [30.293359796619146, 1.5396059863990483], [30.29347870938454, 1.5396664991900912], [30.293616663602567, 1.539806955041627], [30.29379959685334, 1.5398695856539741], [30.294227181198696, 1.5401507742155998], [30.294272677117384, 1.5402176844980549], [30.29442699474341, 1.5405488221338008], [30.29462795656243, 1.540824633656352], [30.294761673122167, 1.5409554404698473], [30.29480900616917, 1.5409768506350217], [30.294846118403598, 1.540968995337268], [30.294880289503215, 1.5408883814833334], [30.294861432667425, 1.5408029123790696], [30.294617148668372, 1.5404989618280114], [30.294483438862624, 1.5402543632528432], [30.294439073918923, 1.5400481454134987], [30.29431115070687, 1.5397139459694837], [30.294190741317312, 1.5393179729442223], [30.294173092449785, 1.5391489753620737], [30.294190748963697, 1.5390022217641344], [30.294232180815847, 1.5388802304334328], [30.294279060926403, 1.5387970752577338], [30.294341338254885, 1.5387410825891723], [30.29441642063714, 1.5387146723124103], [30.294506690563004, 1.5387303509599215], [30.294949963066596, 1.5389241234012956], [30.29510102723947, 1.5389535016110034], [30.29517901357773, 1.5389455347324164], [30.29519677444138, 1.5388935706714792], [30.295170748747044, 1.5386902661790949], [30.29517217127199, 1.5385632785049432], [30.295187424871514, 1.538482033231535], [30.295228611082994, 1.5383963003931396], [30.295310596630173, 1.538296245953731], [30.29544099552954, 1.5381863975206422], [30.29560220454369, 1.538094731513031], [30.295763751448916, 1.5380298732169557], [30.29591875223368, 1.538008323460058], [30.296253428314426, 1.5380216845523584], [30.296516969075046, 1.5381295742245535], [30.29665981056445, 1.5382177158104404], [30.296834811042764, 1.5383826505647402], [30.296929198291103, 1.5385221019150905], [30.29699745830594, 1.5387003521145817], [30.297058595433697, 1.5390139652078765], [30.297089492528066, 1.5390842716824937], [30.29712171339327, 1.5391186965613957], [30.297165437568605, 1.5391091219052095], [30.297258750445714, 1.5389855585426602], [30.29732837935577, 1.538926921099278], [30.297393450343378, 1.5389062700965903], [30.297490913098162, 1.538901310086219], [30.297524829080434, 1.5388812979165611], [30.297549706270036, 1.538796952664748], [30.297546344000075, 1.5385817168071245], [30.297452547782154, 1.538299067107195], [30.297399585353297, 1.5382286633132802], [30.297173012784313, 1.5380235469166033], [30.297103085888455, 1.5379217742533993], [30.296992163392975, 1.5377130883983139], [30.2967780774758, 1.5374972121974122], [30.296735037361767, 1.5374200789430812], [30.296744002221356, 1.5373915916605847], [30.29678403550226, 1.5373717323355616], [30.297017649533025, 1.5373828610884182], [30.297205754419235, 1.5373454029132287], [30.29729476514586, 1.5372911775373526], [30.297334294118205, 1.537215233585145], [30.297360922412324, 1.5368245446146602], [30.29733262117484, 1.5367006221377755], [30.29728613339762, 1.536630420540201], [30.297220925670043, 1.5365699012829825], [30.29703069431331, 1.5364849316271374], [30.296940398457732, 1.5364177892318387], [30.296872841504793, 1.5363307420495098], [30.296846440544787, 1.5362270654458048], [30.296862422183292, 1.5361127153902914], [30.29694147143088, 1.5359413829544388], [30.29697802790963, 1.5358222265396482], [30.297018616063273, 1.5355231506147027], [30.297170262229283, 1.5352468973858937], [30.297181873781685, 1.5352010280701764], [30.2971726872332, 1.5351580491126227], [30.297106981712894, 1.5351216040803228], [30.297003880515426, 1.5351399634964809], [30.29691798472816, 1.5351833270653583], [30.296677829120245, 1.5353523755891072], [30.296595960163863, 1.5353713436813077], [30.29653272371179, 1.535330297334308], [30.29645804454981, 1.53522256170307], [30.29623301914689, 1.5349721763035786], [30.296179109298333, 1.5349533795557209], [30.295986514673647, 1.5349313210124504], [30.29575194198385, 1.5348682067300226], [30.295651487856162, 1.5348271229788617], [30.295564536396178, 1.5347693728625436], [30.295483043665943, 1.534676230989305], [30.295435969808977, 1.534557952966795], [30.29542064733159, 1.5344441641968545], [30.295412925141807, 1.5340614485302264], [30.295391834234408, 1.533968641082823], [30.295350934568447, 1.5338823122326875], [30.295265516178006, 1.5337921367140377], [30.295047538540686, 1.5336863312635514], [30.294812195402542, 1.533509923606223], [30.294756394487386, 1.5334349864393562], [30.29466853888893, 1.5332592061174195], [30.294569358674902, 1.532986750950023], [30.294519473473017, 1.532887861499017], [30.294444725933154, 1.5328283172515866], [30.29439940921001, 1.5328249791624635], [30.294350031519283, 1.5328424100650413], [30.294263918274805, 1.532920207171219], [30.29405412644523, 1.5332079267839218], [30.29400151730522, 1.5332512513873562], [30.293885956188003, 1.5333083689332883], [30.29387410310444, 1.533351385076028], [30.29390692597413, 1.5333923218785055], [30.293958614780617, 1.533421740932993], [30.294082138233588, 1.5334312756420505], [30.2941394763459, 1.5334491309091807], [30.294221567729178, 1.5335098741027435], [30.29428046420282, 1.5335773346033705], [30.29430991402647, 1.5336373448587237], [30.29431521895329, 1.533695689510816], [30.294251168640223, 1.5339165234489878], [30.294273180145492, 1.533974333545697], [30.29432541809193, 1.5340275319074743], [30.294409352896107, 1.5340689309892723], [30.29449439536866, 1.5340800182884127], [30.294756797944167, 1.534014938176526], [30.294833583247012, 1.5340372436510448], [30.294899837977656, 1.5340973851240258], [30.294949664821957, 1.5342141104534754], [30.294976840597606, 1.5344975849520566], [30.294975040251874, 1.5345941488442638], [30.29493910784939, 1.5348161422080255], [30.294974877950985, 1.534989193897725], [30.295023281842727, 1.5350839534053717], [30.295087426780515, 1.5351664137519465], [30.29530884397385, 1.5353300053359025], [30.295402431520717, 1.5354231775579559], [30.295543037920304, 1.5356839543189142], [30.295575766662537, 1.5357793546875007], [30.295577728787396, 1.5359397010215812], [30.29554410297657, 1.5360761228930044], [30.295294015120238, 1.536477877867766], [30.29520229122262, 1.5367278316886614], [30.295129748958416, 1.5368652575090698], [30.294997173883253, 1.5370186417603993], [30.294813155321126, 1.5371375109950933], [30.294437792070745, 1.5372299440088115], [30.294163944274437, 1.537263599549388], [30.294078073559273, 1.5373003402350853], [30.293671295672905, 1.537671725110539], [30.293337923661284, 1.5378764415933721], [30.293046307702298, 1.5381591129383039], [30.292942159802585, 1.538216138695328], [30.292832729962807, 1.5382448396345745], [30.292784886955836, 1.538236518524884], [30.29273819420741, 1.5382060278246221], [30.292653127478673, 1.5380780462575383], [30.292499490034402, 1.5375906830435964], [30.29231147760514, 1.5371794070634874], [30.292131139514023, 1.5369304908155976], [30.29205739221458, 1.5368834977594787], [30.29199891835578, 1.5368825471024914], [30.291952994535677, 1.5369467938057872], [30.29189867263736, 1.5371711038604368], [30.291864037286818, 1.537255433091867], [30.29168466674325, 1.537555321799129], [30.291500085694597, 1.5377470228681842], [30.2914156591719, 1.5377987545571215], [30.291307604860698, 1.5378275153066399], [30.29117910049988, 1.5378335119380935], [30.29097871737139, 1.5378176911057866], [30.290930162547113, 1.5378344467494633], [30.29096429627727, 1.5379101381289209], [30.29119143758894, 1.5381731782718804], [30.291282107966218, 1.5384196001759214], [30.29126093113466, 1.5386871457123563], [30.291193233017335, 1.5388144264202348], [30.291139462527557, 1.5388650386582299], [30.291070375971778, 1.5389039497407588], [30.290715599502384, 1.5390336561781908], [30.290453946959264, 1.5390714125749403], [30.290170555610484, 1.539071025428022], [30.29001594505514, 1.5390437968750914], [30.289875018566242, 1.5389895715366892], [30.289699373521387, 1.538886328925587], [30.28956199813305, 1.5387665263263137], [30.289343401721755, 1.538510612565878], [30.289278738043027, 1.5384111887211223], [30.28915358632061, 1.5381404649431452], [30.28907497918157, 1.5378559692914566], [30.289023443114473, 1.5377888445707686], [30.288840888398195, 1.537688361556744], [30.288173447769463, 1.537457624849098], [30.28797966735552, 1.5373461663418266], [30.287841468544944, 1.537219640165173], [30.287761630246756, 1.5371171102001646], [30.28758885866904, 1.5368077686023938], [30.28745802767177, 1.5364751950892221], [30.287416636407475, 1.536404438872288], [30.287370213991256, 1.5363774872456777], [30.287150870743318, 1.5363290178128488], [30.287046402438285, 1.5362832757086933], [30.286808158723282, 1.5361363947983673], [30.286682276763234, 1.5360096614628622], [30.286511506196526, 1.5357106049826819], [30.286433553653108, 1.5353909495036397], [30.286222146620208, 1.5350295316742872], [30.28615394270948, 1.5348239344982286], [30.286139214729047, 1.534663178395952], [30.286141309139236, 1.5343560118338593], [30.286160337851296, 1.5341262763792267], [30.286211990580338, 1.5338394538098017], [30.286205146924825, 1.533766074058366], [30.28618457284072, 1.5337213099526472], [30.286150708753397, 1.5336859514967065], [30.286108133432084, 1.5336672333462458], [30.28600681250714, 1.5336749192215768], [30.28591760080711, 1.5337115929402703], [30.285768576718837, 1.533814914136755], [30.285486942274552, 1.5339271603035751], [30.28513490428093, 1.5339985829466753], [30.28501959101632, 1.5340087631338368], [30.284972753568873, 1.533997738209589], [30.284941849820388, 1.5339479475062607], [30.28487674357224, 1.5335623812386756], [30.284807403076638, 1.533512563692918], [30.284739814898302, 1.533332789299027], [30.284695873220247, 1.5330831516924586], [30.284592019484666, 1.5327744757287252], [30.284537498173716, 1.532679539175777], [30.284428496822947, 1.5325966739620567], [30.284305013898297, 1.5325533589690439], [30.284212785053455, 1.5325572712663627], [30.28409320512139, 1.5326246587524115], [30.28379703965805, 1.5328690465063837], [30.283720601371577, 1.5328867836391202], [30.28363241594764, 1.5328694809003693], [30.28353979608709, 1.5328100836348102], [30.283479029753774, 1.5327441587222852], [30.28331087596251, 1.5324409556550702], [30.283180110171067, 1.5321651751221426], [30.282999804862587, 1.5319059202021372], [30.2828134717954, 1.5317879105420282], [30.28260736924045, 1.531681921519543], [30.282493517986588, 1.5316531335982886], [30.282380218579704, 1.531659067781781], [30.282300405264145, 1.5316892113678624], [30.282240155627832, 1.531736597675664], [30.282197008181573, 1.5318053635014153], [30.282171649840635, 1.5318880861352835], [30.282169362227794, 1.5320245317286305], [30.282227758630743, 1.5323516812022404], [30.28219341081853, 1.532589343547686], [30.282239072332292, 1.5328801232611935], [30.282239115608803, 1.5331427157491007], [30.282200558704265, 1.5332787338004499], [30.282128057436584, 1.5334027585715075], [30.282042713275438, 1.533506432815305], [30.281966504638394, 1.5335347971374635], [30.281654308483276, 1.5335015224554804], [30.28131593163236, 1.5333990155687207], [30.28083383252467, 1.5333479700229076], [30.280713799646612, 1.5333675348035605], [30.28045924909995, 1.533441462079229], [30.28013250970128, 1.533607640479596]]}}, {"type": "Feature", "properties": {"OBJECTID": 3004, "Id": 21442, "Contour": 1347.0, "Shape_Leng": 7323.43887221}, "geometry": {"type": "LineString", "coordinates": [[30.286201283633925, 1.543824299079874], [30.286215413663484, 1.5437623037433847], [30.286253919513985, 1.5437132308585384], [30.286313380763367, 1.5436669528091462], [30.286376215441653, 1.5436517044750964], [30.28655827758136, 1.5436687364956805], [30.286814813653297, 1.543737628527943], [30.28713416352186, 1.5438729251724035], [30.287421520292543, 1.544103568171377], [30.287778195695374, 1.5444914035538198], [30.288048572130254, 1.5447370276823376], [30.288186161832375, 1.5449011509353727], [30.288295797727596, 1.5450666761101537], [30.288362431532576, 1.5451121418824263], [30.288449441525046, 1.54514189003472], [30.288601598941042, 1.54514982360967], [30.28872612637688, 1.5451175224973197], [30.288816469116618, 1.5450599115026908], [30.289037032118298, 1.5448634835233481], [30.289274856681924, 1.544706530816859], [30.28954193531376, 1.5445772603836165], [30.28961766895777, 1.5445645923539724], [30.289683781008264, 1.5445807923101025], [30.289814869822237, 1.5446864661726645], [30.289894349901374, 1.544844069477698], [30.290345474264992, 1.5455038209159093], [30.29041454988631, 1.5456427093573195], [30.29046627511114, 1.545849863576018], [30.290513845256292, 1.5459466210026498], [30.290604219934295, 1.5460542927058145], [30.29068321686368, 1.546105004865027], [30.290737115795718, 1.5460999818550352], [30.290779866624117, 1.5460474894577758], [30.29088544518931, 1.545708563371877], [30.291090366604607, 1.5453200072738196], [30.291175400786475, 1.5452197143273567], [30.29128953312326, 1.5451594361314673], [30.29154502499116, 1.5451227168315496], [30.291638423746953, 1.5451355497388408], [30.291732887522045, 1.5451696519757447], [30.291814098972498, 1.5452174688434452], [30.291905420006888, 1.545298031174897], [30.292137588124287, 1.5455856698771613], [30.292214064685556, 1.5456283247897635], [30.292270022209156, 1.545622326644845], [30.292298629920708, 1.5455709257784371], [30.292314689251224, 1.5454783444710134], [30.292321585902915, 1.5451987824490194], [30.2923076214724, 1.5450717461905812], [30.29224001169511, 1.5447863353531046], [30.292227175741996, 1.5444135064588367], [30.292278730843023, 1.544199468853514], [30.29238120832948, 1.543947570728974], [30.292423510904793, 1.5438856514108779], [30.292507807083147, 1.543822450865306], [30.292722135297442, 1.5437462021594581], [30.292969490346003, 1.5437386409062273], [30.293184906417384, 1.543763008094526], [30.293349401278036, 1.5438092681906392], [30.293546960690684, 1.5438903258749126], [30.2937638751282, 1.543945427101557], [30.293841150567257, 1.5439396111914738], [30.29393180148659, 1.5438642552269897], [30.29404767507914, 1.5436991591358493], [30.294307812218115, 1.5433965380652372], [30.29441227787764, 1.543248399954642], [30.29451996675409, 1.5431614355400796], [30.29456991882721, 1.5430780685232315], [30.294586411966957, 1.543015943964692], [30.29457784839009, 1.5429624449390822], [30.294545580068043, 1.5429131654651018], [30.29449265238091, 1.5428737634975627], [30.29442990035867, 1.5428497760622162], [30.294273912492645, 1.5428466995912258], [30.294020022624906, 1.5428983828100544], [30.293960413382933, 1.542885174106873], [30.293911574019212, 1.542849672691892], [30.293860323734094, 1.5427759213050887], [30.293802501118087, 1.5426345693001011], [30.293780078497967, 1.5425149633227666], [30.29376717623714, 1.5422769406611234], [30.293746714359752, 1.5422141268891163], [30.293708113792135, 1.5421565134934958], [30.293554271819463, 1.5420413831443383], [30.293224942670765, 1.5418848125268387], [30.293076753495757, 1.5417856935656526], [30.29250134579913, 1.5412621472062646], [30.292138284065896, 1.5408847174891358], [30.292090223075434, 1.540786772063147], [30.29204660306684, 1.540578862340046], [30.292052926905402, 1.5404859374047108], [30.292083340065393, 1.5403809035076623], [30.29216680713126, 1.5402760411793326], [30.292539794543487, 1.5399843857851991], [30.29314639234051, 1.5396054870908036], [30.293266151014823, 1.5395642187725558], [30.293369217513884, 1.5395646824312494], [30.2934677566553, 1.539601963328907], [30.293771459736572, 1.5397801932458945], [30.294068057025783, 1.5400082252562124], [30.294281772458483, 1.5401345704320322], [30.294314730743025, 1.5401799417222628], [30.294359990564605, 1.5403319702422562], [30.294469417490596, 1.5405673418078267], [30.294684276493903, 1.5408524154565655], [30.294768478941535, 1.5409191439532919], [30.29481863285804, 1.5409334385706883], [30.294844443866626, 1.5408828688029035], [30.294825845827354, 1.540817718777034], [30.29455731631871, 1.540506151260036], [30.294450368391377, 1.5403036400342385], [30.2944040378717, 1.5400547048383624], [30.294218522819456, 1.539581321024292], [30.294165450514534, 1.5393954230447682], [30.2941341351037, 1.5392013726534715], [30.2941442743146, 1.5389953248739239], [30.29421714797215, 1.538803833296039], [30.29431195289671, 1.5386884927734188], [30.29437532137655, 1.5386555326619655], [30.294466261786532, 1.5386559631386734], [30.29490642533718, 1.5388682510670801], [30.295005224492353, 1.5388922819710016], [30.295082404435924, 1.5388852904525474], [30.295120120831875, 1.538857180378708], [30.295138159188166, 1.5388058270801224], [30.29513765378326, 1.538560673453274], [30.295157448016884, 1.5384436353911382], [30.29521065683932, 1.5383544982967026], [30.29532769423325, 1.5382401897394598], [30.29555372303505, 1.5380889683420473], [30.295763933357556, 1.5379947541006966], [30.295887320865464, 1.5379726255417523], [30.29615977908683, 1.537974150907131], [30.296327856652777, 1.5379997869905897], [30.29652856080899, 1.5380874521944046], [30.296667354224798, 1.538184055787264], [30.296855616458664, 1.538367523347379], [30.296930419808458, 1.5384707699101856], [30.29699443011262, 1.5386048427696775], [30.297027112336377, 1.5387179858688613], [30.297068907908297, 1.5389649387714024], [30.29711952950169, 1.5390567274505293], [30.297162237682542, 1.5390450640437818], [30.297297617527093, 1.5388835661631215], [30.297347169863823, 1.5388562835544302], [30.297479912003336, 1.5388198501280252], [30.29750815607372, 1.5387500900517146], [30.29751211213178, 1.5385875183689364], [30.297409659110127, 1.5382892641003318], [30.297362855612814, 1.538233906656479], [30.297166380685045, 1.5380661068200912], [30.297080093888844, 1.5379563131613605], [30.296945116976005, 1.5377389738747598], [30.296594768245583, 1.5374147185897202], [30.29652878401929, 1.5373406572284503], [30.29650958855691, 1.5372976018229842], [30.296527993304586, 1.5372648789789194], [30.296638655427333, 1.5372492340569281], [30.296710555539438, 1.5372097370457156], [30.29674314996367, 1.5371588321623777], [30.296754717221333, 1.537063772590126], [30.29678479073017, 1.5370471624152162], [30.29707780729345, 1.537170462680859], [30.297120027287274, 1.5372027555491936], [30.297152554735995, 1.5372643843612581], [30.297182231642672, 1.5372875003212094], [30.29723721450154, 1.5372825046049419], [30.297277241890136, 1.5372274314479215], [30.297295878477385, 1.5370725745280922], [30.297297771811653, 1.536880587535778], [30.297284300099136, 1.5367695164946542], [30.29726103685273, 1.5367146296433862], [30.297218942772325, 1.5366501110034776], [30.297169013663012, 1.5366043812032615], [30.297001251062404, 1.5365340650367616], [30.296867273092808, 1.5364380982142636], [30.296800411717317, 1.536357235666044], [30.296775715441292, 1.5362796145772413], [30.296799495294497, 1.5361605381190913], [30.296927488081177, 1.5358749685029958], [30.296991058876134, 1.5354880405817701], [30.297136530052562, 1.5352491818086833], [30.29715032925092, 1.535203733335494], [30.29714303613633, 1.5351723111115338], [30.297084278394475, 1.5351552557463253], [30.29696890783111, 1.5351999239829277], [30.296841547723837, 1.5352833184268786], [30.296603447898047, 1.5354772285684], [30.296545390421212, 1.535492480493748], [30.296482836345803, 1.5354748825166793], [30.29641855856619, 1.5353937046012334], [30.296359843340838, 1.5352229769017989], [30.296209099537148, 1.5350077817552688], [30.296155637567786, 1.534987371748563], [30.29594683098511, 1.534960844751985], [30.295752382132726, 1.5349144193392448], [30.295608303699282, 1.534840919476814], [30.29550781666826, 1.5347573423108474], [30.295443186913005, 1.5346643944866991], [30.29540700892783, 1.5345610411909127], [30.29540227737551, 1.5340773536323888], [30.29538307187166, 1.5339814589259881], [30.29533971499133, 1.533887307973244], [30.29524380452318, 1.5337906724220132], [30.295057698258894, 1.5337118730330765], [30.294931028009458, 1.5336394399126685], [30.29488110844346, 1.5336242636935071], [30.294815334942907, 1.5336374573222311], [30.2947632007024, 1.533705588393208], [30.294755072697743, 1.5337839736654946], [30.294764833636975, 1.5338456314648277], [30.29479704379261, 1.5339136767010637], [30.294937852381643, 1.5340833281405242], [30.29499373055378, 1.534237556237602], [30.295009964226068, 1.534548188947351], [30.294961160570434, 1.5348311251372742], [30.294989017510403, 1.5349715123849104], [30.295039250743887, 1.5350726848435727], [30.295105255184396, 1.5351558711548905], [30.29533324160784, 1.5353134898372662], [30.29542662503971, 1.5354047495311376], [30.295586769189637, 1.5357046499949727], [30.2956142393869, 1.5358025092384544], [30.295607985779974, 1.5359583965241748], [30.29557080784355, 1.5361003617198312], [30.295342330035666, 1.5364572620846688], [30.295223303680267, 1.5367875279335677], [30.29512201005233, 1.536943086643597], [30.294968465919403, 1.5370876415529395], [30.294768106229544, 1.5371965197654176], [30.294451649261287, 1.5372748460528873], [30.294215048040694, 1.537301387900242], [30.294099389318216, 1.5373435787504994], [30.293970886451017, 1.537438364037925], [30.293684158519532, 1.537709260645787], [30.29343699268693, 1.5378366231583043], [30.29334939877559, 1.5378976743984], [30.293020055918383, 1.5382304976261967], [30.292890187974162, 1.5382917825499522], [30.292792513258096, 1.538312028737843], [30.292742777331355, 1.5382999240070447], [30.292685292103897, 1.5382610290156402], [30.292634167651045, 1.538208899439778], [30.292597143385848, 1.5381454650192294], [30.292528487391433, 1.5378391110547736], [30.292291976426164, 1.5372003923752406], [30.292146006980445, 1.5369855740636214], [30.292088883062203, 1.5369438619718132], [30.292037518768186, 1.536942643847262], [30.292001062270156, 1.5369751781106957], [30.29197415094196, 1.5370271489293175], [30.291922064331093, 1.53724082485652], [30.291889377537675, 1.5373188637171047], [30.291707526223654, 1.5376032116949778], [30.291553104292532, 1.5377619633445339], [30.291493536832128, 1.5378068921652825], [30.291406984066246, 1.5378393838307172], [30.291289760037447, 1.5378615304178753], [30.291090903664728, 1.5378703236015765], [30.291041484853487, 1.5378989118416386], [30.29104504581021, 1.5379414096589008], [30.29109393164485, 1.5380064328026368], [30.291378977659395, 1.5382924764047332], [30.291455143664805, 1.5383383877590602], [30.291472899125377, 1.5383693018154014], [30.291465857685644, 1.5384098934199935], [30.291404161772494, 1.5384748790258904], [30.29135048892271, 1.5385681118655903], [30.29130170491682, 1.5387334523567635], [30.29122648206769, 1.5388426331695697], [30.291163786091193, 1.5388992615704011], [30.29108495891277, 1.5389447348484688], [30.290916471061166, 1.5390157107615916], [30.29068800935996, 1.539089006404973], [30.29055833589325, 1.539107667154013], [30.290097841911997, 1.5391273853554546], [30.29000119712895, 1.5391121605720557], [30.289910828736357, 1.539077228658461], [30.28969470279786, 1.5389339173621743], [30.289571553817634, 1.5388264377451855], [30.289315474744953, 1.538538566408606], [30.289238805262325, 1.5384299346832782], [30.28914555394062, 1.5382414819369692], [30.289100451579692, 1.5381116878379544], [30.289058729263825, 1.5379084872795314], [30.288998869273165, 1.537813735792676], [30.288825847750143, 1.5377155736602894], [30.288180172911247, 1.5375028789687757], [30.28797459673429, 1.5373884207776112], [30.287788234956448, 1.5372099948175229], [30.28765969512743, 1.5370218927449262], [30.2875546333255, 1.536823466417586], [30.287437593177582, 1.5365403608782615], [30.28738525092503, 1.5364615037546383], [30.28733333627296, 1.5364263250949384], [30.28704156344498, 1.5363216744123267], [30.286788438559977, 1.536180070435145], [30.2867099726364, 1.5361173861603412], [30.28659930244943, 1.5359928246175412], [30.28647334802854, 1.5357292823039064], [30.286386641648704, 1.535438626323799], [30.2863125688224, 1.5353610153532502], [30.286156904343635, 1.5349735110211187], [30.28611741214214, 1.5348273906271186], [30.286104695657187, 1.5342551746870279], [30.28611798272304, 1.534131715437511], [30.286179543381728, 1.5338528476251174], [30.28617697515429, 1.5337809934704452], [30.286157311045162, 1.533740227461645], [30.28610133418742, 1.5337132703338363], [30.286004836623718, 1.5337273149974873], [30.285736498662764, 1.5338964709285445], [30.285331457193887, 1.5340257956085341], [30.285112910913547, 1.534067311655273], [30.28502370408271, 1.5340701036037183], [30.284974357208387, 1.5340527992552047], [30.284926280411305, 1.5339960253429021], [30.284871583189524, 1.5337846107797655], [30.2846919834441, 1.5333697959033263], [30.284654988271473, 1.5330971874477466], [30.284566500672106, 1.5328215338566629], [30.28450041904025, 1.5327111081191271], [30.28440324638155, 1.5326284460927067], [30.284308435729532, 1.532596424254503], [30.28422060635672, 1.5326099186420057], [30.28414640022013, 1.5326599471043], [30.283986862754695, 1.5328267522740693], [30.283832784293946, 1.5329486608775216], [30.28372914172513, 1.5329778410782298], [30.283628568554537, 1.5329694616770742], [30.283471125925217, 1.5328787372981614], [30.28340618691109, 1.5328132238340457], [30.28331185803451, 1.5325519517884296], [30.2830949743009, 1.5321182641644508], [30.28300452778773, 1.531988511294307], [30.282795790549006, 1.531812934618288], [30.282628138570008, 1.5317072642526872], [30.28250680849042, 1.5316699361920938], [30.282383145047366, 1.5316769878213545], [30.282304438167, 1.5317090171731627], [30.28224885193085, 1.5317566997945935], [30.28220878915851, 1.5318277049458535], [30.282187640386095, 1.5319158118210168], [30.282195903901055, 1.5320451923131901], [30.282278040727206, 1.532362033682253], [30.28226422137759, 1.5326090254730749], [30.282322225029965, 1.5329585214659138], [30.282290299388457, 1.5333582750680286], [30.282258258416192, 1.5334514307647844], [30.282201990198857, 1.5335256023572996], [30.282081241846175, 1.5335842941584206], [30.281994528225145, 1.5335969640030926], [30.28160457431498, 1.5335387707830908], [30.281278674789064, 1.533433809598901], [30.280873862367578, 1.5333975088279257], [30.280463023773283, 1.5335042638861982], [30.280320288661756, 1.5335707541175791], [30.280127443988913, 1.5336980040243635]]}}, {"type": "Feature", "properties": {"OBJECTID": 3005, "Id": 21443, "Contour": 1346.5, "Shape_Leng": 7200.19419701}, "geometry": {"type": "LineString", "coordinates": [[30.286118024315886, 1.543748374112278], [30.286162026728345, 1.5436490432507513], [30.286256834349174, 1.5435946889046066], [30.28633299042526, 1.5435842966849624], [30.286608742019414, 1.543595434221757], [30.286836255419672, 1.5436664508738536], [30.286986086075462, 1.5437570691554632], [30.28733073549162, 1.543907211174001], [30.287398004854673, 1.5440068891633403], [30.287738746826406, 1.54439288162621], [30.288097446301894, 1.5447125233455765], [30.288329808956775, 1.5450412297813834], [30.288397800012714, 1.5450919363736528], [30.288477067302363, 1.5451205917685127], [30.288591693872927, 1.5451267183996051], [30.288703837595357, 1.5450956250976042], [30.288776399372072, 1.545046617148293], [30.289032905901244, 1.5448160885810207], [30.289250121238563, 1.5446635735895915], [30.289560867559743, 1.5445133830782465], [30.28965219283225, 1.5444988433173001], [30.28971406622324, 1.5445140591328603], [30.28986736023465, 1.5446466776481813], [30.289966735828372, 1.544831494290788], [30.29010600090849, 1.5450060584080476], [30.29020643746662, 1.545226042596562], [30.290327410774044, 1.545367874884353], [30.290385582921957, 1.5454655487916027], [30.29053491283668, 1.545909275446549], [30.290603109702328, 1.5460004478918967], [30.290666631370954, 1.546046774108982], [30.290710681706585, 1.546041883476195], [30.290761266363504, 1.5459794129454016], [30.290864218341707, 1.545657678926762], [30.291038407933694, 1.5453017488886442], [30.291136147654548, 1.5451769631445698], [30.29121903244734, 1.545125696047701], [30.291520729161256, 1.5450851776885282], [30.291622170231097, 1.5450938339162503], [30.291728932746203, 1.545123232429432], [30.291815230160726, 1.5451663632562282], [30.291903920707547, 1.5452357981209484], [30.29214274667377, 1.5455147095354926], [30.292184894122922, 1.5455342192660362], [30.292235489454573, 1.5455232147421758], [30.292265553519016, 1.5454817349661065], [30.292287045479313, 1.545408182733448], [30.292296350034945, 1.5451817434633943], [30.29228338334015, 1.5450658115255393], [30.292218650799665, 1.544796949332666], [30.292194389870744, 1.5445111538001701], [30.292196328955928, 1.5443771574581084], [30.292217382319166, 1.5442487547964456], [30.292296879628616, 1.5440258296834004], [30.29233238383391, 1.54387669375097], [30.29238264711649, 1.543779572536367], [30.292457903721473, 1.543730850008611], [30.292590514433623, 1.5437188333669793], [30.292701058801857, 1.5436753771799931], [30.293044079788373, 1.5436934585718827], [30.2933095650299, 1.5437498940848875], [30.29351950121738, 1.543838501815344], [30.29373250530235, 1.543897089619104], [30.293819408050666, 1.5439019250037178], [30.29391366489352, 1.5438278581809848], [30.294264415096542, 1.5433658952579874], [30.294352685037, 1.543193846973383], [30.294508869318435, 1.5430634486443022], [30.294536375960377, 1.5430224705739002], [30.29454202713771, 1.542981725632723], [30.29449928306361, 1.5429140039057314], [30.294406863190527, 1.5428734585031791], [30.294257651000862, 1.5428751673168273], [30.29400762514615, 1.5429363077943583], [30.293940237048197, 1.5429263606291215], [30.29389638803924, 1.5428979818799042], [30.293834859479695, 1.542806820748754], [30.293773857284762, 1.5426522033071235], [30.29374777672144, 1.5425294349765875], [30.293725492019952, 1.5422856603261208], [30.293682461675168, 1.542192319574142], [30.29352836692733, 1.5420719699442695], [30.29320429392903, 1.541913046685259], [30.29305550118615, 1.5418172051771215], [30.29269318308754, 1.5414774620919578], [30.292245600084865, 1.5410990415068369], [30.292105477542712, 1.5409548952115], [30.292043372742413, 1.5408674877472226], [30.291978013700014, 1.5407218231657211], [30.29196087735071, 1.5405356982778593], [30.291994872493515, 1.5404265320304202], [30.292041966895408, 1.5403410089723961], [30.292112797420938, 1.5402651300245462], [30.292496483706284, 1.5399645061026397], [30.292759225030508, 1.5398132689491213], [30.293102933001098, 1.5395855488267036], [30.293273771999615, 1.5395240039994824], [30.293369474514968, 1.5395261048077513], [30.293474130003418, 1.5395641790232018], [30.29385433693135, 1.5397791049447243], [30.2941365005353, 1.5400257231181065], [30.29423610562526, 1.5400650488279766], [30.294344338260437, 1.5400781392834022], [30.294359165063725, 1.540048488971808], [30.294344135878813, 1.5399762165361868], [30.294163247079002, 1.539534573325599], [30.294091592700077, 1.5392067122493542], [30.294116230737604, 1.5389529335536665], [30.294221797284568, 1.5387150383249646], [30.294326265431575, 1.53860823242509], [30.294378321904244, 1.5385891656761554], [30.294428661161007, 1.538588996134515], [30.29453799595895, 1.5386280350134918], [30.294907730104114, 1.5388342096277385], [30.29497858692595, 1.5388528853914398], [30.295050620392328, 1.5388450633897075], [30.295082158540556, 1.5388198815872929], [30.29509758990866, 1.5387855098398178], [30.295111419801138, 1.5384904767496075], [30.295130556427242, 1.5384246956613856], [30.295177111904717, 1.5383489000524606], [30.295274913482157, 1.5382518579156672], [30.295417219077382, 1.5381422530575544], [30.295619582079173, 1.5380185763897634], [30.29576889775154, 1.5379552359197586], [30.295899150157013, 1.5379354466996487], [30.29627777422665, 1.5379534381182522], [30.29645147266731, 1.5380081961427738], [30.296606350324442, 1.538099343931406], [30.29684307166494, 1.5383197313351284], [30.29693808805577, 1.5384384815421892], [30.297023959368147, 1.5386202664820279], [30.297079482989734, 1.53888293792648], [30.29712302020269, 1.5389553485121072], [30.297171280320757, 1.5389461479332234], [30.297310096677492, 1.5388258499223801], [30.297445649900922, 1.5387686229945834], [30.29746514291855, 1.5387154352737697], [30.297464925193374, 1.5386196124242308], [30.29738604242694, 1.5385025039462739], [30.29738898290538, 1.5383547109262894], [30.29736109623558, 1.5382791301168552], [30.29712169042833, 1.5380663723658867], [30.296873258163014, 1.5377388154361546], [30.29665605967157, 1.5375394324476042], [30.296424582590774, 1.5373605452088608], [30.296392325657024, 1.5373159735703268], [30.296376894671713, 1.5372622232425381], [30.29639124935155, 1.5371131651912768], [30.296454602373615, 1.5369929775936217], [30.29652978689378, 1.5369417580351878], [30.296701737059937, 1.5369035062548009], [30.296798441911456, 1.536923640406409], [30.297004244276895, 1.5370735775377395], [30.297157125594016, 1.5371200764469117], [30.297224322757824, 1.5371695454294774], [30.297242311552427, 1.5371573577540363], [30.29725848967806, 1.5370342866271192], [30.297255705223904, 1.5369008159766964], [30.29723647589265, 1.5368114347914468], [30.297195163667272, 1.5367319439660327], [30.29712616259857, 1.53666129725108], [30.296841575802684, 1.5365010525773763], [30.296716820097057, 1.5363880762955904], [30.296679497323048, 1.536313576830588], [30.296698895555334, 1.536236448917892], [30.29688098800021, 1.5359214314781118], [30.296956557027567, 1.5354831781072387], [30.296993497012053, 1.5354012928735805], [30.297105196179984, 1.5352445277780498], [30.29711207301, 1.5351999156339846], [30.297091823380967, 1.5351905547246607], [30.297045048668885, 1.5352017977901196], [30.296889505385067, 1.5352916370231033], [30.296591515982122, 1.5355586750950447], [30.296519177945214, 1.5355796903852936], [30.296463664553894, 1.5355610125458776], [30.29638053652817, 1.5354571657161713], [30.296297041873025, 1.5352245037612167], [30.296173666872924, 1.535090617506688], [30.296058223403143, 1.5350312904393446], [30.295728999387144, 1.534946703159625], [30.295573564430878, 1.5348547136946875], [30.29548091277109, 1.5347691300008384], [30.295412821446092, 1.5346661753897894], [30.295376885756856, 1.5345631738912329], [30.295391152782614, 1.5340948070164906], [30.295375447593155, 1.533999149265386], [30.295336163373864, 1.5339074832156285], [30.29528425860712, 1.5338396638931084], [30.295217715214797, 1.5337948923034368], [30.295040993383406, 1.5337352264316546], [30.294914167963537, 1.5336729789598307], [30.294855590542006, 1.5336760599357642], [30.294802435737992, 1.5337469618584179], [30.294806823465493, 1.533839182126527], [30.29483504740792, 1.5338905801976201], [30.29497336642789, 1.5340506873504869], [30.295023700249562, 1.5341506287830873], [30.295047423892655, 1.5342401119908204], [30.295041002398, 1.5345495473325093], [30.294982831755497, 1.5348063319518683], [30.295008047704666, 1.5349690355597556], [30.295058097988342, 1.5350664200602224], [30.295123411615055, 1.535145096731985], [30.29535280256228, 1.535294426540594], [30.295455431246616, 1.5353925971532145], [30.295621252492154, 1.5356987479758921], [30.29564905097795, 1.5357989382511545], [30.29563588725491, 1.5359805975927052], [30.29559713094563, 1.536125257189396], [30.295366391820732, 1.5364706584161174], [30.29532173869644, 1.536576851761093], [30.295255432593294, 1.5368154197877664], [30.2951544063307, 1.536964106728624], [30.294989251962086, 1.5371197523658289], [30.29473068793578, 1.5372652904283886], [30.294635595930092, 1.5372991386270245], [30.29449140771095, 1.5373232701285326], [30.2942397958518, 1.5373371962079883], [30.294110428193044, 1.5373813814018544], [30.293984535546404, 1.5374768641689085], [30.293702289759917, 1.5377336616242763], [30.293448344116545, 1.5378595690703603], [30.29335707275043, 1.537922754663505], [30.293026587443755, 1.5382866963377388], [30.292866707597575, 1.5383669384248515], [30.292785249711823, 1.5383849843045392], [30.292731951276238, 1.5383724115285726], [30.2926872513275, 1.538343133198845], [30.292573965361875, 1.5381983918648676], [30.29253723779712, 1.5380979318070194], [30.292487588736204, 1.5378547634996749], [30.292285099956125, 1.537246105353183], [30.292155658099862, 1.5370361079167913], [30.29210115898898, 1.5369911586142841], [30.292058041221846, 1.5369887598149896], [30.29202374742608, 1.5370181897535162], [30.291997675872196, 1.5370675916041387], [30.29194739306628, 1.5373279656299452], [30.291898638965762, 1.5374520795795852], [30.291834068066184, 1.5375418322662862], [30.291599926880316, 1.537790280123197], [30.291542320775367, 1.5378358906231784], [30.291466929388, 1.537866482163826], [30.291292247591105, 1.537895236108323], [30.291114062485928, 1.537901017634432], [30.291079962433102, 1.5379213135440344], [30.29108864819709, 1.5379585326208676], [30.291138449359053, 1.5380162136825741], [30.29147596752503, 1.5382762172455315], [30.291526324685655, 1.538356162043962], [30.291521673451268, 1.5384325241147987], [30.291460910903268, 1.5385581775048875], [30.29141365365398, 1.5386985950878147], [30.291298899262713, 1.5388504473701103], [30.291196894071938, 1.5389438042918706], [30.291073535915963, 1.5390185304433874], [30.29070395034994, 1.5391315981435467], [30.290592859886416, 1.5391495696062452], [30.290059232204825, 1.539173215385736], [30.28997800115105, 1.5391552703759002], [30.28988606258888, 1.5391142342232296], [30.289670439444617, 1.5389694622783516], [30.289246665408005, 1.5385390599017554], [30.289135896527014, 1.538322109489804], [30.289077278929533, 1.538150751193886], [30.28902624667593, 1.5379309198540119], [30.2889660716834, 1.5378381077758536], [30.288809600084853, 1.537744393121384], [30.28841348305304, 1.5376270379773833], [30.288176755275906, 1.5375416257714314], [30.288009717311038, 1.5374628559675942], [30.287887691208322, 1.537385252250678], [30.28776581720874, 1.537260106047138], [30.28764162182172, 1.537085643427778], [30.287509407045718, 1.536815980280215], [30.287400903325103, 1.5365513082867532], [30.28736158179351, 1.5364916357867695], [30.2872949300612, 1.536449394899605], [30.287003491135497, 1.5363407430877516], [30.286770103431163, 1.5362088164295853], [30.28667521729444, 1.5361370132477545], [30.286583070701095, 1.5360277355278555], [30.286298691841903, 1.5354380301782309], [30.286125716763934, 1.534999010975322], [30.28607673809276, 1.534814603093726], [30.28606706414048, 1.5347229866990237], [30.28607322946518, 1.534260811340937], [30.286089487602702, 1.5341128032149787], [30.28614839169695, 1.5338476892973838], [30.286136510482773, 1.5337677809365056], [30.286087546878594, 1.5337543594516014], [30.286022016043685, 1.5337670561574668], [30.285765629893234, 1.5339250250780745], [30.28530098344109, 1.5340874064812051], [30.285084702044053, 1.5341453289824634], [30.28499233573708, 1.5341219924993712], [30.284910400545538, 1.5340304398801943], [30.28483474531137, 1.5337864077240497], [30.28461453996371, 1.5333914425170367], [30.284589953880488, 1.5333080620468276], [30.284577480312787, 1.5330523528735938], [30.284540367100977, 1.5328616206752543], [30.284482924067916, 1.5327456771460568], [30.284386691175893, 1.5326619728848807], [30.284297636874008, 1.532635859097767], [30.28419633055862, 1.5326733550886487], [30.283875170110857, 1.5330141634702428], [30.283796337305077, 1.5330722955420018], [30.283730718456205, 1.5330779239437455], [30.283533886565234, 1.533029284517818], [30.28345921396223, 1.5329714126445249], [30.28335645821925, 1.5328506864642617], [30.28323406043239, 1.532564039143319], [30.283186670960855, 1.5324065736713832], [30.283008423981904, 1.53209048976823], [30.28279900718045, 1.5318549275817357], [30.282655939061257, 1.5317422198530986], [30.28253439480283, 1.5316907622786682], [30.282400567478675, 1.531694068281746], [30.282325505101028, 1.5317231765501225], [30.28226723940525, 1.531770931240501], [30.282227372735672, 1.5318402791891614], [30.282207887273156, 1.531927243604514], [30.282220864309416, 1.5320529578581517], [30.28233081040763, 1.5324130079119376], [30.282345287485946, 1.5326838042040642], [30.282380604697465, 1.5329182062514384], [30.282326056227493, 1.533448224944165], [30.282295917221735, 1.5335281488545898], [30.282249977979852, 1.5335818784395332], [30.28207268448163, 1.5336851174468387], [30.28201937589324, 1.5336932216595407], [30.28181343953321, 1.5336463076551459], [30.281266833428603, 1.5334757792875449], [30.28103323273174, 1.533439885081993], [30.28090165710126, 1.5334348841793781], [30.28036802215225, 1.5336148635102564], [30.28030697917683, 1.5337015246194], [30.28031551589467, 1.5338336588039008], [30.28026528853343, 1.5338251220117953], [30.280124404558094, 1.53375222215082]]}}, {"type": "Feature", "properties": {"OBJECTID": 3006, "Id": 21444, "Contour": 1346.0, "Shape_Leng": 7147.11725727}, "geometry": {"type": "LineString", "coordinates": [[30.286084680436456, 1.543717999742976], [30.286094937531512, 1.543608111524719], [30.28613041869168, 1.54352033834322], [30.286190858608837, 1.5434488585151152], [30.28626184944436, 1.5434238816838604], [30.286456665448164, 1.5435165699669129], [30.28660271848945, 1.5435257849181725], [30.286747744733805, 1.5435698505176054], [30.286870001475435, 1.54358918771168], [30.28703616105402, 1.5437115290691863], [30.287331086914534, 1.5438413000963065], [30.287421804288712, 1.5439138024445551], [30.28754790654635, 1.5440993442744146], [30.287750975398016, 1.5443344013967708], [30.2881010027643, 1.5446153107538994], [30.288361188773084, 1.5450247533091843], [30.288421383371126, 1.5450728781246013], [30.288494305922917, 1.5450997904667312], [30.288601216928857, 1.545101846249637], [30.288710760047, 1.5450608568050106], [30.289038974371252, 1.5447665291915937], [30.289286792275867, 1.544592123821324], [30.28959982204796, 1.5444440989833148], [30.289684944067453, 1.544433887277069], [30.289743673835087, 1.5444527759728368], [30.289828596459774, 1.544512734926028], [30.28991962774094, 1.5446026332576768], [30.290010075835198, 1.5447897850500463], [30.29016394451533, 1.545004545448177], [30.29024471319931, 1.5451836401033632], [30.290362721861463, 1.545336104536861], [30.29045246610607, 1.5455463337441875], [30.290544767375888, 1.545863441241681], [30.290599930013382, 1.5459528602761594], [30.290661415774274, 1.5460030062781502], [30.29070326557103, 1.5459889124369717], [30.290754217623007, 1.5459126217102743], [30.290845512745733, 1.5456016186502886], [30.290968598952393, 1.5453106601148159], [30.291101217310445, 1.5451326057104338], [30.291204618198716, 1.5450636371997652], [30.291445382557786, 1.545035725359752], [30.291590949439694, 1.545050266245207], [30.291712237530827, 1.5450805765492663], [30.291881460038017, 1.5451741171178635], [30.292149302727598, 1.5454237001287243], [30.292189300155467, 1.545439988521553], [30.292223082119712, 1.545429189368749], [30.292260199059896, 1.5453593203678682], [30.292270779199452, 1.5451645547507717], [30.292256227730846, 1.545051766334714], [30.292202954674828, 1.5448626496669886], [30.292172917439203, 1.5446487788848071], [30.292165956111997, 1.5443258212768116], [30.29218622460944, 1.5441761839307442], [30.29226583777712, 1.543834021772721], [30.292323848209126, 1.543712816524857], [30.292404010791547, 1.543660880929878], [30.29255330868785, 1.543606410608907], [30.292696122163704, 1.5435784905954786], [30.29281468457224, 1.5435723478976608], [30.293156553820417, 1.543649909592361], [30.29356546033078, 1.5438011239257647], [30.293736387838226, 1.5438449303418782], [30.293805929032217, 1.5438435860703008], [30.293893760529297, 1.5437809804312879], [30.294210691631363, 1.543360336762262], [30.29423788010021, 1.5433081357732148], [30.294255775986926, 1.543195324172169], [30.294279153448453, 1.543146584890779], [30.29432977579636, 1.5431067202465145], [30.29445266541389, 1.5430508225788775], [30.29449023074218, 1.5429910628125414], [30.294450640216535, 1.5429322104098002], [30.294357393043338, 1.5429033788180238], [30.2942316264364, 1.542911046760337], [30.293993617352623, 1.5429781776070584], [30.293927086447678, 1.5429757995097342], [30.29387178922198, 1.5429461155712738], [30.293819091442288, 1.5428663897745243], [30.293755340716793, 1.542699326196468], [30.293722391633384, 1.5425707964225646], [30.293686165372883, 1.5423168501208127], [30.29362603262794, 1.5421978582178726], [30.29349476461169, 1.5420946201046188], [30.293139545854086, 1.541913004831532], [30.2929513235985, 1.5417816528510806], [30.292608374122764, 1.5414618313187465], [30.292246004318443, 1.5412038482896833], [30.29192680316999, 1.5408374683206445], [30.29189661652489, 1.5407796886410958], [30.2918889844531, 1.540727932849577], [30.29191195962371, 1.5405261883552717], [30.29194444109021, 1.5404211338448648], [30.291994210580423, 1.5403361245024991], [30.292055220855154, 1.5402670878678293], [30.292457285938035, 1.5399355779729105], [30.292755043753377, 1.539773409101843], [30.29310436548412, 1.539544515382942], [30.293254652089278, 1.539483580837189], [30.293363587978547, 1.5394847191305054], [30.29347456206642, 1.5395257235598516], [30.29386768489266, 1.5397468198326651], [30.294128720938193, 1.5399846457662658], [30.294191551633038, 1.5400069162663104], [30.294251976456152, 1.5399947758248005], [30.294278319541608, 1.5399539315658093], [30.29427317198339, 1.5398802298867906], [30.294131539111394, 1.5395441299500943], [30.29406470983561, 1.5392922231157127], [30.294035580031668, 1.539108484279396], [30.294080035667374, 1.5389163458194104], [30.2942168701853, 1.538641834227659], [30.29432563325822, 1.5385412615794067], [30.294388929761745, 1.5385248610570195], [30.29444305012856, 1.5385300175338859], [30.29454545207583, 1.5385744201535707], [30.294898883163647, 1.5387956874289896], [30.294961088965454, 1.5388146697077207], [30.29501644544467, 1.5388061726059303], [30.29504676164759, 1.538779745343186], [30.295063146084885, 1.5387330605828196], [30.29507504949773, 1.5384547559299033], [30.295132482567407, 1.5383470781741613], [30.295401920464762, 1.5381230164041393], [30.29561776537768, 1.53797617773362], [30.29574532761577, 1.5379172838957622], [30.295878675966147, 1.5378958333721435], [30.29620852481394, 1.537906113123985], [30.296340673435086, 1.5379326761974885], [30.296497365459913, 1.5379987664784174], [30.296686096600478, 1.5381359894427553], [30.296937093711747, 1.5383914309826978], [30.297059185196304, 1.5386351439155246], [30.297101864933587, 1.5388298769896678], [30.29712613060587, 1.5388828844908273], [30.297152117564703, 1.5388938099886693], [30.297175239964705, 1.538885286000926], [30.297295363343693, 1.5387693813861762], [30.297330633304576, 1.5387255687807682], [30.297342533533655, 1.5386844848803096], [30.2973094505046, 1.5385415521901504], [30.297344114285597, 1.5383646905198343], [30.297326860529875, 1.5382924920448884], [30.29712575448976, 1.538126628961754], [30.29683351912859, 1.5377600382798058], [30.296619177532538, 1.5375669740255036], [30.296348385441476, 1.537391827276549], [30.29630731311287, 1.5373346654820461], [30.296288941960203, 1.5372593229287943], [30.296309790771154, 1.5371360118949593], [30.29640423596776, 1.53695654709543], [30.296506494467764, 1.5368785587586615], [30.296670532614005, 1.5368135623803223], [30.296830934749227, 1.536766372237233], [30.296893836820708, 1.5367743508455844], [30.296926100612648, 1.5369480567807683], [30.29696748622856, 1.5370043252931065], [30.297021523382682, 1.5370358869836378], [30.297076646708277, 1.5370388869248612], [30.29712482755594, 1.537021521166676], [30.297162051326477, 1.5369920451978818], [30.29718863844951, 1.5369450228738244], [30.297194193209997, 1.5368469694288764], [30.297136691180782, 1.5367500222183963], [30.29669894017524, 1.536498720479407], [30.29663139085557, 1.5364363879343097], [30.296600263235888, 1.5363698101448966], [30.29660241356849, 1.5363143219130213], [30.296623565383985, 1.5362589839889544], [30.296785976591657, 1.5360378559616592], [30.296859910704057, 1.5358876071019039], [30.29689732390017, 1.5356516612981361], [30.296905664049813, 1.5354608578997397], [30.296892927243853, 1.535381098533215], [30.296860751756515, 1.5353721530397944], [30.29679699529837, 1.5354125269707843], [30.29656562234833, 1.5356532568327985], [30.29649150209314, 1.535672269752341], [30.296434746336967, 1.535648159379807], [30.296352125781606, 1.5355201298422494], [30.296262164196385, 1.5352420637818383], [30.296177466213646, 1.5351368165203827], [30.29608686232409, 1.5350797265497365], [30.295819435735982, 1.5350220794848255], [30.295699743459195, 1.534974433864049], [30.295535587583608, 1.5348645336907085], [30.29541761620029, 1.534727629886761], [30.295364755977545, 1.5346260897561672], [30.295343356697675, 1.5345360013271336], [30.295376185649204, 1.534204506703143], [30.29537541273056, 1.5340597512527467], [30.295349678757688, 1.5339643874985107], [30.29529778906308, 1.53387531875519], [30.295252241809084, 1.5338335800400404], [30.295194367526772, 1.5338058979422304], [30.295019175847848, 1.5337674662342817], [30.29491624556395, 1.5337218811084268], [30.294874510399247, 1.5337270194013113], [30.294845236975956, 1.5337673737607675], [30.294849709162108, 1.5338149637318486], [30.295037470112494, 1.5340632251531834], [30.295086900801387, 1.5341644797187397], [30.295119775238376, 1.5342731548759214], [30.295085310007384, 1.5345106113483775], [30.295007519774757, 1.5347914497215218], [30.295007156617345, 1.534884592935607], [30.295030570345705, 1.5349743860586522], [30.29507733855967, 1.53506064247576], [30.295141579513654, 1.535134022183721], [30.295363081349596, 1.5352713485872829], [30.29548981202729, 1.5353852405899364], [30.295570482100693, 1.5355570607171494], [30.29565852815347, 1.5356912421414028], [30.295684031768698, 1.535781648533086], [30.295663072063775, 1.5359891497086053], [30.295621386263853, 1.5361428800081558], [30.29557018759768, 1.536235681490167], [30.295390822683256, 1.5364825879183408], [30.29534724158467, 1.5365895799906975], [30.295285011914757, 1.5368345217994477], [30.295181872986603, 1.5369863737038365], [30.294908751199653, 1.537235920442667], [30.29474818585182, 1.537336245471874], [30.294516936666955, 1.5373812241227525], [30.29423006166076, 1.5373785167722527], [30.29412516526242, 1.5374154468224799], [30.293901842655437, 1.537588033452188], [30.29370955985441, 1.5377607765459933], [30.293448945819758, 1.537887235206572], [30.29336493246968, 1.5379476338170388], [30.293045952730672, 1.5383340751964008], [30.29289942077433, 1.5384126929354192], [30.29279114461008, 1.5384391433710707], [30.292712290830128, 1.5384267961046552], [30.292647858340015, 1.5383924308781183], [30.292539498632244, 1.5382439498408116], [30.292493935857475, 1.5381349467155503], [30.292352289281403, 1.5375591704383764], [30.292264278942433, 1.537268182634523], [30.29215855168629, 1.537102474198425], [30.29210772413856, 1.5370725698574639], [30.292064527310337, 1.5370799662758512], [30.292034588839837, 1.5371099287379892], [30.29201424211239, 1.537158960147565], [30.29196499036376, 1.5374425881156626], [30.291886778973343, 1.5375736058644385], [30.291689758938364, 1.537779732883684], [30.29159734331223, 1.5378529218325825], [30.291501194811726, 1.537893720467091], [30.29129190491003, 1.5379428353555418], [30.29124337568821, 1.5379672477293223], [30.291222577091865, 1.5379942503614128], [30.291225094132937, 1.5380289588265401], [30.29125195262324, 1.538067323936234], [30.29151531223874, 1.538262264389584], [30.29158194944256, 1.5383585166727118], [30.291586198671954, 1.538438113145891], [30.2915271171063, 1.538640962643218], [30.291431408121863, 1.5388174428659833], [30.29123674073245, 1.538999329386363], [30.291060650061254, 1.5390961605934534], [30.29067169175378, 1.5391841045640877], [30.290474476087844, 1.5392129346769634], [30.290268608539424, 1.539227823529918], [30.290080924379858, 1.5392207015591683], [30.289996802221722, 1.5392052290849119], [30.28990664693468, 1.5391687609511318], [30.289675176620023, 1.539023688400108], [30.289577149242014, 1.5389418207968872], [30.289231482291346, 1.5385880489271644], [30.289173067986987, 1.5384986408749532], [30.28911688903804, 1.5383623877260069], [30.28899534425104, 1.5379485844815823], [30.28892999923026, 1.537851868296541], [30.288791926047363, 1.5377719470714195], [30.28816949667645, 1.5375798467294979], [30.2879907578563, 1.537501364788627], [30.287840082156368, 1.5374060881285938], [30.287733403027147, 1.537299805906579], [30.28761636108532, 1.537126638107123], [30.287329649987615, 1.5365077434459957], [30.287278978244775, 1.5364759748329466], [30.287009711805865, 1.5363874134434454], [30.28687608195208, 1.536317562985033], [30.2866962028929, 1.5361997281773487], [30.286589326953543, 1.5360833053343663], [30.28629808893185, 1.5355546858202447], [30.28617860690032, 1.5352460992601251], [30.286082836161313, 1.5350483177663214], [30.286021587061622, 1.5348148488511066], [30.28600667126239, 1.534727353057369], [30.28600709197024, 1.534571043756559], [30.286073245807636, 1.5339937666934056], [30.286067418973293, 1.533944276399096], [30.286047490329633, 1.533913573189258], [30.28600622015342, 1.5338936205038873], [30.285945934858233, 1.5338970492018456], [30.285323970483212, 1.534121796185542], [30.285125730168836, 1.5341780618693104], [30.285045184107087, 1.5341822587010727], [30.28497322909582, 1.5341545794217604], [30.284874265227522, 1.534047962125014], [30.284792802865063, 1.5337859557181328], [30.284610977527485, 1.533493938997844], [30.28454971586878, 1.5333655537398125], [30.284535674432448, 1.5332977619582455], [30.28452474628794, 1.5329417150157296], [30.284497330556864, 1.5328434984919905], [30.284460018095807, 1.532786476493998], [30.284357835581492, 1.5327177064579598], [30.284306754266378, 1.532706545479314], [30.284260901378406, 1.5327137643381468], [30.284170941108364, 1.5327717584171714], [30.283978006096948, 1.533019142546313], [30.283821299282135, 1.5331409244607872], [30.283735407458714, 1.5331613840132186], [30.283541111016817, 1.5331455572993165], [30.283495004135975, 1.5331303723709664], [30.283409635231692, 1.5330603008666257], [30.283339434383063, 1.5329615820321292], [30.283181379564674, 1.5325815513129923], [30.28312173031354, 1.5323998337137408], [30.282944681554287, 1.532090275364119], [30.282785235681285, 1.5318777783478552], [30.28261344047105, 1.5317382785434568], [30.282502703479093, 1.531707497725171], [30.282374539974178, 1.531731720708885], [30.282279406719653, 1.5318005071563265], [30.282236297676672, 1.5319002706805698], [30.28224422181203, 1.532050427099992], [30.28237194548675, 1.5324138717180533], [30.282434185605556, 1.5328980779026464], [30.282355413643412, 1.5335396235101728], [30.282303997408444, 1.5336625834925497], [30.282214221880864, 1.5337750841794504], [30.28214635199448, 1.533810092932675], [30.28207589314877, 1.5338085946901423], [30.281769002393798, 1.5336802576234245], [30.281308787247223, 1.5335351367974686], [30.28106308088338, 1.533479309804055], [30.28092867771512, 1.5334670877282253], [30.2808216110353, 1.5334937324204607], [30.280583389839038, 1.533627592865391], [30.28043726058493, 1.5337338226730801], [30.280384632161404, 1.5338161340530923], [30.280336713451746, 1.533854525452596], [30.280256358389355, 1.5338641208862578], [30.28011984501809, 1.5338335493394193]]}}, {"type": "Feature", "properties": {"OBJECTID": 3007, "Id": 21447, "Contour": 1345.5, "Shape_Leng": 7026.07503599}, "geometry": {"type": "LineString", "coordinates": [[30.286039833017206, 1.5436771463062458], [30.286038231289815, 1.5436156369145047], [30.286058929754702, 1.5435220907330673], [30.28612079644917, 1.543416937588705], [30.28621822676701, 1.54334840913594], [30.286350274856527, 1.5433253933133941], [30.286533367891895, 1.5434278691713115], [30.286660987101662, 1.5434685148924698], [30.286750843094264, 1.543515028247212], [30.286907745622244, 1.5435532473057176], [30.28712145726555, 1.5436868228178642], [30.2873346497953, 1.5437883434699644], [30.287450888776156, 1.543878342665731], [30.287568509818147, 1.5440515904854692], [30.287795491572354, 1.5442934610093195], [30.2879653013961, 1.5444425199049288], [30.288149252705225, 1.5445782734720708], [30.28829375327869, 1.5448069543683314], [30.28838111243359, 1.544999486185291], [30.28843496047296, 1.5450504244185934], [30.288504530484467, 1.5450776512530855], [30.288605487215182, 1.5450769299098166], [30.288692507099437, 1.54504200781927], [30.288981155086457, 1.5447720812517394], [30.289175988686097, 1.5446200958948257], [30.289275327057997, 1.5445544080834748], [30.289549824286294, 1.544417313889543], [30.28962590440083, 1.5443839507946229], [30.289694197001857, 1.5443739792393416], [30.289831906679193, 1.5444199268372676], [30.289902024071626, 1.544465819630991], [30.28995114748322, 1.5445252098746638], [30.290045992149395, 1.544721327669047], [30.290223708876898, 1.5449923167188786], [30.290353979276492, 1.5452290653315326], [30.29044229923584, 1.5454372838830857], [30.290561794426687, 1.5458183625465656], [30.290593645030462, 1.5458677486649544], [30.2906304455863, 1.545892506957291], [30.290692111793106, 1.5458776433770127], [30.29074471684267, 1.5458162339906603], [30.290895505087992, 1.5453701973596206], [30.29096496319584, 1.5452304027307824], [30.291090716765893, 1.5450668455392842], [30.29120676472031, 1.5449906937221114], [30.291403436150606, 1.5449770260241162], [30.291669734211087, 1.5450230125027056], [30.29186309580632, 1.5451238633764508], [30.29212001092563, 1.5453425685566864], [30.29217212208923, 1.5453674477488681], [30.292210197777656, 1.5453625173564574], [30.292240169424485, 1.5452977832911756], [30.29224541028731, 1.5451320884317417], [30.292139320800924, 1.5446878139876574], [30.292135806465573, 1.5443288059449414], [30.292151079793175, 1.5441689693941052], [30.292222145471293, 1.5437692998599197], [30.292244989089408, 1.5436901535678764], [30.292283214035663, 1.5436302081127187], [30.292343156635894, 1.543586451672553], [30.29241312460422, 1.5435635476907557], [30.292749659734294, 1.5435212244577514], [30.292869196775346, 1.5435195425529393], [30.293191882659094, 1.5436031615458972], [30.293651124558657, 1.5437678290412584], [30.293738839671114, 1.543787763797968], [30.293794228356678, 1.5437850062207257], [30.293878876339875, 1.5437244042522453], [30.294089536247373, 1.54345864883322], [30.29417865955002, 1.5433042582258258], [30.294180327716415, 1.5431775795596347], [30.294207514561535, 1.5431114045713752], [30.294267862856426, 1.543068171637685], [30.294404728493404, 1.5430242881004703], [30.294424773948062, 1.5429955238694337], [30.294392925944376, 1.5429595371046059], [30.29430376134457, 1.542943086753067], [30.294207677625405, 1.5429552380752638], [30.293983809939544, 1.543028891123992], [30.293903379586286, 1.5430260332308217], [30.293842048411165, 1.5429907575461994], [30.293790264773307, 1.5429064102036836], [30.293724216588608, 1.5426978357287837], [30.29365000361688, 1.5423207078686634], [30.29358704547133, 1.542213523834917], [30.29344896913734, 1.5421090893034994], [30.29310205718813, 1.5419277836506533], [30.292906371253267, 1.541800526440081], [30.292720350361186, 1.5416416519347396], [30.292202412315778, 1.5412539849632736], [30.291886709454857, 1.5409295298796728], [30.29184070924425, 1.5408395729474813], [30.291823720624738, 1.540743812043659], [30.29186652667852, 1.5405142263557554], [30.291901271412478, 1.5404109115181364], [30.292007527802696, 1.540259784386978], [30.29239149524401, 1.5399255310371744], [30.292737053052665, 1.5397479086215824], [30.293108010766314, 1.5395039823656447], [30.293244154381004, 1.5394492649129348], [30.293359511752627, 1.5394495341425622], [30.293477831773252, 1.5394932274833681], [30.2938963119413, 1.5397182553656652], [30.294125030509445, 1.539940770132995], [30.294177326470898, 1.5399584406405364], [30.294210241651783, 1.5399475783622123], [30.29423337920996, 1.5399079025439035], [30.29423000530466, 1.5398657277235623], [30.294097182802066, 1.5395802078995278], [30.293995621212577, 1.5390860724252116], [30.294006010012577, 1.5390105457371874], [30.294050828446643, 1.538880798223824], [30.294206388201967, 1.5385842008253987], [30.294311280725402, 1.5384865340307297], [30.294377533263532, 1.5384663793054352], [30.294438101846502, 1.5384713968132504], [30.29454074403148, 1.538519477442535], [30.29491535462483, 1.5387672050799661], [30.294956903010046, 1.5387818252700518], [30.29499326483551, 1.538776812682128], [30.295022832856432, 1.5387471724923865], [30.2950362370453, 1.5386975125546714], [30.29503643473277, 1.538448910123908], [30.295086594660052, 1.5383459978284109], [30.295596560278124, 1.5379424394969798], [30.295730496611654, 1.5378745521631838], [30.295884293329213, 1.5378566323857221], [30.29623387525317, 1.5378741664311575], [30.296373979628164, 1.5379116573043623], [30.296543647855096, 1.537996957786286], [30.296695925846635, 1.538117237750415], [30.296961387012278, 1.5383756809965317], [30.29711374316377, 1.5386617872859556], [30.297144942203673, 1.5388305885608768], [30.29716905919971, 1.5388308121673042], [30.297264158009888, 1.5387010370205259], [30.297241811484245, 1.5384746519956578], [30.297298524764845, 1.5383556989067633], [30.29729466611053, 1.5383159985944101], [30.297144814109593, 1.538217205338995], [30.296851637648604, 1.5378379468063665], [30.296657566681453, 1.5376525531220107], [30.296301324126336, 1.5374145370074621], [30.2962472376957, 1.5373306445448698], [30.29622434051527, 1.5372332027166797], [30.29624365017583, 1.5371048758047015], [30.296306379880157, 1.5369735967905716], [30.296360017455108, 1.5369037264239072], [30.296460165199342, 1.5368395745865333], [30.29670411646162, 1.5367545963178972], [30.29676007973573, 1.5367179313977808], [30.2967915699851, 1.5366748491300606], [30.296791231624283, 1.5366485442113493], [30.296766194061533, 1.5366156664012112], [30.29653711251384, 1.5364395848620243], [30.296510866070214, 1.5364005358484305], [30.296504841599887, 1.5363531371432098], [30.296548091500487, 1.5362631520239685], [30.296720915384242, 1.5360768025092233], [30.296788130876436, 1.5359572940901791], [30.29685760941042, 1.5356941241065236], [30.29686259463855, 1.5355722470564126], [30.296848772502404, 1.5355082933668471], [30.296807124088012, 1.5354856313471819], [30.296766900043018, 1.535505525482163], [30.296616275208272, 1.5356808837083096], [30.296565620055755, 1.535720668310771], [30.29650174397157, 1.5357402013063255], [30.296436007115545, 1.5357300892933436], [30.296392073623384, 1.535697830668606], [30.29635848664915, 1.5356466780008595], [30.296266620496382, 1.5354188583320518], [30.296224543892396, 1.535259580375629], [30.296144408753296, 1.5351562125156144], [30.29608533418945, 1.5351220720232674], [30.295936877951572, 1.535107746938636], [30.295755090669378, 1.5350545335129138], [30.295644890948644, 1.5349924576361986], [30.295523712019847, 1.5348993539251854], [30.295385263842864, 1.534727153386938], [30.295310650109055, 1.5345684200301921], [30.29530676167185, 1.534479253151482], [30.295362658953202, 1.5341431940611836], [30.295357539143296, 1.534039121868991], [30.295337964157433, 1.5339721058200153], [30.295291237603763, 1.5338889865631973], [30.295239249893303, 1.5338440214068947], [30.295166482683925, 1.5338272793463976], [30.29509684331542, 1.5338457005666257], [30.29505235023414, 1.5338929996686712], [30.295048431388114, 1.5339589521564627], [30.295184125385095, 1.5342517459318574], [30.295196273621716, 1.5343031956948459], [30.295041510789954, 1.5347610997687113], [30.295032955899504, 1.5348663597198537], [30.295048300414035, 1.534954652751209], [30.295090070495714, 1.5350400668253419], [30.295157255511725, 1.5351171033996567], [30.29537415753221, 1.5352466951799772], [30.295550584560377, 1.5353894808706146], [30.295606450706682, 1.5355394203624502], [30.29570379279617, 1.5356924835595647], [30.29572682867641, 1.5357965835584788], [30.295681181706634, 1.536043695014358], [30.295645391487497, 1.5361594368989384], [30.29559920558689, 1.5362426114121965], [30.29541242972045, 1.5364967428252756], [30.295371699859075, 1.5366022090140987], [30.295316322932273, 1.5368564034986234], [30.295215354502027, 1.5369999719241472], [30.294910977636007, 1.5372764914462278], [30.294741275580144, 1.5373806220201915], [30.294533702244657, 1.5374263189438493], [30.29424286056385, 1.537410174813419], [30.294132093651204, 1.5374473836367408], [30.293905119379666, 1.5376183776890058], [30.293721507969973, 1.5377836310103754], [30.29347209944609, 1.5379026092994466], [30.293373226575408, 1.537974001660504], [30.293297719175715, 1.538057348933645], [30.293119974096864, 1.5383213954636559], [30.29305918592853, 1.5383858129994206], [30.292940947051104, 1.5384581643990067], [30.292811346136695, 1.5384875859673393], [30.292723818602337, 1.5384785626771105], [30.292633898266587, 1.538438398862247], [30.2925667231532, 1.5383755422751173], [30.292516514764962, 1.5382950083228755], [30.292438741200815, 1.5381109861354627], [30.29231693830517, 1.5375522322982298], [30.292242468757653, 1.5372976929272875], [30.292161378829604, 1.537159948852632], [30.292118964446196, 1.5371333817207617], [30.292083893681596, 1.537135055486494], [30.292044326414445, 1.5371940871644454], [30.292017304932127, 1.5373888940533005], [30.291971166697692, 1.5375220879435882], [30.29191180588155, 1.5376155427483855], [30.291766026348178, 1.5377870309728212], [30.291686023843706, 1.5378602454118961], [30.291611809290785, 1.5379047068168528], [30.29132839129337, 1.5379644665772305], [30.29128414241681, 1.5379842194459246], [30.291262662102703, 1.5380107806214809], [30.291271146724764, 1.5380461278062199], [30.291314823463416, 1.5380897735202603], [30.291595898239144, 1.5382681205175006], [30.29168338165711, 1.5383639260789717], [30.29168742915407, 1.5384353824755463], [30.291635940185394, 1.5385986660425282], [30.291614857605712, 1.5387718140699325], [30.291581702471355, 1.5388402780599189], [30.29125861679145, 1.5390539810828332], [30.29109846418281, 1.5391343652028555], [30.290799175712564, 1.5392156413888043], [30.29038861318282, 1.5392830667755426], [30.290225780096698, 1.5392882508755255], [30.28998056560673, 1.5392483987095922], [30.28985507967522, 1.5391907515959045], [30.289698745608547, 1.5390947636634789], [30.28955226716871, 1.5389842494599544], [30.289238692129167, 1.5386657303308169], [30.289139622472995, 1.5385132718889736], [30.28897220163808, 1.5379635479781504], [30.28890974595323, 1.5378723618418297], [30.288775913098704, 1.5377988944661816], [30.288149937213046, 1.5376126508282173], [30.287979753342285, 1.5375404408797408], [30.287831162813852, 1.5374453548608988], [30.28771932436172, 1.5373398476534788], [30.28759772338283, 1.5371655500718064], [30.28729887934246, 1.5365241148094977], [30.286891792582963, 1.5363775986938881], [30.28677251557213, 1.5363131222463167], [30.286625020586552, 1.5361976555030965], [30.28629458186458, 1.5356453722611452], [30.28614234246263, 1.5352790022723544], [30.28602183090844, 1.5350410904336633], [30.28597747780134, 1.5347920071347727], [30.285971217866486, 1.5346317255329684], [30.28599900296794, 1.5342752423628547], [30.28603583914975, 1.534011615260943], [30.286030050151947, 1.5339741278360992], [30.2859924340406, 1.5339618951578606], [30.28593166670301, 1.5339834666721173], [30.285736174964565, 1.534009415808166], [30.285263176642744, 1.5341982298279806], [30.285103620065623, 1.5342412466054425], [30.285020990126704, 1.5342461131923206], [30.284944474747384, 1.5342177333974074], [30.284896160775826, 1.534169640433867], [30.28483719693106, 1.5340766542848512], [30.284773410763407, 1.5339050470061018], [30.28469877884604, 1.5337993267881325], [30.284523517539046, 1.533396284462106], [30.284499300949317, 1.5332939925398954], [30.284476389907894, 1.532952647901871], [30.28445084578992, 1.532882627190365], [30.284412177087123, 1.5328269247073885], [30.28431834551095, 1.532764847168167], [30.284224049392524, 1.5327888251710218], [30.284010288995304, 1.533053661822521], [30.28386562890592, 1.5331871586214667], [30.283807561073836, 1.5332237867788796], [30.283679906583192, 1.5332338526307732], [30.283496760647004, 1.5331842828713345], [30.28333610186717, 1.5330462780434546], [30.28322059390681, 1.532855398465443], [30.28315613046213, 1.5326828414919464], [30.283040156189106, 1.5324648697270538], [30.282977796014222, 1.5322347101896092], [30.282890179745362, 1.532062021436671], [30.28275552741342, 1.5318856922426676], [30.28260190131683, 1.5317595418091994], [30.2824973928443, 1.5317353746356823], [30.282380741473244, 1.5317683807150875], [30.282305428398328, 1.531827505042061], [30.282264794956642, 1.5319244582557379], [30.282278739898288, 1.5320748615651638], [30.282410998783135, 1.5324096380009442], [30.282488238645715, 1.5328987976426298], [30.282420271519907, 1.533241742725273], [30.282383216172324, 1.5335984300433168], [30.282329934394497, 1.5337237082650652], [30.282259364989113, 1.5338175020317866], [30.282182732214736, 1.5338601988350966], [30.28209321221508, 1.5338589218312089], [30.28179464793763, 1.53373580759426], [30.281310753252072, 1.5335741501351658], [30.281069732117587, 1.5335118280376756], [30.280934805238722, 1.5334984594594034], [30.28082582835214, 1.5335336559761212], [30.28036128356442, 1.5338839940502824], [30.280267843695135, 1.5339077868260937], [30.280115434807723, 1.5339058397159375]]}}, {"type": "Feature", "properties": {"OBJECTID": 3008, "Id": 21449, "Contour": 1345.0, "Shape_Leng": 6651.81837215}, "geometry": {"type": "LineString", "coordinates": [[30.28593219921923, 1.5435790980666462], [30.28607659016337, 1.543253664262265], [30.286098505362045, 1.5432314624991876], [30.28613258354813, 1.5432244176735435], [30.286402456030814, 1.5432699511199006], [30.286578191352035, 1.543368204744824], [30.287120073624106, 1.5435772757807331], [30.287351616053375, 1.543681482429456], [30.28746429723063, 1.543787156351307], [30.28761264385115, 1.5440054029649228], [30.28780650281105, 1.5442474088450964], [30.288211545519665, 1.544576159173697], [30.28831839092166, 1.544752044880881], [30.288404715976203, 1.5449799237989554], [30.288446834405914, 1.5450265026050147], [30.288508881589323, 1.5450539047378373], [30.288605467355854, 1.5450526380524263], [30.28869263904153, 1.5450121192443103], [30.28899510669323, 1.5447119503924958], [30.289249345668466, 1.5445246665011743], [30.289631678726796, 1.5443337749835118], [30.28971381264234, 1.544321652685254], [30.289819794588723, 1.5443463237060506], [30.289920439453194, 1.5444095030587601], [30.289968077658102, 1.5444608305320877], [30.290089192347576, 1.544710456375046], [30.29033620969802, 1.545061601036991], [30.29041931184531, 1.5452678503983532], [30.290567873137544, 1.5457326785819383], [30.290596531676254, 1.5457846405569917], [30.290628414692712, 1.5458055830248758], [30.290687100438817, 1.5457921564413792], [30.290732327553105, 1.545735014597106], [30.290884434697873, 1.5453029788467176], [30.29095739043426, 1.5451582709670895], [30.291076388702425, 1.5450108639450024], [30.291196146662, 1.5449384347834827], [30.291391954307624, 1.5449237067405988], [30.29165506900314, 1.5449786076588714], [30.291850261642356, 1.5450824155569471], [30.29209355801729, 1.5452787158546828], [30.292144063686234, 1.5452992409143167], [30.292175988081013, 1.5452942706381816], [30.29220265317583, 1.5452342799480858], [30.29221069795763, 1.5450999447942406], [30.292108818326493, 1.5446886103297288], [30.292107446201513, 1.5443116630716425], [30.292171072674368, 1.5437625878608507], [30.292196047427215, 1.5436761546462607], [30.29224800027676, 1.5435980847714208], [30.292303938698822, 1.5435527765680768], [30.292382581838417, 1.5435204826882507], [30.292611078400093, 1.5434781335944252], [30.292868597486468, 1.5434672702359775], [30.293337008561284, 1.543587725613499], [30.29364999354365, 1.5437116173542014], [30.293755399602446, 1.5437217923170863], [30.293827144777868, 1.5436936978125708], [30.293893264804286, 1.543633058223771], [30.29405479285295, 1.5434096385136529], [30.294095267188787, 1.5432979865840848], [30.294054743191026, 1.5432226222184149], [30.293840936878468, 1.54305694047933], [30.29377634543969, 1.5429735508307585], [30.293671448346196, 1.5426060750637482], [30.293619727120557, 1.5423506988461853], [30.293591325994228, 1.5422837722713976], [30.29355021888021, 1.542231163874333], [30.29343505741912, 1.54214974395029], [30.292833681312114, 1.5418153651274353], [30.292639440232374, 1.541642550863836], [30.29198204035445, 1.541161293868096], [30.291900180607644, 1.5410779211735601], [30.29181819900486, 1.5409313623615197], [30.291775362316184, 1.540746411955818], [30.291809187047196, 1.54052433366562], [30.291867604099426, 1.5403645699997262], [30.291964724604526, 1.5402332698576944], [30.29235823718712, 1.5399038905692537], [30.292700222582127, 1.5397376873036979], [30.29305898235148, 1.5394966651250885], [30.293179155703438, 1.5394362298899207], [30.293271829566955, 1.5394147169145582], [30.293364183069812, 1.539420651913702], [30.293465737916442, 1.539457671000846], [30.29375127882116, 1.5396038536671373], [30.293869626126995, 1.5396209133399048], [30.293941512016133, 1.5395982952021325], [30.294001559671138, 1.539531868686452], [30.29402227675022, 1.5394444444690067], [30.29400954980382, 1.5393177914039704], [30.293952881358567, 1.5390693967651572], [30.293956001492838, 1.5389779553154543], [30.294035372724554, 1.5388006865074968], [30.294157684514385, 1.5385852051312523], [30.29422508977977, 1.5384939920699263], [30.294336797115342, 1.538420224035785], [30.29439540290838, 1.5384110547538028], [30.294451156807405, 1.5384212644158761], [30.294860377676937, 1.5386721527701328], [30.294941459592252, 1.5387372778637616], [30.29498520797102, 1.53874229258306], [30.295004369339427, 1.5387170119755063], [30.29501232776532, 1.5386577288911458], [30.294997718676907, 1.5384546945265614], [30.29501542725866, 1.5383860168320633], [30.29504631734617, 1.538334488816159], [30.295600879830477, 1.5378878258089188], [30.295711534635636, 1.5378266285632953], [30.29582776442273, 1.5378117772759716], [30.296202917573186, 1.5378415160576864], [30.296323929893386, 1.5378644207794816], [30.29644530764965, 1.5379126065494866], [30.296549686024715, 1.537974041314784], [30.29666684885854, 1.538067673161232], [30.29697100582841, 1.5383439439199431], [30.297082089578485, 1.5385108582236557], [30.297109159584807, 1.5385258310315195], [30.297133934782092, 1.5385188954017381], [30.297156069057635, 1.5384547341550847], [30.297143546513457, 1.5383597530465467], [30.297084341667087, 1.538213871893141], [30.297017320265365, 1.538106627650988], [30.296657507456302, 1.5377049524130382], [30.296307272264077, 1.5374817801284828], [30.296235010546443, 1.537422263955525], [30.29615476229146, 1.5373094014295514], [30.296125856829185, 1.5372054778777897], [30.296128664116743, 1.5371327585797958], [30.296166563284846, 1.5369921937177098], [30.296210059577348, 1.5369165425237694], [30.29640130647426, 1.5367998324752241], [30.2965953726911, 1.536741900995722], [30.296641638556427, 1.536695559747807], [30.296636594061177, 1.5366306843527784], [30.29646576141762, 1.5364618556753304], [30.296437563958005, 1.5364127766929332], [30.296432130607112, 1.5363651645509606], [30.296450034891123, 1.5363147420884387], [30.29650154790156, 1.5362433341552595], [30.29667685859868, 1.5360760397346624], [30.296727027320596, 1.5360050195753086], [30.296806450998318, 1.5357642943156087], [30.296813361834364, 1.5356988090979597], [30.296800375604032, 1.5356512396022473], [30.296772982825086, 1.535627247181832], [30.296730522467023, 1.535632898650804], [30.296618216750677, 1.5357405023622008], [30.296530453447012, 1.5357878235035485], [30.296439720293275, 1.535794967410421], [30.29638186590584, 1.5357707119325206], [30.296337456012854, 1.5357125896344364], [30.29625714726512, 1.5355075025808835], [30.296095444263283, 1.535181110304376], [30.296041581588295, 1.5351715909894046], [30.295821529663, 1.535249212575877], [30.295741449670558, 1.5352263878621766], [30.29536330565515, 1.5347241591861602], [30.295283701885143, 1.5345969194798996], [30.295221727024416, 1.5344623721758217], [30.295185430488488, 1.5344532719997659], [30.295138424920168, 1.5345265054900934], [30.29507671766232, 1.5347487401926194], [30.29506921069281, 1.5348844386946954], [30.295089379865356, 1.5349802213050259], [30.295130910059385, 1.535049789335741], [30.29519256960459, 1.5351100084990688], [30.295644737296882, 1.5353794063085093], [30.29565888606336, 1.5355232205327503], [30.295735553323336, 1.535663264400701], [30.2957638127146, 1.5357932486134598], [30.295754708362377, 1.5358741601176937], [30.29566671186332, 1.5361747636867076], [30.295623608374, 1.5362533129506835], [30.29543910430522, 1.5365026321405386], [30.295399076129858, 1.536608454651415], [30.295350699135984, 1.5368790270515307], [30.295311945154626, 1.5369466174131141], [30.295227351592732, 1.5370361106378598], [30.294898761207293, 1.5373184542452192], [30.29473723321102, 1.5374134231014496], [30.29454118607635, 1.537457643944867], [30.294244728443473, 1.5374400009954454], [30.294138442667165, 1.5374785674962108], [30.293917030291645, 1.5376420126249484], [30.293742014593388, 1.537809986484472], [30.293492930562174, 1.5379188511445308], [30.293392447167296, 1.5379888517883769], [30.29330006541684, 1.538096802256307], [30.29314282325804, 1.5383630367359795], [30.293075139629074, 1.5384343005317591], [30.29295393249443, 1.5385019829427293], [30.292799539063825, 1.5385327687289028], [30.292707976611798, 1.5385219099355494], [30.29261671046058, 1.5384783114208453], [30.292542282009766, 1.5384114642436912], [30.292486792440403, 1.538327396060372], [30.292399172892047, 1.5381070015137501], [30.292297604048226, 1.5375878340938092], [30.292220737913066, 1.5373253245181555], [30.292164400993922, 1.5372186377628776], [30.29213521013391, 1.537197142655509], [30.292108269609233, 1.5371974106350415], [30.292074684363175, 1.5372424870343941], [30.29204046940283, 1.5374286945416065], [30.291989046613057, 1.5375687913877931], [30.291778077584713, 1.5378354213720808], [30.29169866809212, 1.5379063187916782], [30.291614335839196, 1.5379540068705295], [30.291368269058157, 1.5379929671571426], [30.291319296647867, 1.5380201403893916], [30.291331095390053, 1.5380517798759583], [30.291388832872546, 1.5381104533790808], [30.291648897951042, 1.5382681289630904], [30.291725642006934, 1.5383591038557052], [30.29173401762398, 1.5384352901383451], [30.291688050526055, 1.5386254745388073], [30.291675119860837, 1.538785991893051], [30.29165751045554, 1.538844275016232], [30.29162427274743, 1.538889061276139], [30.291238481945896, 1.5391272997334176], [30.291105935536773, 1.539184212664972], [30.29082236881998, 1.5392574455666466], [30.29037290962968, 1.5393259396135297], [30.290193666970488, 1.5393313117309857], [30.290011596171908, 1.5393101426212916], [30.289926578652935, 1.5392834062241312], [30.289613515517413, 1.5390975421818403], [30.289510131535913, 1.5390191295090967], [30.289221034628174, 1.5387145255657195], [30.28916499276313, 1.538641878031352], [30.28912279766912, 1.5385564592577836], [30.28895850304834, 1.538006414083147], [30.288931283811685, 1.537941211898896], [30.288892063220196, 1.5378949095617356], [30.288734027952138, 1.5378143132598616], [30.288055239194847, 1.537618552026134], [30.287837746234732, 1.5374992150238176], [30.287728774902416, 1.5374043349454898], [30.287619498355493, 1.5372621507934525], [30.287529212816747, 1.537102839898385], [30.28737668196914, 1.5367628999195273], [30.28726458738248, 1.536616685273771], [30.287193452534428, 1.5365555454727302], [30.28711468839819, 1.5365118655782501], [30.286774613060143, 1.5363932310319721], [30.28660453305017, 1.5362467542479263], [30.286437143575704, 1.5359637758426525], [30.286247138871797, 1.535697266151705], [30.28614888696868, 1.535407199320113], [30.285995489865712, 1.5350720749371358], [30.285947199426584, 1.5347609828194166], [30.285953076787745, 1.5342274613334497], [30.285932887190395, 1.5341474610196186], [30.2858906791937, 1.5340895215551649], [30.285827051285402, 1.5340464544617576], [30.2857478586734, 1.5340405129910637], [30.285258896855474, 1.5342581799712098], [30.28503245062033, 1.5343114366157877], [30.284962024755316, 1.5343029832868926], [30.28490168544155, 1.534275781771625], [30.284845106473586, 1.5342196515068782], [30.284722512430303, 1.5340233127114444], [30.284647169509178, 1.53383990851373], [30.284481874819182, 1.533381387920396], [30.28441913686763, 1.5329918340489572], [30.284384355544887, 1.532909221522609], [30.284361258696705, 1.532890489650093], [30.284315012204704, 1.5328888906493923], [30.28418313832889, 1.5329572151382782], [30.284116521696216, 1.5330314337638833], [30.28400923857028, 1.5332569927568853], [30.28396171898714, 1.53330789566152], [30.28379789888341, 1.5333141002936064], [30.28368526198778, 1.5333005237993464], [30.2834860357622, 1.5332266721413181], [30.283332574527307, 1.5331031535102437], [30.28322568388218, 1.5329602222957373], [30.28302220668544, 1.53256034124177], [30.282948301471574, 1.5322524736752694], [30.28289164359798, 1.5321227016612915], [30.282752247670864, 1.5319266112196859], [30.28259483137634, 1.5317927017366517], [30.282504820688718, 1.531770286711339], [30.28240424971963, 1.531801181213605], [30.28234029438727, 1.5318536828274945], [30.28230358363687, 1.5319486046466495], [30.282303376948054, 1.5320255338566602], [30.28232332087989, 1.5321098358184322], [30.2824339460223, 1.5323381802591236], [30.28246663458453, 1.5324420639137657], [30.282538815770277, 1.5329328928658146], [30.282453672547426, 1.5333060453388696], [30.282410074458145, 1.5336270607705715], [30.282339405405274, 1.533796470271898], [30.282263350045675, 1.5339047012434401], [30.28220216942162, 1.5339352492276621], [30.282129381175224, 1.5339276469662149], [30.28200940311321, 1.5338857487337094], [30.281786955527128, 1.5337770469410061], [30.281365874630627, 1.5336267019086072], [30.28111083162729, 1.5335524480539975], [30.280945054622048, 1.5335312450221694], [30.280869709078402, 1.5335476312539438], [30.28080444701556, 1.5335948426205648], [30.280629168698262, 1.5337677677975572], [30.28056875128833, 1.533889451363775], [30.280371234075883, 1.5339522211844177], [30.2801540299163, 1.533972100423491], [30.280110473315577, 1.5339871663887865]]}}, {"type": "Feature", "properties": {"OBJECTID": 3009, "Id": 21451, "Contour": 1344.5, "Shape_Leng": 6328.31904209}, "geometry": {"type": "LineString", "coordinates": [[30.285878382324615, 1.5435300739513684], [30.28600429695462, 1.5432355814563148], [30.286075102851303, 1.5431674481649882], [30.28615280194958, 1.5431471917524338], [30.286354931463773, 1.5431816806984584], [30.28681596813432, 1.543411882766138], [30.28713910732593, 1.5435052962356617], [30.287437276439427, 1.5436955926786504], [30.287810568795525, 1.5441802177068085], [30.287989210634173, 1.5443147781614472], [30.288227837369597, 1.544537648858814], [30.288334857685577, 1.5446973326796225], [30.288437430685075, 1.5449697827521534], [30.288468418525188, 1.5450048601172353], [30.288514391675236, 1.545027160500727], [30.288605548915253, 1.5450260706531949], [30.28868999016029, 1.5449825833355826], [30.288998551191025, 1.5446552528623616], [30.289097525542875, 1.5445640007183992], [30.28920245417735, 1.5444947602981645], [30.289636195803684, 1.5442819778330708], [30.289735137165945, 1.5442729508663873], [30.28984990691053, 1.5443032571844069], [30.289945281574415, 1.5443612566965745], [30.290002869614398, 1.54442162174287], [30.29015335006011, 1.544708850435421], [30.290359800181044, 1.5450088175702625], [30.290428930742088, 1.5451591507608795], [30.2905587047357, 1.5455875224344582], [30.290603807078668, 1.5456724234047328], [30.29064307613797, 1.54569760600647], [30.290697837466617, 1.5456791681739415], [30.290748472675734, 1.5456013402760616], [30.290795698216172, 1.545496724472369], [30.290872002262297, 1.545251826397144], [30.29095303939375, 1.5451005722940503], [30.291062510774434, 1.544973869372222], [30.29119618573327, 1.5448975273953123], [30.29130519561447, 1.544880058829524], [30.29139399982144, 1.544882571857684], [30.291647842663068, 1.54494474674058], [30.291814672765312, 1.545028347865947], [30.29205498805573, 1.5452034595828816], [30.29209700590098, 1.5452194586347014], [30.292128075297907, 1.5452119225483527], [30.29215824716344, 1.545157498982749], [30.2921645315705, 1.5450479833566715], [30.29208761347505, 1.5447246873098082], [30.29206866785512, 1.5445346149552481], [30.292078752741276, 1.5442753399141838], [30.29211068954705, 1.543969899454385], [30.292058300515695, 1.543737366074871], [30.29207216879825, 1.5436872089675024], [30.292104250537946, 1.5436444944626535], [30.292235337697836, 1.5435357277959], [30.29235157839431, 1.5434778381230294], [30.29256371435737, 1.5434269988876421], [30.292818215487323, 1.5434045043839693], [30.29301712425322, 1.5434468880046617], [30.29341045646052, 1.5435717840288046], [30.29364690897309, 1.5436630986119764], [30.29374310644684, 1.543673581117334], [30.29380213684182, 1.543650759088794], [30.293869060465767, 1.5435891707091258], [30.29402236220214, 1.5433434015275982], [30.294037366753564, 1.5432935771680645], [30.294000151988175, 1.5432275110208158], [30.29381248051592, 1.5430833933712917], [30.29374098950171, 1.5429875408947429], [30.293706011757706, 1.5428872236017934], [30.293591014235787, 1.5423605929444715], [30.293533430481542, 1.5422624747135583], [30.293465058725562, 1.5422123115724764], [30.292781307417414, 1.541832027100747], [30.29259160881644, 1.5416596369682651], [30.2919385349424, 1.5411899303349055], [30.291842135419355, 1.541089231366086], [30.291762702676923, 1.5409405020272937], [30.2917244324663, 1.5407454558544487], [30.29175707084713, 1.5405420355679493], [30.29182620208456, 1.540352857361119], [30.291885819854148, 1.54025405596682], [30.291956929110242, 1.540173668991111], [30.29230750025519, 1.5398932000604613], [30.292394794250182, 1.5398422169697392], [30.29267276948245, 1.539723642321759], [30.29304914522417, 1.539463233629163], [30.293172732334632, 1.5394012139079343], [30.293282529474073, 1.5393759618739107], [30.29336886703102, 1.539380396662788], [30.293488577315767, 1.539424739161116], [30.293751932711995, 1.539560968218134], [30.293850779176438, 1.539570789021002], [30.293923428943213, 1.539544485412403], [30.293969944324946, 1.5394886803437657], [30.293981308603332, 1.5394127632734058], [30.293892719577006, 1.5390492858355345], [30.29389512522023, 1.538940408210648], [30.29397532679663, 1.538771935398836], [30.294202568058157, 1.5384617768030842], [30.294266471882974, 1.5384067249414601], [30.294337697742126, 1.5383700903004882], [30.294387154148247, 1.5383602235784588], [30.294459794608336, 1.5383698515564808], [30.29455550884481, 1.5384181882538857], [30.294764557678235, 1.5385639345749984], [30.294896604726382, 1.5386232926273904], [30.294976920817327, 1.5386993220853495], [30.29498466904236, 1.5386539078275232], [30.294960935482038, 1.538451464868906], [30.294977284724517, 1.538374893934115], [30.295007251386252, 1.5383205985604889], [30.29506541186042, 1.5382642165914953], [30.295278536349993, 1.5381204187579411], [30.295594084765867, 1.537838771027192], [30.295683047896336, 1.5377843328248728], [30.295815083622085, 1.5377672870018273], [30.29624636120865, 1.5378222575067508], [30.296362005173997, 1.5378506374364902], [30.2965530199744, 1.5379524807773177], [30.296868848202394, 1.5382159505904978], [30.296963121260244, 1.5382575528904436], [30.297018595022834, 1.5382504391049727], [30.297031431259946, 1.5382039838739292], [30.297001896710896, 1.5381352220439668], [30.296734344688026, 1.5378186546597057], [30.296592848508514, 1.5376976482677351], [30.296291362579296, 1.5375352550198413], [30.29620868714892, 1.537476537167737], [30.296093640201207, 1.5373350591743515], [30.29604949032363, 1.5372096510607427], [30.29605866864612, 1.5371302301327134], [30.296128634041, 1.5369154461305037], [30.296216869653446, 1.536828020763233], [30.296399137940664, 1.5367080925142422], [30.29644076417074, 1.5366487233242776], [30.296435483732374, 1.536560304639348], [30.296339826598064, 1.5364170961925463], [30.296338551911866, 1.536362971595195], [30.296355194096027, 1.5363141884496272], [30.29643420150894, 1.536169386415152], [30.29660104769808, 1.5360835355226998], [30.29668505779982, 1.5360086870112568], [30.296772617796663, 1.5357775302974443], [30.296776384521078, 1.535700235258309], [30.296734199081794, 1.535692956874622], [30.29662341281063, 1.5357906338794594], [30.296524008215588, 1.5358461191590917], [30.296440207297792, 1.535865023738645], [30.296385895932914, 1.5358538975271734], [30.296324847559386, 1.5357875459022687], [30.296223897343683, 1.5355155233476723], [30.296117012369, 1.5353667000579183], [30.296011104675973, 1.5352752314191416], [30.29595570900832, 1.535265064782942], [30.295891026154578, 1.5352921209306174], [30.295699016255888, 1.5354831155811604], [30.295699118608972, 1.5355223621962713], [30.295785156481788, 1.53573299701856], [30.29578798747079, 1.535872080316996], [30.295672212969723, 1.5362261804860589], [30.295502891498025, 1.5364493319748613], [30.295450355897913, 1.5365418261165296], [30.295419207998354, 1.5366505645655073], [30.295389826383317, 1.5368759085541184], [30.295325285261402, 1.5369974152258625], [30.294903266814604, 1.537347870012797], [30.294752703057302, 1.5374347168462132], [30.294550239579685, 1.537484441788924], [30.294251686827536, 1.5374683749289928], [30.294128440669564, 1.5375187540373796], [30.29393647228426, 1.5376581900046613], [30.29375860186258, 1.5378363428286261], [30.29351097170114, 1.537935729736904], [30.293412686220567, 1.5380005064642805], [30.29332034916839, 1.5381094007588572], [30.293147049572966, 1.5384218577747382], [30.2930671089261, 1.5384945206193714], [30.29296474463109, 1.5385451624852136], [30.29281353721438, 1.5385844887715479], [30.29269355451345, 1.5385792974346373], [30.292585046700236, 1.5385136027696547], [30.29248181910687, 1.538405767816408], [30.29236263531825, 1.5380974446048958], [30.292239650616775, 1.5374790414933484], [30.292172877062285, 1.5372863124086493], [30.29214663615632, 1.5372477085275549], [30.29212243216001, 1.5372399983224507], [30.29210001638826, 1.5372712755858442], [30.29207526056022, 1.5374119012784926], [30.29203141308541, 1.5375544295874226], [30.291935112325376, 1.5377124480624385], [30.29181391281944, 1.5378598285617482], [30.29174058846755, 1.537925597638221], [30.29162958550932, 1.5379935692398852], [30.291476749158043, 1.5380490796498552], [30.291448193221026, 1.5380790935927644], [30.29145674201317, 1.5381138728883466], [30.291490715474534, 1.5381463985380301], [30.29171938979197, 1.5382843698197612], [30.291777250969393, 1.5383724054137793], [30.291784516686295, 1.5384434962570412], [30.29175855611851, 1.538622131551536], [30.29176444315912, 1.5387973882055361], [30.291744016669867, 1.5388584314124498], [30.29169857038008, 1.5389170845741862], [30.2915997946685, 1.5389922823091664], [30.291256591928075, 1.539168565474424], [30.2909431248028, 1.539269710726407], [30.290301723927215, 1.5393769030396944], [30.289999063310706, 1.5393706966113838], [30.289853672524373, 1.5393359352929734], [30.289524651531075, 1.539094899414333], [30.289191896787806, 1.5387567495574868], [30.289101486678714, 1.5385871547423053], [30.288926037452317, 1.5379909567311651], [30.288876155203088, 1.537917886468058], [30.28880708646471, 1.537873340890233], [30.28869933218966, 1.537831726661203], [30.288063450341582, 1.5376619030558936], [30.287815976917233, 1.5375341372983298], [30.287701393322525, 1.5374306387361467], [30.28758295417389, 1.5372706374603053], [30.287346258326846, 1.5367718416193217], [30.28724204425043, 1.5366301813799497], [30.287173200186864, 1.5365761944009801], [30.287077343583764, 1.5365355974802226], [30.286860081028856, 1.5364944508878327], [30.286781518104668, 1.53646575805573], [30.286689516834052, 1.5363996299073612], [30.286568213363335, 1.536272253920034], [30.286221369931486, 1.5357515976140281], [30.286179530764677, 1.5356537540442223], [30.286115738293315, 1.5354279060049112], [30.28598301723089, 1.535149781103851], [30.285948709239218, 1.5350226843770771], [30.28592162426168, 1.534830920670271], [30.285908033169008, 1.5345162682657318], [30.285914578341504, 1.5342340913532146], [30.285900320640337, 1.5341705262627834], [30.28586545513818, 1.5341179875946378], [30.28580965291551, 1.5340859043131718], [30.28573711449153, 1.5340924815594723], [30.285310012196042, 1.5342975166324113], [30.285113161550118, 1.5343524487288291], [30.284981973153545, 1.5343596995702924], [30.284864098489333, 1.5343178657741052], [30.284807829101123, 1.5342628299868992], [30.284676389838587, 1.5340710271515994], [30.284521682754356, 1.5336624890400643], [30.284456998090512, 1.5335333946284662], [30.284353080419866, 1.5330222176549995], [30.284334392399554, 1.532980806425391], [30.28429950533918, 1.5329715855898385], [30.284250811657845, 1.5329940862461588], [30.284204641473174, 1.5331176307680472], [30.28412536439562, 1.533205864319702], [30.284057451935777, 1.5333459447541118], [30.28400618180112, 1.5333781961425532], [30.283709612938427, 1.5333628535326], [30.283442479702494, 1.5332544816611127], [30.283332264130244, 1.5331658570070406], [30.283243913651983, 1.5330690091981496], [30.283113871470874, 1.532868579990824], [30.282986587244864, 1.5325787461121516], [30.282915966599, 1.5322551589553977], [30.282854896412957, 1.5321205756318934], [30.282743667044965, 1.5319763744495218], [30.282572685988658, 1.5318251382620403], [30.282523647671063, 1.5318203049682086], [30.282389710841333, 1.531889944716245], [30.2823684881039, 1.5320563155360376], [30.282389640858284, 1.5321521938331948], [30.282496589533256, 1.5323544788843173], [30.28254674257492, 1.532547644203419], [30.28257600973599, 1.5327262949484808], [30.282594112770205, 1.533067102061919], [30.28249468460944, 1.5333690838716987], [30.2824412666267, 1.5336787530129627], [30.282353549864315, 1.5338636693030974], [30.282290633077604, 1.5339520911458702], [30.282232543082234, 1.5339855605399486], [30.282146481158694, 1.5339809225047687], [30.281999303369883, 1.5339311390767358], [30.281719228787676, 1.5337961041736], [30.281362614438347, 1.5336542542189722], [30.281111305516994, 1.5335800185771007], [30.280954526724496, 1.533561373660675], [30.28088903079569, 1.5335764676705879], [30.280830159799304, 1.5336209780388048], [30.280622740913834, 1.5339090766110401], [30.28057167816945, 1.5339568873988112], [30.28035208628487, 1.534033904129242], [30.28010440926173, 1.534086565654634]]}}, {"type": "Feature", "properties": {"OBJECTID": 3010, "Id": 21452, "Contour": 1344.0, "Shape_Leng": 6180.4501019}, "geometry": {"type": "LineString", "coordinates": [[30.285746997015742, 1.543410973465461], [30.28577183807409, 1.5434181562362361], [30.28579264274663, 1.5434035190126274], [30.285827649987365, 1.5432788867924738], [30.285901267702084, 1.5432589703558943], [30.28604718464703, 1.5431115484822424], [30.28614617699574, 1.5430952457406613], [30.286367592525593, 1.5431385800232111], [30.286841259225945, 1.5433659854748791], [30.287127810616568, 1.5434449322733534], [30.287265118268085, 1.54351532626227], [30.28741374691353, 1.5436099695720589], [30.28751168399834, 1.5436953907453783], [30.287857442755563, 1.5441393114821487], [30.28826803363554, 1.5445358968409302], [30.28836117216191, 1.5446798791441982], [30.288462596814494, 1.5449384722857646], [30.288491986675947, 1.5449756036593114], [30.288536017608802, 1.544996512167243], [30.288612065662424, 1.5449921678167953], [30.288685965978345, 1.5449490887162962], [30.288968714255667, 1.5446198259057948], [30.28907820008012, 1.5445201058063887], [30.28918526326523, 1.5444516464298745], [30.289644841445856, 1.5442388628043122], [30.289754768363444, 1.5442300210935194], [30.28989745388683, 1.544263162752795], [30.289983736583903, 1.5443210426053509], [30.290060449684187, 1.5444128498595664], [30.29015814019334, 1.544604565497424], [30.29033338086328, 1.5448641144270716], [30.290436507733933, 1.5450456954959944], [30.29049803722335, 1.5451872282249428], [30.290566309625788, 1.545480121814031], [30.2906130164912, 1.5455962997002004], [30.29064298908425, 1.5456291966921016], [30.29069032687714, 1.5456037773425786], [30.29075594987184, 1.5455130734938127], [30.290852346616354, 1.545224046978711], [30.290933413946167, 1.5450697296772198], [30.291058563435925, 1.5449294966139298], [30.29118858739926, 1.5448579361426125], [30.29133834971498, 1.5448343907138897], [30.291519266596218, 1.544862724531141], [30.29173837069593, 1.544948899393392], [30.292028478066047, 1.5451392352238027], [30.292069370644427, 1.5451523337656674], [30.29209870050307, 1.5451451107568643], [30.292123527340085, 1.5450953353420223], [30.292124402875228, 1.54501713261505], [30.29203394342851, 1.5446493954925473], [30.292022738501196, 1.5445389590555534], [30.292078874712864, 1.5439931413028938], [30.292071414462985, 1.5439199218518656], [30.29202582866771, 1.5437785952997], [30.292021745580286, 1.5437123031617133], [30.292044184269056, 1.5436365583294855], [30.29209352771728, 1.543572411173052], [30.292192207614704, 1.5434854142974581], [30.29232958740529, 1.5434221442506662], [30.29248368476085, 1.5433793164406517], [30.292827047110567, 1.5433390500860562], [30.293017615716554, 1.5433903826850137], [30.293258285464724, 1.5434863200899607], [30.29359719763711, 1.5435903847959898], [30.293744516392454, 1.5436080590332686], [30.293812541444414, 1.5435815153255987], [30.29386397559524, 1.5435281307413542], [30.293941792506587, 1.543372903856647], [30.293959987588423, 1.5432972443800728], [30.29391860067526, 1.5432208318174019], [30.29376211943283, 1.5430813858820267], [30.29369916089449, 1.5429771024018524], [30.293567255370316, 1.5423770496873845], [30.29351312046315, 1.5422837456687881], [30.292729879484334, 1.5418476002069612], [30.29256867570413, 1.541699392054672], [30.292261331808493, 1.5414667562910822], [30.292021345571605, 1.5413233035795022], [30.291867789897793, 1.5412105719006564], [30.291743178228764, 1.541070739384781], [30.29167026425351, 1.5409351106114046], [30.29164103283817, 1.5407724113385581], [30.291670544987312, 1.5406389380780745], [30.291768421918675, 1.5403693160171616], [30.29183787667904, 1.5402474533897792], [30.29193312717143, 1.5401346650635164], [30.292252190269416, 1.5398809953236214], [30.292357758583815, 1.5398197658342865], [30.292667972233186, 1.5396976933698616], [30.293037649562606, 1.5394304115672213], [30.293165189117282, 1.5393585979899527], [30.29330699075058, 1.5393203111993383], [30.293427241079417, 1.5393296916066497], [30.293549162067706, 1.5393656572469048], [30.29375287596428, 1.539512115742413], [30.29383834812219, 1.5395272921656569], [30.293896041766597, 1.5395079902315842], [30.29392044926363, 1.5394749181264031], [30.293926874412993, 1.5394233379105202], [30.29384475069287, 1.5390551498774299], [30.293864285647476, 1.5388727309302836], [30.29392371636235, 1.5387459435161626], [30.29422007523712, 1.5383780980305368], [30.294333708196014, 1.5383043736119641], [30.294445329221872, 1.5382980184216861], [30.29456232100822, 1.538346807329992], [30.29475161620798, 1.5384943645408062], [30.294803772436133, 1.538506740185885], [30.294841132318076, 1.5384978642480087], [30.2948858406885, 1.5384609512776828], [30.29495188538588, 1.5383359475510794], [30.295002488764535, 1.5382765142894117], [30.295246262650956, 1.538115563342047], [30.29556243769134, 1.5378127944835662], [30.29566019604822, 1.5377477330810057], [30.295797869034203, 1.5377302827827743], [30.296016609063802, 1.5377738632831202], [30.296257189537027, 1.5377993805224623], [30.296380449982284, 1.5378306143533214], [30.29655566984258, 1.5379275673788755], [30.29687222347543, 1.5381907938010224], [30.29694689922894, 1.538224185924577], [30.296990740918982, 1.53821856103687], [30.296996854745004, 1.5381851101214077], [30.29696938552363, 1.5381319749609887], [30.296698136899312, 1.5378153609029055], [30.29655626449094, 1.5377097541689755], [30.29625949736943, 1.537559880997186], [30.296154504810776, 1.537489961899566], [30.296059886390356, 1.5373815563632598], [30.295994197871714, 1.5372438369383417], [30.29599917576234, 1.5371180785936016], [30.29605920428349, 1.5369158843681814], [30.296105852743093, 1.5368580044915359], [30.29629521270051, 1.536703887036312], [30.296332584613314, 1.536655285530326], [30.296322843819453, 1.5365884386845232], [30.296236975365602, 1.5364159835817495], [30.296237059894537, 1.5363452518799665], [30.29626113186596, 1.5362696114707681], [30.296353981819507, 1.5361600808646454], [30.296547412517988, 1.5360710927892873], [30.29660945787674, 1.5360289921419132], [30.296647642923592, 1.535977273450623], [30.29664399890183, 1.535928171787193], [30.29659687629803, 1.5359001177630656], [30.29642067593955, 1.5359206515480324], [30.29635049998531, 1.5358942158694235], [30.29630000277267, 1.535824014714323], [30.296222311369167, 1.5355910932876653], [30.296149088947303, 1.535470785741431], [30.296022821068977, 1.5353507460046505], [30.295978545944994, 1.5353356723526796], [30.295924565323208, 1.5353473807962692], [30.295848144176087, 1.5354236784012463], [30.295800652058226, 1.5355204091580257], [30.2958318597808, 1.5357910223911135], [30.29582194954387, 1.5358891752329886], [30.295694056239515, 1.536254102421676], [30.29551642287528, 1.5364820264902308], [30.295473214834686, 1.5365594846430841], [30.295441870890265, 1.5366774132507326], [30.295418267038066, 1.5368910819056694], [30.2953949073431, 1.5369566326226944], [30.29529961422679, 1.5370707725288648], [30.29508933062957, 1.5372166845946098], [30.29489218283233, 1.537390274372654], [30.29475095475186, 1.5374650501527076], [30.294631288280204, 1.5375021619681486], [30.294499369372435, 1.537516968539286], [30.29426413000079, 1.537497854146333], [30.294141602882238, 1.53754186983949], [30.29394763496667, 1.5376784294270014], [30.2937736982641, 1.537859458361108], [30.29352016669569, 1.5379545670781292], [30.293416436212453, 1.5380250408072715], [30.29333628478631, 1.5381313150550602], [30.29321463779337, 1.5383945166514517], [30.293110336351216, 1.5385129087569152], [30.292969426219443, 1.5385903534199217], [30.292793208159747, 1.538635333958961], [30.29270755176995, 1.5386280457299002], [30.29263275410849, 1.538595622583399], [30.292521414197953, 1.538510982649889], [30.292449411331507, 1.5384274464001777], [30.292331243476568, 1.5380877921914333], [30.292268834313344, 1.5378268979996434], [30.29222598576314, 1.5375598215836972], [30.29218091911349, 1.5374721059093437], [30.29213748955761, 1.5374571028207973], [30.29210266513053, 1.5374919860741163], [30.292000185137265, 1.5376732145726117], [30.29184037473209, 1.5378887786030966], [30.291768714658136, 1.5379543147688481], [30.291568552265915, 1.5380756661967092], [30.291541757531505, 1.5381056901821315], [30.291566682576267, 1.5381538748644845], [30.29177464795467, 1.5382884644608985], [30.291812209701718, 1.538335927942356], [30.29183512752823, 1.5383945553922644], [30.291842529954433, 1.5384639346682212], [30.291817504284808, 1.5386296337783203], [30.29181979994379, 1.5388142663727318], [30.291790287021826, 1.5388905973307847], [30.291741189910958, 1.5389518907443591], [30.29164618340711, 1.5390224546160567], [30.29140902216488, 1.5391575024316713], [30.29095889860837, 1.539309312083341], [30.290346247793327, 1.5394382202118775], [30.28997388396101, 1.5394479130389669], [30.289883496560403, 1.539427260784855], [30.289815498813113, 1.5393875184631065], [30.289645703757945, 1.5392384927863583], [30.289432006314126, 1.539085816836488], [30.28921435324671, 1.5388651563583937], [30.289137245399797, 1.5387422703927014], [30.289078760901326, 1.5386121727916948], [30.288937731477343, 1.5381692095947448], [30.288903766228184, 1.5380179287974622], [30.288856310244068, 1.5379408066421039], [30.28878213706723, 1.5378946013929642], [30.288680406880164, 1.5378572258833678], [30.288305498847542, 1.537775802073447], [30.288053522802013, 1.5376988144356731], [30.287779848011933, 1.5375685329276563], [30.287684101356405, 1.5374785212383122], [30.287566079678104, 1.5373087136325692], [30.287385752964894, 1.536965055028696], [30.287301914492044, 1.5367642147040492], [30.287223223497232, 1.5366566769288612], [30.28714584907548, 1.5366130764477555], [30.286941643913902, 1.5365822925970263], [30.286595493725464, 1.5364860413593393], [30.286568319304997, 1.5363665073011714], [30.28622185156229, 1.535806768058482], [30.286158337765517, 1.5356776962167242], [30.28606728416843, 1.5354321407560232], [30.28597047324424, 1.5353116444138242], [30.28593970306847, 1.5352526835253721], [30.285882226539716, 1.5348873828638367], [30.285869791127087, 1.534600305228171], [30.28588070935185, 1.5342525055844585], [30.285865088872836, 1.5341860388342394], [30.28584126925239, 1.5341515011363562], [30.285787207475764, 1.5341266413226822], [30.285716519180603, 1.5341408223878448], [30.28538905178833, 1.5343239105504696], [30.285111790371875, 1.5344184383329835], [30.284939871054096, 1.5344205530241584], [30.28483260514494, 1.5343775886143483], [30.284669603394185, 1.5342254573876646], [30.28452999918951, 1.5339375174806358], [30.28440333854633, 1.5335396520796025], [30.28436632524128, 1.533314672141793], [30.28433278805834, 1.5332417886371048], [30.28428950321663, 1.533216626325543], [30.28423778870608, 1.5332271687548915], [30.284077879816355, 1.533409006924662], [30.28401635393814, 1.5334403549033049], [30.283952967915976, 1.5334529676596784], [30.28371273658574, 1.5334260298641895], [30.283487593415078, 1.5333372856946175], [30.283425758422755, 1.5332989505219556], [30.283222638350942, 1.5331044515827614], [30.283097072293195, 1.5329462378198417], [30.283026185728254, 1.5327677291869204], [30.2829469252666, 1.53264299105008], [30.28284291790902, 1.5321839754137403], [30.28277994962675, 1.5320815326524204], [30.282671337119822, 1.5319803296340873], [30.282568336835716, 1.5319524174759898], [30.282515383840416, 1.531956510225706], [30.282465656310418, 1.5319909534355083], [30.282430208992864, 1.5320538965224588], [30.28243580628647, 1.53214045833189], [30.28252966226902, 1.5323108513889439], [30.282577163151068, 1.532507423912008], [30.282616910039966, 1.5327427228159016], [30.28264800972059, 1.53316887748514], [30.28262628907708, 1.5332967961587765], [30.282499215279337, 1.5336856433824402], [30.282381242046572, 1.5339230980205396], [30.282294854720504, 1.5340252553089306], [30.282233021623604, 1.5340589332307675], [30.28219443560415, 1.5340623732950573], [30.28198856839524, 1.5340025185131563], [30.281700176806982, 1.5338265291029867], [30.28140917461343, 1.5336986064115279], [30.281132454819723, 1.533611512513628], [30.280966073270957, 1.5335926092782195], [30.28090254696813, 1.5336078253845675], [30.28084066116776, 1.533656335713469], [30.280635130992636, 1.5339542242917625], [30.28056060449323, 1.534027349112638], [30.280363804224258, 1.5341130584893592], [30.28009889647799, 1.5341769286226123]]}}, {"type": "Feature", "properties": {"OBJECTID": 3011, "Id": 21455, "Contour": 1343.5, "Shape_Leng": 6019.6146775}, "geometry": {"type": "LineString", "coordinates": [[30.285681051154167, 1.5433523535927802], [30.28573257932035, 1.5432333869422081], [30.285785879981358, 1.5431536932872154], [30.285912181847596, 1.5430140009946958], [30.285980134737056, 1.5429944068968093], [30.286118411876593, 1.5430156227133376], [30.286358060309908, 1.543087019700333], [30.286878065852214, 1.54333367359612], [30.287156872019892, 1.5434052703616865], [30.28735096680832, 1.5434941810531069], [30.28756022911805, 1.5436649416191008], [30.287690322216363, 1.5438567109014854], [30.287826091651713, 1.5439966489103985], [30.287963440376927, 1.5441812179452126], [30.28811703752279, 1.5443473368305165], [30.28829719490763, 1.5445137255466632], [30.288372855134572, 1.544631392248382], [30.28848508495633, 1.5449049527655048], [30.288514228512277, 1.5449402904202092], [30.288549627162077, 1.5449573871526705], [30.2886187579843, 1.5449500283612625], [30.288690342733307, 1.5448993205285968], [30.288929263338765, 1.5445903334451085], [30.289081180096222, 1.5444606341368947], [30.28959967666628, 1.5442175397534772], [30.289749647813704, 1.5441869935650243], [30.289872523355807, 1.5442104211372063], [30.289967309417193, 1.5442565383691513], [30.290106539218318, 1.5443905859338614], [30.290223213045234, 1.5445292908627493], [30.290503726506845, 1.5450839037465394], [30.29060290865063, 1.5454208457797944], [30.29066523591459, 1.5454950930015072], [30.290707449130824, 1.5454925188172368], [30.290747884206574, 1.5454505571802726], [30.29084883143614, 1.5451688797424254], [30.29095100101125, 1.5449983687390265], [30.291080006193223, 1.5448709239758687], [30.29123185077206, 1.5447972725168924], [30.29135716081064, 1.5447790031156987], [30.29151675662588, 1.5448093742593898], [30.291717096663067, 1.544892036041354], [30.292000957655073, 1.5450764614120385], [30.292043599710823, 1.5450886438349969], [30.29207045899305, 1.5450804213468268], [30.292089179549922, 1.54504241610855], [30.29208727294437, 1.5449797309156217], [30.29199634001322, 1.5446358841078593], [30.291980161650212, 1.544518397507685], [30.291983083564816, 1.544429536297836], [30.29205071318305, 1.5440103184274045], [30.291987528095515, 1.5436823124531878], [30.29201738749339, 1.5435765216299988], [30.292088417290586, 1.5434793099463189], [30.292170336572866, 1.5434207566746385], [30.29230902304586, 1.5433622101863664], [30.292687110692945, 1.5432789391315842], [30.292812233812967, 1.543271828393455], [30.292948015459107, 1.543302137692865], [30.293344631399762, 1.543476591538435], [30.293614023360853, 1.5435546276452263], [30.293728166087465, 1.5435677443357414], [30.29378735529225, 1.543548413859491], [30.293825749070457, 1.5435062875219874], [30.29385058193412, 1.5434370193224725], [30.29385460157376, 1.543340394166265], [30.29383118619803, 1.5432457865536533], [30.29371969097942, 1.5430904856258862], [30.29365939538637, 1.5429647514882696], [30.29354383538377, 1.5423982538049659], [30.293499553565567, 1.5423128455209827], [30.293433780095995, 1.5422667082793071], [30.293257025557853, 1.5421837089755632], [30.292692769358, 1.5418744149507038], [30.292524991783235, 1.5417233397062378], [30.292249296509937, 1.541508185106654], [30.291817875648853, 1.5412526200628498], [30.29169403630438, 1.5411072380021016], [30.29162260567771, 1.5409669291779562], [30.291588425060453, 1.5407646499554493], [30.291606372383885, 1.5406641827051841], [30.291697421060967, 1.5404033298720754], [30.291776426390673, 1.5402594599482877], [30.291856466529566, 1.5401579072513234], [30.291971936655994, 1.5400515381787439], [30.292216713236932, 1.5398636477964076], [30.292338373332232, 1.5397933763453195], [30.292546334198338, 1.5397255147048448], [30.292662919463357, 1.5396709305673641], [30.293059715795746, 1.539372260698287], [30.293208975898633, 1.53928780574163], [30.293336542138526, 1.5392563404279673], [30.293508778921343, 1.539280280584338], [30.293683756488576, 1.5393549013984678], [30.29381785674782, 1.539466350894047], [30.29386162684496, 1.539469093689827], [30.293880200802, 1.5394319272357464], [30.293874398161254, 1.5393368358290316], [30.29380193943989, 1.5390250486649026], [30.293810226140156, 1.5389229135546936], [30.29383991513304, 1.5388141740958325], [30.293886656538625, 1.5387247641968418], [30.294050916409926, 1.5385367404788297], [30.294176127785914, 1.538365359467676], [30.294300676757018, 1.5382684626839995], [30.294383517189942, 1.5382458572494986], [30.29448885209614, 1.5382586627994943], [30.294581366929254, 1.5383029986842527], [30.294730209498614, 1.5384201986468558], [30.29478582895304, 1.5384385793746767], [30.29483450561719, 1.5384338122163521], [30.29486379837317, 1.538409719557048], [30.294959778819273, 1.538261132259497], [30.29524162127306, 1.5380855087341936], [30.295567622676547, 1.537757060261824], [30.29565161948691, 1.5377028979527114], [30.295745553904474, 1.5376808554528167], [30.296010003926003, 1.537746047056178], [30.296258949715718, 1.5377782780060367], [30.296399109307163, 1.5378134316912715], [30.2964998318251, 1.537861261661548], [30.296714178890134, 1.538008892780073], [30.296771646869, 1.538020588535145], [30.29677338225929, 1.5379880104346413], [30.296747166033942, 1.5379243053688816], [30.29666374218766, 1.5378170349852243], [30.29645778345988, 1.5376875653070687], [30.296223967555616, 1.537577714442175], [30.296059931777844, 1.537483258591246], [30.29600625965123, 1.537420933554074], [30.295940537437318, 1.5372757590536912], [30.295937323806804, 1.5371543134231176], [30.296016094197746, 1.5369018940895853], [30.296061853480502, 1.536833240857308], [30.296208531089967, 1.536704829097349], [30.296243796455116, 1.5366312432052873], [30.296236685746393, 1.5365761142150889], [30.296188272007182, 1.5364775931205839], [30.2961803017345, 1.53641526305615], [30.29619240619803, 1.5363219605297664], [30.296259221536328, 1.5361041872629317], [30.296256654730758, 1.535952364914461], [30.29621220293005, 1.5357025279329495], [30.29613933694237, 1.5355436701260727], [30.296070382911736, 1.535451489192124], [30.296009808784643, 1.5354042043517913], [30.295958366586593, 1.5353996425181144], [30.295915000950334, 1.5354357433883636], [30.29586630672494, 1.5355826714242757], [30.295874147068844, 1.5358141275993833], [30.29586027826114, 1.535902409268109], [30.295722335255014, 1.5362775843137488], [30.29549879919162, 1.5365711036524072], [30.295465666576977, 1.5366875498197425], [30.29544531054137, 1.536909563225528], [30.295418020141796, 1.536981263453325], [30.295333923457697, 1.5370789622223477], [30.29510276540377, 1.5372348113747067], [30.294883028197194, 1.5374326196953865], [30.294757910969434, 1.5374933011566134], [30.29461527922103, 1.5375335725152608], [30.294481138417545, 1.5375482279676964], [30.294258219660037, 1.5375321860753315], [30.294103854353487, 1.5375955059545057], [30.293959445968202, 1.5376977879928244], [30.29378292418729, 1.5378844919677455], [30.29352899419696, 1.5379726007437602], [30.2934329836019, 1.5380362891762336], [30.293362956192414, 1.538130229229523], [30.293253776777785, 1.5384002778566332], [30.293144138922216, 1.5385301650026457], [30.292994703356005, 1.53862274203991], [30.292803101985612, 1.5386787229821854], [30.29270671730913, 1.5386723674440939], [30.292616876113225, 1.538637031179925], [30.29249811868481, 1.53854553261432], [30.292435004410688, 1.5384737036830791], [30.29233525838696, 1.5382016091425297], [30.292198778778044, 1.5376600465440329], [30.292152389706015, 1.5375674945174342], [30.292125674212535, 1.5375588178457593], [30.291874114653595, 1.5379002545767388], [30.29175925663177, 1.5380274597899903], [30.29171990140519, 1.5381049278992227], [30.291739234635454, 1.538181270563287], [30.291849833246015, 1.5382866372274966], [30.291909181191222, 1.538365340262407], [30.29194295078618, 1.5384740368692522], [30.291876518282617, 1.5388362667990592], [30.291838112992707, 1.5389153022318174], [30.291773351448708, 1.538991304421473], [30.291460092482346, 1.5391896997106633], [30.290935097581503, 1.5393608372861227], [30.290327559285046, 1.5394890808296866], [30.289988427785623, 1.5394937517387421], [30.28987668982805, 1.5394705895709304], [30.289772176939195, 1.5394120472753934], [30.2894430704512, 1.5391510647694735], [30.289206826256162, 1.538908764875112], [30.289111860453428, 1.5387600526043195], [30.289040462492483, 1.538608026413048], [30.28886699387571, 1.5380342210557671], [30.288820234884366, 1.5379599148783298], [30.288695181980174, 1.5378983316844057], [30.288301520168126, 1.5378123957360124], [30.288009443516813, 1.5377304657671766], [30.28775825960664, 1.5376168976060698], [30.28766271002882, 1.5375376967997165], [30.287596864327067, 1.5374504363758903], [30.28735616376203, 1.5369896119335162], [30.28728428433229, 1.5368092301687335], [30.287205906842967, 1.5366861754496655], [30.287153117120052, 1.5366584668525831], [30.28700626279251, 1.5366485499870246], [30.286831344470993, 1.5366001698890213], [30.2866151708056, 1.5365245223516135], [30.286565342460218, 1.5364877506428278], [30.286207681880335, 1.5358733979719839], [30.2860796136491, 1.5355833767614147], [30.285900266174842, 1.535259623401878], [30.285856739194, 1.5349773147478207], [30.285836627426907, 1.5346513722940807], [30.285851726500486, 1.5342840463210388], [30.28582116268564, 1.5341955604030706], [30.285769656013105, 1.5341721887662003], [30.285690516511355, 1.5341900115896803], [30.285383994820698, 1.534361742985504], [30.285094336967074, 1.5344767419584782], [30.284907729466216, 1.5344956602535802], [30.28482537541171, 1.5344822048583537], [30.28476741886049, 1.534456729723878], [30.284635215016827, 1.5342901130376463], [30.284573820757615, 1.534174688209046], [30.284481803065926, 1.533932831159391], [30.284317307822544, 1.5333730968431147], [30.28427422993958, 1.533285735808032], [30.284248719424266, 1.5332723848394219], [30.284221556230456, 1.5332862621856898], [30.284096473041004, 1.533463346938165], [30.283982790070674, 1.5335024269506508], [30.283745793748817, 1.533509640409767], [30.283590321289196, 1.5334411673224024], [30.283461018008946, 1.5334035657382177], [30.28322232210374, 1.533160992772099], [30.283082202489332, 1.53297843054965], [30.283001271129304, 1.5327888400468077], [30.282926421917402, 1.5326714879336643], [30.282802668899105, 1.5321914377882662], [30.282757195616192, 1.5321229930935103], [30.282683585936965, 1.532058015474399], [30.282532526595748, 1.5320276594888769], [30.282498470847937, 1.5320459915567457], [30.282477953341193, 1.5320808458094703], [30.28248630433787, 1.5321400352490375], [30.282561922157683, 1.5322686161838386], [30.282588942621974, 1.5323604043607475], [30.282655721819054, 1.5327742166849525], [30.282686552159053, 1.5332040228369224], [30.282668850694993, 1.5333494680680844], [30.282601214139838, 1.533556587072265], [30.28255309874331, 1.533764340076618], [30.282465157789257, 1.5339512112938096], [30.282410613175383, 1.5340105794289267], [30.282269402212503, 1.5340961152561041], [30.28220884903556, 1.5341052962462063], [30.282140042390726, 1.5340940127247875], [30.281944165023436, 1.5340320416401818], [30.28165839025529, 1.533842586540587], [30.281349206886198, 1.5337014106382691], [30.281130936432422, 1.5336408250434679], [30.28098904687138, 1.5336326145798678], [30.28091207504275, 1.5336536347956629], [30.280849592772867, 1.5336999458004477], [30.280638189053846, 1.5340090807319613], [30.280494374136435, 1.5341454367239298], [30.280236370066586, 1.5342552872371553], [30.28017944498012, 1.5342554362559242], [30.280095440297917, 1.53423114621286]]}}, {"type": "Feature", "properties": {"OBJECTID": 3012, "Id": 21472, "Contour": 1343.0, "Shape_Leng": 5855.39562182}, "geometry": {"type": "LineString", "coordinates": [[30.285589503902244, 1.5432752154246991], [30.28564657292814, 1.5431231993057597], [30.285719378260104, 1.5430190792520886], [30.285868120667143, 1.5429258459652824], [30.28595825672939, 1.542913910962223], [30.286118316301994, 1.542953476775853], [30.28633769893775, 1.543033404380878], [30.286548963679493, 1.5431440235071014], [30.286905593061842, 1.543297639194017], [30.287180839632008, 1.5433607739873467], [30.287363487268333, 1.5434428751801244], [30.28760301212773, 1.5436230280925378], [30.287740307986983, 1.5438480888354744], [30.287840031262697, 1.543951662885185], [30.288111035216836, 1.5442880623753168], [30.288323382573957, 1.5444883833398229], [30.288402471261225, 1.5446162738607874], [30.28849571084001, 1.5448467379302242], [30.288545644142786, 1.5449021046192668], [30.288603882725845, 1.5449010372433847], [30.288675906494102, 1.544856450168116], [30.288890418342504, 1.544574583488814], [30.289093945109382, 1.5444086564014274], [30.289492456471784, 1.5442166153936896], [30.28966239609876, 1.5441565756722773], [30.289771254165775, 1.5441433228874948], [30.289897320990903, 1.5441677818719595], [30.289996277891813, 1.5442076952296928], [30.290217558300146, 1.5444079222215925], [30.29027480985474, 1.54447584703274], [30.290447849306567, 1.5448044556430436], [30.29051120480086, 1.5449525198518297], [30.29061058868169, 1.5453506696653276], [30.29064059047949, 1.5454189274367627], [30.290671107099065, 1.5454493657620294], [30.29069929512262, 1.5454500965466806], [30.29072766002735, 1.54542290481671], [30.2908444081049, 1.545115973023776], [30.29095645844326, 1.544943000078732], [30.291087196430066, 1.5448199139210532], [30.291248223196995, 1.5447455814602646], [30.291388523924066, 1.5447281234532082], [30.2915703170147, 1.5447731998935323], [30.29171131582692, 1.544838949535419], [30.29200728612187, 1.545034908871432], [30.292041559334574, 1.5450397311804813], [30.29204823728261, 1.54499896194787], [30.291949932483217, 1.5445130575520434], [30.291954354094482, 1.5444075394412076], [30.29200476861215, 1.5441733554425434], [30.29202222973068, 1.5440120888270736], [30.291954098238197, 1.5436543606802224], [30.2919950768671, 1.5435207231016792], [30.29208840562405, 1.543389466299311], [30.292146843990533, 1.5433472472651715], [30.29222336126549, 1.5433187579429295], [30.29264905083832, 1.543233287446755], [30.29281670209249, 1.5432279378874973], [30.292956553718994, 1.5432626677587942], [30.293343736599777, 1.5434365627781628], [30.29359942869475, 1.543514867296305], [30.293708749388895, 1.5435295124374488], [30.29375562811389, 1.543517297073226], [30.293785793104544, 1.5434815219971205], [30.293797044344775, 1.5433669005254185], [30.29377381841727, 1.5432674992476483], [30.293629780226453, 1.5429662077289112], [30.29351888958719, 1.5424168009975456], [30.29347732816999, 1.5423347392869988], [30.29269386707723, 1.5419202314839577], [30.29225163084764, 1.5415680600914945], [30.29180763173586, 1.5413255387908484], [30.291650581465497, 1.5411851876841705], [30.291577427393364, 1.5410229041059818], [30.29153772410945, 1.5407768701756788], [30.29155182813207, 1.540676689147252], [30.291643109218523, 1.5403645403264101], [30.291696156480786, 1.5402674254000066], [30.29177463651436, 1.5401771949206968], [30.29221247650858, 1.5398263920965771], [30.292324290564054, 1.539764543487191], [30.29254285979592, 1.539694947025506], [30.292663347324645, 1.539638458906094], [30.29285381764321, 1.5395009170848768], [30.29303464131497, 1.5393369490292546], [30.29315360591413, 1.5392674427270732], [30.293273773385554, 1.5392164505107453], [30.29338587589682, 1.539206564561709], [30.293649901141297, 1.5392385768126955], [30.293766343375168, 1.539299879485227], [30.29379999861903, 1.5393016490889553], [30.293812332789873, 1.5392548552168785], [30.29376324407497, 1.5391011932171135], [30.293739673073045, 1.5389604159527956], [30.29376017707025, 1.5388428183877187], [30.293843723893275, 1.53870399004961], [30.294024792359554, 1.5385197408752258], [30.29417589160628, 1.5383170491785187], [30.294263362309756, 1.5382480587026786], [30.294372394981554, 1.538209249956996], [30.2944921181286, 1.538215031031198], [30.29461983468346, 1.5382653757549731], [30.294733383361528, 1.5383661627839074], [30.29479814004951, 1.5383714261493253], [30.29491308329681, 1.5382379629603584], [30.295206190124492, 1.538080735272666], [30.295559283250633, 1.5377211940572628], [30.295643280815646, 1.5376603410193879], [30.295729579418758, 1.5376237420697747], [30.295805666142734, 1.5376245066262302], [30.295952864385658, 1.53769936908265], [30.296071269775435, 1.5377328799772758], [30.296305586620015, 1.537751973743809], [30.296384316769455, 1.537734506431586], [30.29638239225236, 1.5377062032529178], [30.296340919371954, 1.5376722584330176], [30.295967379929372, 1.5374745647747632], [30.295932883969027, 1.5374148958563811], [30.29588828791483, 1.5372499175110708], [30.295890007727035, 1.537120798680237], [30.295971784933048, 1.5368287195019674], [30.29605541751412, 1.5367117740732301], [30.296092512659555, 1.5366850579605091], [30.29617485302345, 1.5366578798282557], [30.296193674256916, 1.5366180818437443], [30.296126913554623, 1.5364762047023994], [30.296130260506747, 1.5361979944091568], [30.296084296018204, 1.536044246849692], [30.296071833996077, 1.5359524864918201], [30.296081434629702, 1.5356498540120211], [30.29602721286036, 1.535484517364174], [30.29598183794325, 1.5354437286296332], [30.295954530876184, 1.5354755207265247], [30.29591220201104, 1.5358870833644285], [30.295853193404586, 1.5360828544765892], [30.29586546124407, 1.5362598167582662], [30.295824407362613, 1.5363193675331646], [30.29559047957704, 1.5364942123279772], [30.295527415723555, 1.5365754425864455], [30.295489227734176, 1.5367107590786508], [30.29550664009073, 1.5369298268060394], [30.295493067017006, 1.5369849069854309], [30.29539069540909, 1.5370812476628537], [30.295122219230027, 1.5372487572155806], [30.29490256412812, 1.5374556981058651], [30.29479690733872, 1.5375105237796078], [30.294643365237164, 1.537554928901048], [30.29450554744937, 1.537577730487552], [30.294241706034008, 1.537569783397022], [30.294079053711155, 1.537639009582029], [30.293971832981413, 1.5377187059838318], [30.293859954318297, 1.5378591968486803], [30.29380088400015, 1.5379097910076371], [30.29372268980213, 1.5379439627001843], [30.293545682038715, 1.53798758902149], [30.293450194056426, 1.538047835869702], [30.293387445206367, 1.5381362957233022], [30.293284856986542, 1.5384071848234988], [30.293162479712773, 1.5385527670059607], [30.292993428014217, 1.538663759069599], [30.29278074829641, 1.5387286065530636], [30.29268972054144, 1.5387265264203671], [30.292571941914176, 1.5386981835772853], [30.29251516005104, 1.5386570208004642], [30.292439961592617, 1.5385654896055432], [30.292386164370175, 1.5384630197338809], [30.292319991113033, 1.5382780419889468], [30.292264618297434, 1.5380555885145235], [30.292157989200415, 1.5377938024457996], [30.292117415211102, 1.537744230919993], [30.2920598188449, 1.5377471587974085], [30.29198543334275, 1.5378058187918395], [30.29179293251124, 1.5380323591748115], [30.29176052207921, 1.5380935385576089], [30.291774843846706, 1.5381599153579868], [30.291954956434715, 1.538337424899663], [30.291995645122288, 1.5384567423662943], [30.29198859156971, 1.5385282293288662], [30.291940174925372, 1.5386672265034973], [30.291916004616454, 1.5388785997600931], [30.29187990465992, 1.538951831869738], [30.2918056360949, 1.5390350925192804], [30.291502973363084, 1.5392216511024284], [30.29128792616632, 1.5393046478448469], [30.290972377169613, 1.539399175551007], [30.290396406188837, 1.5395180886552335], [30.290182519772802, 1.539541149147648], [30.290002002633894, 1.5395379279969976], [30.289838897657102, 1.5395053878569616], [30.289646944236456, 1.5394154603368848], [30.289179362469604, 1.5389300569279585], [30.289072838579152, 1.5387608263767203], [30.288989751836446, 1.538589074420662], [30.28883016405426, 1.5380521018720335], [30.2887812935763, 1.5379755513022286], [30.28865534206018, 1.5379204323010989], [30.287954337878503, 1.5377628998312436], [30.287755462508976, 1.5376642317200828], [30.2876384037398, 1.5375692318524978], [30.287564880967654, 1.5374793506331075], [30.287438691554254, 1.5372145021707353], [30.28733452264965, 1.53704724933223], [30.287269786174754, 1.5368809830852028], [30.287190031979694, 1.5367750502075066], [30.287116601940184, 1.5367266006325095], [30.286797602942567, 1.5366314355651847], [30.28663303721628, 1.536562937323717], [30.286541884730084, 1.5364974808558967], [30.28636870334225, 1.5362375061866091], [30.286168340027885, 1.5358897896202643], [30.286034656649576, 1.535589454326826], [30.285918277665072, 1.5353894010237261], [30.285874668880396, 1.535284025740149], [30.2858449122297, 1.5351583606877277], [30.285822927523945, 1.5349335480726198], [30.285805086322245, 1.5346264819993947], [30.28582007727917, 1.5343231411414], [30.28579437283501, 1.5342346124594926], [30.28574115451937, 1.534216041181233], [30.28564625702251, 1.53424010961817], [30.285384943704717, 1.5343902738279869], [30.285049945913855, 1.5345283245945285], [30.284882385552123, 1.5345454390974143], [30.284769266234196, 1.5345379028523904], [30.284712282999692, 1.5345190681435914], [30.28466118444477, 1.5344636440704318], [30.28446945248028, 1.5341614574126972], [30.284340344047767, 1.5336161070931573], [30.28425464177135, 1.5333768197027826], [30.284218803357273, 1.5333783636344553], [30.28414519217788, 1.5334788935843815], [30.284091022518258, 1.5335273838494319], [30.283943289779987, 1.5336211991276179], [30.283884418308332, 1.5336385323823065], [30.283728801139763, 1.5336032493879324], [30.283483652105524, 1.533473204329966], [30.28320767373339, 1.5332047016510946], [30.28306857756932, 1.5330138102781978], [30.28291250315311, 1.5327093216507028], [30.28285170719361, 1.532490980896918], [30.282751761797666, 1.5322389462317547], [30.282719301741285, 1.5322554400288426], [30.282673048844792, 1.532361440965778], [30.282650139249423, 1.5324761401259968], [30.282716302741008, 1.5331414782012975], [30.28271012490318, 1.533342708183648], [30.282638648958084, 1.5336080650738146], [30.282601263299252, 1.5338593165130179], [30.28256292549386, 1.5339943867447285], [30.282527105945434, 1.5340549251131208], [30.282393367371007, 1.5341777888549752], [30.282311471397275, 1.534205677419184], [30.28222954348837, 1.5341793968542163], [30.2819421555814, 1.5340651790199713], [30.281651506489364, 1.5338743971646212], [30.2813281462208, 1.5337236096974431], [30.281183287006467, 1.5336826572397073], [30.281034504814798, 1.5336716880734775], [30.280937997282216, 1.5336902095950558], [30.28086217571104, 1.5337378907811847], [30.280661158229574, 1.5340321416730645], [30.280482372507898, 1.5342147111524471], [30.28034360211789, 1.534302462780042], [30.280261187072416, 1.5343377863813956], [30.280175990531625, 1.5343463444830012], [30.28008957105599, 1.5343215087230546]]}}, {"type": "Feature", "properties": {"OBJECTID": 3013, "Id": 21477, "Contour": 1342.5, "Shape_Leng": 5504.01319403}, "geometry": {"type": "LineString", "coordinates": [[30.285501634013688, 1.5432106522959355], [30.285593382088148, 1.5430737959109104], [30.285733697225666, 1.5429067305810806], [30.285775903575672, 1.5428117707807136], [30.28582551969334, 1.5427964051710628], [30.286030068904893, 1.5427949818017779], [30.286175531423318, 1.5428371619530719], [30.28634031388144, 1.5429732224597217], [30.286553967584084, 1.5431075040107987], [30.28718827236537, 1.5433166757284162], [30.287324247953563, 1.5433779109780306], [30.287586209738436, 1.5435399170564736], [30.28771049006731, 1.5436497818636075], [30.287834402588462, 1.543824334406179], [30.2879514592053, 1.5440293433825516], [30.288138282266527, 1.5442662045805244], [30.288361166492273, 1.5444884600857836], [30.28844098158052, 1.5446173492533901], [30.288512941144507, 1.5447810124389663], [30.28857113677124, 1.5448279675137353], [30.288622132249934, 1.5448205763873153], [30.288677201369737, 1.544786359234461], [30.28886103101784, 1.544557675930057], [30.289039020189076, 1.544406900240389], [30.289444920201205, 1.5441788027981502], [30.289720517939664, 1.5441011460484793], [30.289827601930998, 1.5441080764476738], [30.290009714658744, 1.5441562030109683], [30.29009266001833, 1.5442036859089936], [30.2901960519999, 1.5442956583907057], [30.290328931621346, 1.5444765100724935], [30.290534077185942, 1.5448777750399019], [30.290571233962638, 1.5449996171876565], [30.290623826730293, 1.5452759960526263], [30.290655084285284, 1.545366405782875], [30.290680845924122, 1.5453968556451168], [30.290716293243637, 1.545366487410254], [30.290828860848105, 1.5450865132668545], [30.290918373918153, 1.5449327301925664], [30.29103624270599, 1.5448041958457697], [30.291174682230032, 1.544726555618213], [30.29131008266815, 1.5446903593249965], [30.291419212419903, 1.544693402345463], [30.291630522746917, 1.5447653158640409], [30.291849329461677, 1.5448880609075029], [30.291894859896633, 1.5448974751359446], [30.291933172589996, 1.5448871510182378], [30.291959923641816, 1.5448501130258674], [30.291967924115287, 1.544788385303473], [30.291930701744935, 1.544556504440155], [30.291926607641194, 1.5444377121647648], [30.29198391684649, 1.5441411476466258], [30.29199458468495, 1.5440162963286634], [30.291981949096982, 1.5439220188536862], [30.29190543579558, 1.5437056667180278], [30.291895358584384, 1.5436281050999083], [30.291947364421187, 1.5434980560855578], [30.292051391365234, 1.543359463683269], [30.292120522700394, 1.5433141289309813], [30.292210532912765, 1.5432830690897672], [30.29260911367601, 1.5432009633640262], [30.292747435931656, 1.5431880066521864], [30.29294064736685, 1.5432176602079075], [30.2932717205363, 1.5433687431831233], [30.293599407644468, 1.5434708694258417], [30.293670275120093, 1.5434688120139801], [30.29371880653192, 1.5434455479852596], [30.293744818455394, 1.543398562647358], [30.29374880840665, 1.5433212702859889], [30.29372620657394, 1.5432428233197104], [30.2936068418527, 1.5429821533771761], [30.29348973395835, 1.5424369369741147], [30.29344539857143, 1.542356087125053], [30.292703001702932, 1.541968904791632], [30.292217317108687, 1.5415964020188488], [30.29186801368984, 1.5414239261195606], [30.29167206848152, 1.5413048454649214], [30.29160537106017, 1.5412393124869652], [30.291541168491364, 1.5410991644148713], [30.291493456430047, 1.5408889112541404], [30.29148510747848, 1.540787242879663], [30.291504802568863, 1.5406667263506444], [30.291616238130352, 1.5403355979488877], [30.29167509059774, 1.5402366639508691], [30.291746235594072, 1.5401577399302975], [30.292237570330045, 1.5397719433329975], [30.292321962070506, 1.5397309032888045], [30.292540598293357, 1.5396647816664664], [30.292656091389095, 1.5396104236608095], [30.292835732043706, 1.5394818738267864], [30.293019080476178, 1.5393087624408772], [30.29323021818536, 1.5391858680064452], [30.2933127069183, 1.5391623872683706], [30.293544587467157, 1.5391565951096888], [30.293649421868256, 1.5391192290482594], [30.29368541737147, 1.5390561544301613], [30.293701224630908, 1.5388607462041388], [30.293743559098928, 1.5387561409365829], [30.294000079378172, 1.5385044613570116], [30.294144001595242, 1.5382990720632956], [30.294245259883496, 1.5382109200457434], [30.294321140013697, 1.538175738817508], [30.294410179218946, 1.5381608802304003], [30.294669045592634, 1.5382076611825217], [30.294770909766942, 1.5382113861130753], [30.29509840980283, 1.538115018916583], [30.29522639035706, 1.5380316729125294], [30.29555738747713, 1.5376949529796196], [30.295805568613677, 1.5374917153990935], [30.295840174340572, 1.5374455842999895], [30.295860180527356, 1.5373852652521232], [30.29583352304604, 1.5371723554381016], [30.29587208970121, 1.5369466508241187], [30.2959000791705, 1.5368644049584996], [30.296010465188434, 1.5366471489155353], [30.296062149452712, 1.536461293389945], [30.296096270358788, 1.5362407918102272], [30.29606941932169, 1.5361391932591077], [30.29598590411364, 1.5360135520965315], [30.295954384025265, 1.5360024118239783], [30.295932087360164, 1.5360127414477076], [30.295905415766562, 1.5360633938556743], [30.295940049302185, 1.5362151399523747], [30.295915039303758, 1.5362892742378627], [30.295853780555763, 1.5363526663757714], [30.29564698785897, 1.536486653227537], [30.295565034315544, 1.5365737635226857], [30.295531379785313, 1.5366533041722856], [30.295518771249636, 1.5367323173414051], [30.295563721158338, 1.5369598637280826], [30.295551193882392, 1.5370036478759392], [30.295510105784643, 1.5370547292606567], [30.295159084964197, 1.5372537256502439], [30.294994672620593, 1.5374201794660514], [30.294855975665126, 1.5375143602269683], [30.294747481178156, 1.5375554690852942], [30.294542281194314, 1.5376031397788068], [30.294268648060267, 1.5376014740635924], [30.294157526988673, 1.53762925527004], [30.294004808995155, 1.5377208728478462], [30.293877699230418, 1.5378860442661781], [30.293819179103686, 1.5379377497383726], [30.293739599784637, 1.5379703698717466], [30.29357098543712, 1.5380018753130649], [30.293501558295503, 1.5380341788403746], [30.293419805167353, 1.538124928446833], [30.29334773426617, 1.5383421064708942], [30.29327874007515, 1.5384684569540934], [30.293189693204617, 1.5385646703059734], [30.293036033201837, 1.5386754079856673], [30.292871444339056, 1.538745268033836], [30.292752124877115, 1.538772659859362], [30.292603525734243, 1.5387640888374268], [30.292487675839904, 1.5387068913361541], [30.29242837488698, 1.5386368180358652], [30.292363876729283, 1.5385157393689763], [30.292224975733365, 1.5380514399708975], [30.292110526866562, 1.5378355554407674], [30.29208223630684, 1.5378121215272278], [30.292052389415247, 1.5378103971759673], [30.291998474923865, 1.537848330144986], [30.291820114726814, 1.5380478732201628], [30.291798120904197, 1.5380902732557629], [30.29181802823805, 1.5381495599434858], [30.291936500748445, 1.538254099396726], [30.2919937008734, 1.5383252508823746], [30.292026162368757, 1.5383945009920923], [30.292040242776515, 1.5384695498026704], [30.292028682329118, 1.538544022578148], [30.291978161385302, 1.538668545179801], [30.291969932633137, 1.5388403059191538], [30.291950221589, 1.538918811222329], [30.291903155755495, 1.5390023932053398], [30.291812989143214, 1.5390959494911163], [30.29169930076999, 1.5391745287629761], [30.291523160292446, 1.5392569449953384], [30.291263233753874, 1.5393610994129125], [30.29100052751305, 1.5394384564951817], [30.2904541972657, 1.5395698547119492], [30.29010487147177, 1.5395785456195816], [30.289931588581993, 1.5395686733255765], [30.28978928075502, 1.539534203877472], [30.28961974648663, 1.53945359542378], [30.289134753559505, 1.5389485431336354], [30.288949067140532, 1.5386015269782067], [30.28880258850883, 1.5380682523234994], [30.28875949846629, 1.537996335965438], [30.288649114716648, 1.5379476490402673], [30.28821850724444, 1.5378604777409308], [30.28794183731034, 1.5378235580647757], [30.287829006752688, 1.537775534811716], [30.28768551884657, 1.5376615560010782], [30.287558674043705, 1.53752957137621], [30.28741338933031, 1.5372451091582364], [30.28716386087641, 1.536848307883016], [30.287079620784493, 1.5367857888497585], [30.28697718283401, 1.5367361343941106], [30.28667488774259, 1.536637579621957], [30.28658576434379, 1.5365789443952116], [30.286527717868577, 1.53652151850613], [30.286342592005987, 1.5362613796879736], [30.286136825064343, 1.535913755408178], [30.286026374706353, 1.5356910069967047], [30.285929455209708, 1.5355712860720734], [30.285898105207973, 1.5355013336090477], [30.285832395473154, 1.5352706966792857], [30.285802159877772, 1.535100628784284], [30.28577680721817, 1.5346913518012828], [30.28578233534603, 1.5344075992817927], [30.285769983880062, 1.5343306342792762], [30.285750089344706, 1.5342961520460776], [30.28568897476628, 1.5342730583268587], [30.285611588068953, 1.534288451616273], [30.285376341790286, 1.534432027183302], [30.285018885651667, 1.5345767085371236], [30.2847965304111, 1.5345894205510695], [30.284691241764335, 1.5345644332577224], [30.284623417360073, 1.534491090377166], [30.284403756089823, 1.534134319060654], [30.28435815411431, 1.5339966878312359], [30.284308845993728, 1.5336607854018156], [30.284257786874896, 1.5335475739789026], [30.28422804577164, 1.5335268072212753], [30.284196121225467, 1.5335293150124965], [30.283965070188497, 1.5336689246949193], [30.283857005513298, 1.5336863803738159], [30.28369765529493, 1.5336387100232667], [30.28348672066565, 1.5335134767957677], [30.28321915125758, 1.5332679914127083], [30.283116760646102, 1.5331395663031326], [30.282890070110895, 1.5327324266172282], [30.28283496812901, 1.5325534726026078], [30.282798145514672, 1.5325033417509422], [30.282730089026543, 1.5324967160478449], [30.28270554755109, 1.5325432390366132], [30.282759362187093, 1.533258959309123], [30.282644337162473, 1.5339299624769334], [30.282589580288068, 1.5340941920175222], [30.282473002804558, 1.5342058381021242], [30.282368234079026, 1.534256210822781], [30.282265939136035, 1.534249151978794], [30.281962214866454, 1.5341212341795893], [30.281698570456033, 1.5339351624505857], [30.28157357100888, 1.5338639071782303], [30.281261190880283, 1.5337280315996036], [30.281045135918074, 1.533704033284362], [30.280940520699627, 1.5337235534622167], [30.280875859595817, 1.5337661311053272], [30.28065268695007, 1.534103528759528], [30.280541249656345, 1.5342331865183343], [30.280423940604003, 1.534328766071241], [30.280332722347524, 1.5343745187450164], [30.28024568679394, 1.5343964245035038], [30.280152539842636, 1.5343946480665585], [30.280086231932252, 1.5343729176298375]]}}, {"type": "Feature", "properties": {"OBJECTID": 3014, "Id": 21481, "Contour": 1342.0, "Shape_Leng": 5187.91184924}, "geometry": {"type": "LineString", "coordinates": [[30.285446719962717, 1.5431756244768629], [30.28560576692402, 1.5429254107451225], [30.285718974472683, 1.542778396938828], [30.28582999290081, 1.5427327133858906], [30.28601668029284, 1.5427292807935469], [30.286142617118298, 1.5427494159477368], [30.286225998373205, 1.5427843240887864], [30.286403844553153, 1.542943236983677], [30.28657550619118, 1.5430547744033964], [30.287191028278176, 1.5432622771506965], [30.287334239658534, 1.5433265818937216], [30.287587026810918, 1.5434829809602006], [30.287754690874035, 1.5436271309809553], [30.287847859689467, 1.5437568513924291], [30.287974424381446, 1.543978529498045], [30.288149939601023, 1.544217659150328], [30.288368311920866, 1.5444490022833715], [30.28857479050495, 1.5447690156425828], [30.288613284527415, 1.544762932052846], [30.288667683720217, 1.5447251826604034], [30.288862836645553, 1.5445121560470192], [30.28910381957707, 1.5443264844118223], [30.289446046508523, 1.544134786190246], [30.289649476592515, 1.544070244974435], [30.28974831688269, 1.544061017069923], [30.28993180598987, 1.54408633325935], [30.290044035767913, 1.5441241380955664], [30.290142474936157, 1.5441873410294933], [30.290256857189892, 1.5443012900227002], [30.29050926550749, 1.5447087092555745], [30.29057201008966, 1.544880293336283], [30.29063731358387, 1.545131687782472], [30.2906733713679, 1.5451870991903978], [30.290713015137595, 1.5451876723582652], [30.29075939707564, 1.5451458454279943], [30.290900629820126, 1.5448825812165072], [30.290981167523604, 1.5447776284710304], [30.291087123529103, 1.5447019346899635], [30.291217834709073, 1.544650313176551], [30.291371547304735, 1.5446374454542608], [30.29151500986184, 1.5446724962662262], [30.291641502074672, 1.544728678996285], [30.29183815405537, 1.5448531702268553], [30.291909233707205, 1.5448591792666047], [30.291931508672853, 1.544831519061797], [30.291937195564675, 1.5447848782483096], [30.29190303994656, 1.5445967337213657], [30.291897897372326, 1.544453834820226], [30.291962517219318, 1.5440343176772406], [30.291941593234714, 1.5439194712613153], [30.291838647619088, 1.5436900473269553], [30.291827447458697, 1.5436194047437126], [30.29187188322962, 1.5434966233329543], [30.291999368430883, 1.54333043434084], [30.29207714342586, 1.5432802409764335], [30.292159080127064, 1.5432504200299209], [30.29254013465252, 1.5431639395773233], [30.292733955145955, 1.543142536346181], [30.29283204120445, 1.5431475562193637], [30.292935650561603, 1.543172919764464], [30.29339505745665, 1.543373066148135], [30.293572156128686, 1.5434285638877867], [30.293637040926797, 1.5434288472184512], [30.29368123961732, 1.543409083399305], [30.293707151370104, 1.543370200148887], [30.29371380379926, 1.5433144710612556], [30.29369353335499, 1.5432386337597237], [30.293577784932303, 1.5429788949708014], [30.29345631988241, 1.5424669676189642], [30.29340663492651, 1.5423810362204542], [30.293314077619858, 1.5423200413455225], [30.292711853064397, 1.5420167318475557], [30.292158202086753, 1.5416096729611648], [30.291644134468953, 1.5413774003737077], [30.291542279689267, 1.541301359321205], [30.291434834274092, 1.541019788222589], [30.291417701700105, 1.5408623792333787], [30.29145446728002, 1.5406588835085508], [30.291578772051828, 1.5403296698413327], [30.29164311264823, 1.5402206460653427], [30.291719325588048, 1.5401357060924816], [30.29217767521441, 1.5397731859672947], [30.29228781939313, 1.5397105318510256], [30.29254063543931, 1.5396379687618007], [30.292668897095957, 1.5395732336849015], [30.29280794160734, 1.539471067251326], [30.29298047065769, 1.5393008980643974], [30.29325655926678, 1.5390744613795098], [30.293357193892145, 1.5390444843212407], [30.293408196908988, 1.539052563622351], [30.29351048676428, 1.5391005896638188], [30.293573683413765, 1.5391017591166833], [30.293616307856773, 1.5390835817550088], [30.293644856491323, 1.5390252275164005], [30.293639627593656, 1.538836743284602], [30.293667891831394, 1.5387537285745383], [30.29398386821871, 1.5384790548051073], [30.29413494273422, 1.5382449916669034], [30.29428096333191, 1.5381089308284452], [30.29436580488317, 1.5380661901707768], [30.29442480691391, 1.5380594127788954], [30.294631478018452, 1.5381567855777332], [30.29479061598853, 1.5381695486032845], [30.295042869249436, 1.538097982958139], [30.29523749000536, 1.5379703090249073], [30.295391610413358, 1.5378331867612387], [30.295799414437575, 1.5374107931624135], [30.29581038773711, 1.537338837664066], [30.295759293785334, 1.5372192823625452], [30.295796567558376, 1.5370753211105634], [30.295789790864294, 1.5370298997964649], [30.29575462311859, 1.5370084004716784], [30.29567665942615, 1.5370154617120897], [30.2955164225438, 1.5371096067407064], [30.295256178250764, 1.5372215835797982], [30.295147526375903, 1.5372946551229325], [30.2950006405975, 1.5374589425221137], [30.294834163617935, 1.5375564419844243], [30.294521308223775, 1.5376348655247563], [30.294228033550368, 1.5376381757858915], [30.29407800978386, 1.5376944075771901], [30.294002213103248, 1.5377571560916066], [30.293901519817908, 1.5379054865541144], [30.293843037571545, 1.5379649934217288], [30.293763171301226, 1.537999769735292], [30.29357254074887, 1.5380265287527748], [30.29348020662189, 1.5380829082424365], [30.2934420572918, 1.5381398272411695], [30.29339092683939, 1.5383126296809717], [30.293337294366353, 1.5384278708279102], [30.293291125527503, 1.538498976588703], [30.29320980128696, 1.538582460932022], [30.2930342491214, 1.5387100956430113], [30.29277320517126, 1.5388150644919423], [30.292665247045203, 1.5388258938164667], [30.292584123913883, 1.538811079798813], [30.29251213090999, 1.5387753596371758], [30.292452139302085, 1.5387221442649914], [30.292324736418465, 1.5385021913095653], [30.29220673556298, 1.5381263150883213], [30.292085052190103, 1.5379878941993383], [30.292053349867025, 1.5379750021640985], [30.292014561360922, 1.5379824218103704], [30.29195081529658, 1.5380367077701111], [30.29193689948804, 1.5381097076351502], [30.292066116773505, 1.5383996283374637], [30.292080666371433, 1.5384821928964847], [30.292072075894147, 1.5385712729483645], [30.292012686801062, 1.53885452681867], [30.291979163085625, 1.5389543452175471], [30.29189227972089, 1.5390777899741963], [30.29177196291107, 1.5391852450701864], [30.291657737537044, 1.5392536920460396], [30.29129271203281, 1.539394270326147], [30.29052312838071, 1.5396196242639135], [30.289820911986173, 1.5396011033944648], [30.289688713101718, 1.5395628110040456], [30.28960407488516, 1.5395086789401646], [30.28931407610178, 1.5391821542532635], [30.28909877275249, 1.5389707327056834], [30.288922186675748, 1.538641547445014], [30.28877236121259, 1.538081330582355], [30.28873718121906, 1.5380197468389945], [30.28863848039018, 1.5379754069510871], [30.28828435597306, 1.5379054271411674], [30.28794390744279, 1.5378678938240953], [30.28779453531661, 1.5378047648683633], [30.287689614156694, 1.5377214516977715], [30.287548108401253, 1.5375699881391944], [30.287378216776975, 1.5372607706068884], [30.28716414476632, 1.5369459377849481], [30.28699106122879, 1.5368301389055994], [30.286667869932348, 1.5366817235750372], [30.286504535755483, 1.5365317398320644], [30.286134728546067, 1.5360174984297994], [30.286020337224596, 1.5357884542245925], [30.285909888822868, 1.535617459879277], [30.28584599249666, 1.5354649791121868], [30.285765263051918, 1.5351172257815509], [30.285741404269967, 1.5348074232846445], [30.285751738183055, 1.534426681991775], [30.285742201010567, 1.5343705521736462], [30.285710316756155, 1.5343225948308397], [30.285655034461882, 1.5343092907563476], [30.28559733343263, 1.534324712634965], [30.285375778669263, 1.5344804837728467], [30.2850041935815, 1.5346447513803556], [30.284803883440375, 1.534707634299763], [30.284678907021053, 1.5346829765460213], [30.28461252440408, 1.534629452678444], [30.284521562459492, 1.5344835391993377], [30.284390285510554, 1.534210222829785], [30.284330339820663, 1.5340516618208218], [30.28428506771448, 1.5337331417481725], [30.284242451815317, 1.5336427952873906], [30.284197075055708, 1.5336200299238014], [30.284157926705475, 1.5336239068400372], [30.2839715720814, 1.533726494733654], [30.283905312976078, 1.5337390547643563], [30.283769849695613, 1.5337205156081422], [30.28363815970597, 1.533659758297933], [30.283438321483903, 1.5335186734968504], [30.28319716173851, 1.5332900352616292], [30.283105148979104, 1.533168247141353], [30.282934590971198, 1.5328832370487733], [30.282891414862423, 1.5328371802466532], [30.282844870892383, 1.532821116229853], [30.282802341643908, 1.5328368361484674], [30.282777285256532, 1.5328924287203514], [30.282806411522696, 1.5332085021889397], [30.282686464834203, 1.5339903819640228], [30.28262650855324, 1.534161085913303], [30.282572325479332, 1.5342296213166624], [30.282503271515715, 1.5342822624305308], [30.282374695034385, 1.5343353420473678], [30.28226840941052, 1.534326433372721], [30.28203616640911, 1.534209068167411], [30.281580302827788, 1.5338938821354857], [30.281249459323025, 1.5337540855805087], [30.281055202026256, 1.5337342244073109], [30.280944376887884, 1.5337564304265987], [30.280888027760543, 1.5337968179902064], [30.280621908369476, 1.534224004450387], [30.280438966786317, 1.5343924978009014], [30.280322387621393, 1.5344720787168582], [30.280239452227356, 1.5345002458466048], [30.280149010380455, 1.5344983648986399], [30.280080554630665, 1.534457674720198]]}}, {"type": "Feature", "properties": {"OBJECTID": 3015, "Id": 21486, "Contour": 1341.5, "Shape_Leng": 5104.03080059}, "geometry": {"type": "LineString", "coordinates": [[30.285258139685613, 1.5430669376538728], [30.285298389293278, 1.543056881668069], [30.28539802583309, 1.5429352776351117], [30.285506138716446, 1.5428961450446794], [30.285690998254697, 1.5427305912272793], [30.285780071520303, 1.5426780045565458], [30.2858619745269, 1.5426523208438434], [30.285961059707823, 1.5426454050010794], [30.28614671497713, 1.5426908387497142], [30.286426130305, 1.542809409409683], [30.28650157207429, 1.5428570423666907], [30.286640182925318, 1.5429876317175328], [30.286832418366227, 1.5430927579765237], [30.28697648256038, 1.5431521348147879], [30.287286211689015, 1.5432470317518856], [30.28751998902969, 1.5433611061561037], [30.287790202594227, 1.5435958268064143], [30.287865765520962, 1.5437025523845636], [30.287991774948605, 1.543938729691413], [30.288162737761493, 1.5441778062823106], [30.288478220305265, 1.5445433395937467], [30.288546873293843, 1.5446024634888424], [30.288609769463932, 1.544632645267009], [30.288662053853624, 1.5446338700966753], [30.288709922740434, 1.5446117189890303], [30.28903441811847, 1.5443400087501864], [30.289387435757963, 1.5441175599484065], [30.289619351091222, 1.5440265941002107], [30.28976547913703, 1.5440165459779933], [30.28993135781873, 1.544040367252483], [30.29005495216718, 1.5440821825193918], [30.29015339681373, 1.5441382698058304], [30.290265311706886, 1.5442411021122864], [30.290360490300333, 1.544373804889494], [30.290520106917462, 1.5446497432487825], [30.29064996028112, 1.5450098774418493], [30.290712636770095, 1.5450851909270744], [30.29074094228754, 1.5450844094069254], [30.290771969375225, 1.5450556639546555], [30.29089243780234, 1.5448229619156988], [30.29096771325972, 1.544726239249057], [30.29108865147114, 1.5446437270338238], [30.291218916644173, 1.5445946003258504], [30.291367920494498, 1.5445848712314074], [30.291515749887203, 1.544630953559405], [30.291641190982354, 1.5446898824123494], [30.291839425139827, 1.5448250760146902], [30.29188930539868, 1.5448340579951558], [30.291902260111403, 1.5448003610769943], [30.291875103555746, 1.5446672126395327], [30.291867446673443, 1.5445049047299684], [30.29192555779084, 1.544125979525667], [30.29193041756298, 1.5440162238445356], [30.2919005048357, 1.543905508177084], [30.291790169195714, 1.5436928469199458], [30.291777032486518, 1.5436237726380326], [30.291827806144397, 1.5434640402186892], [30.291940752092913, 1.543310945018564], [30.292017921458296, 1.5432562444968536], [30.29210640845762, 1.5432187037467129], [30.29256238960066, 1.5430955670079003], [30.292688726558122, 1.5430814524161502], [30.292824839068086, 1.543096532802796], [30.292920141254392, 1.5431228645568174], [30.293253481677233, 1.5432796903046122], [30.29354111960886, 1.5433877333345387], [30.293591222972747, 1.5433936809015296], [30.293645393959313, 1.5433775327245463], [30.293670861137056, 1.5433444917396921], [30.29367662527776, 1.5432998458366294], [30.293528709784447, 1.5429183918771883], [30.293416751489094, 1.542477475017335], [30.293356049649038, 1.542389447721967], [30.293277179987868, 1.542338402876839], [30.292997936093847, 1.5422129110985494], [30.29270678008719, 1.5420534446818484], [30.292468986065206, 1.5418687255687924], [30.292146176643584, 1.5416462914442908], [30.291834595711734, 1.5415410531339944], [30.291563073895723, 1.5414179270896482], [30.29148488512469, 1.5413501515759682], [30.29137008630576, 1.5410228470113745], [30.29135823745598, 1.5409032325770151], [30.291410240166744, 1.540652489403322], [30.2915460663582, 1.5403089348073777], [30.2916153185944, 1.5401901787157866], [30.29169341069544, 1.5400997974546013], [30.29198624149378, 1.5398899222259834], [30.292169649681632, 1.5397366702412665], [30.29229394424574, 1.5396766766478744], [30.29257023422299, 1.5396009572694758], [30.29275835098292, 1.5394775666767009], [30.293113236146656, 1.5391556433189573], [30.29324115191545, 1.539015485629284], [30.293480847178753, 1.5388587194269812], [30.293627070689833, 1.538707566788834], [30.293829020799308, 1.5385731892250947], [30.293942138563665, 1.53847775267172], [30.29400866827348, 1.5383976541453162], [30.29413043418591, 1.5381682067332894], [30.294246276785113, 1.538056054462298], [30.29436864963029, 1.5379951231575768], [30.294483338127215, 1.5379728505767123], [30.294524108066273, 1.5379902033356383], [30.2945913116986, 1.5380675053672155], [30.294669328184664, 1.5381182832290652], [30.294740340519276, 1.5381323067094237], [30.294833034475328, 1.5381127421247587], [30.29497235975802, 1.5380346076415508], [30.295176531187607, 1.5379621024693995], [30.295315463099886, 1.5378691853801298], [30.295439417934162, 1.5377540869480053], [30.295579673196933, 1.5375828707246295], [30.295600949325962, 1.537542402240381], [30.2955935543748, 1.5374882622621981], [30.29550164467552, 1.5373819856551971], [30.29542206361141, 1.5372457444206005], [30.295383224558552, 1.5372228407385702], [30.29533967221785, 1.537220913961735], [30.29520690553894, 1.5372861930730946], [30.295058617780356, 1.53747664440632], [30.294919417758514, 1.5375636967338182], [30.29452372511254, 1.53766609994631], [30.29422866520698, 1.537677321570049], [30.294110828498507, 1.5377070756032871], [30.294017978712237, 1.5377763753035998], [30.293903546014683, 1.5379522592496184], [30.293838555679546, 1.5380167228644641], [30.29377169878494, 1.5380430907506242], [30.293586963203612, 1.538052675045906], [30.293504918777312, 1.538098716533121], [30.29347219633962, 1.5381487067308257], [30.293433735739075, 1.5383223762492704], [30.293391685087972, 1.538407924616896], [30.293322961245757, 1.5385137819037382], [30.293225915712444, 1.5386087928777017], [30.293052382131496, 1.5387344092970798], [30.292756022281452, 1.5388586671242401], [30.29265153475906, 1.538865509957239], [30.292576574062412, 1.53885161238827], [30.292499975162162, 1.538815928750287], [30.29241961274441, 1.5387519594255445], [30.2922985750182, 1.5385307415579412], [30.292173831509647, 1.5381924202899449], [30.29210294425214, 1.5381282310851403], [30.292033384416136, 1.5381167168945293], [30.292016961149177, 1.5381438105618697], [30.292019104653754, 1.538173692050479], [30.29209773671393, 1.5383779534201671], [30.292116493801444, 1.538489032107333], [30.29204654854073, 1.5388973264575518], [30.292012600541312, 1.5389883253957783], [30.291945226782428, 1.5390854693540483], [30.29173449258862, 1.5392595622861585], [30.29162605077717, 1.5393145938558601], [30.291382662363432, 1.5394037948605799], [30.290932935939367, 1.5395320852975833], [30.29051503253904, 1.5396743155554666], [30.28977852169146, 1.5396383486715761], [30.28965387658755, 1.5395983771720092], [30.289582952413085, 1.5395511686444587], [30.289350633983368, 1.5392775966109546], [30.289130197726173, 1.5390700531773895], [30.289065967786073, 1.538989364582933], [30.288959302228175, 1.538821999824652], [30.288895050340624, 1.5386809406818964], [30.288744523186054, 1.5381071987587662], [30.288707713065776, 1.5380411960962765], [30.28862029897385, 1.5380026262118103], [30.28821696613015, 1.537926049873813], [30.287913288566894, 1.537899566886163], [30.287801256777456, 1.5378502355639354], [30.28765860328837, 1.5377391410187218], [30.287533152363437, 1.5376003086377046], [30.28720646764984, 1.5370524768834841], [30.287143582244248, 1.5369742071577228], [30.286973388211496, 1.5368638119529625], [30.28663433059234, 1.5367324533089073], [30.286564329782625, 1.5366781654417607], [30.28612078593265, 1.536054696161161], [30.28590600955035, 1.5356776674948311], [30.285797852230843, 1.5354460266187346], [30.28572443655158, 1.5351304421014025], [30.285709758369826, 1.534837930261967], [30.285723009498142, 1.5344344841552366], [30.285707308297898, 1.5343705521319473], [30.28568474768465, 1.5343479563808025], [30.285639916679955, 1.5343414413272243], [30.285584619454276, 1.534362922970537], [30.28538465291849, 1.5345179821305208], [30.28513094715562, 1.534627701343263], [30.28488131528649, 1.5347810596476035], [30.284780987349226, 1.5347911650911081], [30.28469795408329, 1.5347630644349313], [30.284612884105826, 1.5347002379705101], [30.284547407275685, 1.5346242275307649], [30.284472737855772, 1.534508262649674], [30.2843157561451, 1.5341935807100757], [30.284285614856636, 1.534094181722718], [30.28426210277787, 1.5337841948250215], [30.28422532132485, 1.5336838413133629], [30.284178088547424, 1.5336635480537797], [30.28414617094956, 1.533672751369634], [30.28398926738962, 1.5337935197208963], [30.283916024453706, 1.5338262220981769], [30.283819259239085, 1.5337976331069314], [30.283682116838527, 1.5337272956270587], [30.283399890316208, 1.5335409331888687], [30.283243012522306, 1.5334101126905963], [30.283128988490883, 1.5332698129002287], [30.282913291390667, 1.532910540189838], [30.28287852405801, 1.5328734739376095], [30.28284873752646, 1.5328667637902402], [30.282821975145957, 1.5328881115174722], [30.282813404575514, 1.5329328684421695], [30.282847261136375, 1.5331409024440348], [30.282846831285745, 1.533242367069759], [30.282778031245915, 1.5336137858426968], [30.28275757671257, 1.5338884239451396], [30.282717987407068, 1.534084120600472], [30.282687975274754, 1.5341698577356158], [30.282634390398528, 1.5342507440409474], [30.282449834756168, 1.5344151997742352], [30.28234651765607, 1.5344520536396202], [30.282223882373636, 1.5344253722622465], [30.282100020636953, 1.534305356873158], [30.281608644409726, 1.5339333914434927], [30.281244095661684, 1.5337816330137974], [30.281094169772977, 1.5337625375445816], [30.280975415188678, 1.5337796333213998], [30.280905745431443, 1.5338233475790946], [30.280649258415956, 1.5342699131567765], [30.280472906224322, 1.5344281227108167], [30.28033788423644, 1.534514530065404], [30.280218635687895, 1.5345560085491752], [30.28012925373421, 1.5345517336507932], [30.28007746444872, 1.5345022332692482]]}}, {"type": "Feature", "properties": {"OBJECTID": 3016, "Id": 21488, "Contour": 1341.0, "Shape_Leng": 5037.58231305}, "geometry": {"type": "LineString", "coordinates": [[30.285214492342423, 1.5430425048545662], [30.28526618669506, 1.5429542084488095], [30.28535426373497, 1.5428685689655546], [30.28573445155376, 1.5426349665617787], [30.285925004527545, 1.5425670259533484], [30.286039924354814, 1.542539579860767], [30.28609404855877, 1.5425401908304972], [30.286280798031253, 1.5426249636308729], [30.28643866396745, 1.5427154999414114], [30.28669453431835, 1.5429521191380469], [30.28683987974325, 1.5430535793999909], [30.286948030303833, 1.5431030118685978], [30.287261184794897, 1.543199696973986], [30.2874843187626, 1.543289023614993], [30.28774315220697, 1.5434856771602958], [30.287877970360352, 1.5436443858918159], [30.28802593485891, 1.5439233408703437], [30.28818575093455, 1.5441570566947462], [30.288469846346835, 1.5444929209664744], [30.288582367735742, 1.5445765614430726], [30.288632768865593, 1.5445849668748304], [30.288698646609785, 1.5445632047213174], [30.28931156610223, 1.544109292272438], [30.289531781071936, 1.5439788988745757], [30.289608009913803, 1.5439475257621158], [30.28969164214609, 1.5439413818299268], [30.29001715843242, 1.5440233496739462], [30.290172328413057, 1.544099104868691], [30.290284712799785, 1.544192878953502], [30.290459191624336, 1.5444476916512258], [30.29057623159138, 1.544695892286879], [30.290660018735476, 1.5449532300028517], [30.290696997455367, 1.5449990481965756], [30.290722514039636, 1.5449985423449901], [30.290746294542064, 1.544978530358046], [30.290888048977273, 1.5447585947576252], [30.290954827223906, 1.544679634128696], [30.291029491298968, 1.5446258628041303], [30.29117058880284, 1.5445588281095712], [30.291285340377666, 1.5445389404119565], [30.29139250117627, 1.544546045605775], [30.291710244327206, 1.5446757633275077], [30.291786105181234, 1.5446759967952537], [30.291817333965973, 1.5446406813604463], [30.29183172986222, 1.5445913192472904], [30.29189124660698, 1.544225942904367], [30.291903430651296, 1.5440343260890301], [30.291871197503227, 1.5439164802204413], [30.29172977924414, 1.543686630912285], [30.2917158512434, 1.543607142759296], [30.291770878914715, 1.5434306794413957], [30.2918307356697, 1.5433435871281818], [30.291900180983447, 1.543274796097681], [30.292007284923503, 1.5432099730610114], [30.292116517554444, 1.5431662392312386], [30.292444633375144, 1.543071300417721], [30.292667421512146, 1.543038782917058], [30.292835650364992, 1.5430591250307628], [30.292950591039915, 1.5430906198494396], [30.293244999486824, 1.5432399870821287], [30.29351971458571, 1.5433497079070302], [30.29360421160493, 1.5433561302392103], [30.293628762328527, 1.5433381907397867], [30.293637519282996, 1.543303527076014], [30.293487093146908, 1.5429120157541023], [30.293384364321486, 1.5425003122543126], [30.293322280643835, 1.5424083039958805], [30.29320184987029, 1.5423372230027939], [30.292955110037347, 1.5422357715454642], [30.292714706366336, 1.5420985058784797], [30.292471484223856, 1.541912103909237], [30.292141750988716, 1.5416897347980267], [30.291811978630847, 1.5415972285466955], [30.291534663179526, 1.5414641107189313], [30.291426882531873, 1.5413710119734567], [30.29132751159963, 1.5411635523192468], [30.291284719994696, 1.541021479259357], [30.291276945058627, 1.540939170618798], [30.291338762780295, 1.5407045924612162], [30.29148870588001, 1.5403140009091094], [30.291603768755838, 1.5401340943336135], [30.291708047505253, 1.5400293513876704], [30.291983428227557, 1.5398462777725972], [30.29218269338268, 1.539692715907044], [30.292284264609368, 1.5396515736249237], [30.292521143114826, 1.5395934439065406], [30.292650056756305, 1.5395254008539971], [30.293066089104485, 1.5391521519532585], [30.293201888432638, 1.5389814722072814], [30.29341595261111, 1.5388437509808133], [30.293604003487058, 1.5386754623690906], [30.293857422724642, 1.538505136123513], [30.293977948875035, 1.538376634548453], [30.294105270694804, 1.5380916260125024], [30.294170901580735, 1.538022119851372], [30.294262179159283, 1.537979875681071], [30.294521943385305, 1.5379091597945875], [30.29460549438712, 1.5379379661187376], [30.294690338724635, 1.538062965159325], [30.29476003934839, 1.538079312250762], [30.294917277301757, 1.537997726955765], [30.295139308591622, 1.5379433278237056], [30.295240670034588, 1.537888850246852], [30.295371586146665, 1.5377690907996655], [30.29541878509905, 1.537687742338784], [30.295424140169285, 1.5376251057974863], [30.295389901349978, 1.5372856526102123], [30.295363545929153, 1.5372552641746375], [30.295327272316765, 1.537253754329292], [30.295231632630514, 1.5373245208961328], [30.29517347625437, 1.5374273427147056], [30.295073016610516, 1.5376922345638486], [30.295021916966896, 1.537747459418812], [30.294979416682438, 1.537740064091477], [30.29492305791974, 1.5376519033864249], [30.294825569385754, 1.537637657065443], [30.29471531389563, 1.5376496903904822], [30.294459815103128, 1.5377136465696042], [30.294166510074298, 1.5377258454782692], [30.29408238262353, 1.5377584188845679], [30.294018420009397, 1.5378181442387995], [30.293906974578203, 1.5380033037286194], [30.293823452513006, 1.5380929664938683], [30.293756203454183, 1.5381151666027226], [30.293605793505904, 1.538088518527381], [30.293531151668585, 1.5381242907471684], [30.293510889718835, 1.5382019166943488], [30.29355571704318, 1.5383701321089054], [30.293530170379743, 1.5384301966354545], [30.29317647567036, 1.5387036402566088], [30.29280596440313, 1.5388810909217672], [30.29267630473385, 1.5389043016510668], [30.292522447101266, 1.5388694585814076], [30.292380443776434, 1.5387727457812985], [30.29225681491968, 1.5385982580174453], [30.292196837756034, 1.5385798232340333], [30.292156707925315, 1.5386086553407499], [30.292125747710028, 1.5386653468738127], [30.292088685335404, 1.5389234620308831], [30.292025045171552, 1.5390588672668615], [30.29190543093768, 1.539184250975584], [30.291670840028782, 1.5393376176507925], [30.290520957181585, 1.5397284962547828], [30.290213508091195, 1.5397354207813023], [30.28973983706661, 1.539688486327766], [30.289618266021602, 1.539649225012729], [30.289556180727946, 1.5396028749959885], [30.28926954294192, 1.5392598131942774], [30.289074356790948, 1.5390656705261143], [30.28894808725603, 1.538887287638459], [30.288850633972356, 1.5386829879489383], [30.288719191084994, 1.5381555331568904], [30.288674349364065, 1.5380708975388386], [30.28862481420017, 1.5380402028237141], [30.28854201584097, 1.5380175376500038], [30.288160769695224, 1.5379515795607241], [30.2879112825058, 1.5379351727199297], [30.28779297268937, 1.537883040468418], [30.28763919617736, 1.5377616127531508], [30.287502717773606, 1.5376074234814237], [30.28729334061889, 1.5372954213510308], [30.28718896932531, 1.5370796302986813], [30.287127587994075, 1.53700119931628], [30.286948616420005, 1.5368872038369534], [30.28660446009799, 1.536767160928292], [30.286482764397896, 1.5366601601275662], [30.286304001229173, 1.5363883723708367], [30.286147517693166, 1.5362080545698593], [30.2860008969058, 1.5359057533745992], [30.28575032596946, 1.5354474304734298], [30.285689286675023, 1.5351840979198235], [30.28567960560636, 1.5348735803225089], [30.28569195370001, 1.5345402618063395], [30.28568455761157, 1.5344604469599634], [30.28566094178256, 1.5344021144463684], [30.285628287759508, 1.5343885045702002], [30.285581313730333, 1.5344044616176942], [30.28534730892083, 1.5345896930967104], [30.285155625375356, 1.5346789837989174], [30.284898363349928, 1.5348453731178244], [30.28472312135384, 1.5348649845455427], [30.284632326887927, 1.5348424223242294], [30.284539704720356, 1.5347877445730769], [30.28448790870589, 1.5347311938981822], [30.284342315232024, 1.5344363605779752], [30.284257976741866, 1.5341467893569078], [30.28422936030024, 1.5338144241105864], [30.284204902703763, 1.533726362880613], [30.284189621975155, 1.5337180250020308], [30.28415495182332, 1.5337320785704622], [30.2840201899862, 1.5338408822153398], [30.283946623836613, 1.533872794231267], [30.283848004234645, 1.5338721069918564], [30.283753488950282, 1.5338301624470818], [30.283342502332726, 1.5335428036157366], [30.283186631946872, 1.533407733867896], [30.283106951171497, 1.5333107319990198], [30.28286592417201, 1.532914250696202], [30.282850790111926, 1.5329178941892774], [30.28284788222698, 1.532945832935973], [30.282886776230818, 1.5331332006805771], [30.28289153748519, 1.5332261828409548], [30.282814204611565, 1.5336269845586934], [30.282818238692364, 1.5339032754515904], [30.282802132537, 1.5340211423168915], [30.282756595229728, 1.534170461675934], [30.28269692039357, 1.5342921428393173], [30.28247873220002, 1.5344871649879024], [30.282315505673335, 1.534529083246023], [30.282211690773313, 1.5345140911116235], [30.28215578653246, 1.5344692637557364], [30.282074523436492, 1.534367889920318], [30.28161219213732, 1.5339620584840794], [30.28152873172573, 1.533917677719828], [30.281243778780706, 1.5338100240448984], [30.281101907716216, 1.533794649350111], [30.280997549966386, 1.5338109100386987], [30.280914325375402, 1.5338651969953743], [30.28071698856825, 1.534264469740964], [30.28065713004224, 1.5343474319546169], [30.280574752289237, 1.5344248673195102], [30.280369833841608, 1.5345625467521173], [30.28017932615154, 1.5346373508781983], [30.28006743771815, 1.5346468124661543]]}}, {"type": "Feature", "properties": {"OBJECTID": 3017, "Id": 21491, "Contour": 1340.5, "Shape_Leng": 4624.25477332}, "geometry": {"type": "LineString", "coordinates": [[30.285038570056475, 1.5429455997648702], [30.285083605422905, 1.5429031215597477], [30.285206006740868, 1.5428603676751744], [30.285629545506886, 1.542626497533518], [30.285722862851056, 1.5425536763098164], [30.28592125328478, 1.5424996866927394], [30.2861068632491, 1.542495733891197], [30.286265143719007, 1.5425661497545864], [30.286439261348672, 1.5426723672687368], [30.286747198064283, 1.5429459172632438], [30.28687040006561, 1.5430307345455936], [30.287086136588588, 1.5431119538343114], [30.287353963086456, 1.5431811210224249], [30.287574244908313, 1.5432721828903764], [30.287797048690663, 1.5434711462921964], [30.2879361808638, 1.543634191024656], [30.28798064849624, 1.543702864690978], [30.28806057608378, 1.543892667083513], [30.28818404818592, 1.544101496860371], [30.288462542116676, 1.544440431252106], [30.288573192306174, 1.54452896206672], [30.288646449715625, 1.544532962275088], [30.288731612273537, 1.5444918946640167], [30.28930136602837, 1.544068584339954], [30.28949391783946, 1.5439447788042353], [30.289586593326984, 1.5439061477605154], [30.289679701535913, 1.5438948902270038], [30.2899966743248, 1.5439681546506325], [30.290212534585464, 1.54406980205167], [30.290295225550683, 1.544131223966796], [30.29048570461639, 1.5444153332181203], [30.290592945061256, 1.5446590954108754], [30.290666349307635, 1.5448782365449598], [30.290695695956202, 1.544916803636798], [30.290745702982818, 1.5448909045737353], [30.29095666114808, 1.5446296472013623], [30.29106195582342, 1.5445595889065828], [30.291173940005386, 1.5445138066826047], [30.291278789081986, 1.544497574259462], [30.29141367640667, 1.5445073365410467], [30.29152597030209, 1.5445437955999788], [30.291709356295488, 1.5446400925883186], [30.291773334715167, 1.544642298816128], [30.29180625905403, 1.5445878441124907], [30.291865020757268, 1.5442579963113863], [30.29187418074136, 1.5440399883707971], [30.291843640875506, 1.543933855599205], [30.29169810470441, 1.543688898837382], [30.29167997562147, 1.5435907097902606], [30.291713313396347, 1.5433998654743726], [30.291804840223055, 1.5432795474203809], [30.2919019877808, 1.5432133573857703], [30.292080450509253, 1.5431397272330065], [30.292414378000434, 1.543041259784867], [30.292613852970735, 1.5430039441795271], [30.292743009494, 1.5430103049498483], [30.292927154511947, 1.5430490738551428], [30.293236669573243, 1.5432011329706818], [30.293406380414783, 1.5432538020035338], [30.29347154793819, 1.543250868610507], [30.293506402464107, 1.5432310669401823], [30.29352612152339, 1.5431880037028434], [30.293526163294892, 1.5431413495682837], [30.29344763838532, 1.5429026327085311], [30.293366599462157, 1.5425424799411547], [30.293334355646692, 1.5424716280579378], [30.29329083676368, 1.5424245667863452], [30.29318181440563, 1.5423607074827046], [30.292987804889467, 1.5422855995134714], [30.29286291276046, 1.5422209211480205], [30.292657330578987, 1.5420968279818477], [30.29244187429044, 1.541936681987295], [30.292140323626718, 1.5417638252556336], [30.291846720721715, 1.5416619665831077], [30.291577245760667, 1.5415334429007443], [30.291468469293637, 1.5414675504627182], [30.291395197351992, 1.541402959529538], [30.291262819491983, 1.5412067686603947], [30.29122500846133, 1.5410235310800784], [30.291231295857113, 1.540901681895748], [30.29130138683326, 1.5406846575826065], [30.291464464931416, 1.540280715928844], [30.291569639463113, 1.5401226775314558], [30.291646387114533, 1.540037787805965], [30.292163741027622, 1.5396695443619444], [30.29227625189183, 1.5396241396190444], [30.29251561487936, 1.539564222461953], [30.292647406811653, 1.5394898354223867], [30.293029635640377, 1.5391358452191983], [30.293111338077082, 1.539007039750654], [30.29316268624021, 1.5389535464333133], [30.293401470958045, 1.538811292069364], [30.29355923531647, 1.5386536452154147], [30.29374696319639, 1.53853166116374], [30.2938928741393, 1.5384106089704828], [30.293971690469643, 1.5383084040706545], [30.29406539355733, 1.5380929284429739], [30.29410200548319, 1.5380383580971606], [30.29417680140146, 1.5379817199667254], [30.294357673612353, 1.5379082958532726], [30.294383029515007, 1.537880995095552], [30.29438248345362, 1.5378496078690767], [30.294327963758306, 1.5378089259023537], [30.294223520367815, 1.5377729500008261], [30.294144133413873, 1.5377752258770712], [30.29409024361845, 1.5377979509899082], [30.294021345277176, 1.537867013064766], [30.29383907973337, 1.5381569040790768], [30.2936793244946, 1.5383126540138166], [30.293613781275774, 1.53844205044484], [30.293571433067466, 1.5384903682341795], [30.293483114926943, 1.5385494732664526], [30.293342706151968, 1.5386131819458977], [30.29320796226829, 1.538742755921492], [30.292939815064212, 1.5388513558394272], [30.29279279748318, 1.5389264133370366], [30.292690043951932, 1.5389472587154902], [30.29256123326945, 1.5389449393787658], [30.292357226411855, 1.538859796939074], [30.292264986026122, 1.5387961694410697], [30.292236794057597, 1.53865323779581], [30.29222099204319, 1.5386304909125337], [30.292198632473298, 1.5386268516147277], [30.292173467150665, 1.5386493273984554], [30.29215001899808, 1.538708861138846], [30.292122852707777, 1.5389457508340751], [30.292046764252014, 1.5390956469182275], [30.291919537177165, 1.5392263492004241], [30.291688662161295, 1.5393678252816603], [30.291142822748746, 1.5395537524839282], [30.2908316991666, 1.5396797475861181], [30.2905555511266, 1.5397650365929947], [30.29026478478632, 1.539787127038572], [30.28971204170282, 1.5397382822862662], [30.289608877946982, 1.539704591423222], [30.289534470185732, 1.5396506499031812], [30.28938813926308, 1.5394519624155196], [30.289031258325647, 1.5390838013536368], [30.288918566044533, 1.5389397628005228], [30.288804590973022, 1.5386917371024573], [30.288704315043752, 1.538223438008365], [30.288682405292743, 1.538158111456537], [30.288639981663298, 1.5380954475698005], [30.288590614130655, 1.5380643447847682], [30.288508178183054, 1.538042416936649], [30.28813500420985, 1.5379885261593391], [30.28791754973403, 1.5379721158557127], [30.287787035176382, 1.5379174082868319], [30.287617921275142, 1.5377843353326859], [30.2874705442254, 1.5376187105073515], [30.287283932875308, 1.5373512650776775], [30.287170656624163, 1.5371076844799991], [30.287104964732134, 1.5370246658479019], [30.286948550107038, 1.5369208896865745], [30.286754796958856, 1.5368730264540356], [30.286608707133336, 1.5368119381897865], [30.28651262026896, 1.5367478223510516], [30.286438165808917, 1.53667439567906], [30.286274732825444, 1.5364010299343784], [30.286127355315305, 1.5362253784500357], [30.285944758594056, 1.535890151555778], [30.285785839749327, 1.535691466928747], [30.28573187536439, 1.5355826496941851], [30.28565736246296, 1.5352108103576712], [30.285648346543123, 1.5348638915467672], [30.28566403461232, 1.5345459037024065], [30.285647522710274, 1.5344695502342132], [30.285626704458004, 1.5344448222105087], [30.285566199417502, 1.5344564807744323], [30.285338120378892, 1.5346366814499244], [30.28492141965702, 1.5348778260414804], [30.284713286624676, 1.5349401764607702], [30.284631543882863, 1.5349269870525055], [30.284479479488784, 1.534825672315348], [30.284364774927152, 1.5346834718182696], [30.284325522611418, 1.5346127302961532], [30.28429057776375, 1.5345017065537894], [30.28423329623003, 1.534190043914473], [30.28420027997474, 1.5339288625801204], [30.28416688462627, 1.5338491177369258], [30.284117780886536, 1.5338360870651213], [30.2840050928487, 1.5338886968892957], [30.283907864112997, 1.5339074520328209], [30.283819933622024, 1.5338999154018336], [30.283725628577272, 1.5338662539014694], [30.283589502408088, 1.5337802437774275], [30.283216195639817, 1.5334736359072145], [30.283040537324585, 1.5332943303887006], [30.28298706720192, 1.5332717152952422], [30.2829558602913, 1.5332876479368662], [30.282929124403953, 1.5333270904952696], [30.282874729419667, 1.5334964492306111], [30.28285022844719, 1.5336735809632198], [30.282856103609596, 1.5339587636091956], [30.282773153340504, 1.534260118693786], [30.28271700125086, 1.5343598750096965], [30.282609582883627, 1.5344373712467705], [30.282523419554362, 1.5345411661508008], [30.28247698869548, 1.5345758268012086], [30.282301963770617, 1.5345962407182374], [30.282193757501023, 1.534565626669293], [30.281975997439783, 1.5343769945179242], [30.281740505706225, 1.534106069475046], [30.28161610468312, 1.5339924207717586], [30.281535636632928, 1.5339465154974166], [30.28126382511425, 1.533844613983083], [30.281131932152544, 1.5338264774897077], [30.281000707811227, 1.5338528427825109], [30.280931331050876, 1.5339021090302143], [30.28079215220457, 1.534230722605043], [30.280693406949208, 1.534379884077116], [30.2805776737909, 1.5344963253302715], [30.280463811188632, 1.5345807163109642], [30.280273636492925, 1.5346862297434098], [30.280125903039615, 1.5347463361400617], [30.280059917658093, 1.534755246862085]]}}, {"type": "Feature", "properties": {"OBJECTID": 3018, "Id": 21493, "Contour": 1340.0, "Shape_Leng": 4215.41935437}, "geometry": {"type": "LineString", "coordinates": [[30.284954258723506, 1.5428992303819506], [30.285065435401467, 1.5428185917657893], [30.285333805394927, 1.542700411907081], [30.285457765354167, 1.5426043445492466], [30.28574529487565, 1.542443631940119], [30.285872387206542, 1.5424178182375476], [30.286046804856262, 1.5424349150529355], [30.286260563177535, 1.542520921586864], [30.28640231876268, 1.542609267763958], [30.286792138036493, 1.542934357946801], [30.28689976548571, 1.5430028501733433], [30.2870772019562, 1.5430637800600802], [30.287488643112866, 1.543146729864519], [30.287622015489326, 1.5432154933025026], [30.287809583604226, 1.5433982789821714], [30.288003734052737, 1.5436542237325757], [30.288154142047695, 1.5439887476777392], [30.288242960949045, 1.544127834320274], [30.288489288500447, 1.5444196509777706], [30.288573092186354, 1.544484971178243], [30.28863377880179, 1.544490379602167], [30.288707322042082, 1.544461149413847], [30.28906644496464, 1.54421760787205], [30.289271762591824, 1.5440481404622552], [30.289465770591203, 1.5439155778678513], [30.289585242528393, 1.5438587493617968], [30.289686471029892, 1.5438404860528234], [30.289975796614836, 1.5439030790384156], [30.29033269063879, 1.544098902287144], [30.29052681686398, 1.5444026962252597], [30.290689016702288, 1.5448215987018434], [30.290709766417795, 1.5448436252689095], [30.290751740118672, 1.5448189145915794], [30.290983176106096, 1.5445507894206914], [30.291075252691986, 1.5444904908501649], [30.291157152861352, 1.5444633962270327], [30.2912791275225, 1.5444565515706952], [30.291443363809265, 1.5444806015102617], [30.291546130137277, 1.5445161713521958], [30.29170391225887, 1.5446018364625744], [30.291754499447197, 1.5446075569495488], [30.291788250099682, 1.5445324424030789], [30.29184116433257, 1.5442567753823528], [30.291847596482135, 1.5441444393793067], [30.2918234275847, 1.5439760141212757], [30.291680258217163, 1.5437168562307113], [30.291650966942722, 1.5436238887622318], [30.291664360118755, 1.5433938379733494], [30.291692414500226, 1.5433183095908367], [30.291734768443288, 1.5432630804366043], [30.291853467659642, 1.543186843902186], [30.29200161357702, 1.543129144084743], [30.292573355391905, 1.542973803717609], [30.292712390899315, 1.5429716311847217], [30.292884190216213, 1.5430038013456238], [30.292997556932292, 1.543042052309412], [30.293201923965935, 1.5431439501683701], [30.293294914876423, 1.543169343915869], [30.29336655308435, 1.5431681191735633], [30.29342416243292, 1.5431467758260025], [30.29345118562128, 1.5431173131974114], [30.29345686836156, 1.543058326179005], [30.29335507583546, 1.5426030748759378], [30.293320581236227, 1.5425144397237147], [30.29327611752988, 1.5424576814958062], [30.29316997083453, 1.5423901163134264], [30.29287547725283, 1.54226202943747], [30.29245165799767, 1.5419867617999081], [30.292132396535358, 1.541817165409201], [30.29166544661409, 1.5416273671584095], [30.291421323405817, 1.5414834148747578], [30.291257331406896, 1.5413231994715693], [30.29119579874599, 1.5412300710865232], [30.291167076323287, 1.5410805836178598], [30.291176668983837, 1.5409184756362722], [30.291249236313025, 1.5406980979353733], [30.29140897538205, 1.5403091550564656], [30.291470915148, 1.5402024198664737], [30.29158164989732, 1.5400608779488398], [30.291695549663913, 1.539962782106225], [30.292147637721914, 1.5396457978612674], [30.292262516451828, 1.5395956612855348], [30.2924905400856, 1.53953176032779], [30.292568146321297, 1.5394899114604796], [30.292619123135154, 1.5394219060255172], [30.292643171994534, 1.5392903857211546], [30.29267935339703, 1.539267908514104], [30.292774837413802, 1.5392552548006566], [30.29284034220875, 1.5391621106777909], [30.292943593966424, 1.5391300051539167], [30.292996041440823, 1.5390986686864734], [30.293116545041624, 1.5389090123031985], [30.29312764710169, 1.5388486831972383], [30.293099775591116, 1.5388376792886278], [30.293051223737844, 1.5388460298847058], [30.292801174097328, 1.5389621111348228], [30.292643767522044, 1.5389960281494799], [30.292501330069502, 1.5389937784684093], [30.292332791177337, 1.5389405450920324], [30.292244126327514, 1.5389508153339242], [30.29215462928127, 1.5390187676592426], [30.29198539693989, 1.5392255366496372], [30.291803131177517, 1.539349178995915], [30.29166542859527, 1.539410556633424], [30.2905724166805, 1.5398022974967123], [30.29040461413263, 1.5398305258463731], [30.290221548350186, 1.5398313695439438], [30.289739752773972, 1.53980464199376], [30.289600318290663, 1.5397603935669035], [30.28949754311078, 1.5396760113459782], [30.289326594115096, 1.5394412142149598], [30.28899117428948, 1.5390941575826529], [30.288856732256928, 1.5389226771995175], [30.28876490803877, 1.5387016134025187], [30.288684314507304, 1.5382590946082864], [30.28865566105995, 1.5381704895640984], [30.288618353631684, 1.5381183978166775], [30.288558758054492, 1.5380843588620952], [30.288497013481802, 1.5380706270966615], [30.28793418162521, 1.5380172199027309], [30.287846226131208, 1.5379918152819803], [30.28776679150371, 1.537948239370478], [30.28757864581018, 1.537818147172693], [30.28745033256085, 1.5376697499947363], [30.28729024157792, 1.5374352620679488], [30.28714427640518, 1.5371194912936121], [30.287079664132808, 1.5370399006502533], [30.286943008774163, 1.5369490152758125], [30.2867522456957, 1.536903483219991], [30.28660157927935, 1.536839629126997], [30.286483059402066, 1.536759397837974], [30.286406741715364, 1.5366849551342732], [30.28624732872112, 1.5364148853959434], [30.286099857421597, 1.5362329072669263], [30.28597724573029, 1.5360168513237034], [30.285731253356303, 1.5356941318865616], [30.285665200790607, 1.5355646471068252], [30.285641081130635, 1.5354737004333927], [30.285618598341678, 1.5351982410800955], [30.285634979622024, 1.5346148259348076], [30.28562845471174, 1.534554445449919], [30.285608569644054, 1.5345161255236044], [30.28557801530259, 1.53450579441265], [30.285542590850586, 1.5345200936376293], [30.2853457958285, 1.5346633483631018], [30.2848920153985, 1.534933269375334], [30.284710197689, 1.5350075157188792], [30.284648680273104, 1.5350097417385478], [30.284555713035314, 1.5349870726609736], [30.284420273530028, 1.5348744711855484], [30.284307167500835, 1.5346846564651109], [30.284259406983505, 1.5345724236299014], [30.2842206514088, 1.5344357267918023], [30.284179657072613, 1.5339887077460619], [30.284146784234018, 1.5339045122300017], [30.2841067951042, 1.5338914477035714], [30.28397358975444, 1.5339293257880975], [30.283872787503434, 1.5339356405625442], [30.28376754206219, 1.5339184474377467], [30.28366208384805, 1.5338797024900368], [30.28357137658725, 1.5338229455829149], [30.283013356052766, 1.5333511923063952], [30.282966774097478, 1.5333675325139113], [30.282936158458153, 1.5334486529490003], [30.282907626579355, 1.533650120802515], [30.282895770483528, 1.5339598866279756], [30.28279683166537, 1.5343352797821939], [30.282755194394632, 1.5344022769803123], [30.28262435163441, 1.5344904738640222], [30.28254177406743, 1.534600722419705], [30.282484985795787, 1.5346491946886536], [30.282408625404337, 1.534667445221846], [30.28232516414286, 1.5346653092088411], [30.28218211389462, 1.5346118370663029], [30.28205947739406, 1.5345261716942118], [30.2819441888821, 1.534421506938575], [30.28172761329253, 1.534134544816084], [30.28160928007717, 1.5340175837122207], [30.281520937811678, 1.5339691293153346], [30.281273411497903, 1.5338758598203253], [30.281138844321198, 1.5338602169153321], [30.281011888241917, 1.5338914510605897], [30.280950924662175, 1.5339356198312724], [30.28083528313598, 1.5342526266097694], [30.280616529238234, 1.5345501980845984], [30.280431617803625, 1.5347006262238507], [30.280318148426286, 1.5347433689613703], [30.28014789429394, 1.5348437546690343], [30.280052472898255, 1.5348720255364223]]}}, {"type": "Feature", "properties": {"OBJECTID": 3019, "Id": 21495, "Contour": 1339.5, "Shape_Leng": 4086.89094798}, "geometry": {"type": "LineString", "coordinates": [[30.284801708513477, 1.5428148498188223], [30.284985850753426, 1.5427710301775244], [30.285302345838996, 1.5426308455187736], [30.2853831828061, 1.5425660858639647], [30.28563821535389, 1.5424154578491374], [30.28578718155902, 1.54235266076908], [30.285878632382293, 1.5423509630586938], [30.286234520232313, 1.5424410099225472], [30.286348215892946, 1.5424932541799639], [30.286600630957103, 1.542725656592483], [30.28690462946382, 1.5429698121906787], [30.28704167486692, 1.5430179317988308], [30.287508587254326, 1.5431099715552972], [30.28759005173154, 1.5431412024237459], [30.287654028789813, 1.5431854243509922], [30.287847115542935, 1.5433742896080298], [30.28804505541884, 1.5436381540088158], [30.288094453746176, 1.5437300640626472], [30.288191178362588, 1.5439806202173847], [30.288270384766697, 1.5441119126174117], [30.2885020515254, 1.5443799408246488], [30.288574409301805, 1.5444399152389587], [30.28863348783106, 1.5444490094378678], [30.28871204978374, 1.5444174323681248], [30.289051570918375, 1.5441978538814487], [30.28925498760477, 1.5440203374846497], [30.289499263862513, 1.5438537519722089], [30.289639478666956, 1.543793397053028], [30.289774564104064, 1.543784464791892], [30.289991051768954, 1.5438284314975748], [30.290153488824487, 1.543960238757587], [30.290377188038363, 1.5440695487368181], [30.290426341805, 1.5441308704432224], [30.29056682976013, 1.5443727579404438], [30.29067098092863, 1.5446322920831725], [30.29071510690718, 1.5446813476940802], [30.290759798950784, 1.5446939010469527], [30.290805272711967, 1.544671757301258], [30.29100520735881, 1.544479399863188], [30.291137045673544, 1.5444214565221612], [30.29128428127968, 1.5444159301744933], [30.291669756787964, 1.544511816432817], [30.29171635140019, 1.5445015000563607], [30.291747849849354, 1.5444683027524269], [30.291787673594406, 1.5443717931846819], [30.29181020337371, 1.544249384123367], [30.291787366682293, 1.5440264063630087], [30.291741774531996, 1.5438986553711533], [30.29160161436946, 1.5436766134379323], [30.291583524088033, 1.5436168056117592], [30.291640921352208, 1.543312804723515], [30.291681609353247, 1.5432305620766846], [30.291741111252545, 1.5431770466553363], [30.29191031102282, 1.5431099089273326], [30.292583474004275, 1.5429407423533408], [30.292714169461544, 1.5429406953489682], [30.292884914165544, 1.54297477661694], [30.293200618537018, 1.543107579927309], [30.293274239020516, 1.543126330466663], [30.29336598393755, 1.5431078872330262], [30.293392320071902, 1.5430774723958092], [30.29340185394086, 1.543036470565975], [30.29333930188942, 1.5426493181469345], [30.29328976906679, 1.5425303231784306], [30.293238088761072, 1.5424725083455118], [30.293161825175165, 1.5424244907653064], [30.29285561159023, 1.5422837431670013], [30.292418063297514, 1.5420057323345626], [30.29205230654825, 1.541826360992093], [30.291659301571087, 1.5416680235973255], [30.291517161638097, 1.541589941603055], [30.291345873259917, 1.5414732899128467], [30.29121649491508, 1.5413498744058916], [30.291153104884486, 1.5412649540915448], [30.291117700612148, 1.5411614757485683], [30.291110885165534, 1.5409965589561525], [30.291179625352658, 1.540720417065499], [30.2912961073746, 1.5404877608645529], [30.291382343777464, 1.5402690741093583], [30.291501230416625, 1.540103296318359], [30.291638738024027, 1.5399716013815916], [30.29194144118246, 1.5397694384637743], [30.2921315561947, 1.5396127937184347], [30.29223622174681, 1.539565233520993], [30.29247679995312, 1.539492637570724], [30.292552562701157, 1.5394467381591619], [30.292559768056492, 1.5394154815468908], [30.292528077415394, 1.5393320972016666], [30.292500887709856, 1.5391488591855909], [30.292469211677748, 1.5390811275739182], [30.292349493973663, 1.5389938907723881], [30.292296110222313, 1.5389836079190404], [30.292249823629287, 1.538993860885355], [30.292176426248304, 1.5390503602649315], [30.292025960166804, 1.539251110552409], [30.291879701336008, 1.539353986744951], [30.29169585218811, 1.5394332752972386], [30.29053942589619, 1.5398555440572974], [30.290351889037098, 1.5398772970354373], [30.28974499359945, 1.5398453084220542], [30.289638230536507, 1.539824620589733], [30.28955418022149, 1.539782412956893], [30.289465188238363, 1.5397007606076958], [30.289267439803318, 1.539428680882174], [30.289090906168386, 1.5392526980398926], [30.28882204852188, 1.5389445643180246], [30.28872819811419, 1.5387033760092144], [30.288649643395946, 1.538240428007029], [30.288601336243374, 1.5381441762701564], [30.288541268596767, 1.5381092395772562], [30.28848624538523, 1.5380976394107047], [30.287883495505223, 1.5380494638703268], [30.287805892696305, 1.538018047922975], [30.287569078164342, 1.5378732549096163], [30.287482648386614, 1.5377945482761157], [30.287340973310414, 1.537597774369193], [30.287195826911947, 1.5373414999530717], [30.287116693146565, 1.5371426396516734], [30.287064822684805, 1.53707036013032], [30.28693719735144, 1.5369825270438662], [30.28672865997327, 1.5369332464542638], [30.286603396740855, 1.536879220848865], [30.286466911878946, 1.5367806570114972], [30.286376070639484, 1.5366919998000088], [30.286219655928384, 1.536447438554197], [30.286086756494115, 1.5362728159565675], [30.285950268409042, 1.5360332029234995], [30.28570478502057, 1.53572819346041], [30.285645937473383, 1.5356314574798142], [30.285598080619614, 1.535414818101566], [30.285585690882783, 1.5351422895374491], [30.285604832100784, 1.5346488761521035], [30.285596515315973, 1.534589658051728], [30.285576718086965, 1.5345649883310934], [30.285510022200512, 1.5345822166760708], [30.285051483455817, 1.5348796217186114], [30.28474002133383, 1.5350532952573839], [30.284650424053645, 1.5350847112039312], [30.284549318025594, 1.5350716735645478], [30.284401182801215, 1.5349686296873286], [30.284287934979126, 1.534831820408839], [30.28423739427827, 1.5347431385904717], [30.284182238504982, 1.5344206313671955], [30.284152286484357, 1.5340473408176643], [30.284123949392505, 1.5339738001198797], [30.284089425532603, 1.5339584588833302], [30.283926732278253, 1.5339700226694195], [30.283817250580448, 1.5339611629392618], [30.283625102259734, 1.5339015849309756], [30.28350865510646, 1.533824661983826], [30.283076776412564, 1.5334563755434842], [30.28301929533058, 1.533432159011332], [30.282979734719994, 1.5334687895315102], [30.28295469535705, 1.5335555350758463], [30.282930068962536, 1.5339975756684907], [30.282893213125657, 1.5341937668561427], [30.28283637581139, 1.5343700541173584], [30.282783809343766, 1.5344533633009625], [30.282474359236016, 1.534774761932094], [30.282413514186153, 1.5347815493206252], [30.28229347287946, 1.5347319715386631], [30.282037153554445, 1.5345490167060207], [30.28190024671041, 1.5344198670228302], [30.28170213630169, 1.5341429944313594], [30.28158358197861, 1.534028967279389], [30.281274978287538, 1.533902928311479], [30.28114794709641, 1.5338911228864158], [30.281041945598282, 1.5339202371841743], [30.28097972357704, 1.533966592083089], [30.28086747295948, 1.5342764816330796], [30.280734807317447, 1.5344846035139879], [30.280641868608317, 1.5346033274703246], [30.28047769783831, 1.5347370175141872], [30.28030657071667, 1.5348170181696439], [30.280150176582673, 1.5349275319380158], [30.28004908280248, 1.5350534540531964]]}}, {"type": "Feature", "properties": {"OBJECTID": 3020, "Id": 21498, "Contour": 1339.0, "Shape_Leng": 4050.76651893}, "geometry": {"type": "LineString", "coordinates": [[30.284523557445066, 1.5426383905734498], [30.284861307493745, 1.5426087912710893], [30.284997187584562, 1.5426388346147746], [30.285104299601638, 1.5426327936407724], [30.285237860772497, 1.5425706616479928], [30.28548003105525, 1.5424047513995722], [30.285664990043585, 1.5422989877939584], [30.285812826786426, 1.5422867248966603], [30.286017719224798, 1.5423185894243634], [30.286275046339604, 1.5423976052822357], [30.286355159348226, 1.5424385702623908], [30.286834006640856, 1.5428838180523468], [30.28691611933862, 1.542943323867713], [30.287003628100766, 1.542974227149303], [30.287187309336954, 1.54299866090025], [30.28735301213074, 1.5430445262244454], [30.287576236810292, 1.5430822271182227], [30.28766132087609, 1.54312490275354], [30.287823558343472, 1.5432525852383894], [30.287899937948016, 1.5433346191045605], [30.288105280203624, 1.5436434958727314], [30.28821437893034, 1.5439442066268514], [30.288287441536554, 1.5440805965446234], [30.288433568483722, 1.5442479816009815], [30.28859548517312, 1.5443984187109425], [30.288631132366834, 1.5444054313068811], [30.288677415625976, 1.54439287959412], [30.28898329756844, 1.5442135885394825], [30.289229780845737, 1.543998827521593], [30.289522373444157, 1.5437995294719562], [30.289654378358012, 1.5437469257147727], [30.289829868014788, 1.5437277730853576], [30.289949401097786, 1.5437439898202843], [30.290017134316066, 1.543769375584009], [30.290085416258304, 1.5438181803148747], [30.290188303819352, 1.5439335682999114], [30.290410199612722, 1.5440354064236594], [30.290484606679982, 1.5441165096659049], [30.290667770283477, 1.5444021205542575], [30.290769191427586, 1.5444885403236428], [30.290839037555717, 1.5445168085101633], [30.290891097652707, 1.544503950629678], [30.291061671919195, 1.5444058326512708], [30.291184081867787, 1.544375447969992], [30.291277367826005, 1.5443765280974402], [30.29162833620282, 1.544454048571701], [30.291686101423842, 1.5444458591151016], [30.291735305437925, 1.544399622247178], [30.29176089449038, 1.54433551374373], [30.291772291269233, 1.5442465695611376], [30.291745356600646, 1.5440171851288498], [30.291699657509827, 1.5439011680845673], [30.291546499095656, 1.5436633963956752], [30.29152273089142, 1.54353185916117], [30.29153960720427, 1.5433923325537795], [30.291628388190748, 1.5432024206114776], [30.29169791369541, 1.5431385891480542], [30.29186475382628, 1.5430740718595521], [30.292601764962296, 1.5429008248478486], [30.29273228822726, 1.5429094781015333], [30.29292071287801, 1.5429556175801986], [30.293252922392046, 1.5430891059070688], [30.293332063142465, 1.5430796146873955], [30.29336075003571, 1.5430215150232407], [30.29331681655206, 1.5426777935565612], [30.29326697355205, 1.5425620036345862], [30.29321507475578, 1.5425048169243192], [30.292864815206965, 1.5423196944978925], [30.292425270432606, 1.542044617481195], [30.2915978718486, 1.541680127331448], [30.291325453616412, 1.541502854606642], [30.291178661348834, 1.5413891797042147], [30.29107779757898, 1.5412891603465786], [30.291020725749494, 1.5411852079508839], [30.29101842214607, 1.541060480755474], [30.29112608388165, 1.5407077469153216], [30.291265304820048, 1.5404490928024652], [30.291354258472396, 1.5402394690401147], [30.2914378933153, 1.5401245387643738], [30.291546682062222, 1.5400104860927695], [30.29167377219213, 1.5399123324747435], [30.291897617122178, 1.539772277924756], [30.291985900946212, 1.5396873045308783], [30.292096243275594, 1.539501631838239], [30.292221981608673, 1.5393277607739364], [30.292307984518718, 1.5390825453241632], [30.292301478733204, 1.5390484732456833], [30.292266948863208, 1.5390412819164956], [30.29222326637696, 1.5390643395870638], [30.2920795930798, 1.539274073865266], [30.29193209603179, 1.5393743914015892], [30.29087179226751, 1.5397612103423368], [30.290560318639518, 1.5398997767786544], [30.290381997139736, 1.5399160675448054], [30.289706123808646, 1.5398783007695502], [30.289617703968265, 1.5398581113506022], [30.289532742146296, 1.5398132044334727], [30.289441130302418, 1.5397322460622564], [30.289266720196338, 1.5394916110406534], [30.288844781519238, 1.5390347014962045], [30.288780010442878, 1.5389460601437903], [30.28869270556336, 1.5387158348689842], [30.28862487244947, 1.5382675681225686], [30.288581403415485, 1.5381713199489153], [30.288522217402942, 1.5381360325936266], [30.288418589187064, 1.5381172786421027], [30.28798348761503, 1.5381035711319684], [30.28787007446145, 1.5380864987784308], [30.287793721745214, 1.5380551107169538], [30.287532261688728, 1.537896363925874], [30.2874391977607, 1.5378175648288228], [30.287316033323062, 1.537667421711133], [30.287114316786386, 1.5372804822659292], [30.28706194267135, 1.5371357841943694], [30.287024462121696, 1.5370861695378026], [30.28692286308527, 1.537018106587308], [30.286738587950367, 1.5369870749752659], [30.28662381494469, 1.5369382575490687], [30.28652124001815, 1.536863858709884], [30.286348404397035, 1.5366980630991145], [30.286208540568452, 1.5364965252282048], [30.286090684690286, 1.5363545624566097], [30.285899385041365, 1.53602114801912], [30.28566491561474, 1.535738591496027], [30.285612305061544, 1.5356517412117119], [30.28556249084425, 1.5354050927869414], [30.285550818058358, 1.5350229957400823], [30.285569977602034, 1.5347081456723484], [30.285544962870528, 1.5346327739653567], [30.285505687893355, 1.5346286691706856], [30.285439471857906, 1.5346597335816006], [30.28484480662932, 1.5350477954630861], [30.28472240256522, 1.5351114449210341], [30.28456636657349, 1.5351535035665274], [30.284394490731923, 1.5351178067421865], [30.284314611886728, 1.5350363805155618], [30.28419918018107, 1.5347710533163392], [30.284109683336418, 1.5341219223948448], [30.28407515734704, 1.5340399358343773], [30.28401423784252, 1.534018371540989], [30.28377395178506, 1.5340202542168773], [30.28370810052781, 1.5339966054263607], [30.28349618292525, 1.5338627309423278], [30.283209908114788, 1.53360950409714], [30.283099014402833, 1.5335397308119374], [30.283047941912873, 1.5335254516654868], [30.28300638508314, 1.5335586215973278], [30.28298430915598, 1.533649426920143], [30.282976111916238, 1.5341941532989842], [30.282951993805387, 1.5342987778556845], [30.282863186380656, 1.5344566334093677], [30.282709536539365, 1.5345970068127612], [30.282555083083285, 1.534783149228001], [30.282504919319326, 1.5348219789072115], [30.282439379179465, 1.5348364298493842], [30.28233576907348, 1.534807382767545], [30.282253707984502, 1.5347694860439134], [30.282120690099177, 1.5346748654663942], [30.281910403561525, 1.5344796086082275], [30.28167627056467, 1.5341546342096894], [30.281571303285453, 1.534050858236898], [30.281296471038154, 1.5339375898320824], [30.28116704332472, 1.5339217887675223], [30.2810619856897, 1.5339535949733238], [30.28099937019337, 1.5340095743666091], [30.28096108993039, 1.534099415901502], [30.280891080501505, 1.5343841392866946], [30.280768283162367, 1.534552166831346], [30.280475824234454, 1.5348316534073265], [30.28034218064574, 1.5349223721508936], [30.280197039743303, 1.5349966716457046], [30.280103884126785, 1.535091386699487], [30.2800518751801, 1.5350941241386662]]}}, {"type": "Feature", "properties": {"OBJECTID": 3021, "Id": 21503, "Contour": 1338.5, "Shape_Leng": 4041.93552544}, "geometry": {"type": "MultiLineString", "coordinates": [[[30.284397980536752, 1.5425274283086456], [30.28439390037186, 1.5425236048751738]], [[30.284389011365853, 1.5425190234943886], [30.28437872308994, 1.542488792612], [30.28435569275434, 1.5424874076438608]], [[30.2841558286037, 1.5422881599723157], [30.284203654903006, 1.5422692074359294], [30.284264951248687, 1.5423108691317478], [30.284341384253505, 1.5423277602211871], [30.284342889018898, 1.542349822442713], [30.284303078939995, 1.5423827181081304], [30.284299322582488, 1.542432672835789]], [[30.284299767152863, 1.5424331135805796], [30.28433493697975, 1.5424180154807037], [30.284381230969764, 1.5424232669150855], [30.284547291777784, 1.5425164788133061], [30.284686498780296, 1.542562925991173], [30.2849189427997, 1.542553966992245], [30.285101751804675, 1.5425680334234209], [30.28523046837245, 1.5425108925049371], [30.28563203021507, 1.5422570516973302], [30.285915550767694, 1.5422242300272813], [30.28601013251435, 1.5421982618684147], [30.286058740353155, 1.542205132726301], [30.28620133314782, 1.5423072820232238], [30.286358562487493, 1.542380720291975], [30.286467402427046, 1.5424633493342839], [30.286840067899387, 1.542854955089122], [30.286917066520985, 1.5429155682760949], [30.287002715726295, 1.5429438719955826], [30.287197150450925, 1.5429556674151061], [30.287367357538137, 1.5430098238221692], [30.28758320910269, 1.5430409618748324], [30.287702827253224, 1.5430907130471392], [30.287873463858663, 1.5431968347677743], [30.28794286761239, 1.5432778467542572], [30.288147033032466, 1.5435999657325294], [30.288238328158275, 1.5439055212210164], [30.288321224682456, 1.5440635886566711], [30.288489100873253, 1.544246478652034], [30.288575983630103, 1.544310810087107], [30.288638015083997, 1.5443338205320518], [30.288723610262856, 1.5443127558399345], [30.288988047914852, 1.5441769312685898], [30.28922396111183, 1.543956370300373], [30.289519092385518, 1.5437648475016152], [30.28966175266364, 1.5437108850032433], [30.289858559085534, 1.543686093525763], [30.289962877301477, 1.5436956258326922], [30.290074911113646, 1.5437314743860993], [30.290377319665847, 1.543934341018967], [30.290505273567707, 1.5440635326165588], [30.290677788650548, 1.5443301808100713], [30.290803688818922, 1.5444254226309504], [30.2908880436903, 1.5444308318472275], [30.2910871828581, 1.5443253401184005], [30.291178924927063, 1.5443052639372041], [30.291255887955945, 1.5443155755041766], [30.291563414452423, 1.5444093645889465], [30.29165868192152, 1.5444145623585877], [30.291704863442156, 1.5443849477323972], [30.291731845684165, 1.5443306171136733], [30.29174020123343, 1.5442481190328647], [30.29172760127228, 1.544145979978029], [30.291681950425613, 1.5439735074001752], [30.291506593729963, 1.543687254377334], [30.29144405471866, 1.5433443247090115], [30.29145195357683, 1.5432708058285045], [30.29151744454434, 1.543213905692951], [30.291522956082655, 1.5431376051340733], [30.291539852821767, 1.5431088009441536], [30.291589300804958, 1.5430886265384918], [30.2921890165259, 1.5429713451323281], [30.292480855641397, 1.542873982031603], [30.29257671403036, 1.5428568097573832], [30.292680606362104, 1.542861904370545], [30.292825737553244, 1.5428957982167173], [30.29298401491963, 1.54294640468856], [30.293232028943223, 1.5430517490497033], [30.29329519853791, 1.543050408199463], [30.29331957912505, 1.5430089592576166], [30.29328753231517, 1.5426993040554637], [30.29323838131377, 1.5426035732189507], [30.2931614392955, 1.5425280814972566], [30.292429194704994, 1.5420807187020684], [30.292038785966565, 1.5419086737022663], [30.291787249992797, 1.5418212603384225], [30.291604629507177, 1.5417318232894668], [30.29112862764029, 1.5414060710380129], [30.291038763853614, 1.5413138540324447], [30.290982339828886, 1.541216791287853], [30.290967508782384, 1.5411468665638766], [30.290972664317533, 1.541066609906514], [30.291081834906652, 1.540698161265812], [30.2911195876191, 1.5406104467005108], [30.29123257168616, 1.5404283099548641], [30.291317208790982, 1.540238118546828], [30.291393216632137, 1.5401321097808718], [30.291529056855843, 1.5399868503189487], [30.291640031785683, 1.5399015469310529], [30.291864779981932, 1.5397654351841952], [30.29194526647601, 1.5396921814794047], [30.29200343343052, 1.53957105868658], [30.29200470548375, 1.539484166976653], [30.291991041459035, 1.5394446308119345], [30.291962535274397, 1.5394345613899088], [30.291893971896098, 1.5394415988575358], [30.291677403632047, 1.5395000859632377], [30.290861936662214, 1.5398003847983408], [30.29064315674274, 1.539911304864169], [30.290537968767037, 1.5399428417911638], [30.290424307011282, 1.5399486367843274], [30.289905788002752, 1.539914095235438], [30.28968069328067, 1.5399151381392748], [30.28958671483094, 1.539888465883213], [30.28949180515039, 1.5398324599282311], [30.289379130668227, 1.5397232959912113], [30.289177863371435, 1.5394607125948458], [30.288782099278837, 1.5390190458755026], [30.288697399561546, 1.5388992063145126], [30.288643029381387, 1.5387642521862943], [30.288599687294507, 1.5383066415441302], [30.288578297718754, 1.5382318471373602], [30.288554169301683, 1.53819873094241], [30.28849235408021, 1.5381639978007917], [30.288374649432367, 1.5381415506213267], [30.288006842712342, 1.538143797024494], [30.28786703413108, 1.5381248375333887], [30.287772555626834, 1.5380887929454583], [30.287500994219556, 1.5379239063246282], [30.287399008238317, 1.5378354524319455], [30.28728738901618, 1.5377119067471812], [30.28718894952913, 1.537483098883304], [30.28695254635398, 1.5370930299400505], [30.28688712999998, 1.5370526970221734], [30.28669858606283, 1.5370147334775983], [30.286573191626196, 1.5369418996994333], [30.28635768677849, 1.5367418496166343], [30.28609370059178, 1.5364147793100265], [30.2858737859432, 1.5360364036196514], [30.285623107874773, 1.535748529013094], [30.285567976183724, 1.5356469752347681], [30.285528989504233, 1.5353709206073192], [30.285522375455844, 1.5350256710651804], [30.28554121606331, 1.5347341131000116], [30.28552178075602, 1.5346631909389103], [30.28546354890707, 1.5346724564489673], [30.28531718611112, 1.5347623889083861], [30.284795269995456, 1.535145405710575], [30.284537043044267, 1.5352231104867495], [30.2844458676074, 1.535221139975129], [30.284368174332997, 1.5351952024589421], [30.284303033750398, 1.5351501497148634], [30.284251278161907, 1.5350844948551678], [30.284161595023846, 1.5348345836299235], [30.284134620588706, 1.5345484681888062], [30.284077038797445, 1.534168442836869], [30.284049465190126, 1.5340934410815552], [30.283992886491568, 1.5340634258242551], [30.28378085222863, 1.5340546491803366], [30.283689142031328, 1.5340249515156652], [30.28347883580388, 1.533882703502647], [30.283225384660955, 1.5336603630329804], [30.283133007188507, 1.5336061411242012], [30.28307187576005, 1.5335885602209647], [30.283053456232622, 1.5336002699211972], [30.283044484215544, 1.5336336747922792], [30.283020864212233, 1.5340248749781447], [30.28302860342841, 1.5342425803380726], [30.282998167880404, 1.5343738618500364], [30.282897925708866, 1.534520345792784], [30.28273855837629, 1.5346639952975847], [30.282623617424473, 1.5348079332184479], [30.282552998515666, 1.5348608759364477], [30.282481174273094, 1.5348903621739518], [30.282415623240606, 1.5348947979630863], [30.282196809247115, 1.5348139285482925], [30.281886810720998, 1.534504005448863], [30.281686704731936, 1.5342147955308718], [30.28158497700557, 1.5340978831041145], [30.281516586348253, 1.534055584432443], [30.281321376885767, 1.5339779871578383], [30.28124436877718, 1.5339572956142093], [30.28117715808831, 1.5339572803198795], [30.28107107612378, 1.5339947480343636], [30.281016252375593, 1.5340513836153453], [30.28098116527809, 1.5341401507765897], [30.280928881990935, 1.5343939204520745], [30.280891124709743, 1.5344773624237622], [30.28084023928874, 1.5345471927119039], [30.28054353831934, 1.534843216936301], [30.280233477890036, 1.535035941576485], [30.280151154350033, 1.5351979760428611], [30.280120381054278, 1.5352269936078717], [30.280089335995637, 1.5352342456544088]]]}}, {"type": "Feature", "properties": {"OBJECTID": 3022, "Id": 21504, "Contour": 1338.0, "Shape_Leng": 4087.4542037}, "geometry": {"type": "LineString", "coordinates": [[30.283646635550074, 1.5417454600767817], [30.283720681393596, 1.541720404446821], [30.283861349170472, 1.5417277843975006], [30.283903304765794, 1.5416937207108186], [30.28392343255084, 1.5416991050170539], [30.284071150892213, 1.5418485127798403], [30.28407186881123, 1.5418797458895495], [30.28402097116026, 1.541917835767569], [30.28405748509639, 1.5419766472994327], [30.28419169603295, 1.5420669510848188], [30.284371715700832, 1.5422193687395633], [30.28453008844077, 1.5423134172505912], [30.284705139937774, 1.5424404064506132], [30.284856180339514, 1.5424958947901886], [30.28506594629709, 1.54249593664776], [30.28521163656232, 1.5424438130759242], [30.285336561643742, 1.5423694148977782], [30.28551669316136, 1.5422047692370267], [30.285675086591468, 1.5421275042397957], [30.285808165825756, 1.542126543886475], [30.28588162181604, 1.5420924527831585], [30.28593342349806, 1.542086413168607], [30.28605110216039, 1.5421094317770223], [30.2861739952537, 1.5421576647802133], [30.2863599432297, 1.542298663670407], [30.286854879237456, 1.5428345972760649], [30.286919730273546, 1.5428879190059615], [30.287003228027036, 1.542913186011824], [30.2871899113841, 1.5429103592541586], [30.287353881233987, 1.542965893753729], [30.287574635350865, 1.5429990410849523], [30.287778383627423, 1.5430785507454814], [30.287911587875662, 1.5431604243224353], [30.28803149920673, 1.5433024016551287], [30.288176194967914, 1.543514080325352], [30.288211063410824, 1.5436165077285418], [30.288267311979507, 1.5438801920808827], [30.288334919502017, 1.5440183461312222], [30.288500650895365, 1.5442009677329989], [30.288570941554934, 1.5442465351845256], [30.288635439645226, 1.5442656156787529], [30.288736046860635, 1.5442506903029236], [30.288975471371383, 1.5441406244108689], [30.289216167904346, 1.5439073086473714], [30.289541078944755, 1.543718645191373], [30.28975429589716, 1.5436548996155517], [30.289952634092472, 1.5436336785373113], [30.29003112425871, 1.5436479291468388], [30.290122301518718, 1.5436925201742537], [30.29041341775499, 1.5439098967386156], [30.29054799918652, 1.544043418138693], [30.290721612488657, 1.5442954410129373], [30.290822146839734, 1.5443796198978001], [30.290891013300485, 1.5443819529385514], [30.29105138073851, 1.5442863026163305], [30.291169843069625, 1.5442602731360906], [30.29126312576546, 1.5442733918341396], [30.291565230157588, 1.5443767426179809], [30.291651585388365, 1.5443814230456316], [30.29168437564934, 1.5443600557859751], [30.291704028289182, 1.544320006593746], [30.291692381643017, 1.5441915687584833], [30.29160935205621, 1.5439620125400813], [30.2914369088476, 1.5437221848933653], [30.291390422936708, 1.5435483925624855], [30.291385246200672, 1.5432576837564702], [30.291408314213733, 1.5431867339862388], [30.291477535612092, 1.5430827847965802], [30.291543779034694, 1.543049016257617], [30.291858462307456, 1.5429827957262472], [30.29221378011249, 1.5429306953614792], [30.2924796690709, 1.5428350861519193], [30.29258231705402, 1.5428170559504992], [30.29276767321817, 1.542842789602528], [30.293142195285235, 1.5429801711095916], [30.29320716661024, 1.5429870610173262], [30.29324368954793, 1.5429556666780584], [30.293264935867075, 1.5428536563938753], [30.293266385709305, 1.5427608656975502], [30.293242213046426, 1.5426813200637555], [30.2931797835581, 1.5425978934270361], [30.2930880994901, 1.5425203784267636], [30.292437346891774, 1.5421179156672404], [30.292048556283117, 1.5419577162529035], [30.29179138152839, 1.5418712720870056], [30.291588451365918, 1.5417714443361645], [30.29107921140534, 1.5414237541629703], [30.29099736118465, 1.5413382210636395], [30.290933249208926, 1.5412309739051007], [30.29091807624963, 1.5411696017665946], [30.290925144819393, 1.5410745699804862], [30.291041641839396, 1.5406908270666104], [30.29108393344847, 1.540593429965435], [30.291205025120053, 1.540409664524222], [30.291289490141466, 1.5402257755024802], [30.29139353041327, 1.5400888347727448], [30.291528882479238, 1.5399503561797983], [30.291893712341373, 1.5397067076429922], [30.291942948954137, 1.539620710416699], [30.291943801781766, 1.5395761674854798], [30.291925093198984, 1.5395432338055723], [30.291880346728984, 1.5395176125317942], [30.291832395395097, 1.5395117873454793], [30.2916492818938, 1.53954194644989], [30.29108462541016, 1.5397480177089944], [30.290826122796034, 1.5398533567380694], [30.29063398885566, 1.539950728992623], [30.290532515866786, 1.5399765025143435], [30.290276533598963, 1.5399774946352172], [30.28991692960807, 1.539948840691577], [30.289680080840146, 1.5399550288468624], [30.289584998285267, 1.5399304819470319], [30.289482604258037, 1.5398731300403556], [30.289331868441295, 1.5397194361819297], [30.288936167260054, 1.5392354990352497], [30.288734507374155, 1.5390147366855687], [30.288653942013827, 1.5388985363729022], [30.28860318137462, 1.5387689504588342], [30.288570167170374, 1.5383220315088104], [30.288530665150738, 1.5382269648100249], [30.288468640952267, 1.538190821405269], [30.288364077387648, 1.5381706661467622], [30.28803217862199, 1.5381814671912957], [30.287865235512815, 1.5381628482143004], [30.287741341318362, 1.5381257218500677], [30.287512319800857, 1.5380194558328695], [30.28726620708284, 1.5377968804156974], [30.28716168174186, 1.537507153958103], [30.286923944387937, 1.5371180138747502], [30.286873888214053, 1.5370903746474063], [30.286720730251957, 1.5370748297328174], [30.286604178312988, 1.537015872165905], [30.28635210027357, 1.5367668935715793], [30.286087674948497, 1.536452257829794], [30.285818237100155, 1.5360315620815121], [30.285582626293166, 1.5357760455876253], [30.28552294552503, 1.53566718469326], [30.285505880687747, 1.5355841174211426], [30.28549265545199, 1.5353008794696055], [30.285492298598932, 1.534798343285178], [30.285465626511964, 1.5347406001821584], [30.285405004780316, 1.5347473034379135], [30.285300657206484, 1.5348053470999081], [30.284809256022065, 1.5351858368146656], [30.284541116358817, 1.53529338342041], [30.284449480774843, 1.5353097156520221], [30.284383332691675, 1.535298385284348], [30.284318249320595, 1.5352491573764129], [30.284238141059447, 1.535144791501648], [30.28410994130977, 1.534868397377567], [30.284086984667294, 1.5345297387177386], [30.28404536893381, 1.534177486209076], [30.28402553959973, 1.534123755612955], [30.283973993120334, 1.5340948829536454], [30.283777829738924, 1.534081442876263], [30.28366873648912, 1.5340463444457306], [30.283364122335907, 1.5338613844580513], [30.28322740775896, 1.533717906178629], [30.283157918209504, 1.5336873300737088], [30.283119942728096, 1.5337150670017292], [30.283079626884216, 1.5338827578655274], [30.283065021161317, 1.534036125097795], [30.283071648232443, 1.5342642908299613], [30.28302895068409, 1.5344348411284985], [30.28296727411614, 1.5345424394676341], [30.28288066843545, 1.5346544194245866], [30.282768632457895, 1.5347390511064718], [30.282678735564403, 1.5348473001525271], [30.28261427752735, 1.534894385929371], [30.28249339670654, 1.5349431139092136], [30.28240729282353, 1.5349545661628397], [30.282266214728207, 1.5349144082177075], [30.282165480235594, 1.5348655635011954], [30.28202901537606, 1.5347383339063625], [30.281801673554014, 1.5344486303328109], [30.281671563726388, 1.5342538459514288], [30.281566227062175, 1.534130390401213], [30.281510558515667, 1.534097591000968], [30.28127516765156, 1.5340104180559977], [30.28117107593648, 1.5340038188173353], [30.281083407815874, 1.5340354771683136], [30.28103131661183, 1.5340978266799172], [30.280948058764526, 1.534448361994668], [30.28090589316359, 1.534540104064396], [30.280808491282784, 1.5346884259383164], [30.28073135077261, 1.5347724304735595], [30.280455884994918, 1.5349674186828832], [30.280345065371808, 1.5350656061544545], [30.28029980369277, 1.5351309507517645], [30.28018020969561, 1.5353879911051453]]}}]}