{"type": "FeatureCollection", "name": "Rivi#U00e8re.shp", "features": [{"type": "Feature", "properties": {"OBJECTID": 561642, "arcid": 561642, "grid_code": 8, "from_node": 562909, "to_node": 562908, "Shape_Leng": 9.9990669433, "Type": "River", "Nme": "Nyamukao aval"}, "geometry": {"type": "LineString", "coordinates": [[30.279984191354117, 1.5404888762574225], [30.280118841757098, 1.540438048503915], [30.280226416486837, 1.540302295185953], [30.280327813399857, 1.5400682392158465], [30.280383940932868, 1.5399386791369123], [30.280543223071493, 1.539549750990862], [30.280636283001044, 1.5393200136844107], [30.28083548088247, 1.5391895420105348], [30.28132712170987, 1.538819985178965], [30.281458010433543, 1.5386588865631896], [30.28163379727179, 1.5384904871509903], [30.281775754540494, 1.5385191922933175], [30.281912546732933, 1.5386943386136653], [30.281988892773295, 1.538828316040486], [30.282108998116232, 1.5391170633183382], [30.282166645123276, 1.539223635143463], [30.282422160980246, 1.5395052583449063], [30.28253909367756, 1.5396153537953918], [30.28272241166066, 1.5396729195926155], [30.282948728892755, 1.539656298227492], [30.283322037938692, 1.5394369735940847], [30.28352994840522, 1.5391311305004818], [30.28358367878725, 1.5390261939528123], [30.28360052887411, 1.5389489824400655], [30.283628275120634, 1.5388218418051045], [30.283728600275673, 1.5386445204815185], [30.283784151945753, 1.538555851476228], [30.283802040863062, 1.5385070127703548], [30.283769498781187, 1.538371477184689], [30.283758596086862, 1.538290142463038], [30.283778173475838, 1.5381707964052838], [30.283828258618378, 1.5380315171179828], [30.283966443008076, 1.5379427200873907], [30.28412812117792, 1.5379460851330065], [30.284295221609483, 1.5379711355150176], [30.28439046200415, 1.5379926816407004], [30.28445167943003, 1.5380847851890793], [30.284493178393692, 1.5382040364818261], [30.284516810621145, 1.5383865889017843], [30.284450519587466, 1.5385005838801802], [30.284400318315225, 1.538563935166349], [30.284366278769205, 1.5386236457700933], [30.28437177706792, 1.538671858742533], [30.284377203653985, 1.5387194429022524], [30.28447071555278, 1.5387852830384257], [30.28479415351383, 1.5388453430868134], [30.284936035646723, 1.5388252370750164], [30.285002345976284, 1.5387238967666907], [30.285020964458063, 1.5387085529822453], [30.285090256939455, 1.5386514479487219], [30.285273308581075, 1.5385354641039835], [30.28541308696171, 1.538314694375412], [30.285515277417634, 1.5381825657095742], [30.285610467892667, 1.5381715712223223], [30.285917908424697, 1.5383428363490648], [30.286068965989994, 1.53844926279721], [30.286139148620126, 1.5385305053464942], [30.286167987298256, 1.5385937339350764], [30.286185232734738, 1.538711214790195], [30.286155894717073, 1.5389083115445759], [30.286059141985803, 1.539072068460086], [30.285995953659338, 1.53914520059411], [30.285881616762367, 1.53927753039604], [30.285808159917718, 1.53940419111275], [30.285639615085945, 1.539608735292953], [30.285569778672496, 1.5397534685412282], [30.285638259330376, 1.539896179251042], [30.285730012332714, 1.5399864273054271], [30.285796571936544, 1.5400477894990878], [30.28592776450729, 1.5400855497836161], [30.286062522067205, 1.5401052264172383], [30.286251103892987, 1.5400814320196123], [30.28638579487586, 1.5400577213132527], [30.28646832486505, 1.539990704204699], [30.286483004844637, 1.5399754950355513], [30.286536478424228, 1.5399200938138229], [30.286545432501523, 1.539902001820276], [30.286664718544714, 1.5397897324333802], [30.286865733366287, 1.539673720530787], [30.287040875578363, 1.5396716407284197], [30.287297818597345, 1.53971282124182], [30.287420037490598, 1.5397560187802233], [30.287483853948196, 1.5397857484695028], [30.287552171003924, 1.5398217984859066], [30.28756303233796, 1.5398760158203855], [30.287480544066316, 1.5399701499292677], [30.28736226728206, 1.540154730013898], [30.287341501456485, 1.5401745282645056], [30.28723311804679, 1.540277861574659], [30.287222506302857, 1.5403863465129084], [30.2872226616285, 1.5404875834918939], [30.28725115184129, 1.5406166142141282], [30.287251047074506, 1.5406993764222126], [30.287250932680916, 1.5407897384012792], [30.287250894489926, 1.540819905106651], [30.28717307652906, 1.5409522670950282], [30.287074501495688, 1.5410988527455973], [30.28703875466232, 1.541216415822384], [30.287033509882537, 1.541310429983589], [30.28706418121184, 1.541397157072915], [30.287231314844608, 1.5414439002044529], [30.28739658270725, 1.5414454510288422], [30.28745412780557, 1.541422533907096], [30.28752360990419, 1.5414027700360264], [30.287619259089027, 1.541398101781951], [30.287725216509166, 1.5413798589448606], [30.28778092028681, 1.5413906191592956], [30.28784381504849, 1.5414049838006851], [30.287897703030485, 1.5414030921893414], [30.288089832869755, 1.5413503670120454], [30.288208295337757, 1.5412869095739348], [30.288404045581018, 1.5412522568300315], [30.28865378644099, 1.5412826010837288], [30.28901487358457, 1.5412946940404437], [30.289210537575684, 1.54120399946217], [30.28936853636348, 1.5411513273686341], [30.289523053485144, 1.5411709728284635], [30.289616494509215, 1.5411907132928793], [30.289907412368564, 1.5411306031817307], [30.29000610355977, 1.5410599453350875], [30.29004005656126, 1.5409441931581727], [30.290106377266827, 1.540850084262919], [30.290190672616603, 1.5407631786248916], [30.290292964816533, 1.5406979386255433], [30.29036654866985, 1.5406544369141524], [30.2904650344747, 1.5406317964841056], [30.290540733848342, 1.5406143943128332], [30.29060439310198, 1.540491906462668], [30.290653570884164, 1.5403972826258265], [30.290707347628597, 1.5403230791294253], [30.29090300010692, 1.5402251535544247], [30.291039220237977, 1.5400278914104333], [30.291167838474085, 1.539998484657211], [30.291351479998198, 1.5398285477362417], [30.291753493300877, 1.5395874851735698], [30.291834287409003, 1.53956024253614], [30.291913300367558, 1.5395389964264738], [30.291944243101565, 1.5395306761099465], [30.29203609940728, 1.5395059764930799], [30.29227355185208, 1.5393623596273922], [30.292498461895, 1.539250076074359], [30.292609556604255, 1.5391700767599534], [30.292718809388607, 1.5390914037934524], [30.29273482028356, 1.5390798743407805], [30.292973969428733, 1.5389076628766143], [30.293289768413597, 1.53867396602001], [30.29335964273712, 1.5385545428072658], [30.293847643737404, 1.538159684552582], [30.29396417859878, 1.5380112641597912], [30.294035932484945, 1.5379460719836695], [30.294159799774373, 1.5378934533641435], [30.294317914493185, 1.5379071826388844], [30.294425694764133, 1.537916541312388], [30.294776442096666, 1.5379525879621707], [30.29484967066359, 1.5379411912015557], [30.295072489345827, 1.5379878473344937], [30.295302260174356, 1.537882638015361], [30.295431341425267, 1.5377161203567078], [30.295452725439624, 1.5376040039672785], [30.29539065666281, 1.537482259774326], [30.295384214678432, 1.5374414091567072], [30.29537713342511, 1.5374156507611743], [30.29534447316327, 1.5372968475255686], [30.29543054216564, 1.5371954773400505], [30.29558135713285, 1.5371446247080829], [30.295629633474533, 1.5371384754770039], [30.295696300753633, 1.5371299836857804], [30.295861114590835, 1.5368368651965103], [30.29592819034213, 1.536662413835302], [30.2960041504514, 1.5363991573145568], [30.29609718289391, 1.5361531531174908], [30.296070017254255, 1.5361007424435438], [30.29605635340222, 1.5360608229413844], [30.2959565803712, 1.5358352002503695], [30.295920503864735, 1.5357376355391312], [30.29593827318788, 1.5356110625224042], [30.295941613061498, 1.5355440764588983], [30.295947149537973, 1.5355423526536245], [30.295891277300434, 1.5354213173796138], [30.295824729599513, 1.535367186966241], [30.295757196340304, 1.535347984263423], [30.295654002536768, 1.535318641682602], [30.295445444244155, 1.5351996511941048], [30.295317798823067, 1.535131153232604], [30.2953169413752, 1.534994277840982], [30.295316609725283, 1.5349413368341676], [30.295298463478833, 1.5348220506728638], [30.295300118535298, 1.5347298506694873], [30.295282080346716, 1.534681068256295], [30.29520291675763, 1.534599840422526], [30.295160378693406, 1.5345259014508288], [30.295148882542346, 1.5345059190287065], [30.29510384388301, 1.5344210226322728], [30.295127068905693, 1.53433782811224], [30.29516066095859, 1.5343013579655433], [30.29522211704503, 1.5342346364453976], [30.295308155790835, 1.534113380842478], [30.295108465887797, 1.5339202567464851], [30.295036454518332, 1.5338173242182356], [30.29493035146669, 1.5337397536497788], [30.29482058654324, 1.5336169938944737], [30.294707284305613, 1.5335303954691522], [30.294464681575047, 1.5334674987977766], [30.294353748362344, 1.533345915325553], [30.294250557408063, 1.5332328174197003], [30.294210800011246, 1.5330774086844645], [30.294117238183997, 1.5329781249556036], [30.294224860928363, 1.5328749138733997], [30.294291203803933, 1.5327952681026273], [30.294341365791638, 1.5327066084391145], [30.294444445715627, 1.532623889875339], [30.294481308793973, 1.5325943083491294], [30.294531498432583, 1.5325237266080147], [30.29456192004548, 1.5324477521169464], [30.29456540763916, 1.5323790505338422], [30.294531576109748, 1.5323080454783626], [30.294507739527074, 1.5322580176553455], [30.294469831160587, 1.5321369541545216], [30.29444432855155, 1.531905595969294], [30.294465511455243, 1.5316615109201142], [30.294469012924075, 1.5316018482833778], [30.294521023822565, 1.5315475339202602], [30.294540733795884, 1.5315149631051876], [30.294533426842133, 1.5314354314708125], [30.294524353954998, 1.5313757883063845], [30.294581811902454, 1.5313594292017225], [30.29468240682683, 1.5313592734575536], [30.294748769072907, 1.5312922823372281], [30.29483659340887, 1.5311637930098576], [30.294888609818493, 1.5311130942594635], [30.29514701983155, 1.5309409538484415], [30.295231436597486, 1.5309335919933134], [30.295328502321016, 1.530975020960339], [30.295416649922274, 1.5310580429536313], [30.295487020544318, 1.5311314685281612], [30.29551347044876, 1.5311315021263439], [30.2955120160407, 1.531162747260989], [30.295603731451, 1.5312294935585202], [30.295743895410432, 1.5312618167591707], [30.295900135149754, 1.53123445791513], [30.295952123833494, 1.5311656813154566], [30.295988278292114, 1.5310289500634848], [30.296005381922924, 1.5309188339202076], [30.296021633634826, 1.5308076309383363], [30.29615288447026, 1.5306931256934346], [30.296166943295916, 1.5306808605554802], [30.29622772578062, 1.530515138517268], [30.296242949940535, 1.5304736301823114], [30.296243030282234, 1.5304095262718589], [30.29624314352842, 1.5303191636086377], [30.296333046962545, 1.5302289149015114], [30.296401667827883, 1.5301600304819007], [30.296442816092974, 1.5301814831522556], [30.296512768112663, 1.5301126788272454], [30.296566525500303, 1.5300258216701712], [30.29657807921849, 1.5298926924228877], [30.29658064753225, 1.529863098662454], [30.296645105582044, 1.5297256068307326], [30.296751080931422, 1.5297200194575695], [30.29682778425054, 1.5297777284689422], [30.29683021072916, 1.529779554070278], [30.297004617981134, 1.5298859437353058], [30.297317508602475, 1.5301005863171635], [30.297655434547107, 1.530241070615242], [30.298014728427027, 1.5302585920889473], [30.29813678492836, 1.53019693827323], [30.29824097209746, 1.5301967769153704], [30.298334392332336, 1.530203863377637], [30.29842812589686, 1.5301412098031135], [30.29858921132138, 1.530033536730547], [30.298818959029163, 1.5299138669891112], [30.29894466335648, 1.5298883632947218], [30.29944464548167, 1.530281686075374], [30.29952403795672, 1.5305129595639366], [30.29954153447148, 1.5305707453563437], [30.299564978744844, 1.5306481748394534], [30.299580978833358, 1.5307010183941892], [30.299632365420013, 1.53087073311153], [30.299675942181896, 1.5311743734232526], [30.29976260048791, 1.5314580612658184], [30.300121671246256, 1.5314988031010688], [30.300437970009693, 1.5314244737287028], [30.300631940129332, 1.5314024794686067], [30.300771603017772, 1.5313653439520973], [30.30092990887604, 1.5312573946615586], [30.301062609995437, 1.5311089506733568], [30.30113442427507, 1.5310835303367716], [30.301270949291386, 1.531138243002179], [30.30131416759436, 1.5311555628201023], [30.301576608320087, 1.5312708537230657], [30.301903544996705, 1.5312739620460767], [30.302276892411275, 1.5310853736063623], [30.30241654041878, 1.5307814499123824], [30.30240180989095, 1.5305464613771311], [30.302473319528733, 1.5303221857681242], [30.302541236551757, 1.5300979157598584], [30.302605516681993, 1.5298447269463231], [30.3027633550188, 1.5296890132043486], [30.30293182737097, 1.5294392785094633], [30.30312883612055, 1.5290557240384464], [30.3032648530083, 1.5287264975638477], [30.303329288191, 1.5285745443413568], [30.30338287909403, 1.5283792212634322], [30.303446844234074, 1.5282319784735845], [30.303518879884287, 1.5281596653673333], [30.303608783306068, 1.5280694156468098], [30.303878493526476, 1.5277986663815208], [30.303968396918307, 1.5277084165918438], [30.30405830030265, 1.5276181667849382], [30.30414820367951, 1.5275279169607212], [30.304238107048878, 1.5274376671192613], [30.304238219741062, 1.5273473038548873], [30.304328123092535, 1.5272570539893537], [30.304418026436522, 1.5271668041064947], [30.30450792977302, 1.5270765542064106], [30.30459783310204, 1.526986304289053], [30.30468773642357, 1.5268960543543715], [30.304777639737623, 1.5268058044024342], [30.304863220024217, 1.5267198941231346]]}}, {"type": "Feature", "properties": {"OBJECTID": 463007, "arcid": 463007, "grid_code": 3, "from_node": 463483, "to_node": 463893, "Shape_Leng": 14.1408160856, "Type": "Thalweg", "Nme": ""}, "geometry": {"type": "LineString", "coordinates": [[30.281421351605136, 1.5354509162232637], [30.281421237356593, 1.5355412777677924], [30.28151091241367, 1.5356317542971163], [30.281510798155423, 1.5357221158482435], [30.281510683890446, 1.5358124773992357], [30.281600358949103, 1.5359029539516436], [30.281600244674426, 1.5359933155092342], [30.281600130393024, 1.536083677066773], [30.281689805453304, 1.5361741536421802], [30.281689691162203, 1.5362645152063175], [30.281689576864363, 1.5363548767703867], [30.281689462559797, 1.5364452383343201], [30.281779137618674, 1.5365357149394585], [30.281779023304413, 1.5366260765100068], [30.28177890898342, 1.5367164380804867], [30.28177879465569, 1.5368067996508474], [30.28177868032124, 1.5368971612211733], [30.281778565980055, 1.5369875227913639], [30.281778451632135, 1.5370778843614692], [30.281778337277494, 1.5371682459315401], [30.281778222916117, 1.537258607501525], [30.281778108548014, 1.5373489690713746], [30.281777879791605, 1.537529692210868], [30.281777765403305, 1.5376200537804954], [30.281777651008277, 1.5377104153500039], [30.281777536606516, 1.5378007769194777], [30.281777422198026, 1.5378911384888154], [30.28168751835237, 1.537981384908565], [30.281625840366576, 1.537986118334896], [30.281547187272462, 1.5382393346500263], [30.28163379727179, 1.5384904871509903]]}}, {"type": "Feature", "properties": {"OBJECTID": 463007, "arcid": 463007, "grid_code": 3, "from_node": 463483, "to_node": 463893, "Shape_Leng": 14.1408160856, "Type": "Thalweg", "Nme": ""}, "geometry": {"type": "LineString", "coordinates": [[30.284915479793092, 1.5415096382721818], [30.284915594338614, 1.5414192764695], [30.284915708877417, 1.5413289146666826], [30.284915823409495, 1.541238552863797], [30.284826148136947, 1.5411480758073905], [30.284826262659358, 1.5410577140111277], [30.284826377175044, 1.5409673522147458], [30.284826491684008, 1.5408769904182957], [30.284826606186247, 1.540786628621743], [30.284826720681764, 1.5406962668251387], [30.28482683517056, 1.5406059050283984], [30.28482694965263, 1.5405155432315725], [30.28482706412798, 1.5404251814347116], [30.284827178596608, 1.5403348196377324], [30.284827293058505, 1.5402444578407009], [30.284827407513685, 1.5401540960435334], [30.284737732216257, 1.5400636190702108], [30.284737846661763, 1.5399732572796336], [30.28473796110055, 1.5398828954890216], [30.28473807553261, 1.539792533698274], [30.28473818995795, 1.5397021719074906], [30.284738304376557, 1.539611810116589], [30.28454541727344, 1.5394712319849946], [30.28457013432185, 1.5391891749062128], [30.284571759000922, 1.5390770880201197], [30.28447545562691, 1.538947978814344], [30.28447071555278, 1.5387852830384257]]}}, {"type": "Feature", "properties": {"OBJECTID": 463007, "arcid": 463007, "grid_code": 3, "from_node": 463483, "to_node": 463893, "Shape_Leng": 14.1408160856, "Type": "Thalweg", "Nme": ""}, "geometry": {"type": "LineString", "coordinates": [[30.286177569200817, 1.5375353282365873], [30.28617745499711, 1.5376256901376002], [30.28608755103801, 1.5377159370950326], [30.285997647071373, 1.5378061840351236], [30.28599753283998, 1.537896545922331], [30.285907628855327, 1.5379867928381856], [30.28581772486311, 1.5380770397365957], [30.285817610604013, 1.5381674016100648], [30.285727706593796, 1.5382576484842534]]}}, {"type": "Feature", "properties": {"OBJECTID": 463007, "arcid": 463007, "grid_code": 3, "from_node": 463483, "to_node": 463893, "Shape_Leng": 14.1408160856, "Type": "Thalweg", "Nme": ""}, "geometry": {"type": "LineString", "coordinates": [[30.28851142009313, 1.5380804875429415], [30.288421516004938, 1.5381707347404234], [30.2883316119092, 1.5382609819205075], [30.288241707805934, 1.5383512290832253], [30.28815180369513, 1.5384414762285263], [30.288061899576793, 1.5385317233564937], [30.28761237887197, 1.538982958735432], [30.287522474708368, 1.539073205759031], [30.287522360447, 1.539163567759915], [30.287522246178906, 1.53925392976073], [30.2875221319041, 1.5393442917614768], [30.287522017622578, 1.5394346537620875], [30.28752190333434, 1.539525015762647], [30.287521789039385, 1.5396153777631039], [30.287420037490598, 1.5397560187802233]]}}, {"type": "Feature", "properties": {"OBJECTID": 463007, "arcid": 463007, "grid_code": 3, "from_node": 463483, "to_node": 463893, "Shape_Leng": 14.1408160856, "Type": "Thalweg", "Nme": ""}, "geometry": {"type": "LineString", "coordinates": [[30.28913492223492, 1.5420572248874276], [30.289134807819913, 1.5421475870070656], [30.2891346933982, 1.542237949126568], [30.289134578969776, 1.5423283112460349], [30.289134464534634, 1.5424186733653662], [30.289134359719142, 1.5425014348137676], [30.289082499232407, 1.5425864320917728], [30.289025304191856, 1.5427419832619178], [30.288999849013244, 1.5429313677937844], [30.288970144605113, 1.5430348549413369], [30.288954032224908, 1.5430909888227746], [30.288915141765536, 1.543226479144728], [30.288885183333633, 1.5433006339091775], [30.28886390949917, 1.5433532920672992], [30.28876124940429, 1.5436074018145851], [30.28872287111516, 1.54373430512795], [30.288683796153027, 1.5437735287543406], [30.28868368159158, 1.5438638908385833], [30.288593776826175, 1.5439541376195804], [30.28859366224752, 1.5440444996969005], [30.288593547662142, 1.544134861774101], [30.28859343307006, 1.5442252238512666]]}}, {"type": "Feature", "properties": {"OBJECTID": 463007, "arcid": 463007, "grid_code": 3, "from_node": 463483, "to_node": 463893, "Shape_Leng": 14.1408160856, "Type": "Thalweg", "Nme": ""}, "geometry": {"type": "LineString", "coordinates": [[30.29130219543108, 1.5323008602535757], [30.29139198534347, 1.532300974572442], [30.291481775262554, 1.5323010888875301], [30.291571565188352, 1.53230120319884], [30.29166135512086, 1.5323013175063716], [30.29175114506007, 1.532301431810125], [30.291840935005975, 1.5323015461101002], [30.2919307249586, 1.5323016604062962], [30.292020514917926, 1.5323017746987144], [30.29211030488396, 1.5323018889873545], [30.292199981294274, 1.5323923656304157], [30.292289771277492, 1.5323924799182416], [30.292379561267392, 1.5323925942022887], [30.292469351263993, 1.532392708482557], [30.292559027713192, 1.5324831851441136], [30.292648817726935, 1.5324832994235669], [30.292738494194133, 1.5325737760977216], [30.292828284225052, 1.5325738903763584], [30.29291796071019, 1.5326643670630602], [30.293007750758285, 1.5326644813408794], [30.29309742726139, 1.5327549580401603], [30.293187103772002, 1.5328454347491074], [30.293276893847715, 1.5328455490290689], [30.2933665703763, 1.5329360257505915], [30.293456246912395, 1.5330265024816787], [30.29354592345601, 1.533116979222413], [30.293635600007125, 1.533207455972743], [30.293725390131367, 1.5332075702607622], [30.293815066700464, 1.5332980470236794], [30.293904856841866, 1.5332981613108758], [30.293994646989958, 1.5332982755942914], [30.294084437144758, 1.533298389873926], [30.294250557408063, 1.5332328174197003]]}}, {"type": "Feature", "properties": {"OBJECTID": 463007, "arcid": 463007, "grid_code": 3, "from_node": 463483, "to_node": 463893, "Shape_Leng": 14.1408160856, "Type": "Thalweg", "Nme": ""}, "geometry": {"type": "LineString", "coordinates": [[30.29156701640932, 1.5359156955720166], [30.291566902552365, 1.5360060578795773], [30.291656578779094, 1.536096534777867], [30.291746255013337, 1.5361870116857548], [30.29183593125511, 1.536277488603273], [30.291835817382626, 1.5363678509307759], [30.29192549362899, 1.5364583278645332], [30.291925379746857, 1.5365486901985919], [30.291925265858012, 1.5366390525325484], [30.29192515196247, 1.536729414866437], [30.292014828207545, 1.5368198918297808], [30.292014714302358, 1.5369102541702584], [30.292014600390463, 1.5370006165106012], [30.29201448647186, 1.5370909788508587], [30.292014372546554, 1.537181341191081], [30.292104048787404, 1.5372718181907175], [30.292103934852456, 1.5373621805374622], [30.2921038209108, 1.5374525428841548], [30.292103706962443, 1.537542905230746], [30.29210359300738, 1.5376332675772688], [30.29210347904561, 1.5377236299236723], [30.29210336507714, 1.5378139922700418], [30.292103251101963, 1.5379043546162752], [30.292103137120073, 1.537994716962474], [30.29210302313149, 1.5380850793085366], [30.29210290913619, 1.5381754416545477], [30.29227355185208, 1.5393623596273922]]}}, {"type": "Feature", "properties": {"OBJECTID": 463007, "arcid": 463007, "grid_code": 3, "from_node": 463483, "to_node": 463893, "Shape_Leng": 14.1408160856, "Type": "Thalweg", "Nme": ""}, "geometry": {"type": "LineString", "coordinates": [[30.29368310867844, 1.547046786065694], [30.293348888507644, 1.5469422037441687], [30.293259097836646, 1.5469420884165777], [30.293169421772546, 1.5468516106665726], [30.293079631118747, 1.5468514953380934], [30.29298984047164, 1.5468513800057997], [30.292900164436112, 1.5467609022712103], [30.292810373806205, 1.5467607869380298], [30.29272069778876, 1.546670309215983], [30.29256238137555, 1.5465522570207115]]}}, {"type": "Feature", "properties": {"OBJECTID": 463007, "arcid": 463007, "grid_code": 3, "from_node": 463483, "to_node": 463893, "Shape_Leng": 14.1408160856, "Type": "Thalweg", "Nme": ""}, "geometry": {"type": "LineString", "coordinates": [[30.293016700457862, 1.5255258500095183], [30.292926797676078, 1.5256160986827123], [30.29283689488681, 1.5257063473385282], [30.29283678183999, 1.5257967097501222], [30.292746879032816, 1.5258869583817842], [30.292746765968854, 1.525977320786451], [30.292696474560334, 1.5260278056278131], [30.292764073421566, 1.526156583454013], [30.29274855142945, 1.5263678756558563], [30.292656208990163, 1.5265902252651427], [30.292656184556538, 1.526609743779178], [30.29265607143521, 1.5267001061764276], [30.292655958307183, 1.5267904685735751], [30.292655845172447, 1.5268808309706547], [30.292565942245897, 1.5269710794994469], [30.292565829094013, 1.5270614418895825], [30.292565715935424, 1.5271518042796333], [30.292565602770136, 1.52724216666965], [30.292564357509494, 1.5282361529539614]]}}, {"type": "Feature", "properties": {"OBJECTID": 463007, "arcid": 463007, "grid_code": 3, "from_node": 463483, "to_node": 463893, "Shape_Leng": 14.1408160856, "Type": "Thalweg", "Nme": ""}, "geometry": {"type": "LineString", "coordinates": [[30.295061886029977, 1.5414322779207628], [30.29506200014202, 1.541341915355415], [30.29497232368741, 1.5412514379592246], [30.294972437789838, 1.5411610754004752], [30.294882761339874, 1.5410705980205548], [30.29488287543268, 1.5409802354683537], [30.294793198987332, 1.5408897581046532], [30.294703522549526, 1.5407992807505233], [30.2946138461193, 1.5407088034060152], [30.294524169696604, 1.540618326071045], [30.294524283771015, 1.5405279635453457], [30.294434607352958, 1.5404374862266668], [30.29434493094242, 1.5403470089175444], [30.294345045004288, 1.540256646405114], [30.294255368598392, 1.5401661691122182], [30.294255482650627, 1.5400758066063538], [30.29416580624935, 1.539985329329702], [30.29407612985562, 1.539894852062693], [30.29407624389531, 1.5398044895699978], [30.293986567506195, 1.5397140123192352], [30.29389689112464, 1.5396235350780336], [30.293807214750622, 1.5395330578464432], [30.293807328774818, 1.5394426953736382], [30.293717652405416, 1.539352218158314], [30.293627976043553, 1.5392617409525355], [30.293538299689242, 1.5391712637563715], [30.293448623342467, 1.5390807865698226], [30.293289768413597, 1.53867396602001]]}}, {"type": "Feature", "properties": {"OBJECTID": 463007, "arcid": 463007, "grid_code": 3, "from_node": 463483, "to_node": 463893, "Shape_Leng": 14.1408160856, "Type": "Thalweg", "Nme": ""}, "geometry": {"type": "LineString", "coordinates": [[30.293256689763748, 1.5488396993290716], [30.293346365774326, 1.5489301772284099], [30.293346290616565, 1.5489893641368753], [30.29346351462099, 1.5491249310920534], [30.29349923106907, 1.5491687232644724], [30.293573431646813, 1.5492015570145554], [30.293648079095227, 1.5492345885036338], [30.29365183288358, 1.549236249554605], [30.29378854461692, 1.5492739042790065], [30.29386569020488, 1.5492922954992954], [30.29389048622365, 1.5492982067772363], [30.294004497130715, 1.549325386547627], [30.294184804051458, 1.549378917694145], [30.29432155888973, 1.5494444755836372], [30.294374626303835, 1.5494736752828828], [30.2944812579579, 1.5495323480523149], [30.294484096951024, 1.5495339101736874], [30.29458389810296, 1.5495643070650906], [30.29460263404399, 1.5495643311588791], [30.294692424925497, 1.5495644466246117], [30.294782101080795, 1.5496549246238207], [30.29487189197951, 1.549655040088647], [30.294961568152882, 1.5497455181003528], [30.295051359068786, 1.5497456335642728], [30.295141149991395, 1.549745749024372], [30.295230826193357, 1.5498362270514858], [30.295320502402895, 1.54992670508813], [30.29541017862005, 1.5500171831343854], [30.295499854844792, 1.5501076611902027]]}}, {"type": "Feature", "properties": {"OBJECTID": 463007, "arcid": 463007, "grid_code": 3, "from_node": 463483, "to_node": 463893, "Shape_Leng": 14.1408160856, "Type": "Thalweg", "Nme": ""}, "geometry": {"type": "LineString", "coordinates": [[30.293826389717037, 1.5242617987369491], [30.29391617948386, 1.524261912350306], [30.294005856366365, 1.5243523884604127], [30.29409564615033, 1.524352502072991], [30.294185435940985, 1.5243526156818095], [30.29427511285184, 1.5244430918075575], [30.294364902659634, 1.5244432054155967], [30.294454692474147, 1.5244433190198765], [30.294544369413323, 1.5245337951611615], [30.29463415924495, 1.5245339087646599], [30.294813513166613, 1.5247148610821233]]}}, {"type": "Feature", "properties": {"OBJECTID": 463007, "arcid": 463007, "grid_code": 3, "from_node": 463483, "to_node": 463893, "Shape_Leng": 14.1408160856, "Type": "Thalweg", "Nme": ""}, "geometry": {"type": "LineString", "coordinates": [[30.294776442096666, 1.5379525879621707], [30.294796846326836, 1.537998156602288], [30.294796504680136, 1.5382692442468222], [30.294796390784505, 1.5383596067948466], [30.29479627688218, 1.5384499693427522], [30.294796162973153, 1.5385403318906228], [30.29488583949456, 1.5386308090814391], [30.29488572557591, 1.538721171635825], [30.29497540210192, 1.5388116488428674], [30.295244431725234, 1.539083080521491], [30.29533410828141, 1.539173557766879], [30.295423898781355, 1.5391736724275542], [30.295513689287997, 1.5391737870844335]]}}, {"type": "Feature", "properties": {"OBJECTID": 463007, "arcid": 463007, "grid_code": 3, "from_node": 463483, "to_node": 463893, "Shape_Leng": 14.1408160856, "Type": "Thalweg", "Nme": ""}, "geometry": {"type": "LineString", "coordinates": [[30.295861082720954, 1.548481595907033], [30.295950988247228, 1.5483913486125072], [30.296580326718693, 1.5477596170643109], [30.296645705727936, 1.5476939893793982], [30.29666164608713, 1.5476191258286134], [30.296738705852643, 1.5475034060453272], [30.29682361973374, 1.5473438260375612], [30.296874810138977, 1.547148423251636], [30.29689633660399, 1.546980970145726], [30.296912032547407, 1.5468852773463975], [30.296955544421003, 1.5468473405757739], [30.29703046671382, 1.5468245928984263], [30.29703054065432, 1.5467662034745906]]}}, {"type": "Feature", "properties": {"OBJECTID": 463007, "arcid": 463007, "grid_code": 3, "from_node": 463483, "to_node": 463893, "Shape_Leng": 14.1408160856, "Type": "Thalweg", "Nme": ""}, "geometry": {"type": "LineString", "coordinates": [[30.29685940863113, 1.540079133498719], [30.296859522567235, 1.5399887707974265], [30.296859636496656, 1.539898408096099], [30.29685975041938, 1.5398080453946357], [30.29694965497182, 1.5397177973296774], [30.296949768877386, 1.5396274346213294], [30.29703967341179, 1.539537186532195], [30.297039787300193, 1.539446823816945], [30.297039901181908, 1.5393564611016446], [30.297129805687845, 1.539266212981502], [30.297129919552404, 1.5391758502592665], [30.29713003341027, 1.5390854875369622], [30.29713014726144, 1.5389951248145903], [30.297220051728445, 1.5389048766566769], [30.29722016556246, 1.5388145139273868], [30.297220279389787, 1.538724151197995]]}}, {"type": "Feature", "properties": {"OBJECTID": 463007, "arcid": 463007, "grid_code": 3, "from_node": 463483, "to_node": 463893, "Shape_Leng": 14.1408160856, "Type": "Thalweg", "Nme": ""}, "geometry": {"type": "LineString", "coordinates": [[30.297871439584828, 1.5206523959453682], [30.297870877203945, 1.521104209911687], [30.297870764707692, 1.5211945727047118], [30.297780862266457, 1.521284822271679], [30.2977807497531, 1.5213751850578234], [30.297780637233053, 1.5214655478438832], [30.297690734763517, 1.5215557973799316], [30.29769062222636, 1.5216461601590774], [30.297600719738945, 1.5217364096710357], [30.297600607184673, 1.5218267724432835], [30.29760049462372, 1.5219171352154137], [30.297510592108008, 1.5220073846964837], [30.297510479529933, 1.5220977474617159], [30.297510366945172, 1.5221881102269148], [30.297510254353714, 1.5222784729919785], [30.297510141755573, 1.5223688357569916], [30.297510029150736, 1.5224591985219038], [30.297509916539205, 1.5225495612867481], [30.297509803920985, 1.5226399240514745], [30.297509691296074, 1.5227302868161674], [30.29750957866447, 1.5228206495807752], [30.297509466026177, 1.5229110123452485], [30.29750935338119, 1.5230013751096378], [30.297509240729514, 1.5230917378739925], [30.297509128071145, 1.523182100638213], [30.29750901540609, 1.5232724634023822], [30.297508902734332, 1.5233628261664507], [30.297508790055886, 1.5234531889304512], [30.297508677370757, 1.5235435516943845], [30.297418774670405, 1.5236338010422732], [30.29741866196816, 1.5237241637992915], [30.297328759249908, 1.5238144131230822], [30.297238856524196, 1.5239046624295887], [30.297238631057912, 1.5240853879160978]]}}, {"type": "Feature", "properties": {"OBJECTID": 463007, "arcid": 463007, "grid_code": 3, "from_node": 463483, "to_node": 463893, "Shape_Leng": 14.1408160856, "Type": "Thalweg", "Nme": ""}, "geometry": {"type": "LineString", "coordinates": [[30.299733395589094, 1.5395406233453999], [30.299643604752866, 1.5395405088400056], [30.29955392770611, 1.5394500314271973], [30.29946413688704, 1.5394499169209346], [30.29937445985829, 1.539359439520656], [30.299284782837084, 1.5392689621298958], [30.299194992045607, 1.539268847625695], [30.299105201260826, 1.5392687331176986], [30.29901552426805, 1.5391782557423836], [30.298925733500422, 1.5391781412335221], [30.298836056525698, 1.5390876638707252], [30.298746265775204, 1.5390875493609992], [30.298656475031404, 1.539087434847478], [30.29856668429427, 1.5390873203301616], [30.298476893563837, 1.53908720580905], [30.2983871028401, 1.539087091284143], [30.29766877729104, 1.5390861749482658], [30.297579100459828, 1.538995697633182], [30.29748942363616, 1.5389052203276425], [30.29722039321042, 1.538633788468551]]}}, {"type": "Feature", "properties": {"OBJECTID": 463007, "arcid": 463007, "grid_code": 3, "from_node": 463483, "to_node": 463893, "Shape_Leng": 14.1408160856, "Type": "Thalweg", "Nme": ""}, "geometry": {"type": "LineString", "coordinates": [[30.299821023503693, 1.54125763338258], [30.299731232589068, 1.5412575187532305], [30.29964155558719, 1.541167041211377], [30.29955176468971, 1.5411669265811498], [30.29946208770585, 1.5410764490518003], [30.29937241072954, 1.5409859715319805], [30.299282733760773, 1.5408954940217414], [30.299193056799567, 1.5408050165210507], [30.29910337984591, 1.5407145390299597], [30.299013702899774, 1.5406240615483842], [30.29892391207177, 1.5406239469319107], [30.298834121250465, 1.540623832311638], [30.29874433043584, 1.5406237176875663], [30.298654539627886, 1.540623603059696], [30.298564862731165, 1.5405331255993968], [30.29847518584201, 1.5404426481487181], [30.2983855089604, 1.5403521707075758]]}}, {"type": "Feature", "properties": {"OBJECTID": 463007, "arcid": 463007, "grid_code": 3, "from_node": 463483, "to_node": 463893, "Shape_Leng": 14.1408160856, "Type": "Thalweg", "Nme": ""}, "geometry": {"type": "LineString", "coordinates": [[30.29981337707306, 1.5473119489725056], [30.29990328259057, 1.5472217011253722], [30.29990339692656, 1.5471313382021594], [30.299993302426003, 1.5470410903308522], [30.299993416744833, 1.546950727400711], [30.300083322226225, 1.5468604795052814], [30.300083436527895, 1.546770116568246], [30.300173341991236, 1.5466798686486785], [30.30017345627574, 1.5465895057047319], [30.300173570553568, 1.54649914276075], [30.300173684824706, 1.546408779816632], [30.300173799089155, 1.546318416872479], [30.300173913346924, 1.5462280539281894], [30.300263818750313, 1.5461378059572357], [30.300263932990923, 1.5460474430060689], [30.300264161452084, 1.545866717103496]]}}, {"type": "Feature", "properties": {"OBJECTID": 463007, "arcid": 463007, "grid_code": 3, "from_node": 463483, "to_node": 463893, "Shape_Leng": 14.1408160856, "Type": "Thalweg", "Nme": ""}, "geometry": {"type": "LineString", "coordinates": [[30.301527962578607, 1.5405369062167882], [30.30152807635191, 1.5404465431662622], [30.301528190118532, 1.5403561801156171], [30.30143851287837, 1.5402657025816955], [30.3014386266354, 1.5401753395375823], [30.301348949399884, 1.540084862019851], [30.301349063147327, 1.5399944989822874], [30.301349176888085, 1.5399041359446886], [30.30134974549164, 1.539452320755282], [30.30119723255848, 1.5393158260733302]]}}, {"type": "Feature", "properties": {"OBJECTID": 463007, "arcid": 463007, "grid_code": 3, "from_node": 463483, "to_node": 463893, "Shape_Leng": 14.1408160856, "Type": "Thalweg", "Nme": ""}, "geometry": {"type": "LineString", "coordinates": [[30.303043234904568, 1.5493944419238261], [30.302953557776007, 1.549303963677203], [30.302953672136706, 1.5492136005274935], [30.302863995012807, 1.549123122297026], [30.302146578295098, 1.5483992967965172], [30.302056901239535, 1.5483088186518126], [30.301967109862588, 1.548308703593456], [30.301877318492327, 1.5483085885312815], [30.301787641465296, 1.5482181104019612], [30.301697850112184, 1.5482179953388697], [30.301608173103222, 1.5481275172219515], [30.301518496101846, 1.548037039114602], [30.30133914212184, 1.5478560829284613]]}}, {"type": "Feature", "properties": {"OBJECTID": 463007, "arcid": 463007, "grid_code": 3, "from_node": 463483, "to_node": 463893, "Shape_Leng": 14.1408160856, "Type": "Thalweg", "Nme": ""}, "geometry": {"type": "LineString", "coordinates": [[30.303240576718718, 1.535298016584127], [30.303240690033007, 1.5352076534010328], [30.303240803340618, 1.5351172902178036], [30.303151125733066, 1.5350268130129636], [30.30306144813304, 1.5349363358176336], [30.303061561428137, 1.5348459726476307], [30.303061674716563, 1.534755609477492], [30.302971997118238, 1.5346651323050349], [30.30297211039707, 1.5345747691414593], [30.30297222366922, 1.5344844059778149], [30.302972336934687, 1.534394042814069], [30.302972450193483, 1.5343036796502714], [30.302882772590962, 1.53421320251385], [30.30288288584016, 1.5341228393565485], [30.302793208242267, 1.5340323622363725], [30.302703530651886, 1.533941885125728], [30.302703643888563, 1.5338515219816546], [30.302613966302776, 1.5337610448871903], [30.302614079529857, 1.5336706817496635], [30.302614192750255, 1.5335803186120007], [30.302614305963974, 1.5334899554743038], [30.30261464556506, 1.5332188660606203]]}}, {"type": "Feature", "properties": {"OBJECTID": 463007, "arcid": 463007, "grid_code": 3, "from_node": 463483, "to_node": 463893, "Shape_Leng": 14.1408160856, "Type": "Thalweg", "Nme": ""}, "geometry": {"type": "LineString", "coordinates": [[30.30279422715822, 1.5332190938767507], [30.303063825927794, 1.5330387092292215], [30.303153729898025, 1.5329484599283403], [30.303243633860735, 1.5328582106101132], [30.303333537815956, 1.5327679612745915], [30.303423441763634, 1.5326777119218256], [30.30348084198205, 1.532620091162547], [30.30345991077416, 1.5325550243818324], [30.303443889888673, 1.5324394509094854], [30.303451649651873, 1.5323338058693665], [30.3034911546337, 1.5322659799490141], [30.30356830642011, 1.5322100540070709], [30.30365940384882, 1.5322079194285847], [30.30379603316266, 1.5321937556706007], [30.303914835396792, 1.532177626526706], [30.304027680996423, 1.5321515412632787], [30.304180132407197, 1.5321234013986473], [30.30420696989253, 1.532136524734518], [30.30423223785707, 1.5321365567486769], [30.30432202872543, 1.5321366705100292], [30.304411932632238, 1.5320464209942086], [30.30495135591543, 1.5315049235364488], [30.305041146810925, 1.5315050372206012], [30.30513093771305, 1.5315051509009767], [30.30522072862187, 1.5315052645775762], [30.30531051953736, 1.531505378250399], [30.30540031045952, 1.5315054919194453], [30.305490214328408, 1.5314152422302465], [30.305580005260154, 1.5314153558850303], [30.305669796198586, 1.531415469536038], [30.305759587143687, 1.5314155831832685], [30.305849378095456, 1.531415696826724], [30.3059391690539, 1.5314158104664026], [30.30602896001901, 1.5314159241023046], [30.306118750990795, 1.5314160377344306], [30.306208541969244, 1.5314161513627804], [30.306298332954373, 1.531416264987354]]}}, {"type": "Feature", "properties": {"OBJECTID": 463007, "arcid": 463007, "grid_code": 3, "from_node": 463483, "to_node": 463893, "Shape_Leng": 14.1408160856, "Type": "Thalweg", "Nme": ""}, "geometry": {"type": "LineString", "coordinates": [[30.303051452013346, 1.5428882944466167], [30.303141243243214, 1.5428884090562265], [30.303231148354964, 1.5427981604860963], [30.30332093959443, 1.5427982750813818], [30.303366766366615, 1.5427522732268069], [30.303384514381136, 1.5427589394855676], [30.303578365101203, 1.5426071626281068], [30.303724764882578, 1.5425072799517794], [30.303780162215713, 1.5424713179811003], [30.30383553492609, 1.5424194114571081], [30.303886897488585, 1.5423356220211686], [30.303894567319013, 1.5422224553306503], [30.303898515583587, 1.5421641994749455], [30.303969688846607, 1.5420843652303144], [30.304048861645438, 1.5420697505648637], [30.30410036186046, 1.542060244034828], [30.30421123647684, 1.5420401399407213], [30.30426664608695, 1.5420121502755797], [30.30428628446649, 1.5419044936064334], [30.304288270723383, 1.5418895265176753], [30.304305861324785, 1.5417569755703613], [30.304399739798743, 1.5417634194903838], [30.304399800380587, 1.5417152907625242]]}}, {"type": "Feature", "properties": {"OBJECTID": 463007, "arcid": 463007, "grid_code": 3, "from_node": 463483, "to_node": 463893, "Shape_Leng": 14.1408160856, "Type": "Thalweg", "Nme": ""}, "geometry": {"type": "LineString", "coordinates": [[30.305144220345554, 1.5208422776540251], [30.305054317706634, 1.5209325280962944], [30.304964527248675, 1.5209324151972987], [30.30487473679741, 1.520932302294552], [30.304784946352807, 1.5209321893880552], [30.304515575059078, 1.5209318506460623], [30.304425896845316, 1.5208413744407385], [30.304336106437823, 1.5208412615222022], [30.304246428241917, 1.520750785329431], [30.304156750053476, 1.5206603091462003], [30.304066959673452, 1.5206601962298392], [30.30397728150286, 1.520569720059214], [30.30388749113991, 1.5205696071420667], [30.303797812987177, 1.5204791309839478], [30.30370802264131, 1.5204790180660153], [30.303618232302114, 1.5204789051443333], [30.303528441969604, 1.520478792218902], [30.303348861324608, 1.520478566356792]]}}, {"type": "Feature", "properties": {"OBJECTID": 463007, "arcid": 463007, "grid_code": 3, "from_node": 463483, "to_node": 463893, "Shape_Leng": 14.1408160856, "Type": "Thalweg", "Nme": ""}, "geometry": {"type": "LineString", "coordinates": [[30.303727667131565, 1.5045750881943687], [30.303817567847087, 1.5044848366786636], [30.303907468555234, 1.5043945851457214], [30.30408726994942, 1.5042140820281955], [30.304177059654986, 1.5042141937228117], [30.30462600828294, 1.5042147521402554], [30.304715798028546, 1.5042148638126163], [30.304805587780834, 1.5042149754812686], [30.304895377539793, 1.504215087146211], [30.305254536642362, 1.5042155337688907]]}}, {"type": "Feature", "properties": {"OBJECTID": 463007, "arcid": 463007, "grid_code": 3, "from_node": 463483, "to_node": 463893, "Shape_Leng": 14.1408160856, "Type": "Thalweg", "Nme": ""}, "geometry": {"type": "LineString", "coordinates": [[30.30370476592048, 1.5230995517157828], [30.303704653519613, 1.5231899149437964], [30.303704541112083, 1.5232802781717594], [30.303704428697863, 1.523370641399621], [30.303704316276978, 1.523461004627415], [30.30370397897425, 1.5237320943102743], [30.303793657010523, 1.523822570704059], [30.304152369230273, 1.524184476375062], [30.304421403473512, 1.5244559057289742], [30.304511081569533, 1.5245463821994072], [30.30451096909547, 1.5246367454865208], [30.30460064719603, 1.5247272219731782], [30.304690325304048, 1.524817698469432], [30.30478000341955, 1.524908174975281], [30.30477989093, 1.5249985382821583], [30.304869569050037, 1.5250890148041614], [30.30486945655088, 1.5251793781176315]]}}, {"type": "Feature", "properties": {"OBJECTID": 463007, "arcid": 463007, "grid_code": 3, "from_node": 463483, "to_node": 463893, "Shape_Leng": 14.1408160856, "Type": "Thalweg", "Nme": ""}, "geometry": {"type": "LineString", "coordinates": [[30.304799697633964, 1.5090042316500183], [30.30488948758857, 1.5090043436706473], [30.304979277549855, 1.5090044556875561], [30.305068956213894, 1.5090949310425368], [30.3051587461922, 1.5090950430587136], [30.30521263266669, 1.5091494082486363], [30.305304028237387, 1.5091980929496893], [30.305400921330207, 1.5093287417250045], [30.30543497702614, 1.5093573382075858], [30.30554202821403, 1.5094289248725663], [30.305629251090572, 1.509484597310322], [30.30577383383529, 1.5094923481975429], [30.305932294567715, 1.5095100431724338], [30.306082869764204, 1.5095516670486226], [30.306181385252458, 1.5095839127648394], [30.30618590282119, 1.5095853914382529], [30.306247347064144, 1.509619179516418], [30.30626524920722, 1.509670971910981], [30.306265314960864, 1.5097144485418916], [30.306300975128604, 1.5097227370012023]]}}, {"type": "Feature", "properties": {"OBJECTID": 463007, "arcid": 463007, "grid_code": 3, "from_node": 463483, "to_node": 463893, "Shape_Leng": 14.1408160856, "Type": "Thalweg", "Nme": ""}, "geometry": {"type": "LineString", "coordinates": [[30.30614687366107, 1.4996223429299327], [30.306100525817534, 1.4997329584030472], [30.306147149128993, 1.4998057049652405], [30.306095933944185, 1.499989145361052], [30.306076339472202, 1.5001286901011859], [30.305997290740823, 1.5002404223546397], [30.305957970057808, 1.5004318169730606], [30.305926553076077, 1.500611241149685], [30.305922736055386, 1.5007069143493983], [30.30580833356382, 1.5010140214294323], [30.30573353338801, 1.5013170821174908], [30.305694596557185, 1.5017635893333483], [30.305615709800406, 1.5019829473441413], [30.305477380656782, 1.5021824652506297], [30.305315214561368, 1.5023341858058374], [30.30516697501945, 1.5023994848621736], [30.305166853574352, 1.5024985183969373]]}}, {"type": "Feature", "properties": {"OBJECTID": 463007, "arcid": 463007, "grid_code": 3, "from_node": 463483, "to_node": 463893, "Shape_Leng": 14.1408160856, "Type": "Thalweg", "Nme": ""}, "geometry": {"type": "LineString", "coordinates": [[30.308093138336435, 1.5322318086235422], [30.308003234289234, 1.5323220585556507], [30.307913443139885, 1.5323219449357934], [30.30782353908808, 1.5324121948401834], [30.307414758189374, 1.5328225479683133], [30.307203515907343, 1.532919915603124], [30.307074866976325, 1.532971935507491], [30.306944262077643, 1.5330399030056074], [30.30685151514121, 1.5332572917402711], [30.30671301294259, 1.533341216113975], [30.306594309001646, 1.5334211235592607], [30.306439908118314, 1.5334691974540997], [30.306305323865267, 1.5335252127974535], [30.306166711346574, 1.5335373868817233], [30.306071717512, 1.5335813822154158], [30.3060164611038, 1.5337090246667648], [30.305965141088937, 1.5338207164446866], [30.305897885671747, 1.5338726409235623], [30.305834511516874, 1.533872739538137], [30.30580682206871, 1.5338966994693308], [30.305783264994634, 1.5340322649175528], [30.30574786815613, 1.5341957517858296], [30.30576787473428, 1.5343272633015461], [30.305791805458675, 1.5344348518578328], [30.305797577957662, 1.53448216572586], [30.30572271051011, 1.5345784604923804]]}}, {"type": "Feature", "properties": {"OBJECTID": 463007, "arcid": 463007, "grid_code": 3, "from_node": 463483, "to_node": 463893, "Shape_Leng": 14.1408160856, "Type": "Thalweg", "Nme": ""}, "geometry": {"type": "LineString", "coordinates": [[30.306330350409983, 1.5055723248745656], [30.30653403085925, 1.5055331975049262], [30.306454525679626, 1.5053419842912816], [30.306287888283762, 1.5051548902493679], [30.30625263727481, 1.5051635520009934], [30.30618475042011, 1.5050514081139832], [30.306164717904963, 1.5048999653793085], [30.3062001610755, 1.5047643825037176], [30.306310787925394, 1.5045808511859917], [30.306376908652535, 1.5044425602304656], [30.306421642450495, 1.5043489998270323], [30.306474181911067, 1.5042391139037252], [30.30669009029985, 1.5039584345853085]]}}, {"type": "Feature", "properties": {"OBJECTID": 463007, "arcid": 463007, "grid_code": 3, "from_node": 463483, "to_node": 463893, "Shape_Leng": 14.1408160856, "Type": "Thalweg", "Nme": ""}, "geometry": {"type": "LineString", "coordinates": [[30.308391301021157, 1.509008709572807], [30.308301510806462, 1.5090085976972973], [30.30821160942391, 1.5090988493945918], [30.308121819218844, 1.509098737504937], [30.308031917831872, 1.509188989174647], [30.307942127636444, 1.5091888772708468], [30.30785233744768, 1.5091887653633247], [30.30776254726558, 1.5091886534520815], [30.30767275709015, 1.5091885415371167], [30.307223806312987, 1.5091879819064702], [30.307133904945307, 1.5092782334650856], [30.307044114812847, 1.509278121517365], [30.306979718763113, 1.5093427683872709], [30.306852957331458, 1.509355166782806], [30.306690575098422, 1.5093633877698447], [30.30657178615836, 1.5093874865352506], [30.306421467224734, 1.5095152732025683], [30.306414207879946, 1.5095498685798703], [30.306326642208624, 1.509670877872867]]}}, {"type": "Feature", "properties": {"OBJECTID": 463007, "arcid": 463007, "grid_code": 3, "from_node": 463483, "to_node": 463893, "Shape_Leng": 14.1408160856, "Type": "Thalweg", "Nme": ""}, "geometry": {"type": "LineString", "coordinates": [[30.307628765687067, 1.5445206777564648], [30.307538974055458, 1.5445205632164067], [30.30744929624809, 1.5444300851827755], [30.30735961844828, 1.5443396071586095], [30.307269826844273, 1.5443394926205354], [30.30718003524696, 1.5443393780786532], [30.307090357475605, 1.5442489000698478], [30.30700056589539, 1.5442487855270548], [30.30691077432184, 1.5442486709804537], [30.30682109657897, 1.5441581929869124], [30.306733676097664, 1.5441747568787054], [30.306622740051342, 1.544155000017475], [30.306280748373723, 1.54408029747177]]}}, {"type": "Feature", "properties": {"OBJECTID": 463007, "arcid": 463007, "grid_code": 3, "from_node": 463483, "to_node": 463893, "Shape_Leng": 14.1408160856, "Type": "Thalweg", "Nme": ""}, "geometry": {"type": "LineString", "coordinates": [[30.30730250975467, 1.5367257255144395], [30.307247978946478, 1.5367198787534335], [30.307045998375056, 1.5367361382974123], [30.3070937806714, 1.5368994953375654], [30.30709797649497, 1.5370205371470627], [30.307093970980063, 1.5370230652434216], [30.306995274228726, 1.5372344843986705], [30.306928098798334, 1.5373382287340187], [30.306825471883073, 1.5375695847634177], [30.306758394718624, 1.5377371071710153], [30.30673489348501, 1.5379085477333947], [30.306715488310054, 1.5381676769262023], [30.30655326384538, 1.5382795419801054], [30.306583314570442, 1.53850271878041], [30.306583627945425, 1.538706011308383], [30.306583627945425, 1.538706011308383], [30.306583627945425, 1.538706011308383], [30.30654293853595, 1.5389686616609743], [30.306567257091142, 1.5393273760740875]]}}, {"type": "Feature", "properties": {"OBJECTID": 463007, "arcid": 463007, "grid_code": 3, "from_node": 463483, "to_node": 463893, "Shape_Leng": 14.1408160856, "Type": "Thalweg", "Nme": ""}, "geometry": {"type": "LineString", "coordinates": [[30.309235666690622, 1.5519325556895591], [30.309235780978817, 1.551842192072738], [30.309235895260343, 1.5517518284558656], [30.309146217484006, 1.5516613498380571], [30.30914633175601, 1.5515709862276788], [30.309146446021355, 1.551480622617249], [30.309236580809614, 1.5512096467526744], [30.309237494502174, 1.5504867378102953], [30.30932740068843, 1.5503964890953057], [30.309417306867093, 1.5503062403630237], [30.309507213038152, 1.5502159916134162], [30.309507327188363, 1.5501256279748983], [30.309597233341364, 1.5500353792011814], [30.309687139486794, 1.5499451304101575], [30.309777045624607, 1.5498548816018776], [30.30977715973677, 1.5497645179428847], [30.309777502033285, 1.549493426965443]]}}, {"type": "Feature", "properties": {"OBJECTID": 463007, "arcid": 463007, "grid_code": 3, "from_node": 463483, "to_node": 463893, "Shape_Leng": 14.1408160856, "Type": "Thalweg", "Nme": ""}, "geometry": {"type": "LineString", "coordinates": [[30.310801704321662, 1.5203071995103994], [30.31089138329091, 1.520397675885786], [30.31098106226761, 1.5204881522707479], [30.310980950362136, 1.520578516044353], [30.310980278789483, 1.5211206986840162], [30.31071057018372, 1.5213914519366547], [30.310620779287188, 1.5213913392404546], [30.310530876406627, 1.5214815902797842], [30.310441085519688, 1.5214814775693835], [30.31035118263459, 1.5215717285809838], [30.31026139175724, 1.5215716158563821], [30.310171488867635, 1.5216618668403346], [30.31008169799985, 1.5216617541015307], [30.309991795105734, 1.5217520050577837], [30.309542280523143, 1.5222032595805848], [30.309542168431488, 1.5222936232453772], [30.30954205633317, 1.5223839869101186]]}}, {"type": "Feature", "properties": {"OBJECTID": 463007, "arcid": 463007, "grid_code": 3, "from_node": 463483, "to_node": 463893, "Shape_Leng": 14.1408160856, "Type": "Thalweg", "Nme": ""}, "geometry": {"type": "LineString", "coordinates": [[30.311141638766227, 1.5357598562948371], [30.311231543311013, 1.5356696062536077], [30.31132144784828, 1.5355793561951658], [30.31132156084398, 1.5354889924088169], [30.31132167383302, 1.535398628622434], [30.311321899791125, 1.5352179010493785], [30.311322012760197, 1.5351275372626898], [30.311411917237827, 1.5350372871530862], [30.311472216903688, 1.5349767556551168], [30.31149214916391, 1.534845011676664], [30.311768918509078, 1.5345256906409592], [30.312148338769223, 1.5339909594586056], [30.31240925229258, 1.5336636912781934], [30.312590764612217, 1.5332169635993806], [30.312764612901987, 1.5329376647454567], [30.31302533015188, 1.5324828417025649], [30.313173662081127, 1.532352563716737], [30.313139605500588, 1.5320994987124088], [30.313185038816552, 1.5320236918304628], [30.31325216562895, 1.5318885577669252]]}}, {"type": "Feature", "properties": {"OBJECTID": 463007, "arcid": 463007, "grid_code": 3, "from_node": 463483, "to_node": 463893, "Shape_Leng": 14.1408160856, "Type": "Thalweg", "Nme": ""}, "geometry": {"type": "LineString", "coordinates": [[30.31360235960295, 1.5063946365782948], [30.313692039347256, 1.5064851120276688], [30.31378182985798, 1.5064852234926207], [30.313871509620007, 1.506575698954599], [30.313961189389417, 1.5066661744261058], [30.31405086916624, 1.5067566499072242], [30.314140659714635, 1.5067567613773816], [30.31423033950914, 1.5068472368710157], [30.314504404443564, 1.5069789252527643], [30.314481122297625, 1.5072978494532263], [30.314687446041344, 1.5075366994568986], [30.314964834873024, 1.5076239683701753], [30.315471865463973, 1.507655079504759], [30.31593458943862, 1.5082951806110467]]}}, {"type": "Feature", "properties": {"OBJECTID": 463007, "arcid": 463007, "grid_code": 3, "from_node": 463483, "to_node": 463893, "Shape_Leng": 14.1408160856, "Type": "Thalweg", "Nme": ""}, "geometry": {"type": "LineString", "coordinates": [[30.313159931341, 1.5010626061756882], [30.313160041720074, 1.5009722422234049], [30.31316015209249, 1.5008818782710716], [30.31325005269696, 1.5007916253843567], [30.313250163052395, 1.5007012614251674], [30.313250273401177, 1.5006108974658439], [30.313250383743302, 1.5005205335064886], [30.31333971274702, 1.5004308543849758], [30.31331609183014, 1.5003737670448127], [30.313256385747955, 1.5001785386632709], [30.3133233650723, 1.4999432559313088], [30.31341800996397, 1.4996680699321492], [30.31346135663206, 1.4995205177359885], [30.313623641057607, 1.499448520304496], [30.3138454033125, 1.4994202793953397], [30.313932702729044, 1.49952777121501], [30.31402000215799, 1.4996352630119962], [30.314106598384985, 1.4997108136063533], [30.31411515114376, 1.49969490951658], [30.31428946788085, 1.4997225463873534]]}}, {"type": "Feature", "properties": {"OBJECTID": 463007, "arcid": 463007, "grid_code": 3, "from_node": 463483, "to_node": 463893, "Shape_Leng": 14.1408160856, "Type": "Thalweg", "Nme": ""}, "geometry": {"type": "LineString", "coordinates": [[30.31648445493373, 1.534610011697284], [30.316653793962455, 1.5339759577977063], [30.316879223938038, 1.5337563705478199], [30.316980694259183, 1.533688864610178], [30.31716061583639, 1.5334179986145804], [30.317250632885447, 1.533237383465785], [30.3172507454601, 1.5331470192358738], [30.31725085802811, 1.5330566550058602], [30.31725097058948, 1.5329662907757962], [30.317225860291128, 1.5326695236486971]]}}, {"type": "Feature", "properties": {"OBJECTID": 463007, "arcid": 463007, "grid_code": 3, "from_node": 463483, "to_node": 463893, "Shape_Leng": 14.1408160856, "Type": "Thalweg", "Nme": ""}, "geometry": {"type": "LineString", "coordinates": [[30.31723764249211, 1.5436292693394529], [30.31732754813938, 1.5435390191745277], [30.31732766146755, 1.543448654947654], [30.31741756709683, 1.5433584047587279], [30.317417680407928, 1.543268040524987], [30.318681047483395, 1.5418473098557748]]}}, {"type": "Feature", "properties": {"OBJECTID": 463007, "arcid": 463007, "grid_code": 3, "from_node": 463483, "to_node": 463893, "Shape_Leng": 14.1408160856, "Type": "Thalweg", "Nme": ""}, "geometry": {"type": "LineString", "coordinates": [[30.322382662722365, 1.522038622844548], [30.32229287093594, 1.522038510589396], [30.322203079156143, 1.5220383983304917], [30.32211339893254, 1.5219479214669998], [30.32202360716974, 1.5219478092072567], [30.32193381541357, 1.5219476969437606], [30.321844023664024, 1.5219475846765116], [30.321754343478965, 1.521857107831316], [30.321664551746412, 1.5218569955632295], [30.321574871579173, 1.521766518730418], [30.321485079863617, 1.5217664064614955], [30.32139539971419, 1.5216759296411204], [30.32132228077549, 1.5216758382181923], [30.321277910740562, 1.521631322550095], [30.321119307830298, 1.521519958301457], [30.320398332028457, 1.5214493267113014], [30.319843282624603, 1.5210994116993353], [30.319431066122547, 1.5209087183276648], [30.318836615815982, 1.5206943904376067], [30.318439998624484, 1.5203442287496995], [30.31812257336025, 1.5199779997727612], [30.31799577870741, 1.5199463072763624], [30.317790096733287, 1.5201299858489246], [30.317457656518734, 1.5203058884837273], [30.317172356114373, 1.5202266081316613], [30.31676030956058, 1.5201475238073825], [30.31649078277984, 1.5201677904094189], [30.316056152558122, 1.52006889120608]]}}, {"type": "Feature", "properties": {"OBJECTID": 463007, "arcid": 463007, "grid_code": 3, "from_node": 463483, "to_node": 463893, "Shape_Leng": 14.1408160856, "Type": "Thalweg", "Nme": ""}, "geometry": {"type": "LineString", "coordinates": [[30.319960518337286, 1.520228301807908], [30.319421769240144, 1.5202276284135703], [30.3193320892796, 1.5201371517724156], [30.319242297796997, 1.5201370395298315], [30.31915250632104, 1.5201369272834981], [30.31906282638868, 1.5200464506576645], [30.31897303492972, 1.5200463384105105], [30.31888324347739, 1.520046226159608], [30.318793563573198, 1.5199557495491995], [30.318703772137887, 1.5199556372974767], [30.318614092251504, 1.5198651606994673], [30.31852441237256, 1.5197746841110304], [30.318343818315135, 1.519610937015264], [30.31799577870741, 1.5199463072763624]]}}, {"type": "Feature", "properties": {"OBJECTID": 463007, "arcid": 463007, "grid_code": 3, "from_node": 463483, "to_node": 463893, "Shape_Leng": 14.1408160856, "Type": "Thalweg", "Nme": ""}, "geometry": {"type": "LineString", "coordinates": [[30.324940497079343, 1.559001078456134], [30.324850817700014, 1.5589105988127567], [30.324761024187897, 1.5589104839447865], [30.324043589511724, 1.5581866471585937], [30.32356216614225, 1.558099062399408], [30.323181686047278, 1.557948196331561], [30.322651193332074, 1.5581164541182018]]}}, {"type": "Feature", "properties": {"OBJECTID": 463007, "arcid": 463007, "grid_code": 3, "from_node": 463483, "to_node": 463893, "Shape_Leng": 14.1408160856, "Type": "Thalweg", "Nme": ""}, "geometry": {"type": "LineString", "coordinates": [[30.324086811962403, 1.523576955673153], [30.324086700375624, 1.5236673204190687], [30.323996796798962, 1.523757572854491], [30.323996685195194, 1.5238479375935916], [30.323996573584804, 1.5239383023326247], [30.323906669979948, 1.524028554737349], [30.323816766367624, 1.5241188071249527], [30.32372686274784, 1.524209059495336], [30.32372675109974, 1.524299424214057], [30.32363684746211, 1.5243896765605192], [30.323636735797024, 1.5244800412724073], [30.323546832141567, 1.5245702935949492], [30.323546720459486, 1.524660658299987], [30.323456816786198, 1.5247509105986228], [30.323366913105435, 1.5248411628801013], [30.3232770094172, 1.5249314151444215], [30.323276897697397, 1.5250217798290937]]}}, {"type": "Feature", "properties": {"OBJECTID": 463007, "arcid": 463007, "grid_code": 3, "from_node": 463483, "to_node": 463893, "Shape_Leng": 14.1408160856, "Type": "Thalweg", "Nme": ""}, "geometry": {"type": "LineString", "coordinates": [[30.32459452078225, 1.5485183070752435], [30.32459440738945, 1.5486086718377443], [30.32459293268018, 1.54978341374209], [30.324682612312568, 1.549873892712826], [30.324772291952584, 1.5499643716929434], [30.32477217846138, 1.550054736467397], [30.324861858106168, 1.5501452154635573], [30.32486174460551, 1.550235580244451], [30.32506028541862, 1.5509364676165536]]}}, {"type": "Feature", "properties": {"OBJECTID": 463007, "arcid": 463007, "grid_code": 3, "from_node": 463483, "to_node": 463893, "Shape_Leng": 14.1408160856, "Type": "Thalweg", "Nme": ""}, "geometry": {"type": "LineString", "coordinates": [[30.32620034332505, 1.5568339292801983], [30.32660924247756, 1.556638809384298], [30.326870642457152, 1.556628428846994], [30.32721434168041, 1.5564774885235202], [30.327300494892597, 1.5562189261081103], [30.32741116700533, 1.5560712662988638], [30.327648517139647, 1.5558795586800498], [30.327905683897406, 1.5556957917452048], [30.328143071413383, 1.5555280004964467], [30.328420211010755, 1.5554518252693768], [30.328703511623136, 1.5554042196664855], [30.32880629236896, 1.5553010465079704], [30.328896086026326, 1.5553011609368785], [30.32898599338661, 1.5552109102796694], [30.32907578705339, 1.5552110246942554]]}}, {"type": "Feature", "properties": {"OBJECTID": 463007, "arcid": 463007, "grid_code": 3, "from_node": 463483, "to_node": 463893, "Shape_Leng": 14.1408160856, "Type": "Thalweg", "Nme": ""}, "geometry": {"type": "LineString", "coordinates": [[30.33024230968387, 1.5558450679608697], [30.330242195994646, 1.555935433135645], [30.33024208229881, 1.5560257983103338], [30.330241968596365, 1.5561161634849698], [30.330241854887305, 1.5562065286595035], [30.330241741171637, 1.5562968938339679], [30.330241627449357, 1.5563872590083123], [30.330241513720466, 1.556477624182622], [30.330241399984967, 1.556567989356845], [30.330241286242856, 1.5566583545309318], [30.330241172494127, 1.5567487197049654], [30.330151264917415, 1.5568389703945023], [30.330151151151654, 1.5569293355617155], [30.32970161310149, 1.5573805887173922], [30.32961181929689, 1.5573804741700632], [30.32947914945215, 1.5576006135404545], [30.329279318379626, 1.5577225059232445]]}}, {"type": "Feature", "properties": {"OBJECTID": 463007, "arcid": 463007, "grid_code": 3, "from_node": 463483, "to_node": 463893, "Shape_Leng": 14.1408160856, "Type": "Thalweg", "Nme": ""}, "geometry": {"type": "LineString", "coordinates": [[30.33248428879199, 1.5353129116975506], [30.331757841484112, 1.536820773602841], [30.331253087555762, 1.5374118138659545], [30.33116318217386, 1.537502066111347], [30.331073276784423, 1.5375923183395546], [30.330983483711126, 1.5375922053053555], [30.330893578317003, 1.5376824575059727]]}}, {"type": "Feature", "properties": {"OBJECTID": 463007, "arcid": 463007, "grid_code": 3, "from_node": 463483, "to_node": 463893, "Shape_Leng": 14.1408160856, "Type": "Thalweg", "Nme": ""}, "geometry": {"type": "LineString", "coordinates": [[30.331981286227744, 1.5294605694750052], [30.3319811745401, 1.5295509348009995], [30.331981062845852, 1.529641300126858], [30.331980951144992, 1.529731665452666], [30.331980839437527, 1.529822030778373], [30.331980727723455, 1.529912396104012], [30.331979498432666, 1.5309064146803764], [30.33197938663932, 1.5309967800049664], [30.332069067714635, 1.5310872578436496], [30.332158748797454, 1.5311777356917422], [30.33215863699179, 1.5312681010294], [30.332248318079262, 1.5313585788935107], [30.332337999174232, 1.5314490567669965], [30.332337887356253, 1.5315394221176528], [30.33242756845588, 1.5316299000071716], [30.33251724956302, 1.5317203779060637], [30.332797007956902, 1.5326377936294748]]}}, {"type": "Feature", "properties": {"OBJECTID": 463007, "arcid": 463007, "grid_code": 3, "from_node": 463483, "to_node": 463893, "Shape_Leng": 14.1408160856, "Type": "Thalweg", "Nme": ""}, "geometry": {"type": "LineString", "coordinates": [[30.33720408086525, 1.5394708798345498], [30.337357806309754, 1.538992315950752], [30.337594726568195, 1.5385255791442696]]}}, {"type": "Feature", "properties": {"OBJECTID": 468573, "arcid": 468573, "grid_code": 4, "from_node": 469463, "to_node": 469462, "Shape_Leng": 9.9990669433, "Type": "Thalweg", "Nme": ""}, "geometry": {"type": "LineString", "coordinates": [[30.2983855089604, 1.5403521707075758], [30.29829583208634, 1.5402616932760378], [30.29820615521983, 1.5401712158540213], [30.298206269106036, 1.5400808530519245], [30.298116592244153, 1.5399903756461224], [30.298116706120744, 1.5399000128505826], [30.29802702926349, 1.5398095354609964], [30.297937352413783, 1.5397190580810343], [30.297937466277848, 1.5396286952986615], [30.297847789432772, 1.5395382179349006], [30.297758112595243, 1.5394477405806983], [30.297758226446785, 1.5393573778115603], [30.29766854961387, 1.539266900473561], [30.297668663455802, 1.5391765377109476], [30.297578986627517, 1.5390860603892031], [30.29730995618791, 1.5388146284814403], [30.297220279389787, 1.538724151197995], [30.29722039321042, 1.538633788468551], [30.297220507024356, 1.5385434257389716], [30.29713083022793, 1.5384529484783807], [30.29713094403225, 1.5383625857554115], [30.29704126724044, 1.538272108511064], [30.296951590456175, 1.5381816312763161], [30.29686191367942, 1.5380911540511344], [30.296772236910225, 1.5380006768355712], [30.29668256014858, 1.537910199629542], [30.296592883394467, 1.5378197224331485], [30.296503092863997, 1.5378196079227893], [30.29641341612788, 1.5377291307388712], [30.296323625614598, 1.5377290162276598], [30.296233948896468, 1.5376385390563212], [30.29614415840034, 1.5376384245442594], [30.296054367910916, 1.5376383100284057], [30.295964691221247, 1.5375478328725039], [30.29587490074897, 1.5375477183558008], [30.295785224077303, 1.5374572412124483], [30.295695433622186, 1.5374571266948964], [30.295605643173776, 1.5374570121735531], [30.295426062297025, 1.5374567831194943], [30.29539065666281, 1.537482259774326]]}}, {"type": "Feature", "properties": {"OBJECTID": 468573, "arcid": 468573, "grid_code": 4, "from_node": 469463, "to_node": 469462, "Shape_Leng": 9.9990669433, "Type": "Thalweg", "Nme": ""}, "geometry": {"type": "LineString", "coordinates": [[30.299091155124703, 1.5503833655053485], [30.299091269728883, 1.5502930026456416], [30.29909138432639, 1.5502026397858317], [30.299001707684884, 1.5501121616071112], [30.299001822272807, 1.550021798753838], [30.29900193685404, 1.54993143590048], [30.298912260214394, 1.5498409577445824], [30.298912374786045, 1.5497505948977948], [30.29891248935101, 1.5496602320509385], [30.298912603909294, 1.5495698692040127], [30.29882292726857, 1.5494793910775468], [30.298823041817265, 1.5493890282371756], [30.298823156359276, 1.5492986653966676], [30.298733479720354, 1.5492081872930619], [30.298733594252784, 1.5491178244591088], [30.298643917618556, 1.5490273463716564], [30.2985542409919, 1.548936868293769], [30.298554355511847, 1.5488465054730283], [30.298464678889907, 1.5487560274113468], [30.298375002275556, 1.5486655493591643], [30.298375116783024, 1.5485751865516544], [30.298285440173373, 1.5484847085156634], [30.298195763571307, 1.5483942304892735], [30.298195878066302, 1.5483038676949108], [30.29810620146892, 1.5482133896847143], [30.298106315954325, 1.548123026896925], [30.29801663936163, 1.5480325489029232], [30.29801675383745, 1.5479421861216733], [30.298016868306576, 1.5478518233403882], [30.298016982769013, 1.547761460558967], [30.297927306175218, 1.5476709825944124], [30.297927420628064, 1.5475806198195814], [30.29783774403895, 1.5474901418712248], [30.297748067457434, 1.5473996639324568], [30.297389361207152, 1.5470377522728558], [30.297299684663532, 1.5469472743818424], [30.29720989369785, 1.5469471592220883], [30.297120217172296, 1.5468566813435676], [30.29703054065432, 1.5467662034745906], [30.29694086414393, 1.5466757256152086], [30.29694097856487, 1.546585362913427], [30.29694109297911, 1.5464950002116096], [30.29685141647047, 1.5464045223750296], [30.296851530875113, 1.546314159679772], [30.296851645273065, 1.5462237969843782], [30.29676196876621, 1.5461333191707034], [30.296762083154558, 1.5460429564818858], [30.296762197536218, 1.545952593793], [30.296672521031148, 1.5458621160021473], [30.296672635403205, 1.545771753319838], [30.296582958902793, 1.5456812755451796], [30.296583073265253, 1.5455909128693974], [30.296493396769474, 1.5455004351109851], [30.296493511122332, 1.5454100724417636], [30.296403834631253, 1.5453195946995817], [30.296403948974504, 1.5452292320369376], [30.296314272488086, 1.5451387543109374], [30.296314386821734, 1.545048391654871], [30.296314501148693, 1.5449580289986686], [30.296224824664023, 1.5448675512955141], [30.29622493898138, 1.5447771886459236], [30.296135262501362, 1.5446867109590032], [30.29613537680911, 1.5445963483159573], [30.296045700333774, 1.5445058706452552], [30.29604581463191, 1.5444155080087882], [30.295956138161223, 1.5443250303542888], [30.295866461698097, 1.5442345527094132], [30.29577678524254, 1.544144075074061], [30.29568710879455, 1.5440535974483334], [30.295597432354132, 1.5439631198321466]]}}, {"type": "Feature", "properties": {"OBJECTID": 468573, "arcid": 468573, "grid_code": 4, "from_node": 469463, "to_node": 469462, "Shape_Leng": 9.9990669433, "Type": "Thalweg", "Nme": ""}, "geometry": {"type": "LineString", "coordinates": [[30.29592819034213, 1.536662413835302], [30.296024941828286, 1.5366486766565977], [30.29607468172938, 1.5366885955331473], [30.29628202195107, 1.5367342859582134], [30.29648930093059, 1.536740098771242], [30.296669175391703, 1.5367643592396973], [30.296827774479176, 1.536828530416075], [30.296989610024607, 1.537015396981248], [30.29713609215165, 1.5371286670908413], [30.29729168554738, 1.5372204504118903], [30.297538801415566, 1.537364238984316], [30.297651589761262, 1.5373701985383923], [30.29770984607057, 1.5373361351672534], [30.29776731308445, 1.5373025333046448], [30.29789368496081, 1.537234255259791], [30.29789827206882, 1.537231776869617], [30.29795596960183, 1.5372119936257254], [30.298173831989498, 1.5372392587182042], [30.298350224659455, 1.5373246869446797], [30.298429623756423, 1.5374421554277282], [30.298554447889877, 1.5374778367066595], [30.29877027822709, 1.5374515907068593]]}}, {"type": "Feature", "properties": {"OBJECTID": 468573, "arcid": 468573, "grid_code": 4, "from_node": 469463, "to_node": 469462, "Shape_Leng": 9.9990669433, "Type": "Thalweg", "Nme": ""}, "geometry": {"type": "LineString", "coordinates": [[30.2990317267158, 1.5262563653845596], [30.298941936485196, 1.5262562518374752], [30.298852146261293, 1.5262561382866267], [30.29876224320385, 1.5263463875875185], [30.298672452989567, 1.526346274022417], [30.29858254992757, 1.5264365232954673], [30.298492646858108, 1.526526772551266], [30.29840285665641, 1.526526658961419], [30.29831295358242, 1.5266169081893732], [30.298223050500955, 1.5267071574000581], [30.298133260311843, 1.5267070437854635], [30.29804335722584, 1.5267972929683347], [30.297953454132347, 1.5268875421339165], [30.29786355103138, 1.5269777912822096], [30.297773647922934, 1.5270680404131454], [30.297683857752315, 1.527067926752813]]}}, {"type": "Feature", "properties": {"OBJECTID": 468573, "arcid": 468573, "grid_code": 4, "from_node": 469463, "to_node": 469462, "Shape_Leng": 9.9990669433, "Type": "Thalweg", "Nme": ""}, "geometry": {"type": "LineString", "coordinates": [[30.302383597547227, 1.5023143330652209], [30.302473387048583, 1.502314444689253], [30.30256317655661, 1.5023145563095797], [30.302652966071324, 1.5023146679262025], [30.302742755592718, 1.5023147795391207], [30.30283254512079, 1.5023148911483348], [30.302922334655534, 1.502315002753844], [30.303012124196982, 1.5023151143556492], [30.303101913745067, 1.5023152259537498], [30.30319170329985, 1.5023153375481457], [30.303281492861306, 1.5023154491388373], [30.30337117154936, 1.502405923946281], [30.303460961127847, 1.5024060355362783], [30.303550750713015, 1.5024061471225707], [30.303640540304865, 1.5024062587051588], [30.30373032990339, 1.5024063702840416], [30.303820119508593, 1.5024064818592202], [30.303909798255763, 1.5024969566913347], [30.303999587878, 1.5024970682658167], [30.30408937750691, 1.5024971798365945], [30.304179056282162, 1.5025876546843804], [30.304268845928092, 1.5025877662544602], [30.304358524721078, 1.5026782411148574], [30.30444820352142, 1.5027687159849408], [30.304537993194742, 1.5027688275573292], [30.304627672012806, 1.5028593024400034], [30.304717350838224, 1.5029497773323623], [30.304807140538937, 1.5029498889070565], [30.304896930246326, 1.502950000478045], [30.304986609099828, 1.503040475385996], [30.305076398824255, 1.5030405869562826], [30.30516607769546, 1.5031310618769043]]}}, {"type": "Feature", "properties": {"OBJECTID": 468573, "arcid": 468573, "grid_code": 4, "from_node": 469463, "to_node": 469462, "Shape_Leng": 9.9990669433, "Type": "Thalweg", "Nme": ""}, "geometry": {"type": "LineString", "coordinates": [[30.30417294868531, 1.5075576349948316], [30.304262738534064, 1.5075577469341055], [30.304352528389497, 1.5075578588696628], [30.304442318251613, 1.507557970801502], [30.304532108120398, 1.5075580827296235], [30.30525042731092, 1.5075589780207712], [30.305340217239767, 1.5075590899154365], [30.305430007175268, 1.507559201806384], [30.305519797117487, 1.5075593136936143], [30.305609587066332, 1.507559425577127], [30.30569926585055, 1.5076499008470539], [30.305789055816444, 1.5076500127298402], [30.305909267090303, 1.507861767229664]]}}, {"type": "Feature", "properties": {"OBJECTID": 468573, "arcid": 468573, "grid_code": 4, "from_node": 469463, "to_node": 469462, "Shape_Leng": 9.9990669433, "Type": "Thalweg", "Nme": ""}, "geometry": {"type": "LineString", "coordinates": [[30.305416093762144, 1.54027388951742], [30.305776922907583, 1.5405244526183892], [30.30606242736122, 1.5407312856834474], [30.30604925857837, 1.5407575788510037], [30.3060862481104, 1.5407671237047138], [30.306110493422345, 1.5410780046820098], [30.30630094879622, 1.5412929583869945], [30.30650687846742, 1.5412687195180328], [30.30677597312903, 1.5411088532021937], [30.306981841130547, 1.5410447530740194], [30.307187561360006, 1.5408849859412872], [30.307290384528688, 1.5407811856419968], [30.30739671058806, 1.5407938574185183], [30.307464614508635, 1.5407490241116257], [30.307631095019072, 1.5408284864296389], [30.30773219005537, 1.5408881203125167], [30.307874865198084, 1.540941709940964], [30.30802153200369, 1.5410152239586172], [30.308029471496592, 1.541024227970098], [30.308090866032785, 1.5410270738904963], [30.308368325269583, 1.5411541959922639], [30.308534891948707, 1.5412894637773984], [30.308764906752568, 1.5414724657464254], [30.30878275230777, 1.5414863892655075], [30.30876901856784, 1.541570119463647], [30.30876124465019, 1.5416657987208786], [30.30880689959314, 1.5417334914398406], [30.308902062550445, 1.5417991135810363], [30.308975372848998, 1.5418209225125399], [30.309038961914826, 1.541791942525813], [30.309082307544397, 1.541814775901861], [30.309149713477105, 1.5418605108292103], [30.309262765123343, 1.541967959239082], [30.309279311471627, 1.5419764774209253], [30.309310700794587, 1.541992636875206], [30.3093379901006, 1.5419926716065882], [30.309427781759588, 1.5419927858828755], [30.30951757342524, 1.5419929001553607], [30.309562068278687, 1.5420377918367962], [30.309783655388937, 1.5419890672060574], [30.309878735090457, 1.5420008766671187], [30.3099263150073, 1.5420326911383806], [30.309936069679832, 1.5420837965221665], [30.309942287999892, 1.5421163747228415], [30.31002095883149, 1.542138862053244], [30.310080980564273, 1.542156018709811], [30.31024337058818, 1.5421517782028378], [30.310309380420872, 1.5421907157939252], [30.310349479876425, 1.542252261563644], [30.310381211638397, 1.5422811112351824], [30.310498068442605, 1.542287903861497], [30.31060894228623, 1.5422677995358713], [30.31068119907082, 1.5422487522463029], [30.31068253048019, 1.5422470289123387], [30.310833745388457, 1.5422823952474456], [30.31098864353812, 1.5423133198561305], [30.311058634792342, 1.542352796464774], [30.311272565436614, 1.5423803640272535], [30.311458720545154, 1.5423760861485012], [30.31157953348137, 1.5423798829073587], [30.31167275370011, 1.5423614896108468], [30.311756771931538, 1.5423726293920863], [30.31196285472247, 1.5424480425508784], [30.312161095959695, 1.5425752874462233], [30.31220364178685, 1.5426288647260662], [30.312347621214272, 1.5428101757260964], [30.31282332121514, 1.5430645408622978], [30.31308890348125, 1.5431956658987012], [30.313318899638073, 1.5433667077745772], [30.313541060547575, 1.543593567373205], [30.31379873341473, 1.5437326767129735], [30.31398110647585, 1.5438440014217119], [30.3143498320032, 1.5440786027363902], [30.31457591680127, 1.544281539032343], [30.314635366925884, 1.5443053622791567], [30.31477040743708, 1.5445443164116395], [30.315056084710857, 1.5448627558133856]]}}, {"type": "Feature", "properties": {"OBJECTID": 468573, "arcid": 468573, "grid_code": 4, "from_node": 469463, "to_node": 469462, "Shape_Leng": 9.9990669433, "Type": "Thalweg", "Nme": ""}, "geometry": {"type": "LineString", "coordinates": [[30.306672078086166, 1.5115358612721088], [30.306625997264113, 1.5111851517983195], [30.306617876433442, 1.5110536216926231], [30.306653415371645, 1.510981816716933], [30.306732565784497, 1.5109378478448978], [30.30688301732253, 1.5108977557926109], [30.307017547033965, 1.5108058683798167], [30.307132124322926, 1.5107240493886862], [30.307132124322926, 1.510724049388686], [30.30731443483111, 1.5106898152389054], [30.307405528032955, 1.510685689433734], [30.30754807588162, 1.5106575679219767], [30.307702494141765, 1.5106214559397062], [30.308011366789017, 1.5105731487154144], [30.30828062496975, 1.5105209160957165], [30.308320726022963, 1.5105235903964345], [30.308389521547433, 1.51045452700203], [30.308479423091374, 1.5103642753856412]]}}, {"type": "Feature", "properties": {"OBJECTID": 468573, "arcid": 468573, "grid_code": 4, "from_node": 469463, "to_node": 469462, "Shape_Leng": 9.9990669433, "Type": "Thalweg", "Nme": ""}, "geometry": {"type": "LineString", "coordinates": [[30.306567257091142, 1.5393273760740875], [30.306955387532877, 1.5393028529897528]]}}, {"type": "Feature", "properties": {"OBJECTID": 468573, "arcid": 468573, "grid_code": 4, "from_node": 469463, "to_node": 469462, "Shape_Leng": 9.9990669433, "Type": "Thalweg", "Nme": ""}, "geometry": {"type": "LineString", "coordinates": [[30.307130711540417, 1.5122985028208207], [30.307309811070628, 1.5122604531108272], [30.307399601345246, 1.5122605652686427], [30.307489391626536, 1.5122606774227296], [30.307579181914488, 1.512260789573087], [30.30766908363916, 1.5121705381863046], [30.307758873936734, 1.5121706503225], [30.30784866424099, 1.5121707624549663], [30.307938565964147, 1.5120805110301316], [30.30802835627802, 1.5120806231484376], [30.30811825799672, 1.5119903716959011], [30.30813152470889, 1.511990016246902], [30.308158020389968, 1.5119481393312624], [30.308308441508075, 1.5118881164733013], [30.308466808430882, 1.511844025949357], [30.30869262427603, 1.5118755683588305], [30.308906563622156, 1.5119111150919982], [30.309053174833842, 1.5119507512885353], [30.309092194377577, 1.511964277232412], [30.309156210842165, 1.5119864682421336], [30.309318635136233, 1.5120061494829113], [30.309540369116426, 1.511957975480586], [30.309558364726986, 1.5119517870690837], [30.309787902821604, 1.511945636985894]]}}, {"type": "Feature", "properties": {"OBJECTID": 468573, "arcid": 468573, "grid_code": 4, "from_node": 469463, "to_node": 469462, "Shape_Leng": 9.9990669433, "Type": "Thalweg", "Nme": ""}, "geometry": {"type": "LineString", "coordinates": [[30.308692680222574, 1.5552753177805008], [30.30869279478016, 1.5551849542071015], [30.308603346264682, 1.5549137482212325], [30.30851366866164, 1.5548232693920039], [30.308513783193522, 1.5547329058315449], [30.308513897718743, 1.554642542271016], [30.308424220117622, 1.5545520634644705], [30.307886269169366, 1.5539188273101463], [30.307796591618697, 1.5538283485766624], [30.307706799582807, 1.5538282333537132], [30.30761712205023, 1.5537377546325755], [30.307527330031455, 1.5537376394086673], [30.307437652516967, 1.5536471606998772], [30.30734797501009, 1.5535566820006133], [30.307258297510824, 1.5534662033107918], [30.307258183018952, 1.5535565667786206], [30.307258068520415, 1.5536469302463143], [30.307257954015206, 1.5537372937139544], [30.307257839503336, 1.5538276571814926], [30.307167932985124, 1.5539179053962833], [30.307167818456104, 1.5540082688569603], [30.307077911919755, 1.5540985170476478], [30.307077797373594, 1.554188880501447], [30.306987890819176, 1.5542791286680468], [30.30698777625587, 1.554369492114935], [30.30689786968335, 1.5544597402574112], [30.306807963103214, 1.5545499883825062], [30.306807848512282, 1.5546403518157577], [30.306807733914685, 1.5547307152489063], [30.30680750469948, 1.5549114421149448], [30.306807390081875, 1.555001805547869], [30.306807275457597, 1.5550921689806563], [30.30689695285301, 1.5551826477752664], [30.306986630256038, 1.5552731265793176]]}}, {"type": "Feature", "properties": {"OBJECTID": 468573, "arcid": 468573, "grid_code": 4, "from_node": 469463, "to_node": 469462, "Shape_Leng": 9.9990669433, "Type": "Thalweg", "Nme": ""}, "geometry": {"type": "LineString", "coordinates": [[30.30944374278388, 1.5135366300155135], [30.309281142941995, 1.5134013516169798], [30.30889703273623, 1.5134617338588774], [30.308386605001036, 1.513805325479704], [30.30826013038308, 1.513984895769591], [30.3081494688695, 1.5141445111313498], [30.308058617603756, 1.5143080822019337], [30.308013115631066, 1.5144424654964819], [30.307935555494, 1.514520326947802], [30.307845653490755, 1.5146105781894135], [30.30775575148008, 1.5147008294137818], [30.307665961078673, 1.5147007170898752], [30.30757605906351, 1.514790968286594]]}}, {"type": "Feature", "properties": {"OBJECTID": 468573, "arcid": 468573, "grid_code": 4, "from_node": 469463, "to_node": 469462, "Shape_Leng": 9.9990669433, "Type": "Thalweg", "Nme": ""}, "geometry": {"type": "LineString", "coordinates": [[30.30881856461335, 1.526539810276468], [30.308728661198774, 1.5266300607199437], [30.30872854874702, 1.526720424320331], [30.30863864531456, 1.526810674739786], [30.308548741874613, 1.526900925142005], [30.308548629395386, 1.5269912887287518], [30.308189015519154, 1.5273522901378536], [30.308121938943817, 1.5273488765346386]]}}, {"type": "Feature", "properties": {"OBJECTID": 468573, "arcid": 468573, "grid_code": 4, "from_node": 469463, "to_node": 469462, "Shape_Leng": 9.9990669433, "Type": "Thalweg", "Nme": ""}, "geometry": {"type": "LineString", "coordinates": [[30.309022720044226, 1.5066600380093893], [30.30883681588524, 1.5065531171126312], [30.308766486870823, 1.5064861665580396], [30.308796906646354, 1.5063538716917608], [30.30883238249148, 1.5062402127448538], [30.30888771361696, 1.5061604055370983], [30.30889154202104, 1.506072704842588], [30.308882599190706, 1.5059884354397597], [30.30887345050217, 1.5058953497630212], [30.308912920304184, 1.5058036084424866], [30.30886109867721, 1.5055844505729108], [30.308622968122954, 1.5052659241969881]]}}, {"type": "Feature", "properties": {"OBJECTID": 468573, "arcid": 468573, "grid_code": 4, "from_node": 469463, "to_node": 469462, "Shape_Leng": 9.9990669433, "Type": "Thalweg", "Nme": ""}, "geometry": {"type": "LineString", "coordinates": [[30.309782689532387, 1.5320474245884708], [30.309919063413933, 1.5319888254611431], [30.31015427593948, 1.531568511544519], [30.31088979613221, 1.5307860875375805], [30.31136079654184, 1.5304328328142514], [30.3114372089081, 1.530025880561607]]}}, {"type": "Feature", "properties": {"OBJECTID": 468573, "arcid": 468573, "grid_code": 4, "from_node": 469463, "to_node": 469462, "Shape_Leng": 9.9990669433, "Type": "Thalweg", "Nme": ""}, "geometry": {"type": "LineString", "coordinates": [[30.31188333039414, 1.503698380898836], [30.312026208121924, 1.5038894961274556], [30.312026208121924, 1.5038894961274558], [30.312168902385437, 1.5039590350378054], [30.31231346874349, 1.503956820981577], [30.312475789503605, 1.5039087394552908], [30.312588753626805, 1.503962379298725], [30.312810687958752, 1.50404774141494], [30.313006771732052, 1.5040633860333166], [30.313192941429737, 1.5040710735654397], [30.31332373512675, 1.504128672156771], [30.31351009439257, 1.5042619218350086], [30.313781677080595, 1.5044388882711728], [30.31415209905584, 1.5044961200941744], [30.31434616006301, 1.5044838648258747], [30.314453149757828, 1.5045155899595954], [30.314544344444275, 1.5045792281030415], [30.31469896608135, 1.5046786441051176], [30.314857379834503, 1.5046664433213943], [30.315087322824922, 1.5048095910964319], [30.315317211578776, 1.5049168639351729], [30.31555903693364, 1.5050599933393785], [30.315737495627673, 1.5052072057994799], [30.315816886295753, 1.5053226811348328], [30.315807363163884, 1.5053620750820034], [30.31584834101115, 1.5054034163809844]]}}, {"type": "Feature", "properties": {"OBJECTID": 468573, "arcid": 468573, "grid_code": 4, "from_node": 469463, "to_node": 469462, "Shape_Leng": 9.9990669433, "Type": "Thalweg", "Nme": ""}, "geometry": {"type": "LineString", "coordinates": [[30.311397456871838, 1.52022557186805], [30.31189658307277, 1.5202646619134021], [30.312293104474254, 1.5205510494891719], [30.312506837080583, 1.5210322495258262], [30.312506725198524, 1.5211226134126907], [30.31259640433867, 1.5212130899035192], [30.31259629244703, 1.5213034537968904], [30.312685971591705, 1.5213939303038926], [30.312685859690486, 1.5214842942038376], [30.312775538839684, 1.5215747707269431], [30.313403293092954, 1.5222081066561353], [30.313492972301827, 1.5222985832555949], [30.313760777933847, 1.522614581569143]]}}, {"type": "Feature", "properties": {"OBJECTID": 468573, "arcid": 468573, "grid_code": 4, "from_node": 469463, "to_node": 469462, "Shape_Leng": 9.9990669433, "Type": "Thalweg", "Nme": ""}, "geometry": {"type": "LineString", "coordinates": [[30.313597146703437, 1.5106417435824209], [30.313686937377547, 1.5106418553587926], [30.313776728058308, 1.5106419671314395], [30.31386662980036, 1.5105517149033936], [30.31395642049071, 1.5105518266619016], [30.314046322228336, 1.5104615744062735], [30.31413611292829, 1.510461686150643], [30.31422601466141, 1.5103714338674008], [30.31431580537097, 1.5103715455976339], [30.3144055960872, 1.5103716573241421], [30.314495497818832, 1.5102814050029258], [30.314585288544638, 1.510281516715298], [30.314675079277098, 1.5102816284239466], [30.314764870016205, 1.5102817401288702], [30.31485477174929, 1.5101914877592229], [30.31575367778927, 1.5093793272564222], [30.316218754749897, 1.5091447348391087]]}}, {"type": "Feature", "properties": {"OBJECTID": 468573, "arcid": 468573, "grid_code": 4, "from_node": 469463, "to_node": 469462, "Shape_Leng": 9.9990669433, "Type": "Thalweg", "Nme": ""}, "geometry": {"type": "LineString", "coordinates": [[30.31428946788085, 1.4997225463873534], [30.314527193221277, 1.4997740031450668], [30.314721313834585, 1.4998016097438542], [30.314955102326998, 1.4998690168378166], [30.315149246894176, 1.499912567746382], [30.31535919853577, 1.4999321778793921], [30.315556892620904, 1.499981199143381], [30.315854482724337, 1.500054991126733], [30.316009055380103, 1.5001225188878917], [30.316127974978944, 1.5001861149474307], [30.31632207130891, 1.50019777691663], [30.31649237888258, 1.5001935307921275], [30.316615235187523, 1.5002411763822578], [30.316663023592923, 1.500254214496334], [30.31675231800121, 1.5004344971816552]]}}, {"type": "Feature", "properties": {"OBJECTID": 468573, "arcid": 468573, "grid_code": 4, "from_node": 469463, "to_node": 469462, "Shape_Leng": 9.9990669433, "Type": "Thalweg", "Nme": ""}, "geometry": {"type": "LineString", "coordinates": [[30.314311915615235, 1.5135342866177044], [30.31440170646113, 1.513534398578274], [30.314491386065487, 1.5136248745761], [30.314581176928375, 1.513624986535892], [30.314670967797902, 1.513625098491952], [30.314760758674083, 1.5136252104442791], [30.31485054955692, 1.5136253223928737], [30.31520971315472, 1.5136257701499274], [30.31529939284935, 1.5137162461809897], [30.31538907255141, 1.5138067222215554], [30.31547875226089, 1.5138971982717075], [30.315568431977795, 1.5139876743313954], [30.31565822293529, 1.5139877862731348], [30.315747902669962, 1.5140782623453422], [30.31583769364446, 1.5140783742862987], [30.315927373396907, 1.5141688503710236], [30.31601705315678, 1.5142593264652477], [30.316106732924087, 1.5143498025690703], [30.316196412698808, 1.5144402786823914], [30.31628609248093, 1.5145307548052593], [30.316375772270476, 1.5146212309377085], [30.316375661020462, 1.514711595118089], [30.3164653408145, 1.5148020712666823], [30.316465229554915, 1.5148924354535611], [30.316554909353474, 1.514982911618315], [30.31664458915943, 1.515073387792613], [30.31727234800908, 1.5157067212796673], [30.31727179147961, 1.5161585425098207]]}}, {"type": "Feature", "properties": {"OBJECTID": 468573, "arcid": 468573, "grid_code": 4, "from_node": 469463, "to_node": 469462, "Shape_Leng": 9.9990669433, "Type": "Thalweg", "Nme": ""}, "geometry": {"type": "LineString", "coordinates": [[30.316449363230205, 1.527724149140441], [30.316449251020426, 1.527814513315334], [30.31635934721277, 1.527904764552916], [30.316359234985967, 1.5279951287209073], [30.31626933116045, 1.5280853799344871], [30.316179427327434, 1.5281756311308325], [30.31608952348692, 1.5282658823099757], [30.31546019639358, 1.5288976400817047], [30.315460084056213, 1.5289880041819628], [30.315459971712194, 1.529078368282103], [30.315459859361532, 1.5291687323822092], [30.31545974700422, 1.5292590964822306], [30.31545963464026, 1.5293494605821163], [30.315459522269652, 1.5294398246819179], [30.315459409892405, 1.529530188781686], [30.315369505919197, 1.5296204397756326], [30.315279601938496, 1.5297106907523865], [30.315279489533808, 1.5298010548384966], [30.315189585535226, 1.5298913057912529], [30.315189473113488, 1.529981669870542], [30.315189360685103, 1.5300720339496956], [30.315139196972655, 1.5304752846828216], [30.31516542664482, 1.5307096765300199]]}}, {"type": "Feature", "properties": {"OBJECTID": 468573, "arcid": 468573, "grid_code": 4, "from_node": 469463, "to_node": 469462, "Shape_Leng": 9.9990669433, "Type": "Thalweg", "Nme": ""}, "geometry": {"type": "LineString", "coordinates": [[30.315955278811437, 1.538198327865243], [30.31599482648977, 1.5382007977112084], [30.31607225023471, 1.5382798598089444], [30.31621907900659, 1.5384590044005695], [30.316266460479966, 1.5384874286350751], [30.31628586777405, 1.5385070088093142], [30.316237531439373, 1.5388655575605121], [30.31620222278683, 1.5390848482811836], [30.316250116749526, 1.5393199530761004], [30.316444568498095, 1.5395588143172436], [30.316575584992837, 1.539757913887616], [30.31669065942664, 1.539893260837093], [30.316793795801193, 1.5399927515951166], [30.317031767728604, 1.5401996555271864], [30.317133434628314, 1.5403366035072013], [30.317170687555304, 1.5403867841791299], [30.31726611212964, 1.5406218141129113], [30.317354158409916, 1.5412076318365822], [30.31721185178625, 1.5413912154510214], [30.317094776785815, 1.5415094042532431], [30.317006208544584, 1.5415988150668287], [30.316832140931123, 1.5417346154686982], [30.316788722356105, 1.5418663855326193], [30.31650008992987, 1.5421616489288634]]}}, {"type": "Feature", "properties": {"OBJECTID": 468573, "arcid": 468573, "grid_code": 4, "from_node": 469463, "to_node": 469462, "Shape_Leng": 9.9990669433, "Type": "Thalweg", "Nme": ""}, "geometry": {"type": "LineString", "coordinates": [[30.316589921398048, 1.5520141429122867], [30.316309218353815, 1.5523474254590945], [30.31621029280254, 1.5524093662607894], [30.316148991392424, 1.5524835855997206], [30.31605908474888, 1.5525738349581641], [30.316058970696517, 1.552664199082843], [30.315969178097703, 1.552664084299293], [30.315879385505546, 1.552663969511914], [30.31578959292004, 1.5526638547207061], [30.31569968626696, 1.552754104023578], [30.31560989369095, 1.5527539892180282], [30.31552010112158, 1.5527538744086495]]}}, {"type": "Feature", "properties": {"OBJECTID": 468573, "arcid": 468573, "grid_code": 4, "from_node": 469463, "to_node": 469462, "Shape_Leng": 9.9990669433, "Type": "Thalweg", "Nme": ""}, "geometry": {"type": "LineString", "coordinates": [[30.316130824876762, 1.4946504135688674], [30.31620819227188, 1.494572741778346], [30.31623048051789, 1.4946054190620095], [30.316408840947396, 1.4946888558393057], [30.316606963304988, 1.4947443598196237], [30.316769360865663, 1.494748098847557], [30.316979263675705, 1.494735821195643], [30.317185223635974, 1.4947355078153461], [30.317240298439888, 1.4947169390440092], [30.317304034693013, 1.4947273548378812], [30.317529804406842, 1.4947309973774412], [30.31775949889868, 1.49471071735823], [30.31800503639179, 1.4946904132121532], [30.3181239012546, 1.4947181349477026], [30.318242915871753, 1.4948455087288262], [30.318310404626434, 1.4949490443671163], [30.318303843372092, 1.495007042477691], [30.31836600511026, 1.49504861199765]]}}, {"type": "Feature", "properties": {"OBJECTID": 468573, "arcid": 468573, "grid_code": 4, "from_node": 469463, "to_node": 469462, "Shape_Leng": 9.9990669433, "Type": "Thalweg", "Nme": ""}, "geometry": {"type": "LineString", "coordinates": [[30.317551820302363, 1.5074839086838623], [30.317462140145977, 1.507393433034202], [30.317372349325815, 1.5073933216547626], [30.317282669187154, 1.5073028460176578], [30.317192878383963, 1.5073027346374643], [30.317103087587423, 1.507302623253554], [30.317013296797523, 1.5073025118659267], [30.316923506014277, 1.5073024004745825], [30.31683360454434, 1.5073926533000654], [30.31674370306702, 1.507482906108419], [30.31665380158231, 1.5075731588995918], [30.31656390009022, 1.5076634116736176], [30.31647399859071, 1.507753664430494], [30.316384097083834, 1.507843917170155]]}}, {"type": "Feature", "properties": {"OBJECTID": 468573, "arcid": 468573, "grid_code": 4, "from_node": 469463, "to_node": 469462, "Shape_Leng": 9.9990669433, "Type": "Thalweg", "Nme": ""}, "geometry": {"type": "LineString", "coordinates": [[30.318947681537907, 1.5439336079328039], [30.31899823204638, 1.5433276431870764], [30.318950411106393, 1.54314037224722], [30.31894460351262, 1.542908521086346], [30.31894471672623, 1.5428181567386676], [30.318913662664897, 1.542430906415619], [30.318957009416046, 1.5422873391737109], [30.318976634370784, 1.5421717118140243]]}}, {"type": "Feature", "properties": {"OBJECTID": 468573, "arcid": 468573, "grid_code": 4, "from_node": 469463, "to_node": 469462, "Shape_Leng": 9.9990669433, "Type": "Thalweg", "Nme": ""}, "geometry": {"type": "LineString", "coordinates": [[30.319150398022387, 1.5399232860031735], [30.319221764176156, 1.5399690140581554], [30.319425760544554, 1.5400421760266854], [30.319497274202508, 1.540118060080207], [30.319850048389547, 1.540284922120185], [30.32006807369585, 1.5404001763907758], [30.32029808035278, 1.540579189093345], [30.320471964592233, 1.5406493911639403], [30.32056362334759, 1.5406863964378095], [30.32066238614019, 1.5407419492236303], [30.32088869628601, 1.5408692457300235], [30.32115423303682, 1.5409724667881237], [30.321300882868837, 1.5410360137148105], [30.321315732899908, 1.5410482819624658], [30.321729980005447, 1.5414662184555568], [30.321819659565907, 1.541556696729561], [30.321818076965343, 1.5428218005957097], [30.321817850773442, 1.5430025297180778], [30.32181773766754, 1.5430928942791085]]}}, {"type": "Feature", "properties": {"OBJECTID": 468573, "arcid": 468573, "grid_code": 4, "from_node": 469463, "to_node": 469462, "Shape_Leng": 9.9990669433, "Type": "Thalweg", "Nme": ""}, "geometry": {"type": "LineString", "coordinates": [[30.32237416640633, 1.5289063337795807], [30.322284262283176, 1.5289965856253414], [30.322194470215546, 1.528996472853006], [30.322104678154552, 1.5289963600769005], [30.322014886100188, 1.5289962472970247], [30.32192509405245, 1.5289961345133773], [30.321835302011344, 1.5289960217259604], [30.321745509976875, 1.5289959089347727], [30.321655717949035, 1.5289957961398144], [30.321565925927832, 1.5289956833410854], [30.321476133913254, 1.5289955705385858], [30.321386341905303, 1.528995457732316], [30.321296549903995, 1.528995344922276], [30.32120675790932, 1.528995232108465], [30.32111696592127, 1.5289951192908833], [30.32102717393986, 1.5289950064695315], [30.320937381965077, 1.528994893644409], [30.320847589996934, 1.5289947808155164], [30.320757798035423, 1.5289946679828526], [30.320668006080524, 1.5289945551464188], [30.32030883832736, 1.5289941037629777], [30.32021915854447, 1.5289036264534528], [30.320129478769065, 1.5288131491534354], [30.32003968686812, 1.5288130363039547], [30.31995000711059, 1.5287225590163163], [30.319860215226683, 1.5287224461659692], [30.319770423349393, 1.528722333311852], [30.319680631478743, 1.5287222204539652], [30.31959083961473, 1.5287221075923085]]}}, {"type": "Feature", "properties": {"OBJECTID": 468573, "arcid": 468573, "grid_code": 4, "from_node": 469463, "to_node": 469462, "Shape_Leng": 9.9990669433, "Type": "Thalweg", "Nme": ""}, "geometry": {"type": "LineString", "coordinates": [[30.319583198175913, 1.53486688712183], [30.319852574553575, 1.5348672270570294], [30.319929066864034, 1.53486732357905], [30.32021447277312, 1.5345399071969288], [30.320463641849752, 1.5343043387940867], [30.32066937099304, 1.5341525460829977], [30.32076027308677, 1.5340248494008852], [30.320866876977806, 1.533805448356857], [30.320941935777203, 1.5336777764866318], [30.32106075432561, 1.5336736046928345], [30.321127897617153, 1.5335499313011631], [30.321151484169533, 1.5334342981536735], [30.32125028944348, 1.5332946309937339], [30.32147596398794, 1.5332344871502874], [30.321788887219718, 1.533245956324379], [30.32204226889647, 1.5331738109361273], [30.322271947110604, 1.5331415633457524], [30.32245809319797, 1.533133300232429], [30.32271161002854, 1.5331488482236624], [30.32285513108999, 1.5331585839065935], [30.32302486611785, 1.5331700977903169], [30.323183057720218, 1.533219860435773]]}}, {"type": "Feature", "properties": {"OBJECTID": 468573, "arcid": 468573, "grid_code": 4, "from_node": 469463, "to_node": 469462, "Shape_Leng": 9.9990669433, "Type": "Thalweg", "Nme": ""}, "geometry": {"type": "LineString", "coordinates": [[30.32543291153977, 1.5242111935982792], [30.32534311943848, 1.5242110813109002], [30.325253215759197, 1.5243013338517437], [30.325163312072444, 1.5243915863753728], [30.325073519983555, 1.5243914740633964], [30.324983727901255, 1.5243913617476603], [30.324893935825607, 1.524391249428165], [30.324804143756577, 1.5243911371049113], [30.324175599458876, 1.524390350736874], [30.324085695796448, 1.5244806031287534], [30.323995903783306, 1.5244804907650031], [30.323906000116292, 1.5245707431292395], [30.323816208112664, 1.5245706307513063], [30.32372630444107, 1.5246608830879809], [30.323636512446967, 1.5246607706958635], [30.323546608770783, 1.5247510230049244], [30.323276897697397, 1.5250217798290937], [30.323221802570824, 1.5250770885486746], [30.32320863320597, 1.5253931710689659], [30.323129931545566, 1.52572812345125], [30.32309886983017, 1.5261347510228482], [30.32282195672632, 1.5263584020079235], [30.32232439863337, 1.5266097365049003], [30.321837654117523, 1.5270983656477788]]}}, {"type": "Feature", "properties": {"OBJECTID": 468573, "arcid": 468573, "grid_code": 4, "from_node": 469463, "to_node": 469462, "Shape_Leng": 9.9990669433, "Type": "Thalweg", "Nme": ""}, "geometry": {"type": "LineString", "coordinates": [[30.32227257260673, 1.5383945043581628], [30.322272685348935, 1.5383041397593256], [30.322362590542077, 1.5382138886090955], [30.322515347056935, 1.5381422098871858], [30.32259424261567, 1.5379348103727584], [30.32270091950363, 1.5377632419801721], [30.32296996544845, 1.537575474757744], [30.323173392439546, 1.5372164094550413], [30.323125720685656, 1.5371248045625072]]}}, {"type": "Feature", "properties": {"OBJECTID": 468573, "arcid": 468573, "grid_code": 4, "from_node": 469463, "to_node": 469462, "Shape_Leng": 9.9990669433, "Type": "Thalweg", "Nme": ""}, "geometry": {"type": "LineString", "coordinates": [[30.324101056434856, 1.545405325257731], [30.324187917806203, 1.5454874798814522], [30.32464770080563, 1.5454363519570706], [30.325020378774596, 1.5456669559540936], [30.325313976764868, 1.545985377812939], [30.325607574857123, 1.5463037994392503], [30.32567145745776, 1.5466305555515], [30.32567286875239, 1.5468919661166098], [30.325673850607302, 1.5470738386471206], [30.325673850607302, 1.547073838647356], [30.325673850607302, 1.5470738386473573], [30.3257635304496, 1.5471643174549603], [30.32576341720546, 1.5472546823052833], [30.3257633039547, 1.5473450471555545], [30.325763190697316, 1.5474354120057237], [30.32576307743331, 1.5475257768557902], [30.325762964162685, 1.5476161417058045], [30.325762850885436, 1.5477065065557165], [30.325762737601565, 1.54779687140556], [30.32576262431107, 1.5478872362553349], [30.325911388285174, 1.5480930604961742]]}}, {"type": "Feature", "properties": {"OBJECTID": 468573, "arcid": 468573, "grid_code": 4, "from_node": 469463, "to_node": 469462, "Shape_Leng": 9.9990669433, "Type": "Thalweg", "Nme": ""}, "geometry": {"type": "LineString", "coordinates": [[30.3279823508785, 1.5451979075616473], [30.328099780237046, 1.5448357758855018], [30.328056535230644, 1.5445101968012869], [30.328067983137544, 1.5442311552187165], [30.328091400446866, 1.5440078994720776], [30.328086107379377, 1.5438074014744723], [30.328012654464146, 1.5437332946098963], [30.32801276735546, 1.5436429295897796], [30.327923087142544, 1.5435524509673089], [30.327833406937184, 1.5434619723543048], [30.327743726739396, 1.5433714937506835], [30.327654046549164, 1.5432810151564968], [30.32765415942252, 1.54319065016262], [30.327564479237026, 1.543100171584403], [30.327564592100927, 1.5430098065970104], [30.32750357463407, 1.5429644805307106], [30.32747502477458, 1.5428289630538568]]}}, {"type": "Feature", "properties": {"OBJECTID": 468573, "arcid": 468573, "grid_code": 4, "from_node": 469463, "to_node": 469462, "Shape_Leng": 9.9990669433, "Type": "Thalweg", "Nme": ""}, "geometry": {"type": "LineString", "coordinates": [[30.32826578354201, 1.5287385626696526], [30.32812717081907, 1.5289687070575333], [30.327921723685062, 1.5290819002707632], [30.327854728348342, 1.5293012377265194], [30.327680656517263, 1.5294330493070245], [30.327530324799643, 1.5295488796288728], [30.32730080798523, 1.529684763924505], [30.32708311200909, 1.5297807692481222], [30.327150697517155, 1.529944091917039], [30.327368909963223, 1.5301829142484562], [30.327432368713882, 1.5302386198424367], [30.32749056787858, 1.53033222912416], [30.327642813428575, 1.530577105460866], [30.3277027113097, 1.5308919099627059], [30.327770260118683, 1.5310313161768971], [30.327952850370124, 1.5312861379619387], [30.328067977980044, 1.5314573580955118], [30.328086830218137, 1.5315030577625859], [30.32883507266026, 1.5322579511422543], [30.3288349606364, 1.5323483162329063], [30.32883473656883, 1.5325290464140071], [30.328834176284154, 1.5329808718652833]]}}, {"type": "Feature", "properties": {"OBJECTID": 468573, "arcid": 468573, "grid_code": 4, "from_node": 469463, "to_node": 469462, "Shape_Leng": 9.9990669433, "Type": "Thalweg", "Nme": ""}, "geometry": {"type": "LineString", "coordinates": [[30.32878473200184, 1.5390337135240106], [30.328854836790992, 1.539019259921197], [30.3288530232362, 1.5389686284198916], [30.3289778620254, 1.5388856120408938], [30.32929475705713, 1.5388237656169166], [30.32960258421796, 1.5388110119973712], [30.329701927420622, 1.5388446137891085], [30.329828253904587, 1.5388873423876024], [30.33004494633477, 1.5390710461273618], [30.330176204816347, 1.5391966034056166], [30.330368432445137, 1.5393281995411587], [30.3305882586906, 1.5395671114135818], [30.330844584476914, 1.5397568872161278], [30.331070316713564, 1.539972024064613], [30.331070241827206, 1.5400321801107548], [30.331070129328857, 1.5401225453603755], [30.33115981001317, 1.5402130238329999], [30.33115969750538, 1.5403033890890967], [30.33115958499098, 1.540393754345058], [30.331159472469974, 1.5404841196009675], [30.33115936713212, 1.540568711282981], [30.331135434706873, 1.5405876961564913], [30.3313980856779, 1.5409246969481847], [30.331492897496407, 1.541133131040969], [30.331618456448012, 1.5415132912226572], [30.331832354453063, 1.5418595706035292], [30.332110293591295, 1.5422272206334244], [30.33236715982113, 1.5427636107118994], [30.33242408743584, 1.5431101371865725], [30.33246415808195, 1.5433968759134264], [30.33247344782475, 1.5434904169695844], [30.332445418950137, 1.543596286535555], [30.3324355552718, 1.5436254857701381], [30.332412637424962, 1.5436484917636812], [30.332322731289878, 1.5437387436805265], [30.332232825147226, 1.5438289955801427], [30.332142918997015, 1.5439192474626142]]}}, {"type": "Feature", "properties": {"OBJECTID": 468573, "arcid": 468573, "grid_code": 4, "from_node": 469463, "to_node": 469462, "Shape_Leng": 9.9990669433, "Type": "Thalweg", "Nme": ""}, "geometry": {"type": "LineString", "coordinates": [[30.3309158879498, 1.5270303914093855], [30.330907345004107, 1.5265675325222952], [30.330907456518627, 1.5264771672732553], [30.330907568026532, 1.5263868020241818], [30.330907902510617, 1.5261157062763708], [30.330908013992094, 1.5260253410269433], [30.33090812546696, 1.5259349757774145], [30.330908236935215, 1.5258446105278347], [30.330998140971857, 1.5257543574454404], [30.331627469019082, 1.525122585388985], [30.331628359865107, 1.5243996629584204], [30.33162847119113, 1.5243092976542436]]}}, {"type": "Feature", "properties": {"OBJECTID": 468573, "arcid": 468573, "grid_code": 4, "from_node": 469463, "to_node": 469462, "Shape_Leng": 9.9990669433, "Type": "Thalweg", "Nme": ""}, "geometry": {"type": "LineString", "coordinates": [[30.332316409001553, 1.5487992025399455], [30.332226502276782, 1.5488894540627645], [30.332226400126157, 1.5489710736225506], [30.332105563049307, 1.5490020452320992], [30.331856356350837, 1.5492097137473635], [30.331444949650276, 1.5495412064026457], [30.330988012118095, 1.5498847295030673], [30.330736721813576, 1.550026631997554], [30.330717157816352, 1.5501801255107837], [30.330802642656632, 1.550409022492894], [30.33076457925124, 1.55051417709206]]}}, {"type": "Feature", "properties": {"OBJECTID": 468573, "arcid": 468573, "grid_code": 4, "from_node": 469463, "to_node": 469462, "Shape_Leng": 9.9990669433, "Type": "Thalweg", "Nme": ""}, "geometry": {"type": "LineString", "coordinates": [[30.3335122244011, 1.525847862045135], [30.33349807217156, 1.5258049572923778], [30.333587961547043, 1.52544775167929], [30.333607581087428, 1.5253281402139713], [30.333682712642524, 1.5252483024161467], [30.333726133579916, 1.5251525699955497], [30.33354751271561, 1.5249017288931277], [30.333543410755855, 1.524810056635419], [30.333705550050745, 1.5246463765703895], [30.33391130672697, 1.5245145167338363], [30.334037762350274, 1.5243269762452158], [30.33408492313112, 1.524087741111154], [30.33422713586853, 1.5238443717698464], [30.33417917733943, 1.5235654247271593], [30.33388578723834, 1.5233745527651825], [30.333703163301752, 1.5230958154318415], [30.333552225478385, 1.5228170286168798], [30.33344095657421, 1.5225780402111642], [30.333336798544078, 1.5224685658732866], [30.33333686594484, 1.5224137515406257]]}}, {"type": "Feature", "properties": {"OBJECTID": 468573, "arcid": 468573, "grid_code": 4, "from_node": 469463, "to_node": 469462, "Shape_Leng": 9.9990669433, "Type": "Thalweg", "Nme": ""}, "geometry": {"type": "LineString", "coordinates": [[30.334667949016605, 1.5424962826003805], [30.33506285957613, 1.5417462870846184], [30.33528884300074, 1.5413929802848294], [30.335289405001497, 1.540941152481391], [30.33528951738185, 1.5408507869204349], [30.335199836239923, 1.5407603082711971], [30.33519994861086, 1.5406699427166888], [30.335110267473674, 1.5405794640833386], [30.335110379835186, 1.5404890985353465], [30.335020698702717, 1.5403986199179516], [30.334931017577798, 1.540308141309979], [30.33493112992706, 1.5402177757749538], [30.334841336460425, 1.5402176627113449], [30.334751543000397, 1.5402175496439376], [30.334661749546964, 1.5402174365727321], [30.334571956100127, 1.540217323497728], [30.334482275021433, 1.540126844917051], [30.334392593950284, 1.5400363663457155], [30.334302912886688, 1.5399458877838232]]}}, {"type": "Feature", "properties": {"OBJECTID": 468573, "arcid": 468573, "grid_code": 4, "from_node": 469463, "to_node": 469462, "Shape_Leng": 9.9990669433, "Type": "Thalweg", "Nme": ""}, "geometry": {"type": "LineString", "coordinates": [[30.336631472482907, 1.5448285718668702], [30.33672137887779, 1.5447383195293183], [30.337260817088072, 1.5441968051437411], [30.337261829662573, 1.5433835138063952], [30.337261942137882, 1.5432931481018268], [30.337351848376002, 1.5432028955770511], [30.33735196083434, 1.5431125298656647], [30.337352073286088, 1.5430221641542272], [30.3374419794959, 1.5429319115988174], [30.337442091930683, 1.5428415458805786], [30.337531998122564, 1.5427512933013035], [30.337621904306882, 1.5426610407048948], [30.33762201671432, 1.5425706749731234], [30.337711922880697, 1.542480422352851], [30.337712260032344, 1.5422093251368814]]}}, {"type": "Feature", "properties": {"OBJECTID": 468573, "arcid": 468573, "grid_code": 4, "from_node": 469463, "to_node": 469462, "Shape_Leng": 9.9990669433, "Type": "Thalweg", "Nme": ""}, "geometry": {"type": "LineString", "coordinates": [[30.33709904087211, 1.5298284327616658], [30.337009136175617, 1.5299186862491463], [30.33700902466489, 1.530009051946419], [30.337008852810673, 1.5301483081424936], [30.33697971633317, 1.5301638901684298], [30.33684539611221, 1.5303873174753402], [30.336711569411, 1.530929625300542], [30.336656933356096, 1.5314558650206391], [30.336507313459638, 1.532030085984911], [30.33638127308383, 1.5324846896084294], [30.335993884401177, 1.5329795636814585], [30.335954758598977, 1.5332905345283037], [30.3360585045911, 1.5337846379213878], [30.336225338709994, 1.5340952853047825], [30.336305023804375, 1.5343980974450178], [30.336167005989015, 1.5355086692917497]]}}, {"type": "Feature", "properties": {"OBJECTID": 468573, "arcid": 468573, "grid_code": 4, "from_node": 469463, "to_node": 469462, "Shape_Leng": 9.9990669433, "Type": "Thalweg", "Nme": ""}, "geometry": {"type": "LineString", "coordinates": [[30.33907081250234, 1.532812973422513], [30.33898090740203, 1.532903226917387], [30.338891113943646, 1.532903114561455], [30.33880132049185, 1.5329030022017422], [30.338711527046645, 1.5329028898382493], [30.338621621947322, 1.5329931432847839], [30.338531828511545, 1.532993030907103], [30.338442035082352, 1.5329929185256408], [30.338352241659745, 1.5329928061403986], [30.338262336561403, 1.5330830595385376], [30.33817254314824, 1.5330829471391059], [30.338082749741634, 1.5330828347358931], [30.337992956341644, 1.5330827223288996], [30.337903162948237, 1.5330826099181256], [30.33781325785375, 1.5331728632575379], [30.337633447642162, 1.533353369884972]]}}, {"type": "Feature", "properties": {"OBJECTID": 468573, "arcid": 468573, "grid_code": 4, "from_node": 469463, "to_node": 469462, "Shape_Leng": 9.9990669433, "Type": "Thalweg", "Nme": ""}, "geometry": {"type": "LineString", "coordinates": [[30.34193111480313, 1.5433893948016937], [30.341841320690175, 1.5433892818026895], [30.341213435838466, 1.5428462947251902], [30.341123754074054, 1.5427558157454355], [30.341033960046815, 1.5427557027585235], [30.340944166026162, 1.542755589767807], [30.340854484290034, 1.5426651108030547], [30.34076469028633, 1.5426649978113507], [30.340675008568134, 1.5425745188587867], [30.340585326857486, 1.5424840399155606], [30.340495532881103, 1.5424839269256883], [30.340405738911304, 1.5424838139320116], [30.340315944948095, 1.5424837009345314], [30.340226150991445, 1.5424835879332468], [30.34022603870022, 1.5425739538572902], [30.34031572036662, 1.5426644327957628], [30.3405847654111, 1.5429358696673507], [30.34067444710773, 1.5430263486432791], [30.340764128811905, 1.5431168276285108], [30.340764016497264, 1.5432071935916938], [30.34076390417604, 1.5432975595547582], [30.340763791848225, 1.5433879255177534]]}}, {"type": "Feature", "properties": {"OBJECTID": 474881, "arcid": 474881, "grid_code": 5, "from_node": 475219, "to_node": 475703, "Shape_Leng": 14.1408160843, "Type": "Thalweg", "Nme": ""}, "geometry": {"type": "LineString", "coordinates": [[30.306567257091142, 1.5393273760740875], [30.30627830864925, 1.5394553838132543], [30.305910480331118, 1.5398027525054978], [30.305657290394866, 1.5400024550635407], [30.30550693001427, 1.5401023434962393], [30.305479114494347, 1.5402708505667178], [30.305416093762144, 1.54027388951742], [30.30529953191324, 1.5402706219307025], [30.30520974063271, 1.5402705076069974], [30.305120062961137, 1.5401800299600645], [30.305030271697746, 1.5401799156354734], [30.304940480440987, 1.5401798013070853], [30.304850689190918, 1.5401796869748987], [30.304760897947514, 1.5401795726389145], [30.304671106710792, 1.5401794582991322], [30.304491524257376, 1.5401792296081742], [30.304401733040677, 1.540179115256998], [30.304222150627297, 1.5401788865432526], [30.304132359430632, 1.5401787721806834], [30.30377319471069, 1.5401783146924262]]}}, {"type": "Feature", "properties": {"OBJECTID": 474881, "arcid": 474881, "grid_code": 5, "from_node": 475219, "to_node": 475703, "Shape_Leng": 14.1408160843, "Type": "Thalweg", "Nme": ""}, "geometry": {"type": "LineString", "coordinates": [[30.30489826009665, 1.5018656404637643], [30.304954142052626, 1.5018095400740008], [30.304949867897893, 1.5017029385110576], [30.304957585763105, 1.5015673978239508], [30.30496142372536, 1.5014856760053623], [30.304866175037752, 1.5013602574689198], [30.304852189287963, 1.5012785627814809], [30.304901424020127, 1.5010951251335112], [30.304885059489603, 1.5007483553985508], [30.304936412482714, 1.5006565958972662], [30.304950143603772, 1.5005688798059964], [30.30489453628946, 1.5004653246544133], [30.304767610129943, 1.5003459334259843], [30.304761462295705, 1.5002084207469368], [30.30468588624017, 1.4999952769079707], [30.304638176707577, 1.4998757650905523], [30.30468162010088, 1.499791989939864], [30.30478454773382, 1.4997559580740802], [30.30481203408769, 1.4995964704390514], [30.304788107525, 1.4994888808906555], [30.30482756018073, 1.4993851811067942], [30.304973997025346, 1.4993092216685], [30.304976921366958, 1.4993081840301035], [30.305167876612085, 1.4992404277384206], [30.305199644349905, 1.4992291556483541], [30.30539355116302, 1.4991132626175756], [30.30555584915114, 1.4990492375341735], [30.305741929992468, 1.4989971347202011], [30.305927980867935, 1.498925101249325], [30.30618542222218, 1.4989167374684624], [30.30621255692069, 1.4989216599578519], [30.30640332714778, 1.498956267463394], [30.30641344543837, 1.498960994195659], [30.30644540946794, 1.4989759261060764], [30.30645706532803, 1.4989813711097082], [30.30663833168446, 1.4990660491963137], [30.306811578800378, 1.499146981110581], [30.307092868675927, 1.4991943868014095], [30.307378089357563, 1.499221855770446], [30.307568016847156, 1.4990940104528516], [30.30758039398161, 1.499082349356919], [30.30760072444555, 1.499073104959435], [30.30761847381507, 1.4990650342024192], [30.30780838328594, 1.4989252305515117], [30.307927081923957, 1.4988413411470685], [30.30817670292417, 1.4989007533128205], [30.308374845313853, 1.4989682160251825], [30.30873936566753, 1.4990513699765076], [30.30906813080102, 1.4990628279232576], [30.309230631784803, 1.4991343308491885], [30.309383378224414, 1.4991960889823714], [30.309494540546424, 1.4992685656936056], [30.309554778810888, 1.4993078404331892], [30.309636500027484, 1.4993325689716657], [30.309829969007257, 1.4993098043787996], [30.31012299067917, 1.4992575385108338], [30.31043179552524, 1.499165387365861], [30.31057439042489, 1.4991691563118976], [30.310792288498924, 1.4992046995214405], [30.310970704426136, 1.4993240113749038], [30.31107915339425, 1.4993288068276378], [30.31117169558628, 1.4993107502841958], [30.31130496028679, 1.4992530314047412], [30.31136633553135, 1.4992531072977517], [30.311456125574473, 1.499253218323709], [30.311545915624258, 1.499253329345969], [30.311635705680697, 1.499253440364532]]}}, {"type": "Feature", "properties": {"OBJECTID": 474881, "arcid": 474881, "grid_code": 5, "from_node": 475219, "to_node": 475703, "Shape_Leng": 14.1408160843, "Type": "Thalweg", "Nme": ""}, "geometry": {"type": "LineString", "coordinates": [[30.307258297510824, 1.5534662033107918], [30.30725841199602, 1.553375839842893], [30.30716873450153, 1.5532853611692181], [30.307079057014615, 1.5531948825050212], [30.306989379535324, 1.5531044038503532], [30.306899702063642, 1.5530139252051305], [30.30681002459957, 1.5529234465694555], [30.3068101390638, 1.5528330831345525], [30.306810253521345, 1.5527427196996144], [30.30681036797223, 1.5526523562645402], [30.306720576059163, 1.552652241086627], [30.306810482416445, 1.5525619928294303], [30.306900503193194, 1.5523813811128682], [30.306900732027334, 1.5522006542286007], [30.306901189615587, 1.551839200458967], [30.306901303995982, 1.551748837016378], [30.306811626491804, 1.551658358473369], [30.30681174086266, 1.55156799503728], [30.30681185522685, 1.5514776316011396], [30.306722177724534, 1.5513871530808385], [30.30672229207919, 1.551296789651182], [30.306722520768485, 1.5511160627916778], [30.30672263510313, 1.5510256993617972], [30.306722749431103, 1.5509353359318137], [30.306722863752412, 1.5508449725017779], [30.30672297806705, 1.5507546090716058], [30.306723778082777, 1.5501220650582168], [30.306813798397712, 1.5499414531731337], [30.306814026879348, 1.5497607262976418], [30.306814141110156, 1.549670362859767], [30.306814255334302, 1.5495799994218231], [30.306814359379114, 1.5494976843260349], [30.306813964807894, 1.5494976180397793], [30.306583836007754, 1.5492428670831337], [30.30650809617556, 1.5489320674084244], [30.306396680439793, 1.5486033861179613], [30.30639244125704, 1.5484240165635457], [30.306342756758923, 1.5483124827476717], [30.306312818230925, 1.5480210240005958], [30.306229249548807, 1.5479120541086013]]}}, {"type": "Feature", "properties": {"OBJECTID": 474881, "arcid": 474881, "grid_code": 5, "from_node": 475219, "to_node": 475703, "Shape_Leng": 14.1408160843, "Type": "Thalweg", "Nme": ""}, "geometry": {"type": "LineString", "coordinates": [[30.31348680604306, 1.5272686008914684], [30.31339690239363, 1.527358851824672], [30.313396790083182, 1.5274492157725756], [30.313306886415873, 1.5275394666817739], [30.31321698274108, 1.5276297175737747], [30.313138884806428, 1.5276004258433353], [30.31307364396578, 1.5276742702346533], [30.31301043856249, 1.5277839864790326], [30.312947159302702, 1.5279908340602733], [30.31294704692697, 1.528081197974116], [30.312857143201423, 1.5281714487836153], [30.312884550554603, 1.5283442307993227], [30.312742302541217, 1.5285676741389527], [30.312580354268526, 1.5288589120799636], [30.31240831730759, 1.5290285893000857], [30.31214927007097, 1.529282110227701], [30.31193770099364, 1.5295016754635307], [30.31157133738837, 1.5295122102367509]]}}, {"type": "Feature", "properties": {"OBJECTID": 474881, "arcid": 474881, "grid_code": 5, "from_node": 475219, "to_node": 475703, "Shape_Leng": 14.1408160843, "Type": "Thalweg", "Nme": ""}, "geometry": {"type": "LineString", "coordinates": [[30.31593458943862, 1.5082951806110467], [30.31602449098245, 1.508204927957209], [30.3161143925189, 1.5081146752862185], [30.316204294047942, 1.5080244225980262], [30.31629419556959, 1.5079341698926993], [30.316384097083834, 1.507843917170155], [30.31638520423495, 1.5069402752989856], [30.316385314913514, 1.506849911111383], [30.316385425585437, 1.5067595469237478], [30.316385536250714, 1.5066691827359955], [30.316385646909342, 1.506578818548193], [30.316385757561328, 1.5064884543602575], [30.316296077506863, 1.506397978821751], [30.31629618814925, 1.5063076146403305], [30.316206508099203, 1.5062171391179577], [30.316206618731993, 1.5061267749430873], [30.316116938686367, 1.5060362994369156], [30.31611704930955, 1.5059459352685447], [30.316027369268333, 1.5058554597785252], [30.316027479881917, 1.5057650956166708], [30.315938021046467, 1.5054938918320628], [30.31584834101115, 1.5054034163809844]]}}, {"type": "Feature", "properties": {"OBJECTID": 474881, "arcid": 474881, "grid_code": 5, "from_node": 475219, "to_node": 475703, "Shape_Leng": 14.1408160843, "Type": "Thalweg", "Nme": ""}, "geometry": {"type": "LineString", "coordinates": [[30.317161628922506, 1.5326047206038889], [30.31725142076852, 1.5326048338545892], [30.31734121262118, 1.5326049471015104], [30.317431004480472, 1.532605060344652], [30.31752079634641, 1.5326051735840147], [30.317610588218997, 1.532605286819597], [30.31761070073213, 1.532514922562356], [30.31815023933283, 1.5318830517728899], [30.318150351770306, 1.5317926874749141], [30.318150464201146, 1.5317023231768376], [30.318240368503126, 1.5316120720143782], [30.31824048091693, 1.5315217077094367], [30.318240593324088, 1.531431343404461], [30.318240705724612, 1.5313409790994008], [30.318330609987893, 1.531250727899386], [30.31833072237138, 1.5311603635874456], [30.318330834748227, 1.531069999275436], [30.318330947118433, 1.5309796349633256], [30.318331059481995, 1.5308892706511639], [30.318331171838928, 1.5307989063388667], [30.318421076042732, 1.5307086550878253], [30.318421188382626, 1.530618290768732], [30.318421300715887, 1.5305279264495542], [30.31851120489143, 1.5304376751677744], [30.31860110905949, 1.530347423868832], [30.31860122136532, 1.5302570595360117], [30.318691125515475, 1.5301668082130786], [30.318781029658123, 1.530076556872917], [30.318870933793278, 1.5299863055155782], [30.318871046061314, 1.529895941162373], [30.318871158322704, 1.5298055768091001], [30.318961062429587, 1.5297153254210123], [30.318961174673955, 1.5296249610608939], [30.319051078762953, 1.5295347096488539], [30.319051190990297, 1.529444345281873], [30.319051303211, 1.5293539809148584], [30.31905141542506, 1.529263616547759], [30.319231223518255, 1.529083113631392], [30.319321127553618, 1.52899286214745], [30.319411031581478, 1.5289026106462686], [30.319500935601855, 1.5288123591278986], [30.31959083961473, 1.5287221075923085], [30.31968074362012, 1.528631856039548], [30.319770647618014, 1.5285416044695346], [30.319935626346602, 1.5283759878629504], [30.32019496913227, 1.528307697458406], [30.320519388330066, 1.5280680273744798], [30.320626391612702, 1.5280004919680106], [30.32083594705877, 1.5278682304388997], [30.321295094877666, 1.5276682115737912], [30.321389242182764, 1.5276387652672658], [30.321477926499075, 1.5275497377663638], [30.321478038479313, 1.5274593732174069], [30.321747750219195, 1.5271886175659444], [30.321837654117523, 1.5270983656477788]]}}, {"type": "Feature", "properties": {"OBJECTID": 474881, "arcid": 474881, "grid_code": 5, "from_node": 475219, "to_node": 475703, "Shape_Leng": 14.1408160843, "Type": "Thalweg", "Nme": ""}, "geometry": {"type": "LineString", "coordinates": [[30.31926535303919, 1.5013412447991752], [30.319175672485763, 1.5012507695415218], [30.318996311400987, 1.5010698190549632], [30.31872693939579, 1.501069486497088], [30.318547358092165, 1.5010692647733297], [30.31845756745032, 1.501069153905898], [30.318367776815137, 1.5010690430347653], [30.31827798618658, 1.5010689321599306], [30.318188195564638, 1.5010688212813943], [30.31809840494935, 1.5010687103991567], [30.3180086143407, 1.5010685995132171], [30.317918823738697, 1.5010684886235763], [30.317829033143333, 1.5010683777302336], [30.317739242554623, 1.5010682668331898], [30.31764945197254, 1.501068155932444], [30.317559661397098, 1.5010680450279967], [30.31746998103083, 1.5009775698466814], [30.317380190472356, 1.5009774589415108], [30.317290399920523, 1.500977348032639], [30.317200719582246, 1.5008868728668898], [30.317111039251333, 1.5007963977106666], [30.31702135892777, 1.5007059225640715], [30.316931678611567, 1.5006154474270037], [30.316841998302714, 1.5005249722995653], [30.31675231800121, 1.5004344971816552], [30.31675243165249, 1.5003412905110858], [30.316789623691427, 1.5003166459413222], [30.316825108439048, 1.5002089671309504], [30.31683372466612, 1.5001635046314215], [30.316842495447354, 1.5001172266338054], [30.316854579913894, 1.5000534643457863], [30.316867500157368, 1.4997773413343478], [30.317000076117782, 1.4996442450959322], [30.317022056816757, 1.4994851899024615], [30.31708905964933, 1.4992658523488067], [30.31714814096046, 1.499046526910723], [30.317203121289417, 1.4989162366057565], [30.317203362555574, 1.4987181307651638], [30.317203472596432, 1.4986277665099135], [30.317203582630647, 1.4985374022545301], [30.31720369265822, 1.4984470379991146], [30.31720380267915, 1.4983566737436154], [30.317250538600558, 1.4983097542646264], [30.31734110212045, 1.4983048187724257], [30.317483305789665, 1.4980494918173637], [30.31759778406805, 1.4977942072052488], [30.31767654342704, 1.4974911439820853], [30.317763297928735, 1.4972534570207554], [30.317833765222662, 1.497182712760753], [30.31792366555866, 1.4970924590567658], [30.31801356588732, 1.4970022053356478], [30.318103466208647, 1.4969119515974487], [30.318103685944664, 1.4967312229499157], [30.31836600511026, 1.49504861199765]]}}, {"type": "Feature", "properties": {"OBJECTID": 474881, "arcid": 474881, "grid_code": 5, "from_node": 475219, "to_node": 475703, "Shape_Leng": 14.1408160843, "Type": "Thalweg", "Nme": ""}, "geometry": {"type": "LineString", "coordinates": [[30.326178183282572, 1.5388200713759725], [30.326139045024043, 1.5391230732830232], [30.326157484704986, 1.5391611424997642], [30.326133255292984, 1.539220740808145], [30.326094073850047, 1.5394958404018406], [30.32609840575723, 1.5397349971036507], [30.326122411883897, 1.5398904156523607], [30.326340893923636, 1.540300636159912], [30.32651369527255, 1.5406262246010327], [30.326527609186993, 1.5406590876864525], [30.32657968528116, 1.5407528082265272], [30.32668251426705, 1.5409378679809729], [30.326829442080463, 1.5411807862281415], [30.326936786604314, 1.5414397109050257], [30.326961096605146, 1.5417904454807325], [30.32691776927143, 1.5419459698303237], [30.32685858925116, 1.5421165610329417], [30.32683890615243, 1.5421732991362231], [30.326977813554493, 1.5423524528994423], [30.32711666520657, 1.5424957322019055], [30.327209829583182, 1.5425503937171416], [30.327398199186582, 1.5426985775071713], [30.3274751201562, 1.5427525848058044], [30.32747502477458, 1.5428289630538568]]}}, {"type": "Feature", "properties": {"OBJECTID": 474881, "arcid": 474881, "grid_code": 5, "from_node": 475219, "to_node": 475703, "Shape_Leng": 14.1408160843, "Type": "Thalweg", "Nme": ""}, "geometry": {"type": "LineString", "coordinates": [[30.33040120665047, 1.5444242849421186], [30.329742011557613, 1.5433331493903737], [30.329451036814312, 1.542379635034588], [30.329451149545903, 1.542289269906762], [30.329451262270887, 1.5421989047789009], [30.3294526144549, 1.5411145232376353], [30.32954252019815, 1.541024271459991], [30.329542745448794, 1.540843541188448], [30.3295428580642, 1.5407531760525732], [30.329685870699997, 1.5403437050474742], [30.32938435435233, 1.5400252959781922], [30.329005225622684, 1.5398488450424488], [30.328876709254608, 1.5395995876209334], [30.32898707941794, 1.539256614011801], [30.32878473200184, 1.5390337135240106], [30.328566368218954, 1.5386992287422483], [30.328347210719418, 1.5384913021025575]]}}, {"type": "Feature", "properties": {"OBJECTID": 474881, "arcid": 474881, "grid_code": 5, "from_node": 475219, "to_node": 475703, "Shape_Leng": 14.1408160843, "Type": "Thalweg", "Nme": ""}, "geometry": {"type": "LineString", "coordinates": [[30.3309158879498, 1.5270303914093855], [30.331035030552833, 1.52723747944914], [30.331114860487606, 1.5276359586571941], [30.330972813595427, 1.5279869519015827], [30.33093353783433, 1.528202259357367], [30.331005323644888, 1.5285210303229917], [30.33093446020593, 1.5288001637788993], [30.33067015246396, 1.5294901617450922], [30.33066632089618, 1.5295738745780838], [30.3306352623622, 1.5299804992415766], [30.33058444933906, 1.5304190431525726], [30.330509373075902, 1.530534755768027], [30.330355062746538, 1.5306386342242322], [30.33023640557175, 1.5307464429692703], [30.33002695827567, 1.5310536959022536], [30.329813334646108, 1.531221443955286], [30.329694157815563, 1.531355376597735], [30.32964432666973, 1.5313553140911422], [30.32955442203394, 1.5314455665998077], [30.329464629328744, 1.5314454539533422], [30.329374724688318, 1.53153570643442], [30.329015106051564, 1.531896716187205], [30.32901499406167, 1.531987081291532], [30.32901443401296, 1.532438906811864], [30.32901432198338, 1.5325292719156662], [30.328924417232844, 1.532619524263809], [30.32892430518628, 1.532709889360774], [30.328924193133105, 1.5328002544576538], [30.32892408107331, 1.5328906195544993], [30.328834176284154, 1.5329808718652833], [30.328834064207374, 1.5330712369552577], [30.32874415940034, 1.5331614892421204], [30.328744047306575, 1.5332518543252902], [30.328743823099206, 1.533432584491426], [30.328743598865383, 1.5336133146571391], [30.32881363328858, 1.533683971721888], [30.32892995118659, 1.533702147289634], [30.329144025072093, 1.5338253793063983], [30.32921560918697, 1.5340126112920358], [30.32920398589007, 1.5341800434398016], [30.32912506000938, 1.5343675113224935], [30.329085809939336, 1.5345987635430365], [30.32904996632627, 1.5347367102751548], [30.329026749777274, 1.5348260607961388], [30.3289952300559, 1.5349337334818993], [30.32917751293839, 1.5349892522878887], [30.329181609519217, 1.5350769388768015], [30.329110469556458, 1.5351767016028244], [30.329106681603005, 1.5352883168416458], [30.329284960509693, 1.5353159395269331], [30.329364170189944, 1.5353118292325736], [30.32944571527859, 1.5355369128582503], [30.32949937740401, 1.5356603960546586], [30.32953127062802, 1.5357938785071525], [30.329531508411957, 1.5359473408515223], [30.329529682433243, 1.5360469948324893], [30.329583307570427, 1.5361465617795478], [30.32963838751633, 1.536143115548819], [30.329845422556893, 1.5362010319968575]]}}, {"type": "Feature", "properties": {"OBJECTID": 474881, "arcid": 474881, "grid_code": 5, "from_node": 475219, "to_node": 475703, "Shape_Leng": 14.1408160843, "Type": "Thalweg", "Nme": ""}, "geometry": {"type": "LineString", "coordinates": [[30.3335122244011, 1.525847862045135], [30.333601905815318, 1.5259383395588497], [30.333691587237016, 1.52602881708203], [30.333764555398293, 1.526102432982656], [30.333783298103384, 1.526264582487297], [30.333807480577747, 1.526535594592622], [30.333883017748303, 1.5267188338684945], [30.33407718096319, 1.5267743349501492], [30.334196132804617, 1.5268578556720829], [30.33427160855573, 1.52700123467677], [30.334378973349835, 1.5272761026533914], [30.334486356691503, 1.527562928608705], [30.334601495515532, 1.527742119717218], [30.33487532929556, 1.5280924616272855], [30.33504960258537, 1.528092189083677], [30.335222547261914, 1.528091918603815], [30.335287327953544, 1.5281436355629952], [30.3354844371447, 1.528470928628342], [30.335484325675804, 1.528561294214152], [30.335484214200314, 1.528651659799928]]}}, {"type": "Feature", "properties": {"OBJECTID": 474881, "arcid": 474881, "grid_code": 5, "from_node": 475219, "to_node": 475703, "Shape_Leng": 14.1408160843, "Type": "Thalweg", "Nme": ""}, "geometry": {"type": "LineString", "coordinates": [[30.340226150991445, 1.5424835879332468], [30.34013635704141, 1.5424834749281582], [30.34004656309795, 1.5424833619192657], [30.33995676916111, 1.542483248906569], [30.339866975230823, 1.5424831358900684], [30.339777181307117, 1.5424830228697637], [30.339058830154723, 1.542482118570382], [30.338969036290337, 1.5424820055158415], [30.338879130084596, 1.5425722582821655], [30.33878933622959, 1.5425721452133898], [30.33816077942912, 1.5425713536254428], [30.33807109800877, 1.542480874761214], [30.337981416596, 1.5423903959063872], [30.337891622814464, 1.5423902828128269], [30.337801941419652, 1.5422998039701443], [30.337712260032344, 1.5422093251368814], [30.337622578652635, 1.5421188463129387], [30.337532897280468, 1.5420283674984179], [30.337443215915858, 1.541937888693218], [30.337353422192777, 1.5419377756099875], [30.33708449053301, 1.5415759735662717], [30.337084602884005, 1.5414856078732782], [30.337084715228404, 1.5413952421801487], [30.337084827566212, 1.5413048764869508], [30.336995146230933, 1.5412143977482933]]}}, {"type": "Feature", "properties": {"OBJECTID": 474881, "arcid": 474881, "grid_code": 5, "from_node": 475219, "to_node": 475703, "Shape_Leng": 14.1408160843, "Type": "Thalweg", "Nme": ""}, "geometry": {"type": "LineString", "coordinates": [[30.342975995629494, 1.5248531191406511], [30.342597047394698, 1.5256827981621148], [30.3419015002182, 1.5266803851899715], [30.34159278537695, 1.5268243643669785], [30.341419462452063, 1.5274384791730717], [30.341055790376146, 1.527901424493498], [30.340782459320017, 1.5282968085186353], [30.34069266592119, 1.5282966965760343], [30.34042328576419, 1.5282963607256173], [30.340333492391704, 1.5282962487679403], [30.34024369902577, 1.5282961368064942], [30.340153905666455, 1.5282960248412791], [30.340064112313712, 1.5282959128722953], [30.33952535233562, 1.528295240979241], [30.33943544773809, 1.52838549486158], [30.339165733900526, 1.5286562564060686], [30.339165622572022, 1.5287466222635602], [30.339165511236935, 1.5288369881210009], [30.339165399895258, 1.5289273539783401], [30.33916528854699, 1.5290177198356116], [30.339165177192132, 1.5291080856927648], [30.339165166686943, 1.5291166105097178], [30.33907537881512, 1.529225175956343], [30.338803184643712, 1.5293062827254318], [30.33871624563284, 1.52943397118649], [30.338744325937235, 1.5296709939606472], [30.33868299563222, 1.5297030787945725], [30.33859440631111, 1.5300440213070077], [30.338590803422964, 1.5302752154095858], [30.33855626900151, 1.5305925101965248], [30.338415589232653, 1.5308431674500216], [30.33825913746825, 1.5309453849208825], [30.338176097543187, 1.5310332073646644], [30.338065301501512, 1.5311011433043664], [30.338065443479728, 1.5311928213107442], [30.33812500288604, 1.5312883921230551], [30.338196463074393, 1.531395902280622], [30.338264293428885, 1.5314989219998587], [30.338264234264603, 1.531546841144851], [30.338264122687736, 1.5316372069334176], [30.33817421774743, 1.531727460421842], [30.338174106153623, 1.531817826203594], [30.338084201195443, 1.531908079668203], [30.338084120560694, 1.531973366221371], [30.337868931144552, 1.5321776741893895], [30.337750405061186, 1.532369188743233], [30.337671492696078, 1.5325646271656446], [30.337592605063378, 1.5327760096250034], [30.33757710807391, 1.53299925062076], [30.33765794114629, 1.5332385279377518], [30.337633559370563, 1.533263004144433], [30.337633447642162, 1.533353369884972], [30.3375435425251, 1.5334436231730262], [30.33754343077976, 1.5335339889067316], [30.337453525644833, 1.5336242421708945], [30.337453413882542, 1.5337146078978516], [30.337363508729748, 1.5338048611381718], [30.33727360356945, 1.5338951143614141], [30.337192167279472, 1.5339768659062059], [30.337183780928406, 1.534053919605595], [30.33716867997368, 1.5345322649543025], [30.337105703683225, 1.5347874688037395], [30.336947644426818, 1.5350268780919902], [30.336631105165836, 1.535234648457784], [30.336618536171198, 1.5352420696480635], [30.33651532434149, 1.5353606390950478], [30.336388827384113, 1.5355202786185909], [30.336271365108267, 1.5354470519441938], [30.336167005989015, 1.5355086692917497], [30.336024876292775, 1.535803858064809], [30.335862911842682, 1.536079148009685], [30.335997726473185, 1.5361746004508459], [30.33598632080221, 1.536481541797695], [30.336133475986838, 1.5368719400599542], [30.336102035717172, 1.5373275453312194]]}}, {"type": "Feature", "properties": {"OBJECTID": 476960, "arcid": 476960, "grid_code": 6, "from_node": 477847, "to_node": 477846, "Shape_Leng": 9.99906694423, "Type": "River", "Nme": ""}, "geometry": {"type": "LineString", "coordinates": [[30.30489826009665, 1.5018656404637643], [30.30489814931249, 1.5019560037987216], [30.304898038521653, 1.502046367133595], [30.30489792772415, 1.5021367304684365], [30.304897816919972, 1.502227093803194], [30.304987495797405, 1.502317568658125], [30.305077174682218, 1.5024080435227234], [30.305166853574352, 1.5024985183969373], [30.30525653247387, 1.502588993280801], [30.305256421651055, 1.5026793566419343], [30.30525631082157, 1.5027697200030352], [30.305256199985408, 1.5028600833640022], [30.30525608914258, 1.5029504467249368], [30.305166188555315, 1.5030406985228628], [30.30516607769546, 1.5031310618769043], [30.305165966828927, 1.5032214252308456], [30.305165855955725, 1.50331178858472], [30.305165745075843, 1.5034021519384773], [30.305165634189297, 1.503492515292202], [30.30516552329608, 1.5035828786458438], [30.305165412396185, 1.5036732419993515], [30.30516530148962, 1.50376360535281], [30.305165190576382, 1.5038539687061678], [30.305254869431067, 1.5039444436894351], [30.30525475850817, 1.5040348070493204], [30.3052546475786, 1.504125170409139], [30.305254536642362, 1.5042155337688907], [30.305344215495456, 1.5043060087816835], [30.305344104549555, 1.504396372147945], [30.30552346227191, 1.5045773222156127], [30.30561314114413, 1.5046677972638933], [30.305613030182602, 1.50475816064995], [30.305702709059215, 1.504848635714498], [30.305702598088036, 1.5049389991070972], [30.305792276969044, 1.5050294741878945], [30.30588195585743, 1.5051199492782634], [30.305971634753185, 1.505210424378306], [30.30606131365631, 1.5053008994879193], [30.306150992566828, 1.5053913746071872], [30.306330350409983, 1.5055723248745656], [30.306330239411256, 1.5056626883135062], [30.306330128405857, 1.5057530517523126], [30.306330017393794, 1.5058434151910693], [30.30632990637506, 1.5059337786297262], [30.306329795349654, 1.5060241420683165], [30.306239894374432, 1.5061143937603363], [30.306149993391823, 1.5062046454351603], [30.30606009240184, 1.506294897092788], [30.30597019140448, 1.5063851487332192], [30.30597009865736, 1.5064606031493488], [30.305850352357517, 1.506558680151709], [30.30575564723036, 1.5067940072567534], [30.30580732460074, 1.5069174986503766], [30.305879700122674, 1.5069555108710933], [30.305890568333876, 1.5069612189451285], [30.3059937065024, 1.507064700924137], [30.306065182071894, 1.5071841758537377], [30.30610905820768, 1.5073874019161853], [30.306038058112208, 1.5075828313858881], [30.306010518875254, 1.5077064438679209], [30.30595520562868, 1.5077982097157994], [30.305909267090303, 1.507861767229664], [30.305968302247535, 1.5079213267145308], [30.30596819106062, 1.5080116901244203], [30.305968183285803, 1.508018008646467], [30.306022260444248, 1.5081047908358538], [30.30618128113627, 1.508493196171016], [30.306237012972314, 1.508678466370754], [30.306230037020825, 1.5087215382246169], [30.306236671435943, 1.50873493324595], [30.306236619658034, 1.5087769961614854], [30.306287890208253, 1.5089275222122371], [30.30627020201637, 1.5090172374332682], [30.306256128511436, 1.5092069414889424], [30.306254675041504, 1.5092265335376327], [30.30629670081939, 1.5095154642962438], [30.306326642208624, 1.509670877872867], [30.306300975128604, 1.5097227370012023], [30.30632521240886, 1.5097494669861364], [30.30632512626011, 1.5098194064133075], [30.306324903629047, 1.5100001332832578], [30.30632481812935, 1.5100695342539203], [30.30649985524521, 1.510276505619122], [30.30648879312534, 1.5108186374301695], [30.306469845825514, 1.5113846981760692], [30.306672078086166, 1.5115358612721088], [30.30674372941137, 1.5117709334908125], [30.306775645583105, 1.5119223577528673], [30.30676354479748, 1.512071236615437], [30.306771292490396, 1.5120790531528543], [30.306771181029987, 1.5121694166192634], [30.3068609712609, 1.512169528792748], [30.306860968023464, 1.51217215346291], [30.306873051541626, 1.5121633695993348], [30.306985953622654, 1.5121751547540572], [30.307073152510977, 1.5122148822996047], [30.307130711540417, 1.5122985028208202], [30.307196521513863, 1.5125993550652408], [30.307162941976404, 1.5126572055843002], [30.30718089264556, 1.5127408868790886], [30.3072028011423, 1.5128225690260924], [30.307236561954202, 1.5128843022925886], [30.307304171226363, 1.5130655676386757], [30.307373640067034, 1.5131671074009743], [30.307449026000953, 1.513252693519569], [30.307462955438233, 1.5132965196065118], [30.307449524759093, 1.5135815488675621], [30.307487700003787, 1.5139422353978762], [30.307531620061347, 1.5141733637021357], [30.307531892270156, 1.5143527393300693], [30.30746621700274, 1.5144991976780224], [30.30748660352403, 1.5145197653953077], [30.307486491913256, 1.5146101289131324], [30.307486380295824, 1.5147004924308562], [30.30757605906351, 1.514790968286594], [30.307575947436455, 1.5148813318108378], [30.30757583580273, 1.514971695335048], [30.307665514571962, 1.515062171213633], [30.30766540292862, 1.5151525347443293], [30.30766529127861, 1.5152428982749753], [30.307665179621935, 1.5153332618055209], [30.307665067958595, 1.515423625335999], [30.307664956288583, 1.5155139888663596], [30.30766484461191, 1.5156043523966873], [30.30766462123856, 1.5157850794570398], [30.307664509541887, 1.515875442987065], [30.307664286128535, 1.5160561700469137], [30.307663392208497, 1.5167790782829353], [30.307663280438494, 1.5168694418120705], [30.307663168661826, 1.516959805341105], [30.30766305687849, 1.5170501688700726], [30.307662945088488, 1.5171405323989726], [30.30766283329182, 1.517230895927739], [30.307752511997617, 1.5173213719747767], [30.307752400191337, 1.5174117355100953], [30.307842078901626, 1.5175022115733352], [30.307931757619357, 1.517592687646123], [30.307931645800505, 1.5176830511946307], [30.307931533974998, 1.5177734147430038], [30.307931422142826, 1.5178637782913433], [30.30802110085915, 1.5179542543935696], [30.308020989017365, 1.5180446179484444], [30.308020877168907, 1.5181349815031844], [30.30802076531379, 1.5182253450578749], [30.308020653452008, 1.518315708612464], [30.30802042970844, 1.5184964357214406], [30.30802020593821, 1.5186771628300302], [30.308020094043105, 1.5187675263841989], [30.308019982141325, 1.518857889938267], [30.308019870232886, 1.5189482534922845], [30.30801975831778, 1.5190386170462007], [30.308019646395998, 1.5191289806000503], [30.30801953446756, 1.5192193441538322], [30.308109213150104, 1.5193098203583042], [30.30810910121205, 1.5194001839186213], [30.308198779899104, 1.5194906601392877], [30.308198667951448, 1.5195810237061225], [30.308198555997123, 1.5196713872728558], [30.30819844403614, 1.5197617508395227], [30.308198332068493, 1.5198521144060713], [30.308198220094177, 1.5199424779725865], [30.308198108113203, 1.5200328415389672], [30.308197996125553, 1.520123205105314], [30.308197884131246, 1.5202135686715263], [30.30819777213027, 1.5203039322376877], [30.308287450798304, 1.5203944085275125], [30.30828733878772, 1.5204847721002086], [30.308287226770474, 1.5205751356728372], [30.30828711474657, 1.5206654992453312], [30.308287002715996, 1.5207558628177915], [30.308376681379716, 1.5208463391436442], [30.308466360050897, 1.5209368154790668], [30.30846624800778, 1.5210271790646628], [30.30873528405721, 1.5212986081482496], [30.308824962755267, 1.5213890845286149], [30.308824850693743, 1.521479448140613], [30.30909388682383, 1.5217508773588537], [30.30918356554878, 1.5218413537840805], [30.309273244281176, 1.5219318302188374], [30.309273132198317, 1.5220221938638334], [30.309362810935244, 1.5221126703147694], [30.30936269884279, 1.5222030339662969], [30.30945237758425, 1.5222935104334108], [30.30954205633317, 1.5223839869101186], [30.309631735089546, 1.522474463396371], [30.309721413853403, 1.5225649398922], [30.309721394248285, 1.5225807424105762], [30.30977214630377, 1.522577902834413], [30.30989692823323, 1.5225876751731096], [30.309964296121137, 1.5226094946700652], [30.309996055945874, 1.5226572790412387], [30.30995854659503, 1.5227350664789125], [30.30986956752594, 1.5228268849689002], [30.309720971158164, 1.522921730234912], [30.309720965370065, 1.5229263946032097], [30.30972086578941, 1.52300663988014], [30.30975310603039, 1.5230781909879811], [30.309775012473033, 1.5231578796011804], [30.309774104634513, 1.5231609602315908], [30.30974151878748, 1.5232715359854234], [30.309801153799196, 1.523416937281981], [30.30981009951323, 1.5234556773346675], [30.30984126010123, 1.5235906205159369], [30.30985498155724, 1.523650042290052], [30.30983533872027, 1.5237557049963917], [30.30984340052406, 1.5238473733892686], [30.30989694814971, 1.523897117066074], [30.310064396675177, 1.523906219130621], [30.310075201622457, 1.523906806458927], [30.3101563807562, 1.5238947224262918], [30.310229756991493, 1.5239603798740522], [30.310303197209567, 1.5240678915010208], [30.310363778393846, 1.524184391795671], [30.310313353744384, 1.524234296406383], [30.310313222543023, 1.524247735660434], [30.310347819393513, 1.5242826403151088], [30.310347707182252, 1.5243730040382477], [30.31043738596776, 1.5244634806965178], [30.31043730041104, 1.5245323741251107], [30.310540662421047, 1.5245936919383374], [30.310641822565657, 1.5246971744131261], [30.31071133861211, 1.52482860873209], [30.310757040806106, 1.5249281909573311], [30.31080277447008, 1.5250130740660728], [30.310885555529776, 1.5250965916563732], [30.310975234354267, 1.525187068385162], [30.31106491318623, 1.5252775451234462], [30.311064800931604, 1.525367908899263], [30.31115447976813, 1.5254583856537212], [30.31115436750393, 1.5255487494360653], [30.311154255233074, 1.5256391132183416], [30.311154142955562, 1.5257294770004828], [30.311243821790804, 1.5258199537843522], [30.311243709503714, 1.52591031757302], [30.311243597209963, 1.5260006813616371], [30.31133327604684, 1.5260911581682377], [30.311422954891192, 1.526181634984397], [30.311422842584953, 1.526271998786117], [30.311422730272056, 1.5263623625878033], [30.31151240911806, 1.5264528394266916], [30.31176872431293, 1.5266625772468747]]}}, {"type": "Feature", "properties": {"OBJECTID": 476960, "arcid": 476960, "grid_code": 6, "from_node": 477847, "to_node": 477846, "Shape_Leng": 9.99906694423, "Type": "River", "Nme": ""}, "geometry": {"type": "LineString", "coordinates": [[30.31593458943862, 1.5082951806110467], [30.315934478635263, 1.5083855447638828], [30.315934257008603, 1.5085662730692881], [30.316384528025218, 1.5087618147646977], [30.316218754749897, 1.5091447348391087], [30.31648847587817, 1.5093994308679948], [30.316559128056163, 1.509514579571443], [30.316546785481588, 1.5096109574211602], [30.316497304548225, 1.5099973320331506], [30.31650585526316, 1.5104118730986695], [30.316506145683785, 1.5106032053624354], [30.31648139170344, 1.510818407698981], [30.316467348632102, 1.5111374021790172], [30.316522884580845, 1.511193122139204], [30.316649367574335, 1.511187727112688], [30.316998011002973, 1.5110807806337685], [30.317116859158908, 1.5110965422075864], [30.31723586471661, 1.5112159420029163], [30.317386580886513, 1.5113512373516484], [30.31759271188652, 1.5114625308125802], [30.31768003110579, 1.5115819792436966], [30.317553709616828, 1.5118612002146865], [30.31757799543177, 1.5122039668961926], [30.317641852992015, 1.5125227560614245], [30.31780881267331, 1.5129211082316785], [30.317936237335214, 1.5133673542779411], [30.31796829975702, 1.5136144425845437], [30.317954823884026, 1.5138619157060313], [30.31799290129254, 1.5139003311466273], [30.317992790162467, 1.5139906954479265], [30.317992679025743, 1.5140810597491585], [30.317992567882378, 1.514171424050324], [30.317992345575735, 1.5143521526523531], [30.317992234412447, 1.5144425169532165], [30.317992123242526, 1.514532881253996], [30.317902220909755, 1.5146231336633056], [30.317902109722834, 1.514713497957256], [30.317901998529276, 1.514803862251139], [30.317901887329075, 1.5148942265449052], [30.317811984957817, 1.514984478916768], [30.317811873740627, 1.5150748432037378], [30.31781176251679, 1.5151652074905737], [30.31781165128631, 1.5152555717773593], [30.317811540049195, 1.515345936064044], [30.317811428805435, 1.5154363003506617], [30.317811317555034, 1.5155266646371626], [30.31781120629799, 1.5156170289236293], [30.317721303846835, 1.5157072812309238], [30.317631401388248, 1.5157975335210894], [30.317541498922232, 1.5158877857940234], [30.317451596448784, 1.5159780380498102], [30.317361693967918, 1.5160682902883986], [30.31727179147961, 1.5161585425098207], [30.31727168015379, 1.5162489067555731], [30.317181777647694, 1.5163391589530648], [30.31709187513417, 1.5164294111333725], [30.317001972613216, 1.516519663296445], [30.317001861249675, 1.5166100275218535], [30.316911958710936, 1.5167002796609925], [30.316911847330392, 1.5167906438795187], [30.31682194477385, 1.5168808959947233], [30.316821833376302, 1.516971260206417]]}}, {"type": "Feature", "properties": {"OBJECTID": 476960, "arcid": 476960, "grid_code": 6, "from_node": 477847, "to_node": 477846, "Shape_Leng": 9.99906694423, "Type": "River", "Nme": ""}, "geometry": {"type": "LineString", "coordinates": [[30.335484214200314, 1.528651659799928], [30.335484102718222, 1.528742025385569], [30.33539419819711, 1.528832278766377], [30.33539408669808, 1.5289226443452306], [30.335304182159128, 1.5290128977021935], [30.335304070643154, 1.5291032632742263], [30.335214166086367, 1.5291935166073598], [30.335214054553443, 1.5292838821726382], [30.335124149978824, 1.5293741354818733], [30.335124038428958, 1.5294645010402965], [30.33503413383649, 1.5295547543257337], [30.334944229236523, 1.5296450075939918], [30.334854324629063, 1.5297352608451535], [30.33485421304156, 1.529825626383347], [30.334764308416254, 1.5299158796106571], [30.33467440378345, 1.5300061328208527], [30.334584499143148, 1.5300963860138668], [30.334494594495343, 1.530186639189781], [30.33449448285984, 1.530277004701003], [30.334404578194185, 1.530367257853063], [30.33431467352104, 1.5304575109879541], [30.334314561858235, 1.5305478764856808], [30.334224657167233, 1.5306381295967146], [30.334224545487473, 1.5307284950875835], [30.33413464077862, 1.5308187481748097], [30.334134529081908, 1.5309091136589217], [30.334044624355194, 1.5309993667222372], [30.333991376680377, 1.5310528206939968], [30.333721571073983, 1.53117745804461], [30.333555638074987, 1.5314487678920026], [30.333461072933172, 1.5317677983382751], [30.333232002023415, 1.5321906764075828], [30.33304224275585, 1.5324221635649964], [30.332797007956902, 1.5326377936294748], [30.332677998534102, 1.532691427535711], [30.332525415985973, 1.5327950760760838], [30.332357920368057, 1.532887360661748], [30.332296188431506, 1.5329221623534375], [30.332260394984907, 1.5328936483394475], [30.33205913907235, 1.5328356831627705], [30.33180928655203, 1.532888220607944], [30.331684585744934, 1.5330601906320422], [30.331602694163994, 1.5333210482893938], [30.331613708911494, 1.5333447055307408], [30.331467704600627, 1.5336204419667927], [30.331384487484524, 1.533815692742739], [30.331329198484884, 1.5338521379751007], [30.33116478384128, 1.5339658897619999], [30.331079640148396, 1.534094854290704], [30.331095069990287, 1.5342175262979607], [30.331147089748196, 1.5343493431259587], [30.331234565544253, 1.534474422316618], [30.33122523860075, 1.5347321913339604], [30.33116654838685, 1.534791108313186], [30.331140899096138, 1.5348168567034965], [30.331111241016398, 1.5348187123260708], [30.3309498125592, 1.5348925833255451], [30.33080663389093, 1.5349418864560662], [30.330651420116396, 1.5350924328870588], [30.330560170997966, 1.5352152723262051], [30.330465888159203, 1.5353473187657969], [30.33034106853789, 1.5354426042574367], [30.33033354440944, 1.5356273296886522], [30.330267497265854, 1.5356936318422023], [30.33026738505086, 1.5357839970360796], [30.330177479887, 1.5358742492878112], [30.33017736765502, 1.5359646144748709], [30.3299976695367, 1.5360547537398175], [30.32997773271103, 1.5360747675192885], [30.32996413201864, 1.536096553755521], [30.329845422556893, 1.5362010319968575], [30.329799926355307, 1.536345271643202], [30.329790929821332, 1.5364403754503055], [30.32979725878159, 1.536590668561157], [30.32985238395159, 1.5367592894988167], [30.329904366047053, 1.5368665671765016], [30.32990145600951, 1.536955526601596], [30.329830890565542, 1.537064508943154], [30.32978932302989, 1.5373698029434697], [30.32955810955949, 1.537649300446963]]}}, {"type": "Feature", "properties": {"OBJECTID": 476960, "arcid": 476960, "grid_code": 6, "from_node": 477847, "to_node": 477846, "Shape_Leng": 9.99906694423, "Type": "River", "Nme": ""}, "geometry": {"type": "LineString", "coordinates": [[30.337224763753667, 1.5362952403174326], [30.337114767450693, 1.5362406056878972], [30.336995990995735, 1.5362706876542422], [30.336895065823583, 1.5363186786035057], [30.33681591865082, 1.5363626492813889], [30.336713084279282, 1.536456482420392], [30.336618165235585, 1.5365463171050382], [30.336372175975722, 1.5367150351356424], [30.336371752245828, 1.537056786782169], [30.33628184674381, 1.5371470396489608], [30.336191941234254, 1.5372372924986615], [30.336102035717172, 1.5373275453312194], [30.336101699430046, 1.537598642202866], [30.33610158732115, 1.5376890078265955], [30.33610147520565, 1.537779373450206], [30.336101363083554, 1.537869739073782], [30.33601145749675, 1.5379599918488347], [30.335921551902377, 1.5380502446067923], [30.335741740691084, 1.5382307500712016], [30.335651835074135, 1.5383210027776857], [30.335561929449614, 1.5384112554670384], [30.33556181725872, 1.5385016210501636], [30.335471911616317, 1.5385918737156647], [30.335382005966363, 1.5386821263640156], [30.334752778489765, 1.539223528899339], [30.33475266620555, 1.53931389442201], [30.334662872789846, 1.5393137814171745], [30.334573079380743, 1.539313668408543], [30.334483285978237, 1.5393135553961155], [30.33439338027643, 1.5394038078759447], [30.33421368117684, 1.539493947301474], [30.334123887793197, 1.539493834260585], [30.33403409441615, 1.5394937212158994], [30.333944301045722, 1.5394936081674175], [30.333854507681856, 1.5394934951151389]]}}, {"type": "Feature", "properties": {"OBJECTID": 498678, "arcid": 498678, "grid_code": 7, "from_node": 499508, "to_node": 499507, "Shape_Leng": 99.9906694395, "Type": "River", "Nme": ""}, "geometry": {"type": "LineString", "coordinates": [[30.29609718289391, 1.5361531531174908], [30.296169834967653, 1.5361270925916415], [30.296331332688013, 1.5360938658856316], [30.296457736272224, 1.5360338529702788], [30.296558220566716, 1.5359669784326782], [30.296668548754084, 1.5358594440698508], [30.29674160266299, 1.5357941459290707], [30.296768918909592, 1.535718182564169], [30.296828548279944, 1.5355074385986698], [30.296856836791743, 1.5354074604013037], [30.296996737881425, 1.5352047873291106], [30.29714751892413, 1.5351401353972247], [30.297344079894273, 1.5351137562449209], [30.297488884691656, 1.5351273351084436], [30.29773892806641, 1.5351928981246803], [30.29800126017113, 1.535321325903336], [30.29812636771903, 1.5354100892322569], [30.298184422339467, 1.5355020242462412], [30.298184562305458, 1.5355027549216196], [30.298242580206395, 1.5355794096769229], [30.29828225056214, 1.5356192097326362], [30.298440711753777, 1.5356349081193557], [30.29867842185304, 1.5356704141479343], [30.298801075665406, 1.5355825277597972], [30.29883252439778, 1.5354270182844216], [30.298800549566256, 1.5352397180363335], [30.298751209076055, 1.5351568370165343], [30.29864170316393, 1.5349728915244498], [30.29867317034328, 1.5348293405253575], [30.298752186859495, 1.5346976741736518], [30.298878777146193, 1.5345938371173706], [30.29912812515032, 1.5344698785387163], [30.299270760804422, 1.5344975601207094], [30.29942542594364, 1.5346208909930765], [30.299528690984005, 1.5348040941822805], [30.299604321442235, 1.535047132766779], [30.29960691081116, 1.5350626204245745], [30.29960041252924, 1.535081021252292], [30.29963023866653, 1.5351587051243138], [30.2997055571752, 1.5351984497001738], [30.299713661102146, 1.5351777904012305], [30.29975093023527, 1.535082780374561], [30.299816227151993, 1.5350448103079983], [30.29989749924409, 1.5350925179530737], [30.300048191289033, 1.5352078824565836], [30.300105826426595, 1.535339336258093], [30.300123873899604, 1.5354848031739898], [30.30013591576221, 1.535588424705086], [30.300212382120257, 1.5357308111317713], [30.300299754782014, 1.535882149435969], [30.300323208813552, 1.5359656543015165], [30.300320681192535, 1.5359678193885848], [30.30037056302035, 1.5362089046387586], [30.300493694210214, 1.5364319381478344], [30.30064243661666, 1.5365672361763778], [30.300767373755725, 1.5366766611599854], [30.300886308271657, 1.5367462338461497], [30.300993925299398, 1.5367927024120729], [30.301130066577883, 1.5368514876220591], [30.30123320340845, 1.5369509810319444], [30.301164249076127, 1.5371862718037932], [30.3011646107084, 1.5374214546513674], [30.30111532920729, 1.5375710123925697], [30.301032343190332, 1.5376967056884538], [30.30097334950302, 1.5379698495576042], [30.30090243827149, 1.538142122865149], [30.30089199544165, 1.5381674928975448], [30.300894772801993, 1.5382260827881338], [30.300896373132197, 1.538300820805142], [30.300885559583318, 1.5383521594726224], [30.300874593363982, 1.538384144395752], [30.30087492773974, 1.5385215878670566], [30.300875136294074, 1.538657117003773], [30.300938596790996, 1.5387128243413994], [30.300982215914956, 1.5387446456359513], [30.300952760601636, 1.5389081241207365], [30.300905573376514, 1.5390053803052002], [30.300901702645696, 1.539029283337534], [30.30091766288483, 1.539104995504988], [30.301022823474593, 1.539232388674828], [30.30119723255848, 1.5393158260733302], [30.301355767290154, 1.5393793573911463], [30.30159351718579, 1.539440772048018], [30.301724218068145, 1.5394345889554135], [30.301793451142697, 1.5393806678499973], [30.30181497138449, 1.539322958015037], [30.30190809349664, 1.5392349943259873], [30.30204066735587, 1.5391590505931514], [30.302135747601945, 1.5391708607689658], [30.30221498420366, 1.5391826956499586], [30.302351583377778, 1.5391486002740855], [30.30243380732167, 1.5391826122002472], [30.302517369420507, 1.5391827186275941], [30.302607160455494, 1.5391828329846402], [30.30278651528491, 1.539363787978885], [30.30287619271093, 1.5394542654902925], [30.30287607906771, 1.5395446286425567], [30.302965756498402, 1.5396351061701623], [30.303055433936585, 1.5397255837073345], [30.303145111382335, 1.539816061254023], [30.30323490249048, 1.5398161756315083], [30.303324579954246, 1.5399066531907133], [30.303414371079512, 1.5399067675673193], [30.303504162211453, 1.5399068819401285], [30.303593839703655, 1.5399973595146648], [30.3036835172034, 1.5400878370987983], [30.30377319471069, 1.5401783146924262], [30.303862872225523, 1.5402687922956484], [30.303952549747912, 1.5403592699083644], [30.304042227277847, 1.5404497475306573], [30.304042113610237, 1.5405401107692394], [30.304041999935944, 1.5406304740077865], [30.304041886254982, 1.5407208372462482], [30.304041772567338, 1.5408112004845742], [30.304041658873025, 1.5409015637228483], [30.304041545172037, 1.5409919269610206], [30.304131222692117, 1.5410824046326224], [30.304131108981558, 1.5411727678773202], [30.30422078650628, 1.541263245565073], [30.304220672786148, 1.541353608816347], [30.304310350315532, 1.5414440865202996], [30.304400027852484, 1.541534564233741], [30.304399914119877, 1.5416249274982006], [30.304399800380587, 1.5417152907625242], [30.304489477919294, 1.5418057684987905], [30.30448936417044, 1.5418961317696558], [30.3045790417138, 1.5419866095221026], [30.30457892795538, 1.5420769727995087], [30.30466860550339, 1.5421674505681182], [30.30475828305898, 1.5422579283462121], [30.30484796062212, 1.5423484061338901], [30.304937638192822, 1.5424388839310523], [30.305027429543994, 1.5424389984272109], [30.305117107132688, 1.5425294762368467], [30.30520689850097, 1.5425295907321093], [30.305296576107697, 1.5426200685541664], [30.305296462332787, 1.5427104318846956], [30.30538613994417, 1.5428009097229416], [30.305385950141023, 1.5429516412689481], [30.30552269984115, 1.543100894031877], [30.30556069458427, 1.5431625862957943], [30.305689476735026, 1.5433716905703125], [30.30582841029645, 1.5435667939351885], [30.305900014720695, 1.5437659888216835], [30.30598739499111, 1.5439213114275103], [30.306217250629235, 1.5440006741683792], [30.306280748373723, 1.54408029747177], [30.306106770810583, 1.5442758908494179], [30.30600415732962, 1.5445152200015368], [30.3059985150987, 1.5447085566230352], [30.30592258072559, 1.544910972229954], [30.305820885064193, 1.5451034628931755], [30.305721973463516, 1.5451753684642342], [30.305539956839837, 1.5452952380086753], [30.305469234320306, 1.5456660600631393], [30.30546958607865, 1.5458932696006917], [30.305503208090546, 1.546061089958023], [30.30543232369295, 1.5460996450542868], [30.305389731500114, 1.5461518590958023], [30.305493707820695, 1.546372554931534], [30.30557945281643, 1.546630089131024], [30.305643799635252, 1.5468477795632511], [30.30560746521063, 1.5470042782800766], [30.3055986584877, 1.5472220834940014], [30.30561706098656, 1.5472956742364121], [30.30568423258435, 1.5473691884254888], [30.3057394948399, 1.547409899165732], [30.305829172353512, 1.5475003773628644], [30.306098204939843, 1.5477718120114385], [30.306187882483798, 1.547862290246681], [30.306277560035326, 1.547952768491386], [30.30636723759444, 1.5480432467456544], [30.306436938395034, 1.5481135698781303], [30.30663765587885, 1.5481904422784483], [30.306756625331083, 1.5482819365233353], [30.306840039383818, 1.5484332786499762], [30.306982978413412, 1.5486562776473127], [30.306993643396694, 1.5486765930807256], [30.306994980720724, 1.5486765947916044], [30.307084772486622, 1.548676709662978], [30.307084658340553, 1.5487670731219478], [30.30717445011692, 1.5487671879962086], [30.307264241899922, 1.5487673028666498], [30.307354033689617, 1.5487674177332722], [30.307354033689617, 1.5487674177332735], [30.307354033689617, 1.5487674177332713], [30.307566932814154, 1.5486837143065084], [30.307679618346317, 1.5486237213547673], [30.30777258666919, 1.5486251089562204], [30.307911316402, 1.548652498173234], [30.307996674070164, 1.548660032679677], [30.30810035820062, 1.5486920781827695], [30.308173580748058, 1.548736441472043], [30.308243759994976, 1.5487838770133306], [30.308341383707564, 1.548838938081415], [30.308349044344446, 1.5488649995802872], [30.30834880497101, 1.5488662838795366], [30.308431307487638, 1.5489495229535815], [30.30852109937157, 1.5489496377839598], [30.30861089126218, 1.5489497526105178], [30.3087005690617, 1.5490402310126006], [30.30879036096943, 1.5490403458382214], [30.30888015288382, 1.549040460660022], [30.30896983071185, 1.5491309390773822], [30.309059622643364, 1.5491310538982443], [30.309149300489448, 1.549221532327998], [30.30923909243808, 1.5492216471479203], [30.30932888439338, 1.549221761964023], [30.30950846832398, 1.5492219915847665], [30.30959814621948, 1.5493124700354828], [30.309687824122594, 1.5494029484957423], [30.309777502033285, 1.549493426965443], [30.309867179951567, 1.5495839054446687], [30.30995685787744, 1.5496743839333518], [30.309962980847665, 1.5496805615639417], [30.310029060876293, 1.5497035757146747], [30.310098419943834, 1.5497313693973112], [30.310215334552797, 1.5497750327008184], [30.310340152357703, 1.549806725178562], [30.31035011966117, 1.5498485637683777], [30.3103442929561, 1.5499223162008628], [30.31038598771697, 1.5499900146261902], [30.310522815263713, 1.5501034036380614], [30.310666498454072, 1.5501679518325848], [30.310744743183108, 1.5501787904369477], [30.311135100520165, 1.55031270713149], [30.311222266531953, 1.5503295108258235], [30.311424312386094, 1.5503551022981346], [30.311456889941773, 1.5503683787674425], [30.311541233127517, 1.550402751502128], [30.31166203723785, 1.5504005681099948], [30.31181340555056, 1.55037137786547], [30.3118600228991, 1.5503623880561017], [30.311972920690827, 1.550370182397886], [30.312087860935815, 1.55041783466373], [30.312185223774378, 1.5505233240263885], [30.312276633648064, 1.5505809889611208], [30.312329781868616, 1.5506145169433845], [30.31262326612411, 1.5508572072412585], [30.312679004012484, 1.551040480550413], [30.312691184572643, 1.5512317947487266], [30.31271138006201, 1.5514828879887936], [30.312806758024312, 1.5516860292750707], [30.31303662620062, 1.551773361105986], [30.313111951392308, 1.5518170894885188], [30.31313599617544, 1.5519964265366237], [30.313282735382458, 1.5521157782953736], [30.31340963909808, 1.5522152307660035], [30.31350869235934, 1.5522350049780391], [30.31363512222789, 1.5522261784140732], [30.313742359867163, 1.552218691727995], [30.31389689035969, 1.5522543227768915], [30.314000041157406, 1.5523617848431437], [30.314142937540304, 1.5525568784756283], [30.314153507044065, 1.5525713983411067], [30.314263234112012, 1.5525715386933978], [30.31435302658071, 1.5525716535430079], [30.314442819056033, 1.5525717683887894], [30.314532611538006, 1.5525718832307422], [30.31462240402664, 1.5525719980688664], [30.314712196521917, 1.552572112903162], [30.314801989023845, 1.5525722277336291], [30.31489178153241, 1.5525723425602675], [30.31498145994962, 1.55266282142754], [30.315071252475303, 1.5526629362532067], [30.31516104500763, 1.5526630510750454], [30.315250837546596, 1.5526631658930548], [30.31534063009222, 1.5526632807072356], [30.31543030855886, 1.5527537595954415], [30.31552010112158, 1.5527538744086495], [30.31560040542656, 1.5528348954610742], [30.315680442112807, 1.5528329790264235], [30.315757719696123, 1.5528587665793017], [30.315807271117478, 1.5528845979351489], [30.315896359814296, 1.5528645266677594], [30.316021164824456, 1.552888246052997], [30.31608516839732, 1.552935325388097], [30.316140128021246, 1.552975752233398], [30.31627817208299, 1.5530663152513406], [30.31635451306347, 1.5531163983144318], [30.316403797020424, 1.5531487307718101], [30.316457368412454, 1.553212423650431], [30.31645554040445, 1.553310085923268], [30.316550729027323, 1.5533916504305076], [30.31660148062189, 1.5533948650034692], [30.316734928494927, 1.5534033174996043], [30.316800345193833, 1.5534430750298729], [30.31675694046147, 1.5535487752031163], [30.31673390638092, 1.55359531925927], [30.316687842931138, 1.5536883978313587], [30.316636423092525, 1.5537343192522217], [30.316616817873918, 1.5538619053462208], [30.316767549113994, 1.5540011803243277], [30.31690246798972, 1.5541604107393425], [30.316966228089292, 1.5544074477770706], [30.316994234478315, 1.5545867777432825], [30.317362982292156, 1.5548333320113457], [30.31745016519565, 1.5548610966679748], [30.31753719234392, 1.5547892092412925], [30.317600616204352, 1.5548209975907248], [30.317684006438, 1.5549563927264007], [30.317795104131054, 1.5550797856917817], [30.317909988220666, 1.555091562070391], [30.31794157664579, 1.555075091226214], [30.31803267564295, 1.5550275903581863], [30.318211020941906, 1.5550950715034273], [30.318448766861508, 1.5551544863607976], [30.31866272257041, 1.5551979944886827], [30.31890438564337, 1.5552295004265067], [30.319138151862433, 1.5552769631755752], [30.319249143531415, 1.5553325925521357], [30.319281832837255, 1.5553792516550182], [30.319288088129266, 1.555379259655467], [30.319377995198785, 1.55528901012834], [30.319467788160406, 1.5552891249599685], [30.31955769522512, 1.5551988754050934], [30.319647488196207, 1.5551989902223766], [30.319737395256137, 1.5551087406396713]]}}, {"type": "Feature", "properties": {"OBJECTID": 498678, "arcid": 498678, "grid_code": 7, "from_node": 499508, "to_node": 499507, "Shape_Leng": 99.9906694395, "Type": "River", "Nme": "Theda"}, "geometry": {"type": "LineString", "coordinates": [[30.310930482486555, 1.5297965518266021], [30.311190238008887, 1.529760689345308], [30.31138139285558, 1.5293349357799313], [30.311479858505713, 1.5292652131061812], [30.311634025974694, 1.5290656676480416], [30.31164967368639, 1.5289380875778469], [30.31162854168284, 1.5288338328640991], [30.31158182557305, 1.5286033591179158], [30.31151391035306, 1.5282247834161902], [30.311497712465993, 1.5279936137285524], [30.311592241255543, 1.5276466747145039], [30.311683194165475, 1.5275508666989268], [30.31173060216502, 1.5274710707613908], [30.31175404347155, 1.5272597701734916], [30.31180129877257, 1.527080321571569], [30.31184596019871, 1.5268798357416116], [30.311781333369733, 1.5268146338286883], [30.31176872431293, 1.5266625772468747], [30.31177652082925, 1.5265808497540747], [30.31179226957563, 1.5265190405097364], [30.31175250235492, 1.5264154631624336], [30.31173251496364, 1.5262959106560594], [30.311709177254635, 1.5262916615007278], [30.31172831298523, 1.5261384655486998], [30.311769822521683, 1.5260865816476648], [30.31178767908795, 1.5259960037819202], [30.311793404482888, 1.5259669615680438], [30.311856576604683, 1.5258353217500968], [30.31199704014108, 1.5257394371393873], [30.312045152591658, 1.5257375352767975], [30.31205205441187, 1.5257306067818437], [30.312141957830484, 1.525640355883509], [30.31223186124165, 1.5255501049678915], [30.312231973460992, 1.5254597411052173], [30.312321876854277, 1.5253694901656245], [30.312321989056578, 1.5252791262960896], [30.312411892431985, 1.5251888753325056], [30.312412004617237, 1.5250985114560929], [30.312499252353692, 1.5250109263584637], [30.312492861346474, 1.524912546079324], [30.312619370341935, 1.5247568915471215], [30.312718287649425, 1.5246889743001524], [30.312801446990274, 1.5246768870652847], [30.31282934197986, 1.5246795601625587], [30.31292425132179, 1.5246886550517262], [30.313046927523153, 1.524616714879058], [30.313114084866143, 1.5245010135461452], [30.313104805907635, 1.5244030306661933], [30.31310200715135, 1.5243734766957169], [30.313070082570366, 1.5242180678165884], [30.313065902176987, 1.5240745742724635], [30.313113267573474, 1.5239668758669613], [30.31320815691922, 1.5238551177282775], [30.313287141938936, 1.5237035231387022], [30.313298817144467, 1.5235679772837514], [30.313492489605004, 1.5233006078839357], [30.31359132148646, 1.523176885399831], [30.313618712073875, 1.5229576069522415], [30.31366197650628, 1.522758234483396], [30.313760777933847, 1.522614581569143], [30.313941589179798, 1.5225727862215748], [30.31394159233573, 1.5225702384112425], [30.31403149545211, 1.522479987056314], [30.314031607370566, 1.522389623056979], [30.31403171928238, 1.522299259057543], [30.314121622370504, 1.5222090076718882], [30.314121734265285, 1.5221186436655785], [30.31412184615341, 1.5220282796592355], [30.314211749213307, 1.5219380282427712], [30.314211861084406, 1.5218476642295715], [30.314211972948854, 1.5217573002162543], [30.314212084806652, 1.5216669362028696], [30.3142121966578, 1.521576572189384], [30.314302099668733, 1.5214863207286693], [30.31430221150286, 1.5213959567083106], [30.314302323330327, 1.5213055926878671], [30.31439222631307, 1.5212153411963987], [30.314482129288336, 1.5211250896876851], [30.31457203225615, 1.5210348381617793], [30.31466193521652, 1.5209445866186475], [30.314751838169432, 1.5208543350583417], [30.31481124193822, 1.5204113793518235], [30.315009003117382, 1.520227712701494], [30.315291255730372, 1.5203128253350184], [30.315381158631123, 1.52022257365424], [30.315398302667163, 1.5202053631047883], [30.315620748551762, 1.520256911433231], [30.315715966533414, 1.5203604027733975], [30.31587441150963, 1.5203681298571612], [30.315996989894316, 1.5202324128188494], [30.316056152558122, 1.52006889120608], [30.31611919083236, 1.5198495582241949], [30.316213879155786, 1.519606259728072], [30.31624675742605, 1.5193536154895932], [30.316256943021635, 1.5192753469212654], [30.31635562875305, 1.5190559589189974], [30.316529703824756, 1.5189241485717473], [30.316636786385317, 1.518857207185437], [30.316596830809242, 1.5187885174821008], [30.316568764447897, 1.518565339396902], [30.316552665729674, 1.5183979481729655], [30.316639572503597, 1.5182463421664436], [30.316640678949298, 1.51824564384521], [30.31676619686701, 1.5181664245570679], [30.31676608131953, 1.5180906888947208], [30.316686706973464, 1.5179871730120558], [30.316641015539208, 1.5179728379140844], [30.31642120484852, 1.5179038751379441], [30.31627461220059, 1.517876198898896], [30.316357509632084, 1.5176927103108424], [30.316404972516573, 1.517648789918655], [30.316507905006105, 1.5176167421486844], [30.316539445611443, 1.5175210270843449], [30.316610527475518, 1.5173814038849887], [30.316681718746768, 1.5173135302849148], [30.31673162402595, 1.5173103139205186], [30.316731707966223, 1.5172422407072903], [30.316731819387414, 1.517151876502547], [30.31682172197211, 1.517061624418044], [30.316821833376302, 1.516971260206417]]}}, {"type": "Feature", "properties": {"OBJECTID": 468573, "arcid": 468573, "grid_code": 4, "from_node": 469463, "to_node": 469462, "Shape_Leng": 9.9990669433, "Type": "Thalweg", "Nme": ""}, "geometry": {"type": "LineString", "coordinates": [[30.302866166542437, 1.5474062225617697], [30.30268681220783, 1.5472252663814285], [30.30259702082963, 1.5472251514303974], [30.30250734368417, 1.5471346733574518], [30.302417552323128, 1.547134558405507], [30.30232787519572, 1.547044080344946], [30.30223808385182, 1.547043965392089], [30.3021482925146, 1.5470438504354171], [30.30205850118407, 1.54704373547493], [30.301968824095656, 1.54695325743263], [30.301879032782267, 1.5469531424712326], [30.301789241475564, 1.5469530275060197], [30.301699450175544, 1.5469529125369925], [30.301609658882207, 1.546952797564151], [30.30151998184326, 1.546862319543022], [30.301430190567064, 1.5468622045692706], [30.301340399297565, 1.5468620895917051], [30.301250608034746, 1.546861974610325], [30.301160931034794, 1.546771496607435], [30.301113029867487, 1.546723167583447], [30.301071254042405, 1.5466810186141198]]}}, {"type": "Feature", "properties": {"OBJECTID": 474881, "arcid": 474881, "grid_code": 6, "from_node": 475219, "to_node": 475703, "Shape_Leng": 14.1408160843, "Type": "River", "Nme": ""}, "geometry": {"type": "LineString", "coordinates": [[30.287619259089027, 1.541398101781951], [30.28778439287739, 1.541604838825767], [30.28823736434103, 1.541784987136021], [30.28832715442068, 1.5417851022923366], [30.28841694450705, 1.54178521744485], [30.288506734600126, 1.5417853325935627], [30.288596524699916, 1.541785447738473], [30.288686314806423, 1.541785562879582], [30.28877610491964, 1.5417856780168893], [30.28913492223492, 1.5420572248874276], [30.289224597981814, 1.5421477021523644], [30.289314273736252, 1.5422381794268636], [30.290212175829264, 1.5422393307001745], [30.290301966075464, 1.5422394458065902], [30.290391756328376, 1.5422395609092028], [30.29048154658799, 1.5422396760080128], [30.290840707693587, 1.542240136365225], [30.29093049798676, 1.5422402514450213], [30.29102028828664, 1.5422403665210143], [30.29111007859321, 1.542240481593205], [30.29119975456499, 1.5423309589362548], [30.291289544888766, 1.5423310740075844], [30.291379335219254, 1.5423311890751115], [30.29146901121955, 1.5424216664335957], [30.291558801567234, 1.54242178150026], [30.291648591921614, 1.542421896563122], [30.291738382282706, 1.5424220116221805], [30.291828172650497, 1.5424221266774356], [30.291917963024996, 1.542422241728887], [30.292007753406207, 1.5424223567765358], [30.292097543794117, 1.5424224718203812], [30.29218721987538, 1.54251294920908], [30.2922770102805, 1.5425130642520608], [30.292366800692303, 1.542513179291239], [30.29245659111081, 1.5425132943266127], [30.29254638153602, 1.542513409358184], [30.292636057666755, 1.5426038867682155], [30.292725848109185, 1.5426040017989202], [30.29281563855828, 1.542604116825822], [30.29290531471756, 1.5426945942513386], [30.29297505915944, 1.542829676799573], [30.29308474507255, 1.5429000098678722], [30.293160255798757, 1.5429414714567087], [30.2932641337385, 1.5429661416202827], [30.293353809938505, 1.5430566190870658], [30.29344348614607, 1.5431470965634717], [30.2936099807931, 1.5433547554282665], [30.293703463969187, 1.5433434666465262], [30.293798083309277, 1.5432836359879702], [30.29383889906387, 1.5432578269526434], [30.293880225030954, 1.543231695291849], [30.294103895888835, 1.5431516226273716], [30.29434544313919, 1.5431054046775952], [30.29453171820028, 1.5431768654375757], [30.29461506082197, 1.5432823693338997], [30.29465705288661, 1.5433762503333703], [30.2949692403901, 1.5436912270133945], [30.295059031052094, 1.5436913420260292], [30.29514870743838, 1.5437818196046675], [30.29523838383223, 1.5438722971929182], [30.295328060233647, 1.5439627747907292], [30.295417850933774, 1.5439628898083424], [30.295507641640604, 1.5439630048221482], [30.295597432354132, 1.5439631198321466], [30.295638187998225, 1.5439631720334641], [30.2956240644874, 1.5438926736672602], [30.295669480150394, 1.543804906763761], [30.29576441682619, 1.5437230418248395], [30.29590089116098, 1.54360722951273], [30.296077051701833, 1.5435411825152423], [30.29635526830324, 1.5434731392052377], [30.296406234433768, 1.543421978765914], [30.296496139390435, 1.5433317310262595], [30.29658604433957, 1.5432414832692671], [30.296587148551485, 1.543241484682414], [30.296615217308247, 1.5432015171475157], [30.29671610757575, 1.5431276153620934], [30.296836808665176, 1.5430576688373074], [30.297014977119332, 1.543009556579214], [30.29714766542982, 1.5430073563437294], [30.297280415171745, 1.5430450177547468], [30.29736961237811, 1.5430617601525092], [30.297394389741697, 1.5430617918490304], [30.297484180557976, 1.5430619067117834], [30.297573971380952, 1.5430620215707316], [30.297663762210618, 1.5430621364258752], [30.297753438921106, 1.5431526140428848], [30.297843229767928, 1.5431527288971472], [30.29793302062145, 1.5431528437476045], [30.298022697360445, 1.5432433213799932], [30.298112488231123, 1.5432434362295682], [30.2982022791085, 1.5432435510753375], [30.29829206999256, 1.5432436659173012], [30.298325989461404, 1.54327788830915], [30.2983917398965, 1.5432266462065918], [30.298488681284525, 1.5431607229743336], [30.29864121094741, 1.5431824086528183], [30.29883737845773, 1.543247873999504], [30.2989780714081, 1.5432994743856543], [30.299019827205825, 1.5434070356839658], [30.29905166531758, 1.543504647050078], [30.29917656376058, 1.543588161395235], [30.29931740741987, 1.5437374225433287], [30.29928978549358, 1.5438052305523973], [30.299277768236585, 1.5438762550823477], [30.299278971493507, 1.543877469084905], [30.299368648366308, 1.5439679468142453], [30.299368534241623, 1.5440583097001437], [30.299368420110245, 1.544148672585923], [30.299458096984804, 1.5442391503381316], [30.299547773866923, 1.5443296280998469], [30.29960359420791, 1.54438472714104], [30.299677952413703, 1.544443406800705], [30.2997097229412, 1.5444971703464412], [30.299728675853874, 1.5445868294207221], [30.29973573829304, 1.5446715243829872], [30.29972686216387, 1.5447207421156435], [30.299726796262878, 1.5447729040493756], [30.29978653565446, 1.5448627808441582], [30.2998540223046, 1.5449603363051203], [30.299866015929645, 1.54503206850354], [30.29985456088866, 1.5452030978969002], [30.299884550719973, 1.5453027594594169], [30.299905620696503, 1.545372778764056], [30.299923646859003, 1.5454326829374003], [30.299931263138586, 1.5454403672431538], [30.299932024087795, 1.545454498644192], [30.299963839342258, 1.5455371617594442], [30.29999516559968, 1.545567691622688], [30.300033260337262, 1.5456048178941397], [30.300085828903256, 1.5456605419049092], [30.300134025185617, 1.5457354184792826], [30.30017448453549, 1.545776239205627], [30.300264161452084, 1.545866717103496], [30.300353952599707, 1.5458668320528868], [30.30044362953435, 1.5459573099632482], [30.300533306476577, 1.5460477878831387], [30.300623097651826, 1.5460479028345373], [30.300712774612098, 1.5461383807669], [30.300892128555382, 1.5463193366602423], [30.30089201432124, 1.5464096996581704], [30.30098169130133, 1.5465001776258172], [30.300981577057613, 1.5465905406302956], [30.301071254042405, 1.5466810186141198], [30.30107113978911, 1.5467713816251472], [30.301071105185432, 1.5467987486557886], [30.301071025529133, 1.5468617446361224], [30.301160702515734, 1.5469522226427241], [30.301160588246184, 1.5470425856602488], [30.301160473969947, 1.5471329486777041], [30.301160359687024, 1.5472233116950234], [30.301160245397426, 1.547313674712291], [30.30116013110114, 1.5474040377294556], [30.30124980808085, 1.5474945157787534], [30.30124969377499, 1.547584878802484], [30.301249579462446, 1.5476752418261115], [30.30124946514323, 1.5477656048496713], [30.30133914212184, 1.5478560829284613], [30.30133902779304, 1.547946445958535], [30.301428704776367, 1.5480369240534966], [30.301428590437997, 1.5481272870901188], [30.301518267426015, 1.5482177652012334], [30.301518153078074, 1.5483081282444038], [30.301518038723458, 1.548398491287539], [30.301517924362155, 1.548488854330538], [30.301607601349094, 1.5485793324711057], [30.301607486978224, 1.5486696955206523], [30.301607372600674, 1.5487600585701637], [30.30160725821644, 1.5488504216195385], [30.301607143825525, 1.5489407846688616], [30.301696820808495, 1.5490312628454634], [30.301696706408013, 1.5491216259013336], [30.301696592000848, 1.5492119889571354], [30.301696477587, 1.5493023520128009], [30.30178615456892, 1.549392830218868], [30.301786040145508, 1.5494831932810806], [30.301875717132134, 1.5495736715032948], [30.301875602699152, 1.5496640345720545], [30.301875488259494, 1.549754397640745], [30.301965050798724, 1.5499352389609755], [30.30196493634282, 1.5500256020361607], [30.301964821880237, 1.5501159651112606], [30.302054498867637, 1.550206443385663]]}}, {"type": "Feature", "properties": {"OBJECTID": 468573, "arcid": 468573, "grid_code": 4, "from_node": 469463, "to_node": 469462, "Shape_Leng": 9.9990669433, "Type": "Thalweg", "Nme": ""}, "geometry": {"type": "LineString", "coordinates": [[30.290838877182544, 1.543685932317462], [30.290838841929297, 1.5437137631482034]]}}, {"type": "Feature", "properties": {"OBJECTID": 468573, "arcid": 468573, "grid_code": 5, "from_node": 469463, "to_node": 469462, "Shape_Leng": 9.9990669433, "Type": "Thalweg", "Nme": ""}, "geometry": {"type": "LineString", "coordinates": [[30.28268239510213, 1.5322898680508614], [30.282682281141742, 1.5323802296930993], [30.282682167174624, 1.5324705913352352], [30.28277184247955, 1.5325610676791777], [30.28277172850273, 1.5326514293278928], [30.282771614519184, 1.532741790976523], [30.282771500528913, 1.532832152625119], [30.282861175832434, 1.532922628998788], [30.28286106183246, 1.533012990653929], [30.282860947825757, 1.533103352309019], [30.282950623130837, 1.5331938287056828], [30.28295050911444, 1.5332841903673673], [30.282950395091305, 1.5333745520289845], [30.28295028106145, 1.5334649136904661], [30.28303995636514, 1.5335553901168197], [30.28303984232559, 1.5336457517849476], [30.283129517633824, 1.5337362282276457], [30.28312940358457, 1.533826589902368], [30.28321907889736, 1.5339170663614095], [30.28321896483841, 1.5340074280427094], [30.283308640155745, 1.5340979045180931], [30.283398315480614, 1.5341883810031882], [30.283398201409, 1.5342787426977795], [30.28348787673839, 1.534369219199165], [30.283487762657085, 1.534459580900333], [30.283487648569057, 1.5345499426013998], [30.283487534474304, 1.534640304302398], [30.283487420372822, 1.5347306660032776], [30.283487306264615, 1.5348210277041228], [30.28348719214968, 1.5349113894048318], [30.283487078028017, 1.5350017511055067], [30.28348696389963, 1.5350921128060455], [30.283486849764518, 1.5351824745065497], [30.28348673562268, 1.5352728362069188], [30.28348662147411, 1.535363197907236], [30.28348650731882, 1.5354535596074348], [30.283396603700186, 1.5355438064127331], [30.283396489527682, 1.535634168105997], [30.283396375348445, 1.535724529799226], [30.283396261162487, 1.5358148914923198], [30.2833961469698, 1.5359052531853785], [30.283396032770387, 1.5359956148783018], [30.283306129091756, 1.536085861631935], [30.28330601487513, 1.5361762233179403], [30.283305900651772, 1.536266585003877], [30.283215996944644, 1.5363568317264256], [30.283215882704077, 1.5364471934053934], [30.28312597897893, 1.5365374401036715], [30.283125864721136, 1.5366278017757211], [30.28312575045662, 1.5367181634477023], [30.28303584670296, 1.5368084101148418], [30.28303573242122, 1.5368987717799039], [30.28303561813275, 1.536989133444831], [30.282945714350582, 1.537079380080864], [30.282945600044894, 1.5371697417389047], [30.282945485732483, 1.537260103396861], [30.282945371413334, 1.5373504650546812], [30.28294525708747, 1.5374408267124497], [30.28294514275487, 1.5375311883701162], [30.282944914069493, 1.5377119116851934], [30.28294479971671, 1.5378022733426377], [30.282944685357208, 1.5378926349999464], [30.282944570990967, 1.5379829966572203], [30.282944456618004, 1.538073358314358], [30.28294388465228, 1.5385251665989033], [30.28285398069465, 1.5386154131079657], [30.282494364788715, 1.5389763989699852], [30.282404460793376, 1.5390666453919375], [30.28231467127059, 1.5390665301877255], [30.282205874654334, 1.5390337535779741], [30.282137518639225, 1.538972393765064], [30.281988892773295, 1.538828316040484]]}}, {"type": "Feature", "properties": {"OBJECTID": 468573, "arcid": 468573, "grid_code": 4, "from_node": 469463, "to_node": 469462, "Shape_Leng": 9.9990669433, "Type": "Thalweg", "Nme": ""}, "geometry": {"type": "LineString", "coordinates": [[30.28348719214968, 1.5349113894048318], [30.283515810663502, 1.5348826616079145], [30.28357709569786, 1.5348211425410891], [30.28357720980231, 1.5347307808334798], [30.283577323900026, 1.5346404191258363], [30.283577437991024, 1.534550057418074], [30.283577552075297, 1.5344596957102437], [30.283667455574022, 1.534369448801674], [30.283667569641086, 1.534279087086926], [30.283757473121803, 1.5341888401540953], [30.28384737659504, 1.5340985932038693], [30.283937280060726, 1.5340083462362997], [30.2840271835189, 1.5339180992513026], [30.284117086969566, 1.5338278522489461], [30.284117200977477, 1.5337374904998218], [30.284207104410143, 1.5336472434732258], [30.284207218400848, 1.5335568817171683], [30.284207332384828, 1.5334665199610766], [30.28420744636209, 1.5333761582049004], [30.284207560332625, 1.5332857964485882], [30.284207674296432, 1.5331954346922079], [30.284297577669165, 1.533105187613967], [30.28429769161577, 1.533014825850654], [30.284297805555653, 1.5329244640872899], [30.28429791948881, 1.5328341023237904], [30.2843878228226, 1.5327438552075854], [30.284387936738547, 1.5326534934372045], [30.284388050647777, 1.5325631316667385], [30.28438816455028, 1.5324727698961538]]}}, {"type": "Feature", "properties": {"OBJECTID": 463007, "arcid": 463007, "grid_code": 3, "from_node": 463483, "to_node": 463893, "Shape_Leng": 14.1408160856, "Type": "Thalweg", "Nme": ""}, "geometry": {"type": "LineString", "coordinates": [[30.286991946167305, 1.5325664544047368], [30.286902042768467, 1.5326567018401815], [30.286812139362116, 1.5327469492582513], [30.286722235948268, 1.5328371966589946], [30.286632332526892, 1.5329274440423615], [30.28654242909801, 1.5330176914083007], [30.286452525661616, 1.5331079387568949], [30.28645241179844, 1.5331983006823333], [30.286362508344062, 1.5332885480067067], [30.28636239446369, 1.5333789099252526], [30.28627249099132, 1.53346915722537], [30.286182587511433, 1.5335594045081076], [30.286182473603393, 1.5336497664128836], [30.286092570105513, 1.5337400136713968], [30.28600266660012, 1.5338302609125787], [30.285912763087214, 1.5339205081363274], [30.285912649141018, 1.5340108700204722], [30.285822745610098, 1.5341011172199936], [30.285732842071674, 1.5341913644021812], [30.2857327280978, 1.5342817262725714], [30.285642824541377, 1.534371973430479], [30.2856427105503, 1.5344623352939237], [30.285552806975907, 1.5345525824276185], [30.285462903393938, 1.5346428295439432], [30.28546278937518, 1.5347331913935804], [30.285372885775242, 1.5348234384856903], [30.285372771739286, 1.534913800328398], [30.28528286812134, 1.5350040473962743], [30.28528275406817, 1.535094409232052], [30.28519285043222, 1.5351846562756941], [30.28519273636185, 1.5352750181045418], [30.285102832707892, 1.535365265123931], [30.285102718620315, 1.5354556269458488], [30.285102604526013, 1.5355459887677319], [30.285012700843577, 1.535636235756005], [30.28501258673207, 1.5357265975709575], [30.28501247261384, 1.5358169593857742], [30.28501235848889, 1.5359073212005565], [30.285012244357215, 1.5359976830152031], [30.285012130218814, 1.536088044829798], [30.285012016073697, 1.536178406644291], [30.2850107600337, 1.5371723865981746], [30.28492085616545, 1.5372626334527295], [30.284920741929167, 1.5373529952593372], [30.28492062768617, 1.5374433570658936], [30.2848307237894, 1.537533603889326], [30.284830609529184, 1.537623965688951], [30.28483049526225, 1.5377143274884568], [30.284740591336973, 1.5378045742808326], [30.284650687404163, 1.537894821055758], [30.28456078346381, 1.5379850678133342], [30.28445167943003, 1.5380847851890793]]}}, {"type": "Feature", "properties": {"OBJECTID": 468573, "arcid": 468573, "grid_code": 4, "from_node": 469463, "to_node": 469462, "Shape_Leng": 9.9990669433, "Type": "Thalweg", "Nme": ""}, "geometry": {"type": "LineString", "coordinates": [[30.290838841929297, 1.5437137631482034], [30.290838648247913, 1.543866656809933], [30.29083853377054, 1.54395701905604], [30.29083841928645, 1.5440473813020787], [30.290838304795663, 1.5441377435479982], [30.290838190298157, 1.5442281057938818], [30.29074828542052, 1.5443183528008717], [30.290748170905818, 1.5444087150398387], [30.29074805638441, 1.5444990772786698], [30.290747941856292, 1.5445894395174482], [30.290747827321464, 1.5446798017561247], [30.290657922394285, 1.5447700487184348], [30.29065780784226, 1.5448604109501765], [30.29065769328352, 1.544950773181884], [30.290657578718076, 1.5450411354135047], [30.290657464145923, 1.5451314976449897], [30.290657349567056, 1.545221859876423], [30.290657234981488, 1.545312222107754], [30.290657120389206, 1.545402584338982], [30.290657005790212, 1.5454929465701583], [30.29065689118452, 1.5455833088012318], [30.29065677657211, 1.5456736710322367], [30.290656661952998, 1.5457640332631728], [30.290656547327174, 1.545854395493973], [30.29065643269464, 1.5459447577247203], [30.2906563180554, 1.5460351199553657], [30.290745993851896, 1.5461255975634347], [30.290745879203026, 1.546215959800638], [30.290745764547445, 1.5463063220378064], [30.290835440345678, 1.5463967996687564], [30.290835325680472, 1.5464871619124994], [30.29092500148336, 1.5465776395597026], [30.290924886808522, 1.5466680018100196], [30.29092477212698, 1.5467583640602007], [30.291014447931612, 1.54684884173035], [30.291014333240447, 1.5469392039871217], [30.291104009049736, 1.547029681673522], [30.29119368486661, 1.547120159369529], [30.291283360691068, 1.5472106370750747], [30.291283245984438, 1.5473009993517566], [30.291372921813565, 1.547391477073567], [30.29146259765026, 1.5474819548049488], [30.291462482931095, 1.5475723170948625], [30.291552158772472, 1.5476627948425068], [30.291552044043687, 1.5477531571389933], [30.29164171988973, 1.5478436349029159]]}}, {"type": "Feature", "properties": {"OBJECTID": 474881, "arcid": 474881, "grid_code": 5, "from_node": 475219, "to_node": 475703, "Shape_Leng": 14.1408160843, "Type": "Thalweg", "Nme": ""}, "geometry": {"type": "LineString", "coordinates": [[30.289314273736252, 1.5422381794268636], [30.289403949498265, 1.5423286567110237], [30.289493739687853, 1.542328771858414], [30.289583529884162, 1.542328887002001], [30.28967332008717, 1.5423290021417853], [30.289763110296914, 1.5423291172777664], [30.290121813588343, 1.5426910265575107], [30.290121699167933, 1.5427813887507893], [30.29021137500679, 1.5428718661013832], [30.29030105085318, 1.5429623434616329], [30.290390726707138, 1.543052820831436], [30.290480402568633, 1.5431432982108775], [30.290570078437735, 1.543233775599888], [30.29056996399597, 1.543324137826355], [30.290659639869673, 1.5434146152316621], [30.290749315750954, 1.5435050926465381], [30.290749201296627, 1.543595454886275], [30.290838877182544, 1.543685932317462], [30.29092855307602, 1.5437764097581994], [30.291018228977066, 1.5438668872085686], [30.291108019351693, 1.5438670024021763], [30.2911976952708, 1.543957479865066], [30.291377047131697, 1.5441384348196374], [30.291466723073484, 1.5442289123113513], [30.29155639902285, 1.544319389812604], [30.291751338553908, 1.5446032772053402], [30.291918085836187, 1.544854147416856], [30.291955629838363, 1.5449936226620036], [30.29197385871078, 1.545061342588089], [30.29200433893057, 1.5451189694786467], [30.292020529981286, 1.5451495808046558], [30.29209391494598, 1.5452883248115492], [30.292112897839168, 1.5453242144911872], [30.2921237453914, 1.5453441967361228], [30.292183495291475, 1.5454542618623401], [30.292183443773208, 1.5454949066664405], [30.292183329231886, 1.545585269012171], [30.29218321468386, 1.5456756313578321], [30.292272890670446, 1.5457661089891366], [30.292272776112796, 1.5458564713413359], [30.29227266154845, 1.5459468336934825], [30.29236233753676, 1.5460373113476535], [30.292362222962787, 1.546127673706372], [30.292362108382108, 1.5462180360649707], [30.292361993794724, 1.5463083984235342], [30.29239396865723, 1.5463406591386832], [30.292412536831538, 1.5463462055940607], [30.2925116254371, 1.5463879058228216], [30.29256238137555, 1.5465522570207115], [30.292596158717142, 1.5466229591800624], [30.292626970575363, 1.5467567000997684], [30.29263077650413, 1.5467732199901318], [30.292654127876972, 1.5468745782146465], [30.292720353951403, 1.5469413963709304], [30.292720239325547, 1.5470317587557587], [30.292720124692988, 1.547122121140518], [30.292720010053724, 1.5472124835251402], [30.292719895407757, 1.5473028459097113], [30.292719780755082, 1.5473932082941793], [30.292719666095703, 1.547483570678545], [30.292809342086944, 1.547574048460524], [30.292809326982585, 1.5475859514198078], [30.29284824467326, 1.5476300754567536], [30.292902804848875, 1.5476927726663572], [30.292979173404266, 1.5477703839801478], [30.293063827138006, 1.54808316764067], [30.293073309100908, 1.5481118099684368], [30.29307801405417, 1.5481260223018822], [30.293163257606174, 1.5483835190305457], [30.29316746193402, 1.5483962191221787], [30.293179233875065, 1.5484317788458628], [30.29325478802808, 1.548656824221724], [30.29325691392185, 1.5486631564038664], [30.29325881960897, 1.548668832679028], [30.29325690179504, 1.5486727077824516], [30.29325680450091, 1.5487493369055492], [30.293256689763748, 1.5488396993290716], [30.293256575019882, 1.548930061752542], [30.29325646026932, 1.5490204241759096], [30.293256345512056, 1.549110786599208], [30.29325623074808, 1.549201149022438], [30.29325611597741, 1.5492915114455312], [30.293256001200042, 1.5493818738685894], [30.29325588641596, 1.5494722362915108], [30.293255771625187, 1.5495625987143802], [30.293255656827704, 1.5496529611371306], [30.29325554202352, 1.5497433235598108], [30.29325542721263, 1.5498336859824229], [30.29316552160554, 1.5499239328510876], [30.293165406777455, 1.5500142952668043], [30.29316529194267, 1.550104657682435], [30.29307538630699, 1.5501949045200591], [30.293075271455, 1.5502852669287612], [30.293075156596302, 1.5503756293373607]]}}, {"type": "Feature", "properties": {"OBJECTID": 463007, "arcid": 463007, "grid_code": 3, "from_node": 463483, "to_node": 463893, "Shape_Leng": 14.1408160856, "Type": "Thalweg", "Nme": ""}, "geometry": {"type": "LineString", "coordinates": [[30.29442832347263, 1.5454074246459426], [30.294428437905882, 1.5453170621315622], [30.294338761652977, 1.545226584463268], [30.29433887607662, 1.5451362219554192], [30.294249199828393, 1.5450457443033723], [30.29424931424242, 1.5449553818020731], [30.29415963799885, 1.5448649041662073], [30.29415975240326, 1.544774541671525], [30.294070076164346, 1.5446840640519082], [30.294070135284905, 1.5446373643326845], [30.294014021168003, 1.5445907767439822], [30.29380755397125, 1.544268217784724], [30.293753506781997, 1.5438955934550844], [30.29374933087542, 1.5437560833487438], [30.293732574443762, 1.5436197235410825], [30.293712286161803, 1.5435992539746801], [30.293712400491323, 1.5435088915124406], [30.2936099807931, 1.5433547554282665]]}}, {"type": "Feature", "properties": {"OBJECTID": 463007, "arcid": 463007, "grid_code": 3, "from_node": 463483, "to_node": 463893, "Shape_Leng": 14.1408160856, "Type": "Thalweg", "Nme": ""}, "geometry": {"type": "LineString", "coordinates": [[30.299368534241623, 1.5440583097001437], [30.299637564896702, 1.5443297429654201], [30.29999672908268, 1.5443302023896346], [30.300535475562206, 1.5443308914117133], [30.30062526666553, 1.5443310062353985], [30.300656060671557, 1.5443310456134907], [30.300724494984717, 1.5443560674494805], [30.300839729895287, 1.5443664283459422], [30.300877012122434, 1.5443697804304806], [30.300984006325262, 1.544401502333104], [30.301124711473037, 1.5444610745986231], [30.301354577401984, 1.5445464173587844], [30.30145244524099, 1.544603153403034], [30.301481440855117, 1.5446199627699855], [30.301580599412194, 1.5447075030646797], [30.301749077181814, 1.544796927919455], [30.301828293594472, 1.5448209504594361], [30.3018816584406, 1.5448747918083607], [30.301971449666866, 1.5448749066152345], [30.302061126821812, 1.5449653845050018], [30.302150918065212, 1.544965499310975], [30.30224070931531, 1.5449656141131383]]}}, {"type": "Feature", "properties": {"OBJECTID": 463007, "arcid": 463007, "grid_code": 3, "from_node": 463483, "to_node": 463893, "Shape_Leng": 14.1408160856, "Type": "Thalweg", "Nme": ""}, "geometry": {"type": "LineString", "coordinates": [[30.2983855089604, 1.5403521707075758], [30.29838548717513, 1.5403694547035829]]}}, {"type": "Feature", "properties": {"OBJECTID": 463007, "arcid": 463007, "grid_code": 3, "from_node": 463483, "to_node": 463893, "Shape_Leng": 14.1408160856, "Type": "Thalweg", "Nme": ""}, "geometry": {"type": "LineString", "coordinates": [[30.29838548717513, 1.5403694547035829], [30.298385395061675, 1.540442533522905], [30.298475071940373, 1.5405330109706554], [30.298474958032045, 1.540623373792558], [30.29847484411703, 1.5407137366143755], [30.298564520997445, 1.5408042140849787], [30.298564407072828, 1.5408945769133353], [30.298564293141524, 1.5409849397415896], [30.298564179203527, 1.5410753025697754], [30.298564065258837, 1.5411656653978425], [30.298563951307464, 1.5412560282258403], [30.298563837349406, 1.5413463910537701], [30.298563723384646, 1.5414367538816311]]}}, {"type": "Feature", "properties": {"OBJECTID": 463007, "arcid": 463007, "grid_code": 3, "from_node": 463483, "to_node": 463893, "Shape_Leng": 14.1408160856, "Type": "Thalweg", "Nme": ""}, "geometry": {"type": "LineString", "coordinates": [[30.302517369420507, 1.5391827186275941], [30.302597915897735, 1.5391018638576504], [30.302574198749195, 1.539027671885919], [30.30260286007792, 1.538991751798715], [30.302678046715908, 1.5389457937642428], [30.302761167437332, 1.5389077956653803], [30.30286507369853, 1.5388637859213397], [30.303015540535526, 1.5388326585538137], [30.303221287268475, 1.538746853391785], [30.303257276784365, 1.5387318442243039], [30.30329856411569, 1.5387146256395239], [30.303484619146914, 1.5386445778030442], [30.303624782523443, 1.5386125606250127], [30.303685448333997, 1.5385516624801658], [30.30377535296146, 1.5384614135205068], [30.303865257581382, 1.5383711645435916], [30.303880178342265, 1.5382991589348698], [30.303923521138433, 1.538151603847517], [30.303974276401615, 1.5376731869168858], [30.304452637006364, 1.5370824914440766]]}}, {"type": "Feature", "properties": {"OBJECTID": 468573, "arcid": 468573, "grid_code": 4, "from_node": 469463, "to_node": 469462, "Shape_Leng": 9.9990669433, "Type": "Thalweg", "Nme": ""}, "geometry": {"type": "LineString", "coordinates": [[30.306955387532877, 1.5393028529897528], [30.307455432494045, 1.5395504566073737], [30.307684824555487, 1.5397122851304004], [30.308037398901718, 1.5397476092658438], [30.308433321384552, 1.5396393648691766], [30.308947553397704, 1.5391961007858457]]}}, {"type": "Feature", "properties": {"OBJECTID": null, "arcid": null, "grid_code": 4, "from_node": null, "to_node": null, "Shape_Leng": null, "Type": "Thalweg", "Nme": ""}, "geometry": {"type": "LineString", "coordinates": [[30.306955387532877, 1.539302852989753], [30.30701802766499, 1.5391477941093694], [30.30715651125339, 1.5390519105525675], [30.307350508728884, 1.5389958016506307], [30.307425802487508, 1.5390196008482178], [30.307596249766558, 1.5391030434018997], [30.3076872517952, 1.5390391231076475], [30.307734665618252, 1.5389633125131177], [30.307778081667742, 1.5388635913729833], [30.307777811177292, 1.5386882019540027], [30.307880652819456, 1.538596360283814], [30.308003489433624, 1.5386280574876359], [30.3081619801439, 1.5386636851159423], [30.308351991906832, 1.538591637958912], [30.308466673083576, 1.5384718749211055], [30.30857342018991, 1.538344152037876], [30.308703994046887, 1.5382562532542747], [30.308810753423902, 1.5381365026509795], [30.30892151055168, 1.5380406625937146]]}}, {"type": "Feature", "properties": {"OBJECTID": 463007, "arcid": 463007, "grid_code": 3, "from_node": 463483, "to_node": 463893, "Shape_Leng": 14.1408160856, "Type": "Thalweg", "Nme": ""}, "geometry": {"type": "LineString", "coordinates": [[30.30592258072559, 1.544910972229954], [30.30619153092939, 1.544970661636727], [30.30619145472929, 1.5450311105325254], [30.306247832956316, 1.545046489428719], [30.306386686707977, 1.5451897727365649], [30.306545277110363, 1.5452891775342734], [30.306933322093705, 1.5452088463384093], [30.307056153230224, 1.5452365566761994], [30.307175128386714, 1.5453320373425592], [30.307195056345105, 1.5454117287883788], [30.307244852900567, 1.5455141878158334], [30.307270554216792, 1.5455670696276105], [30.307349982146288, 1.545702473603196], [30.30754032765571, 1.545845675795106], [30.307782158690962, 1.5459848109882304], [30.30788136029504, 1.5461002531458838], [30.307980506315253, 1.5461798201769696], [30.308321217700126, 1.5462271189512147], [30.30860660619742, 1.5463582132054532], [30.30887202332067, 1.5463817132457385], [30.30911370591324, 1.5464251811464271], [30.309438418878766, 1.546372851576985], [30.309751131605264, 1.546244804471192], [30.30998455841045, 1.546073034554715], [30.31012695267735, 1.5459452549964294], [30.310229768933322, 1.5458374682263787], [30.310526625439415, 1.545701473930643], [30.310704797386567, 1.545657346816235], [30.3109185122014, 1.5455453998493618], [30.311013425128564, 1.5454495839371776], [30.311017773190763, 1.545428637059002], [30.311039715597204, 1.5454286650297402], [30.31112950752648, 1.5454287794882173], [30.311219413187573, 1.5453385301725728], [30.311309205126378, 1.5453386446167332], [30.31139899707183, 1.545338759057082]]}}, {"type": "Feature", "properties": {"OBJECTID": 463007, "arcid": 463007, "grid_code": 3, "from_node": 463483, "to_node": 463893, "Shape_Leng": 14.1408160856, "Type": "Thalweg", "Nme": ""}, "geometry": {"type": "LineString", "coordinates": [[30.3034957340624, 1.5465937584232303], [30.30349584820001, 1.5465033952306577], [30.30358575374181, 1.5464131468903977], [30.30358586786228, 1.5463227836909397], [30.303675773386043, 1.546232535326553], [30.30367588748937, 1.5461421721202095], [30.303676001586027, 1.5460518089137467], [30.30376590708128, 1.5459615605184673], [30.303855698493223, 1.5459616753259076], [30.303945489911854, 1.5459617901295357], [30.30403528133716, 1.5459619049293516], [30.304125186833502, 1.545871656485154], [30.304214978268362, 1.5458717712706327], [30.3043047697099, 1.5458718860522995], [30.304484238563806, 1.5459624788712487], [30.305292361992244, 1.5459635117264974], [30.305505511997687, 1.5460725896456033]]}}, {"type": "Feature", "properties": {"OBJECTID": 463007, "arcid": 463007, "grid_code": 3, "from_node": 463483, "to_node": 463893, "Shape_Leng": 14.1408160856, "Type": "Thalweg", "Nme": ""}, "geometry": {"type": "LineString", "coordinates": [[30.304031170437835, 1.5492149812775688], [30.30412096200633, 1.549215096315244], [30.30421075358149, 1.549215211349099], [30.304300545163336, 1.5492153263791335], [30.304750074496454, 1.5487640850506694], [30.304839866099368, 1.5487642000242263], [30.304929657708954, 1.5487643149939643], [30.30501956355858, 1.548674066655202], [30.305738810082275, 1.5479520793216386], [30.3057394948399, 1.547409899165732]]}}, {"type": "Feature", "properties": {"OBJECTID": 463007, "arcid": 463007, "grid_code": 3, "from_node": 463483, "to_node": 463893, "Shape_Leng": 14.1408160856, "Type": "Thalweg", "Nme": ""}, "geometry": {"type": "LineString", "coordinates": [[30.304566717239616, 1.5517458429901967], [30.304656508954523, 1.5517459581928799], [30.30474641514109, 1.5516557101100557], [30.30483632132005, 1.5515654620098789], [30.304926113047387, 1.551565577187661], [30.305015904781417, 1.5515656923616175], [30.305105810958494, 1.5514754442230672], [30.305195602702053, 1.5514755593826608], [30.305285394452277, 1.5514756745384288], [30.30537530062751, 1.5513854263614228], [30.305465092387305, 1.5513855415028297], [30.305554998557806, 1.551295293297958], [30.305644790327122, 1.551295408425004], [30.3057346964929, 1.5512051601923182], [30.305824488271757, 1.551205275305005], [30.305914280057284, 1.551205390413866], [30.306004071849472, 1.5512055055189027], [30.30609386364834, 1.551205620620114], [30.30618365545388, 1.5512057357175002], [30.306273447266094, 1.551205850811061], [30.30645303091051, 1.551206080986708], [30.306722749431103, 1.5509353359318137]]}}, {"type": "Feature", "properties": {"OBJECTID": 463007, "arcid": 463007, "grid_code": 3, "from_node": 463483, "to_node": 463893, "Shape_Leng": 14.1408160856, "Type": "Thalweg", "Nme": ""}, "geometry": {"type": "LineString", "coordinates": [[30.306001439458754, 1.553283863146474], [30.306091231345107, 1.5532839784019747], [30.30636095055393, 1.5530132339422302], [30.306450856941655, 1.5529229857543492], [30.306540763321767, 1.552832737549087], [30.30663066969427, 1.552742489326546], [30.306720576059163, 1.552652241086627]]}}, {"type": "Feature", "properties": {"OBJECTID": 463007, "arcid": 463007, "grid_code": 3, "from_node": 463483, "to_node": 463893, "Shape_Leng": 14.1408160856, "Type": "Thalweg", "Nme": ""}, "geometry": {"type": "LineString", "coordinates": [[30.31145143480824, 1.5464608717447454], [30.311000264846417, 1.5467007478747687], [30.310691377403405, 1.5467410944804534], [30.31034290568644, 1.5467974477530586], [30.309946853654942, 1.5468219867743747], [30.309309978410152, 1.547357128226913], [30.30917957189832, 1.5475526533572945], [30.30904538387919, 1.5478637821691446], [30.308903255540354, 1.5481629651548439], [30.308773905006884, 1.54860561919934], [30.308632007837048, 1.5487480574299908], [30.308524890124367, 1.5487489258727316], [30.308442649612505, 1.5487858648936765], [30.308377582364063, 1.54885909054411], [30.308341629716637, 1.5488590445667454]]}}, {"type": "Feature", "properties": {"OBJECTID": 463007, "arcid": 463007, "grid_code": 3, "from_node": 463483, "to_node": 463893, "Shape_Leng": 14.1408160856, "Type": "Thalweg", "Nme": ""}, "geometry": {"type": "LineString", "coordinates": [[30.312874808188106, 1.5483268752901682], [30.312202344442778, 1.5491350702217848], [30.312202343671526, 1.5491356817802138], [30.31190978332019, 1.5492491868215599], [30.311628783263597, 1.5493931294557863], [30.31149040618341, 1.5495567781487745], [30.311423287952792, 1.5496963979562068], [30.31136813918415, 1.5498918045815537], [30.31122603677874, 1.5502069317418112], [30.311234684740437, 1.5502111053147127], [30.311135100520165, 1.55031270713149]]}}, {"type": "Feature", "properties": {"OBJECTID": 463007, "arcid": 463007, "grid_code": 3, "from_node": 463483, "to_node": 463893, "Shape_Leng": 14.1408160856, "Type": "Thalweg", "Nme": ""}, "geometry": {"type": "LineString", "coordinates": [[30.310666498454072, 1.5501679518325848], [30.310626089881893, 1.5502905886899638], [30.31067393917551, 1.550669303360429], [30.310584032914942, 1.550759552212864], [30.310582319947105, 1.5521150079786676], [30.310582205695972, 1.5522053716957267], [30.310582091438175, 1.5522957354126492], [30.310492184992174, 1.552385984132504], [30.310491956435683, 1.552566711552576], [30.310491842147453, 1.552657075262458], [30.310491727852558, 1.5527474389723044], [30.310940003107966, 1.5532901965110377], [30.31102968104219, 1.5533806753052624], [30.311119358984037, 1.5534711541089792], [30.311209036933487, 1.5535616329221875], [30.311298714890555, 1.5536521117448192], [30.311388392855235, 1.5537425905769573]]}}, {"type": "Feature", "properties": {"OBJECTID": 463007, "arcid": 463007, "grid_code": 3, "from_node": 463483, "to_node": 463893, "Shape_Leng": 14.1408160856, "Type": "Thalweg", "Nme": ""}, "geometry": {"type": "LineString", "coordinates": [[30.32117385569211, 1.5552913060321856], [30.32126364878643, 1.555291420787106], [30.321353441887396, 1.5552915355381915], [30.32141379549336, 1.5552612630467053], [30.32171029866424, 1.5553110038845863], [30.32196362522526, 1.5552029782296672], [30.322114175307952, 1.555226655989798], [30.322296443439587, 1.555270213807741], [30.32245090441082, 1.5552619967406947], [30.32263680881386, 1.5550982729892913], [30.322751405300963, 1.554926690198972], [30.32299680982705, 1.5548186771912482], [30.323151077210213, 1.5546868922837678], [30.32333713746653, 1.5546228201810328], [30.323546529955703, 1.554608842700218], [30.323599068902276, 1.5546618502872431], [30.323688862148956, 1.5546619648919564], [30.323778541524668, 1.5547524441894998], [30.32386833478841, 1.5547525587932094], [30.32395812805878, 1.5547526733930843], [30.324047807462996, 1.5548431527057127], [30.32413760075042, 1.5548432673045827], [30.324227394044478, 1.5548433818996192], [30.32431718734516, 1.554843496490821], [30.324406866788305, 1.5549339758213079], [30.324496660106046, 1.554934090411504], [30.324586339567265, 1.5550245697542742], [30.32467613290205, 1.5550246843434627], [30.3247658123813, 1.5551151636984133]]}}, {"type": "Feature", "properties": {"OBJECTID": 463007, "arcid": 463007, "grid_code": 3, "from_node": 463483, "to_node": 463893, "Shape_Leng": 14.1408160856, "Type": "Thalweg", "Nme": ""}, "geometry": {"type": "LineString", "coordinates": [[30.316108267104823, 1.5457081479813155], [30.316805114683135, 1.5462811898003983], [30.31689371970846, 1.546480214932256], [30.31759983162201, 1.547172683475943], [30.318107454344265, 1.5475784650961115], [30.31847244898921, 1.5479605544776274], [30.318726552125945, 1.548350790550379], [30.319004284019854, 1.548653295202519], [30.319321338957987, 1.548772377658808], [30.319773261710203, 1.5490188018702247], [30.32019363425953, 1.549352969367831], [30.320661450114734, 1.5496312564504344], [30.32096302201736, 1.549981555178321], [30.321042885751968, 1.5503959812145063], [30.321241873929445, 1.551001550638446], [30.321480247025722, 1.5514635587392722], [30.321716999016147, 1.5518127581163297], [30.3217162592281, 1.5524003290913142], [30.321716031622653, 1.552581058182198]]}}, {"type": "Feature", "properties": {"OBJECTID": 463007, "arcid": 463007, "grid_code": 3, "from_node": 463483, "to_node": 463893, "Shape_Leng": 14.1408160856, "Type": "Thalweg", "Nme": ""}, "geometry": {"type": "LineString", "coordinates": [[30.292018242245327, 1.5341090215766287], [30.292108032286492, 1.5341091360001267], [30.292197822334355, 1.5341092504198415], [30.29228761238895, 1.5341093648357735], [30.292377288761234, 1.5341998416179234], [30.292467078832964, 1.5341999560330322], [30.292556755223227, 1.5342904328277578], [30.29264643162098, 1.534380909632048], [30.292736221720382, 1.53438102404929], [30.292825898136137, 1.534471500866186], [30.29291568825267, 1.534471615282602], [30.29300547837591, 1.5344717296952344], [30.29309526850586, 1.534471844104083], [30.2931850586425, 1.5344719585091484], [30.293274735107627, 1.5345624353474676], [30.293364525261435, 1.534562549751705], [30.293454315421947, 1.5345626641521586], [30.293544105589167, 1.5345627785488283], [30.293633895763076, 1.534562892941714], [30.293723799603107, 1.534472644860082], [30.293813589786666, 1.5344727592386613], [30.293993283815315, 1.5343826254934185], [30.294442802894547, 1.5339313846330995], [30.294532706687825, 1.533841136409036], [30.294622496905372, 1.5338412507064056], [30.2947122871296, 1.5338413649999934], [30.295036454518332, 1.5338173242182356]]}}, {"type": "Feature", "properties": {"OBJECTID": 463007, "arcid": 463007, "grid_code": 3, "from_node": 463483, "to_node": 463893, "Shape_Leng": 14.1408160856, "Type": "Thalweg", "Nme": ""}, "geometry": {"type": "LineString", "coordinates": [[30.295947149537973, 1.5355423526536245], [30.295967306613846, 1.5354694922152998], [30.295967420246225, 1.5353791295770338], [30.295967533871902, 1.5352887669386488], [30.296057437871987, 1.5351985186380637], [30.297136285286275, 1.5341155376786553], [30.29722618918859, 1.5340252891527486], [30.29731609308339, 1.53393504060948], [30.297405883512244, 1.533935154796333], [30.29749578740245, 1.5338449062252593], [30.297855402888143, 1.5334839117676111], [30.29794530674078, 1.5333936631099152], [30.2980352105859, 1.5333034144348454], [30.29812511442351, 1.533213165742471], [30.298215018253604, 1.5331229170327918]]}}, {"type": "Feature", "properties": {"OBJECTID": 463007, "arcid": 463007, "grid_code": 3, "from_node": 463483, "to_node": 463893, "Shape_Leng": 14.1408160856, "Type": "Thalweg", "Nme": ""}, "geometry": {"type": "LineString", "coordinates": [[30.294810236611255, 1.5273353753093726], [30.294900026578883, 1.5273354891104074], [30.294988335465234, 1.5273356010306174], [30.29500378481951, 1.527329052880229], [30.295182092900504, 1.5273726255279432], [30.29536832886767, 1.5274201720827245], [30.29556652659197, 1.5275195204955572], [30.29568156335435, 1.5276309558763785], [30.295796660941697, 1.5277822529447898], [30.295874137975318, 1.5279563778815572], [30.29588692524252, 1.5279692791452237], [30.29597660223335, 1.5280597555934563], [30.296066279231674, 1.5281502320512863], [30.29615595623747, 1.5282407085187464], [30.29651466433558, 1.5286026144846687], [30.296514551227826, 1.5286929771696962]]}}, {"type": "Feature", "properties": {"OBJECTID": 463007, "arcid": 463007, "grid_code": 3, "from_node": 463483, "to_node": 463893, "Shape_Leng": 14.1408160856, "Type": "Thalweg", "Nme": ""}, "geometry": {"type": "LineString", "coordinates": [[30.297053970645564, 1.5281514837419898], [30.29714376081426, 1.5281515975094453], [30.29723366402728, 1.5280613485337324], [30.297323454205625, 1.5280614622869217], [30.29741324439065, 1.5280615760363427], [30.29750303458236, 1.528061689781996], [30.29757998365988, 1.5280617872576012], [30.29760321332629, 1.5280266035530057], [30.297751850797702, 1.5280941386649183], [30.297893942547176, 1.5281525478697808], [30.29804166286926, 1.5281527349767494], [30.29813145311156, 1.5281528487027554], [30.298221243360548, 1.5281529624249923], [30.298311033616223, 1.5281530761434616], [30.298400823878595, 1.5281531898581633], [30.298490614147656, 1.5281533035690962], [30.298580404423404, 1.528153417276261], [30.298670194705853, 1.528153530979658]]}}, {"type": "Feature", "properties": {"OBJECTID": 463007, "arcid": 463007, "grid_code": 3, "from_node": 463483, "to_node": 463893, "Shape_Leng": 14.1408160856, "Type": "Thalweg", "Nme": ""}, "geometry": {"type": "LineString", "coordinates": [[30.292931539151198, 1.5218208770339066], [30.292931426396336, 1.521911239455822], [30.29284152403497, 1.5220014883915234], [30.292841411262977, 1.52209185080653], [30.29284129848428, 1.5221822132215017], [30.29284118569888, 1.5222725756363389], [30.29275128329876, 1.5223628245342287], [30.292751170496228, 1.5224531869421734], [30.292751057686992, 1.5225435493500508], [30.29275094487105, 1.5226339117578094], [30.292750832048405, 1.5227242741655345], [30.29266092959906, 1.522814523018818], [30.292660816759273, 1.5229048854195824], [30.292660703912787, 1.5229952478202624], [30.292660591059597, 1.5230856102209087], [30.292570688571534, 1.5231758590363422], [30.292570575701205, 1.5232662214300612], [30.292570462824173, 1.523356583823679], [30.292480560307748, 1.5234468326081705], [30.292480447413578, 1.5235371949949112], [30.292390544879254, 1.5236274437552184], [30.29239043196794, 1.5237178061350316], [30.29230052941571, 1.5238080548712032], [30.292300416487258, 1.523898417244106], [30.2922105139171, 1.5239886659561073], [30.292120611339495, 1.5240789146508327], [30.29203070875442, 1.524169163328179], [30.29194080616188, 1.5242594119882478], [30.291940693184966, 1.524349774333723], [30.29185079057451, 1.5244400229696342], [30.2917608879566, 1.5245302715881652], [30.291760774952095, 1.5246206339199344], [30.29167087231626, 1.5247108825143223], [30.291670759294615, 1.5248012448391788], [30.291580856640866, 1.524891493409441], [30.29158074360207, 1.5249818557273505], [30.291580685221955, 1.5250285222229638], [30.29151380864554, 1.5251181132673177], [30.29142493639144, 1.5252816843306127], [30.29148067133965, 1.525466956710019], [30.29151460606653, 1.525642297164571], [30.29159404903071, 1.5257896640808102], [30.29162586383386, 1.5258733252107737], [30.291746951176428, 1.5260565036733276], [30.291758951811232, 1.5260777404193642], [30.291758852849597, 1.52615679354692], [30.29184852941926, 1.5262472697252922], [30.29184841629109, 1.526337632062215], [30.291848303156215, 1.5264279943990027], [30.29184819001463, 1.526518356735756], [30.291848076866344, 1.5266087190723745], [30.29184796371135, 1.5266990814089425], [30.291847850549658, 1.5267894437454088], [30.291847737381254, 1.5268798060818067], [30.291847624206145, 1.5269701684181374], [30.291847511024333, 1.5270605307543332], [30.29184739783581, 1.5271508930904438], [30.291847284640586, 1.5272412554265202], [30.29193696118512, 1.5273317316877766], [30.2919363950936, 1.527783543400066], [30.29202607163081, 1.5278740197043004], [30.292205424727694, 1.5280549723416035], [30.29229510128738, 1.528145448674704], [30.292384891101065, 1.528145562641868], [30.292474567678667, 1.528236038987591], [30.292564357509494, 1.5282361529539614], [30.29265403410502, 1.5283266293122544], [30.292743710708077, 1.5284171056802278], [30.292833500566502, 1.5284172196487749], [30.29292317718748, 1.528507696029299], [30.29301285381594, 1.5285981724195012], [30.293102530451897, 1.5286886488192801], [30.293192207095334, 1.528779125228719], [30.2931920938356, 1.5288694876643638], [30.29321478695098, 1.528892383167225], [30.293234658198706, 1.528902343795211], [30.293365435652937, 1.5289459898305244], [30.293480439339845, 1.5290355014141763], [30.29354394796066, 1.5291230994598517], [30.29355394310093, 1.5291410348085297], [30.293581680160123, 1.5291908063803643], [30.293700596122736, 1.5292484223387457], [30.293805600173886, 1.5292741702663675], [30.29387192785127, 1.529283954489493], [30.293912569469114, 1.529289949673105], [30.293992481235698, 1.5293223167754966], [30.294004421533362, 1.529327153019811], [30.29409884849616, 1.5293653992897887], [30.2941708676348, 1.529412905875936], [30.29417910376967, 1.5294129163313432], [30.29426889377653, 1.529413030313703], [30.294358570532157, 1.529503506814979], [30.29444836055619, 1.5295036207965333], [30.294538037329747, 1.5295940973103421], [30.2946278273709, 1.5295942112910899], [30.294717504162392, 1.529684687817515], [30.294807180961417, 1.5297751643535387], [30.294807067695427, 1.529865526909553], [30.29489674449898, 1.5299560034618764], [30.29489663122334, 1.530046366024424], [30.294896517941, 1.5301367285869203], [30.29489640465197, 1.5302270911493148], [30.29489629135623, 1.530317453711641], [30.294806387958815, 1.5304077022437927], [30.294806274645936, 1.5304980647992308], [30.29480616132636, 1.5305884273545332], [30.294716257900525, 1.5306786758557125], [30.29426685404121, 1.531039555587379]]}}, {"type": "Feature", "properties": {"OBJECTID": 463007, "arcid": 463007, "grid_code": 3, "from_node": 463483, "to_node": 463893, "Shape_Leng": 14.1408160856, "Type": "Thalweg", "Nme": ""}, "geometry": {"type": "LineString", "coordinates": [[30.292201797488477, 1.5309465678891747], [30.292291587411643, 1.5309466820691218], [30.292381490789147, 1.5308564338722852], [30.29247128072195, 1.5308565480379408], [30.292561070661467, 1.530856662199821], [30.292650860607655, 1.5308567763579266], [30.292740650560603, 1.5308568905122573], [30.29283044052022, 1.5308570046628136], [30.292920230486548, 1.530857118809595], [30.29301002045958, 1.5308572329526013], [30.29309981043931, 1.5308573470918336], [30.293189600425737, 1.5308574612272907], [30.293279390418874, 1.5308575753589728], [30.293369180418715, 1.5308576894868804], [30.293458970425256, 1.530857803611013], [30.293548647039618, 1.5309482801920078], [30.293638437063308, 1.5309483943153304], [30.293728227093705, 1.5309485084348777], [30.293817903736468, 1.5310389850314523], [30.293907693784018, 1.531039099150188], [30.293997483838258, 1.5310392132651487], [30.294087273899212, 1.5310393273763339], [30.29417706396686, 1.5310394414837443], [30.29426685404121, 1.531039555587379], [30.294356530743737, 1.531130032208366], [30.29444632083525, 1.5311301463111882], [30.294535997555727, 1.5312206229447676], [30.294524353954998, 1.5313757883063845]]}}, {"type": "Feature", "properties": {"OBJECTID": 463007, "arcid": 463007, "grid_code": 3, "from_node": 463483, "to_node": 463893, "Shape_Leng": 14.1408160856, "Type": "Thalweg", "Nme": ""}, "geometry": {"type": "LineString", "coordinates": [[30.297947233558254, 1.5318574956968543], [30.297857556461373, 1.5317670189044195], [30.297767879372007, 1.5316765421215635], [30.297678089010276, 1.5316764281180615], [30.297588411938854, 1.5315859513477867], [30.29749862159425, 1.53158583734346], [30.29740883125635, 1.5315857233353574], [30.29731915421333, 1.531495246580535], [30.297229363892555, 1.531495132571609], [30.297139686867478, 1.5314046558293892], [30.297050009849904, 1.5313141790967688], [30.296960219556723, 1.531314065089975], [30.296870542557077, 1.5312235883698595], [30.296780752281027, 1.5312234743622444], [30.29669107529937, 1.531132997654703], [30.296601285040463, 1.5311328836462677], [30.296511494788216, 1.5311327696340573], [30.296421817834943, 1.531042292942048], [30.296332027599867, 1.5310421789290187], [30.296242237371487, 1.5310420649122143], [30.296152447149794, 1.5310419508916344], [30.295988278292114, 1.5310289500634848]]}}, {"type": "Feature", "properties": {"OBJECTID": 474881, "arcid": 474881, "grid_code": 5, "from_node": 475219, "to_node": 475703, "Shape_Leng": 14.1408160843, "Type": "Thalweg", "Nme": ""}, "geometry": {"type": "LineString", "coordinates": [[30.294456836030385, 1.5227264308568387], [30.294456723271924, 1.5228167933925205], [30.29454640026449, 1.5229072694140628], [30.294636077264524, 1.5229977454452392], [30.29463596449343, 1.5230881079941416], [30.29472564149794, 1.5231785840416028], [30.294725528717183, 1.523268946597056], [30.294815205726234, 1.5233594226608178], [30.294815092935814, 1.5234497852228384], [30.29481498013869, 1.523540147784791], [30.29481486733487, 1.523630510346609], [30.294814754524356, 1.5237208729083762], [30.29481464170714, 1.5238112354700424], [30.29481452888323, 1.5239015980316404], [30.2948139646632, 1.5243534108382977], [30.2948138517991, 1.524443773399406], [30.294813738928305, 1.5245341359603795], [30.294813513166613, 1.5247148610821233], [30.294903190138644, 1.524805337255306], [30.294903077244793, 1.5248956998227277], [30.29499275422133, 1.5249861760121548], [30.294992641317815, 1.5250765385860927], [30.295082318298874, 1.5251670147918481], [30.295171995287408, 1.525257491007178], [30.295261672283416, 1.5253479672321664], [30.295351349286886, 1.525438443466762], [30.295441026297844, 1.525528919710998], [30.29553070331628, 1.5256193959648736], [30.295620380342186, 1.525709872228321], [30.295710057375565, 1.5258003485014404], [30.295799847346576, 1.525800462150341], [30.295889637324276, 1.5258005757954796], [30.295979314386006, 1.5258910520841111], [30.296069104380837, 1.5258911657284577], [30.296158894382362, 1.5258912793690422], [30.29624857147244, 1.5259817556732667], [30.29633836149109, 1.5259818693130582], [30.296428151516444, 1.5259819829490868], [30.29651794154848, 1.5259820965813529], [30.29660761867736, 1.526072572904086], [30.296697295813683, 1.5261630492364515], [30.296786972957477, 1.526253525578398], [30.296966327267548, 1.526434478291184], [30.296966214339157, 1.5265248410119492], [30.297055891502442, 1.5266153173893828], [30.2970557785644, 1.5267056801166925], [30.297145455732228, 1.5267961565104005], [30.297235132907538, 1.5268866329137365], [30.297324810090327, 1.5269771093266995], [30.29732447120949, 1.5272481975678807]]}}, {"type": "Feature", "properties": {"OBJECTID": null, "arcid": null, "grid_code": 4, "from_node": null, "to_node": null, "Shape_Leng": null, "Type": "Thalweg", "Nme": ""}, "geometry": {"type": "MultiLineString", "coordinates": [[[30.298223840586356, 1.526074617694841], [30.298134050423425, 1.52607450412734], [30.298044147410426, 1.5261647533579148], [30.29795435725714, 1.5261646397761597], [30.297864454239612, 1.526254888978906]], [[30.298223840586356, 1.526074617694841], [30.29851331911427, 1.5258116258178558], [30.29887753942176, 1.5256914781967872], [30.299130343908352, 1.5252366645734998], [30.299284551429892, 1.5250610350822558], [30.299395395710523, 1.5250210022606656], [30.299502309468206, 1.525000906343846], [30.29958553078015, 1.525028681004045], [30.29983512783125, 1.5250681572234213], [30.299957787857682, 1.524984258335735], [30.300088266327222, 1.5248325825973812], [30.30015156157679, 1.52478066472538], [30.300302069344124, 1.5247764461465338], [30.30037735056984, 1.5247922745448288], [30.30063067731141, 1.5246802707841747], [30.30085658775872, 1.5247716036036405], [30.30094777936757, 1.524831255166962], [30.301118389366238, 1.5250223273160046], [30.301188271903985, 1.5249940068586367], [30.30127806224939, 1.524994120217553], [30.301367739963258, 1.5250845966243114], [30.30145753032576, 1.525084709982426], [30.301547208057524, 1.5251751864017888], [30.30163699843713, 1.5251752997591017], [30.3017267888234, 1.525175413112654], [30.30181646658348, 1.5252658895474747], [30.30190614435103, 1.5253563659919211], [30.301995934764836, 1.5253564793476273], [30.302085612550275, 1.5254469558046047], [30.302175402981167, 1.5254470691595061], [30.3022650807845, 1.525537545629047], [30.3023548712325, 1.5255376589831426], [30.302444549053728, 1.525628135465244], [30.302534339518818, 1.525628248818533], [30.30262401735794, 1.5257187253131266], [30.302713807840135, 1.5257188386656089], [30.30280348569715, 1.5258093151727936], [30.302893276196425, 1.525809428524467], [30.302982954071357, 1.5258999050441406], [30.30307274458772, 1.5259000183950044], [30.303162422480522, 1.5259904949272485], [30.303252213013998, 1.5259906082773027], [30.303342003554167, 1.5259907216235942]]]}}, {"type": "Feature", "properties": {"OBJECTID": 468573, "arcid": 468573, "grid_code": 4, "from_node": 469463, "to_node": 469462, "Shape_Leng": 9.9990669433, "Type": "Thalweg", "Nme": ""}, "geometry": {"type": "LineString", "coordinates": [[30.302104967923903, 1.5198320105943832], [30.302272388116695, 1.5196639427581309], [30.302362290518545, 1.5195736925450136], [30.30245219291294, 1.5194834423146137], [30.30254198312435, 1.5194835552111496], [30.302631773342444, 1.5194836681039392], [30.302721563567218, 1.5194837809929815], [30.302811465963035, 1.5193935307139603], [30.30344067043376, 1.5188521414892115], [30.30344123082484, 1.5184003254287026], [30.30344134288303, 1.5183099622163347], [30.303441454934536, 1.5182195990039002], [30.30344156697937, 1.518129235791364], [30.303441679017528, 1.5180388725787781], [30.303441791049003, 1.5179485093660579], [30.303441903073807, 1.5178581461533032], [30.30344201509193, 1.5177677829404144], [30.303531917313837, 1.5176775324485234], [30.303532029314894, 1.517587169228752], [30.303532141309272, 1.5174968060089473], [30.30353225329697, 1.5174064427890246], [30.303532365278, 1.5173160795690346], [30.303532477252347, 1.5172257163489442], [30.303532589220012, 1.517135353128803], [30.30353270118101, 1.5170449899085277], [30.303532813135323, 1.516954626688185], [30.30353292508297, 1.5168642634677751], [30.303622827203892, 1.516774012897411], [30.30362293913446, 1.5166836496701352]]}}, {"type": "Feature", "properties": {"OBJECTID": 468573, "arcid": 468573, "grid_code": 4, "from_node": 469463, "to_node": 469462, "Shape_Leng": 9.9990669433, "Type": "Thalweg", "Nme": ""}, "geometry": {"type": "MultiLineString", "coordinates": [[[30.301288396722693, 1.5166807197254244], [30.301378074708463, 1.516771195521707], [30.30146775270168, 1.516861671327638], [30.301467640668555, 1.5169520343935583], [30.301557318666234, 1.5170425102157399], [30.30155720662346, 1.5171328732882452], [30.30164688462562, 1.5172233491266416], [30.301646772573193, 1.5173137122056817], [30.3016466605141, 1.5174040752846205], [30.301646548448314, 1.5174944383634923], [30.301646436375854, 1.5175848014422464], [30.301646324296716, 1.5176751645209672], [30.301646212210887, 1.5177655275995532], [30.30173589020269, 1.517856003487422], [30.301735778107222, 1.517946366572559], [30.301825456103515, 1.518036842476673], [30.301825343998402, 1.5181272055683606], [30.30182523188661, 1.5182175686599977], [30.301914909884417, 1.5183080445869568], [30.301914797762986, 1.5183984076851442], [30.302004475765273, 1.5184888836283805], [30.3020043636342, 1.5185792467330843], [30.30209404164097, 1.5186697226925452], [30.302093929500252, 1.5187600858038155], [30.302093817352866, 1.518850448914985], [30.30218349536115, 1.5189409248973205], [30.302183383204117, 1.5190312880150563], [30.302183271040413, 1.5191216511327252], [30.302182597917874, 1.519663829836919], [30.302092695511547, 1.5197540800223222], [30.302092583290676, 1.519844443132566], [30.302104967923903, 1.5198320105943832]], [[30.30182242692061, 1.5204766459233476], [30.301912441669725, 1.5202960327274433], [30.302002344132575, 1.5202057826037862], [30.302002456383892, 1.5201154195005973], [30.30200256862853, 1.5200250563972733], [30.302002680866487, 1.5199346932939157], [30.302092583290676, 1.519844443132566]]]}}, {"type": "Feature", "properties": {"OBJECTID": 468573, "arcid": 468573, "grid_code": 4, "from_node": 469463, "to_node": 469462, "Shape_Leng": 9.9990669433, "Type": "Thalweg", "Nme": ""}, "geometry": {"type": "LineString", "coordinates": [[30.30504723703646, 1.5266254177685323], [30.305047349634908, 1.526535054443043], [30.305047799961976, 1.526173601140139], [30.30504791252706, 1.5260832378141937], [30.30504802508547, 1.5259928744881799], [30.30495834697395, 1.5259023978939803], [30.30495845952276, 1.5258120345745254], [30.304868781415795, 1.5257215579965089], [30.304868893954996, 1.525631194683596], [30.304869231532543, 1.5253601047442504], [30.30486934404505, 1.5252697414309662], [30.30486945655088, 1.5251793781176315], [30.304959359672964, 1.525089128015611], [30.30495947216171, 1.524998764695396], [30.305049375265924, 1.5249085145693646], [30.30513927836263, 1.524818264426016], [30.30514040267492, 1.523914631083088], [30.305140515069443, 1.523824267748321], [30.305140627457302, 1.5237339044134866], [30.305140739838485, 1.5236435410785507], [30.305230642792445, 1.5235532908296565], [30.30523075515655, 1.5234629274878257], [30.305230867513984, 1.5233725641459261], [30.305320770439675, 1.523282313866166], [30.30532088278003, 1.5231919505173876], [30.305320995113714, 1.5231015871685591], [30.305321107440722, 1.5230112238195956], [30.305411010327727, 1.5229209735022087], [30.30541112263766, 1.5228306101464177], [30.305501025506835, 1.5227403598049274], [30.30559092836851, 1.5226501094461784], [30.305591040650963, 1.5225597460767153], [30.30559115292675, 1.522469382707134], [30.305681055760168, 1.5223791323175746], [30.305681168018882, 1.5222887689411155], [30.30577107083444, 1.522198518527524]]}}, {"type": "Feature", "properties": {"OBJECTID": 468573, "arcid": 468573, "grid_code": 4, "from_node": 469463, "to_node": 469462, "Shape_Leng": 9.9990669433, "Type": "Thalweg", "Nme": ""}, "geometry": {"type": "LineString", "coordinates": [[30.305354022529624, 1.5264530332513697], [30.305766350661507, 1.5259937805510866], [30.30585625390663, 1.5259035304055153], [30.305946157144266, 1.5258132802427136], [30.306036060374417, 1.5257230300625977], [30.306125963597104, 1.5256327798652687], [30.306215866812316, 1.5255425296506278], [30.3062159792821, 1.525452166236871], [30.306305882479425, 1.5253619159982095], [30.306305994932128, 1.5252715525775769], [30.306395898111564, 1.5251813023148797], [30.306404148697442, 1.5251730198752689], [30.306537695701422, 1.5247451331246933], [30.30667981191443, 1.524433994518235], [30.30682151427125, 1.5238517993158565], [30.30691607594499, 1.523524789884562], [30.3070267574844, 1.5233127488240943], [30.307026792630733, 1.5232844613343932], [30.307026904900173, 1.523194097858167], [30.307116807863814, 1.5231038473555598], [30.307116920116187, 1.5230134838724423], [30.307206823061982, 1.5229232333457943], [30.307206935297287, 1.5228328698558533], [30.307296838225174, 1.5227426193051155]]}}, {"type": "Feature", "properties": {"OBJECTID": 463007, "arcid": 463007, "grid_code": 3, "from_node": 463483, "to_node": 463893, "Shape_Leng": 14.1408160856, "Type": "Thalweg", "Nme": ""}, "geometry": {"type": "LineString", "coordinates": [[30.30837219457424, 1.5244608822366585], [30.307293356152712, 1.5255438876652776], [30.307293243721116, 1.5256342511594427], [30.307203340460358, 1.5257245014928653], [30.307203228011687, 1.5258148649801566], [30.30720311555635, 1.5259052284673127], [30.307203003094347, 1.5259955919544181], [30.30720263420164, 1.5262919605243401], [30.307092951109517, 1.5266279985723161], [30.30697253835628, 1.5269893011623243]]}}, {"type": "Feature", "properties": {"OBJECTID": 463007, "arcid": 463007, "grid_code": 3, "from_node": 463483, "to_node": 463893, "Shape_Leng": 14.1408160856, "Type": "Thalweg", "Nme": ""}, "geometry": {"type": "LineString", "coordinates": [[30.29944464548167, 1.530281686075374], [30.299565385325252, 1.530323377724476], [30.299655175771182, 1.530323491547802], [30.299744966223795, 1.5303236053673543], [30.29983486977261, 1.530233356250673], [30.299924660234844, 1.5302334700559548], [30.30001456377909, 1.5301432209114882], [30.300104467315837, 1.5300529717497011], [30.300194257790633, 1.5300530855302172], [30.300284161322825, 1.5299628363406648], [30.30037395180723, 1.5299629501069132], [30.300463855334858, 1.529872700889513], [30.300553645828888, 1.5298728146414942], [30.30064343632961, 1.529872928389703], [30.300733226837014, 1.5298730421341393], [30.300823017351117, 1.529873155874803], [30.302171569542228, 1.5285194149089818], [30.30226136010702, 1.528519528488522], [30.302351150678486, 1.5285196420642932]]}}, {"type": "Feature", "properties": {"OBJECTID": 463007, "arcid": 463007, "grid_code": 3, "from_node": 463483, "to_node": 463893, "Shape_Leng": 14.1408160856, "Type": "Thalweg", "Nme": ""}, "geometry": {"type": "LineString", "coordinates": [[30.301984977698996, 1.5341216994907607], [30.30162626777005, 1.5337597911847693], [30.3015365903066, 1.5336693141322195], [30.301536703572094, 1.533578951075173], [30.301536816830907, 1.5334885880180926], [30.30153693008303, 1.5333982249609275], [30.30153704332848, 1.5333078619036264], [30.301447365860852, 1.5332173848871526], [30.30144747909669, 1.533127021836435], [30.30144759232585, 1.533036658785616], [30.30144770554833, 1.5329462957347455], [30.301358028079438, 1.5328558187477328], [30.301358141292305, 1.5327654557033616], [30.301268463828006, 1.5326749787326097], [30.301178786371203, 1.5325845017714337], [30.301089108921904, 1.5324940248198002], [30.30099943148013, 1.5324035478777607], [30.300909754045875, 1.5323130709452824], [30.300740012947184, 1.532141816564983], [30.300736045499878, 1.5320709496688576], [30.30069234732078, 1.5319873080880302], [30.300620883141654, 1.5318777995289243], [30.30058903410375, 1.5317722156529023], [30.300531387318163, 1.5316327894115627], [30.300489639108932, 1.5315292139529766], [30.300411620990683, 1.5314675996609444], [30.300437970009693, 1.5314244737287028]]}}, {"type": "Feature", "properties": {"OBJECTID": 468573, "arcid": 468573, "grid_code": 5, "from_node": 469463, "to_node": 469462, "Shape_Leng": 9.9990669433, "Type": "Thalweg", "Nme": ""}, "geometry": {"type": "LineString", "coordinates": [[30.300771603017772, 1.5313653439520973], [30.300820981940944, 1.5314996899830693], [30.301179691786754, 1.5318615975197565], [30.301269369266976, 1.5319520744278843], [30.301359046754698, 1.532042551345556], [30.301448724249934, 1.532133028272855], [30.30162819242444, 1.532223619091143], [30.30171786994512, 1.5323140960404844], [30.301807660634005, 1.532314209921059], [30.301897338172633, 1.5324046868829486], [30.301987015718776, 1.5324951638543949], [30.301986902552244, 1.532585526946037], [30.302076580102973, 1.5326760039336724], [30.302076466926827, 1.5327663670318292], [30.302166144482136, 1.5328568440357198], [30.3025248547785, 1.5332187521468836], [30.30261464556506, 1.5332188660606203], [30.3027044363583, 1.533218979970575], [30.30279422715822, 1.5332190938767507], [30.302884017964807, 1.5332192077791447], [30.302973808778102, 1.5332193216777583], [30.303063599598033, 1.5332194355725914], [30.303153277253518, 1.5333099126419245], [30.303242954916524, 1.5334003897208404], [30.303332632587054, 1.5334908668092688], [30.30334746616108, 1.533505832615124], [30.30364069177974, 1.533565232440655], [30.30385867550517, 1.5336525888003547], [30.30401082754523, 1.5337628171637379], [30.30428692923822, 1.5339628423309506], [30.304358415065018, 1.5340863016871154], [30.304429870294992, 1.5341898303384771], [30.304569461355957, 1.5341958563449587], [30.304588799970325, 1.534215367344211], [30.30467859095177, 1.5342154812448197], [30.304768268762974, 1.5343059584398486], [30.304858059761543, 1.534306072339602], [30.304947737590698, 1.5343965495470628], [30.30503741542739, 1.5344870267641104], [30.305127206453466, 1.534487140665934], [30.30572271051011, 1.5345784604923804], [30.305919930039167, 1.5346857792583235], [30.306169606775384, 1.53477707172259], [30.306359851824134, 1.5348564982497863], [30.306700665604872, 1.5349715654524834], [30.3070098964947, 1.5351544460331317], [30.307130857119958, 1.5352567263929453], [30.307326553146265, 1.5353295916083527], [30.30747685646318, 1.5355216885017104], [30.307527532524237, 1.5356352143372018], [30.307603873040218, 1.535695883884944], [30.307661385569844, 1.535747613970213], [30.307667515392954, 1.5357497452437545], [30.307686180571267, 1.5357732360517216], [30.307737727240628, 1.5358090308942849], [30.307908143273018, 1.5358725433401272], [30.30799530410959, 1.5358863589111456], [30.308052678569602, 1.5358484012055738], [30.308127870845727, 1.5358064295917235], [30.30818140407738, 1.535846207439557], [30.308233024376058, 1.5359298357053184], [30.308383632893896, 1.5359913858812202], [30.308458788312723, 1.5359254975357977], [30.308543879674755, 1.5358815174176979], [30.308714151364995, 1.5358513559264286], [30.308777003035505, 1.5358350527055713], [30.30878449278146, 1.5358724387371527], [30.308827093507706, 1.5358883006216897]]}}, {"type": "Feature", "properties": {"OBJECTID": 474881, "arcid": 474881, "grid_code": 5, "from_node": 475219, "to_node": 475703, "Shape_Leng": 14.1408160843, "Type": "Thalweg", "Nme": ""}, "geometry": {"type": "LineString", "coordinates": [[30.31157133738837, 1.5295122102367509], [30.31138139285558, 1.5293349357799313]]}}, {"type": "Feature", "properties": {"OBJECTID": 463007, "arcid": 463007, "grid_code": 3, "from_node": 463483, "to_node": 463893, "Shape_Leng": 14.1408160856, "Type": "Thalweg", "Nme": ""}, "geometry": {"type": "LineString", "coordinates": [[30.313473169442197, 1.5382026387892813], [30.313383490744204, 1.5381121610272852], [30.313293812053747, 1.5380216832748246], [30.31320413337083, 1.537931205531816], [30.31320424646049, 1.5378408416071818], [30.313204359543494, 1.5377504776824107], [30.31320468066734, 1.5374938406362972], [30.31294333161466, 1.5371048662793967], [30.312974108416835, 1.5365148736397862], [30.313100142858687, 1.5360522878470249], [30.313305124240724, 1.5354141900424771], [30.313992617644324, 1.5343129509258404], [30.314372626057803, 1.534160885910402], [30.314402110250498, 1.534143869334916], [30.31473641937549, 1.5337676869100163]]}}, {"type": "Feature", "properties": {"OBJECTID": 463007, "arcid": 463007, "grid_code": 3, "from_node": 463483, "to_node": 463893, "Shape_Leng": 14.1408160856, "Type": "Thalweg", "Nme": ""}, "geometry": {"type": "LineString", "coordinates": [[30.31123436646667, 1.533410511739612], [30.311234479306343, 1.53332014795792], [30.311234592139364, 1.5332297841761602], [30.311234704965724, 1.5331394203943323], [30.311234817785426, 1.5330490566124029], [30.311234930598474, 1.532958692830422], [30.31123504340486, 1.5328683290483058], [30.311235156204585, 1.532777965266105], [30.31123526899766, 1.53268760148387], [30.311235381784073, 1.5325972377015495], [30.311273790610198, 1.53255868101525], [30.311209176107848, 1.5324198995953655], [30.311358794171817, 1.5318376933248128], [30.311382032509744, 1.5314948509729807], [30.31163500065967, 1.5311516511826473], [30.311776059529677, 1.531051116230481], [30.31194320950159, 1.53067084458762]]}}, {"type": "Feature", "properties": {"OBJECTID": 468573, "arcid": 468573, "grid_code": 4, "from_node": 469463, "to_node": 469462, "Shape_Leng": 9.9990669433, "Type": "Thalweg", "Nme": ""}, "geometry": {"type": "LineString", "coordinates": [[30.315955278811437, 1.538198327865243], [30.315897324544927, 1.5383864388587174], [30.315807419537524, 1.5384766892416146], [30.315717627553255, 1.5384765754959822], [30.3156277225412, 1.5385668258512049], [30.315537930566457, 1.5385667120913005], [30.31504931821525, 1.5388953207382594], [30.31445143193308, 1.5390277981384448]]}}, {"type": "Feature", "properties": {"OBJECTID": null, "arcid": null, "grid_code": 5, "from_node": null, "to_node": null, "Shape_Leng": null, "Type": "Thalweg", "Nme": ""}, "geometry": {"type": "LineString", "coordinates": [[30.317447984898365, 1.5352861425411979], [30.31783775236963, 1.5350423816906904], [30.318089222528204, 1.5350140860136086], [30.31823172346976, 1.5349560649676046], [30.318396018212635, 1.53490398899947], [30.31848496169951, 1.5347902464253258], [30.318654828580097, 1.5344989964399374], [30.318818877217748, 1.5342874773955357], [30.318893887053925, 1.5341279166690818]]}}, {"type": "Feature", "properties": {"OBJECTID": 468573, "arcid": 468573, "grid_code": 6, "from_node": 469463, "to_node": 469462, "Shape_Leng": 9.9990669433, "Type": "River", "Nme": ""}, "geometry": {"type": "LineString", "coordinates": [[30.319224480171414, 1.5345049763201724], [30.31918573295008, 1.5352385823062888], [30.31911559524801, 1.5359880763255156], [30.319116377363958, 1.5364943081397842], [30.31910669702202, 1.5366378224193484], [30.319100897450564, 1.5367295114965958], [30.31901785232524, 1.5368153423557882], [30.319008131973966, 1.536932947147124], [30.319053807907654, 1.5370145904328274], [30.319099563954044, 1.537148052714949], [30.319143555304553, 1.537421030783812], [30.319234830229906, 1.5375344913128741], [30.319191393539352, 1.5376202602000977], [30.319175664224996, 1.5376940274375863], [30.319130630486352, 1.537757980238733], [30.31913051765204, 1.5378483446045847], [30.319130404811094, 1.537938708970301], [30.319130291963514, 1.538029073335983], [30.319150398022387, 1.5399232860031735], [30.319131487833594, 1.5402969043799601], [30.319112372505487, 1.540306009981509], [30.3189187234129, 1.540585339914555], [30.31899835410003, 1.5408522828156979], [30.318993489763564, 1.5410920421966214], [30.318944376622266, 1.541164777132603], [30.31885741717755, 1.5412805101748115], [30.318819065410484, 1.5413765929972512], [30.3187140689525, 1.5414307117654356], [30.318635105336313, 1.5415942653607153], [30.318681047483395, 1.5418473098557746], [30.318881370045247, 1.5420403205486914], [30.318976634370784, 1.5421717118140243]]}}, {"type": "Feature", "properties": {"OBJECTID": 468573, "arcid": 468573, "grid_code": 4, "from_node": 469463, "to_node": 469462, "Shape_Leng": 9.9990669433, "Type": "Thalweg", "Nme": ""}, "geometry": {"type": "MultiLineString", "coordinates": [[[30.32304764699025, 1.542970499863747], [30.322596595028525, 1.54328212318462], [30.32243845271159, 1.5434697174659817], [30.322233096248517, 1.5438606758777127], [30.322146447250518, 1.544175712137733], [30.322111134303455, 1.5443910157548437], [30.3220997847576, 1.5447338360395715], [30.322060430492847, 1.5448973270787418], [30.322057173252702, 1.5452541195037763], [30.322013439745486, 1.545244189605211]], [[30.32304764699025, 1.542970499863747], [30.323070495632347, 1.542380525448291], [30.32311706656891, 1.542402549398885], [30.32309023788396, 1.5423406336902095], [30.323026270408956, 1.541958071492559], [30.32353971794067, 1.5410165518407766], [30.3236899942819, 1.5408648450553821], [30.3235539905707, 1.5400040679347278], [30.32336333942832, 1.5396615653901282], [30.323196527518416, 1.5393668581152185], [30.323322964991483, 1.5391673561362844], [30.32365919016441, 1.538879831412027], [30.323726067045403, 1.5385847574009468], [30.323765384984064, 1.5383973505037116], [30.32387990295799, 1.5381739510262116], [30.323979010710445, 1.53809176160689], [30.32397908121991, 1.53803520058524], [30.32397919386399, 1.5379448358593955], [30.324023750481885, 1.5377073554984235]]]}}, {"type": "Feature", "properties": {"OBJECTID": null, "arcid": null, "grid_code": 4, "from_node": null, "to_node": null, "Shape_Leng": null, "Type": "Thalweg", "Nme": ""}, "geometry": {"type": "LineString", "coordinates": [[30.32614033676307, 1.5450513363818243], [30.326373696362968, 1.5448397073200493], [30.326409120339704, 1.5446961534035182], [30.326388987342494, 1.5444849241188716], [30.32634913094212, 1.5443255446614141], [30.32637276558249, 1.5442418002016158], [30.326491577800372, 1.5442336407988997], [30.326787969283384, 1.5438026795554205], [30.326858898058603, 1.5435673905038003], [30.326874276208333, 1.5432684121276226], [30.326968957575335, 1.5430251136030044], [30.327162560165178, 1.5427178824367638], [30.327209829583182, 1.5425503937171416]]}}, {"type": "Feature", "properties": {"OBJECTID": null, "arcid": null, "grid_code": 3, "from_node": null, "to_node": null, "Shape_Leng": null, "Type": "Thalweg", "Nme": ""}, "geometry": {"type": "LineString", "coordinates": [[30.32472528717988, 1.5418407999328954], [30.325283670228234, 1.541780130547355], [30.325655851091355, 1.5416918516407856], [30.326091188129553, 1.5414639613142112], [30.32630873581493, 1.5412722882601264], [30.326447067153786, 1.5410807398874153], [30.32645054508516, 1.5407698219689954], [30.32651369527255, 1.5406262246010327]]}}, {"type": "Feature", "properties": {"OBJECTID": null, "arcid": null, "grid_code": 3, "from_node": null, "to_node": null, "Shape_Leng": null, "Type": "Thalweg", "Nme": ""}, "geometry": {"type": "LineString", "coordinates": [[30.326322568320297, 1.5476140838974692], [30.32641661491527, 1.5469642080367236], [30.32643171252798, 1.546485857362117], [30.32655814827265, 1.5462863549404082], [30.326763862601947, 1.5461265879877213], [30.326930142604674, 1.5460784928612372], [30.327025189909236, 1.5460703707219963]]}}, {"type": "Feature", "properties": {"OBJECTID": 476960, "arcid": 476960, "grid_code": 6, "from_node": 477847, "to_node": 477846, "Shape_Leng": 9.99906694423, "Type": "River", "Nme": ""}, "geometry": {"type": "LineString", "coordinates": [[30.319737395256137, 1.5551087406396713], [30.31982718823669, 1.5551088554426098], [30.319917095291817, 1.5550186058321769], [30.320006888281828, 1.5550187206207715], [30.32018647428176, 1.5550189501864575], [30.32027626729167, 1.555019064963549], [30.320365946259358, 1.5551095441797078], [30.32045573928633, 1.555109658955802], [30.320545532319972, 1.5551097737280613], [30.320725004366878, 1.5552003677306308], [30.320814797424227, 1.5552004824980568], [30.32090459048821, 1.5552005972616478], [30.32099438355883, 1.5552007120214033], [30.321084062604406, 1.5552911912734295], [30.32117385569211, 1.5552913060321856], [30.32126353475574, 1.5553817852965006], [30.32130719400919, 1.5554258341193514], [30.321363870017645, 1.5555634233358038], [30.32134031077375, 1.5556950012424353], [30.321455450397426, 1.5558702060601688], [30.321459885661604, 1.5561731408717614], [30.32146816325059, 1.5564003341239425], [30.321484368865654, 1.5566315008700775], [30.321520272685767, 1.5567948730468724], [30.321996026028536, 1.5570811154486803], [30.322107211335144, 1.5572603123010238], [30.3222976514227, 1.557463299706309], [30.322369228188336, 1.5576425593451104], [30.322488297831818, 1.5577978270863273], [30.322607117434003, 1.5577936522918618], [30.322844218997623, 1.5574425014121303], [30.322851212835708, 1.5574360291353022], [30.322986603680256, 1.557310734955336], [30.32331137532064, 1.5572982609771495], [30.32355303137334, 1.5573257796519027], [30.323854162731003, 1.557393064481964], [30.32420283678081, 1.5574682458252875], [30.324428693010965, 1.5575236918877746], [30.32446939010002, 1.5575546374840437], [30.3244933552737, 1.5575546681184742], [30.324583148708673, 1.5575547828980425], [30.32467294215024, 1.5575548976737699], [30.324762735598448, 1.5575550124456559], [30.32485252905329, 1.5575551272137012], [30.32494232251474, 1.5575552419779057], [30.325032115982854, 1.557555356738269], [30.325121909457554, 1.5575554714947912], [30.325211702938883, 1.5575555862474724], [30.325301496426842, 1.5575557009963124], [30.325391289921424, 1.5575558157413114], [30.32548096940549, 1.5576462953029773], [30.32557076291713, 1.5576464100469543], [30.3256605564354, 1.55764652478709], [30.325750235947982, 1.5577370043637513], [30.325840029483313, 1.5577371191028635], [30.325929823025252, 1.5577372338381343], [30.326019502566353, 1.5578277134298726], [30.326109296125363, 1.5578278281641191], [30.32619908969099, 1.5578279428945234], [30.326288769260596, 1.5579184225012834], [30.326378562843285, 1.5579185372306628], [30.3264683564326, 1.5579186519561996], [30.326558150028532, 1.5579187666778957], [30.326647943631073, 1.557918881395749], [30.326737737240244, 1.5579189961097604], [30.32700677615146, 1.558190435028486], [30.327096455803822, 1.5582809146868128], [30.32718613546381, 1.558371394354556], [30.327186021459624, 1.5584617593007715], [30.327185907448833, 1.5585521242469174], [30.327275587110844, 1.558642603937199], [30.32727547309063, 1.5587329688897942], [30.327365038727862, 1.5589138135551044], [30.327454718399537, 1.559004293277269], [30.327544398078903, 1.559094773008779], [30.32754428403706, 1.5591851379809596], [30.327633963721244, 1.559275617728417], [30.327633849669986, 1.5593659827070796], [30.32763373561211, 1.559456347685606], [30.327633621547616, 1.5595467126640972], [30.327633507476506, 1.5596370776424506], [30.327633393398777, 1.5597274426207517], [30.32763327931443, 1.5598178075989504], [30.327637592755934, 1.5598178131142622], [30.32763220283241, 1.5598349936150757], [30.32771348792261, 1.5598906688603913], [30.32785617237253, 1.5599502323330858], [30.327911658677206, 1.5599720672182649], [30.32808001021566, 1.5599817641358626], [30.328398817303494, 1.5599553468758791], [30.328487914299068, 1.559941253745583], [30.328535359739767, 1.5598873664993522], [30.3286165422415, 1.5598190646019472], [30.328748962961257, 1.5597076540283434], [30.32882616798989, 1.559687600787167], [30.328933138881276, 1.5597053675625197], [30.32900057035489, 1.5597670438375482], [30.32908580992857, 1.5598187266099182], [30.32926008369833, 1.5598164558740892], [30.32937496055002, 1.5598242448941344], [30.329509600805146, 1.5598060931220716], [30.329729464892626, 1.5598296589735188], [30.329854268875046, 1.5598533763103721], [30.329858545750284, 1.5598704774736252], [30.329951513250766, 1.5599827676843]]}}, {"type": "Feature", "properties": {"OBJECTID": 463007, "arcid": 463007, "grid_code": 3, "from_node": 463483, "to_node": 463893, "Shape_Leng": 14.1408160856, "Type": "Thalweg", "Nme": ""}, "geometry": {"type": "LineString", "coordinates": [[30.326407193497218, 1.5350562181309162], [30.32640708116675, 1.5351465830392654], [30.326406968829655, 1.5352369479475805], [30.326406856485942, 1.5353273128557605], [30.32640656074213, 1.5355651722097035], [30.32631480780953, 1.5356090873315684], [30.32638655887846, 1.535903943109326], [30.326390760346598, 1.5360593927600186], [30.326387077258108, 1.5362387711176522], [30.326324099379907, 1.5364939775654247], [30.32631242066819, 1.5366255357858154], [30.326277057386495, 1.536808949913563], [30.326241539770905, 1.5368927128467804], [30.326067461772965, 1.5370205398039771], [30.32580849801307, 1.5373238865915766], [30.32575518144946, 1.5374236217426478], [30.3256821164128, 1.5375592624333687], [30.325549543467947, 1.5376332125836607], [30.32538935289164, 1.5377769621576602], [30.32532523896161, 1.5379463916059999], [30.325208485369487, 1.5379964793957723]]}}, {"type": "Feature", "properties": {"OBJECTID": 463007, "arcid": 463007, "grid_code": 3, "from_node": 463483, "to_node": 463893, "Shape_Leng": 14.1408160856, "Type": "Thalweg", "Nme": ""}, "geometry": {"type": "MultiLineString", "coordinates": [[[30.328110558567314, 1.5372271260782517], [30.328200238999923, 1.5373176042466454], [30.328379599887743, 1.5374985606116556], [30.32873820931609, 1.5379508385335905]], [[30.328110558567314, 1.5372271260782517], [30.328111345306564, 1.5365945708463593], [30.32811145767142, 1.53650420581288], [30.32811157002966, 1.5364138407793495], [30.32820147519026, 1.5363235888080744], [30.328201587531503, 1.536233223767687], [30.328201699866128, 1.5361428587272314]]]}}, {"type": "Feature", "properties": {"OBJECTID": 474881, "arcid": 474881, "grid_code": 5, "from_node": 475219, "to_node": 475703, "Shape_Leng": 14.1408160843, "Type": "Thalweg", "Nme": ""}, "geometry": {"type": "LineString", "coordinates": [[30.336995146230933, 1.5412143977482933], [30.336995033895942, 1.5413047634349282], [30.336994921554364, 1.541395129121495], [30.336994696851413, 1.5415758604943555], [30.33699458449005, 1.5416662261806837], [30.336904678439538, 1.5417564787778952], [30.336904566061204, 1.5418468444574047], [30.33681465999276, 1.5419370970307487], [30.33681454759746, 1.5420274627034734], [30.336814435195564, 1.5421178283760615], [30.336814322787077, 1.5422081940486159], [30.336814210371994, 1.5422985597210341], [30.336454585856647, 1.5426595697355114], [30.336364679708907, 1.5427498221962532], [30.33627477355361, 1.5428400746398565], [30.33618486739074, 1.5429303270662527], [30.33609507371842, 1.5429302138568168], [30.33609496122033, 1.5430205794755423], [30.33582513012784, 1.5433817021987934], [30.335735223916803, 1.5434719545327114], [30.335645430254772, 1.543471841264443], [30.33555552403895, 1.5435620935707257], [30.33546561781558, 1.5436523458598976], [30.33537582416577, 1.5436522325669388], [30.335286030522557, 1.5436521192701738], [30.335196124297248, 1.543742371521298], [30.33510633066346, 1.5437422582102833], [30.3350164244334, 1.5438325104337498], [30.334926630809026, 1.5438323971084844], [30.334836837191236, 1.543832283779412], [30.334746930959255, 1.5439225359648587], [30.334657024719696, 1.544012788133122], [30.33456723111415, 1.544012674779353], [30.33447732486984, 1.544102926920021]]}}, {"type": "Feature", "properties": {"OBJECTID": null, "arcid": null, "grid_code": 4, "from_node": null, "to_node": null, "Shape_Leng": null, "Type": "Thalweg", "Nme": ""}, "geometry": {"type": "LineString", "coordinates": [[30.337712260032344, 1.5422093251368814], [30.337954607926505, 1.5419868618599462], [30.338433525265966, 1.5417708609078333], [30.338730327910447, 1.5416069657955433], [30.33890423484783, 1.541371516733381], [30.33897913509984, 1.5411441960987076], [30.339101775839648, 1.5410523243027108], [30.339244375750187, 1.541060071128336], [30.339474106196533, 1.5410636943353628], [30.33957707357522, 1.541055559710705]]}}, {"type": "Feature", "properties": {"OBJECTID": null, "arcid": null, "grid_code": 3, "from_node": null, "to_node": null, "Shape_Leng": null, "Type": "Thalweg", "Nme": ""}, "geometry": {"type": "LineString", "coordinates": [[30.344097473251097, 1.5342651182121152], [30.343987875682323, 1.533744270356678], [30.344034871778433, 1.5334014016326296], [30.34408189274371, 1.5330744768421125], [30.344168644896257, 1.532827209285161], [30.344342409271107, 1.532500085222938], [30.344373451401296, 1.5320854940450526], [30.34436484932378, 1.5316470493067633], [30.344499056177444, 1.5313518755436553], [30.34456193294469, 1.531032898044129]]}}, {"type": "Feature", "properties": {"OBJECTID": null, "arcid": null, "grid_code": 3, "from_node": null, "to_node": null, "Shape_Leng": null, "Type": "Thalweg", "Nme": ""}, "geometry": {"type": "LineString", "coordinates": [[30.34262452917573, 1.5331963489237745], [30.342617164839815, 1.5335550997249365], [30.342554127405844, 1.5337704424320915], [30.342625767431002, 1.5339935452330187], [30.342871803791272, 1.5342960933319045], [30.343133571662783, 1.5345268686760858], [30.343236848207873, 1.534718033543606], [30.343288435781428, 1.5349870371712468]]}}, {"type": "Feature", "properties": {"OBJECTID": null, "arcid": null, "grid_code": 3, "from_node": null, "to_node": null, "Shape_Leng": null, "Type": "Thalweg", "Nme": ""}, "geometry": {"type": "LineString", "coordinates": [[30.337989154837278, 1.5361551583667], [30.338117170144052, 1.5357345490932583], [30.338200098398833, 1.535574978257776], [30.33827493800727, 1.5353077979259002], [30.338330110050745, 1.5351283407539908], [30.33851223671502, 1.5350842082325622], [30.338722125758395, 1.5350639480914452], [30.338864607664853, 1.5349959618803692], [30.338943667982278, 1.5348961873767828], [30.33913687840367, 1.5343378427313268], [30.33925148029599, 1.5341702503344983], [30.33936603269074, 1.5339707700117524], [30.33965082921875, 1.533727176090993], [30.33988046595729, 1.5336710110870853], [30.340181575480276, 1.5337303277675787], [30.34041527801485, 1.5337419183488832], [30.340613451379006, 1.5338292987534596], [30.340771912077447, 1.533848979575335]]}}, {"type": "Feature", "properties": {"OBJECTID": null, "arcid": null, "grid_code": 3, "from_node": null, "to_node": null, "Shape_Leng": null, "Type": "Thalweg", "Nme": ""}, "geometry": {"type": "LineString", "coordinates": [[30.3419015002182, 1.5266803851899715], [30.342281742149236, 1.5266877617966288], [30.342638318214757, 1.5267589512541722], [30.34310578204911, 1.5268219949268251], [30.343604746473318, 1.526765409460487], [30.343842290935257, 1.5267012615292432], [30.344238448983884, 1.526756444645957], [30.344436299784775, 1.526636555107373]]}}, {"type": "Feature", "properties": {"OBJECTID": null, "arcid": null, "grid_code": 3, "from_node": null, "to_node": null, "Shape_Leng": null, "Type": "Thalweg", "Nme": ""}, "geometry": {"type": "LineString", "coordinates": [[30.338744325937235, 1.5296709939606472], [30.339355424309478, 1.5296818456530772], [30.339901821401032, 1.5295614089877], [30.34013955211316, 1.5296168403025914], [30.34038521660034, 1.5296802311242883], [30.340757316013793, 1.529544123650756], [30.341113732787466, 1.529511676744451], [30.34154128212391, 1.5293754823476071], [30.341755211022484, 1.5294070347932187]]}}, {"type": "Feature", "properties": {"OBJECTID": null, "arcid": null, "grid_code": 3, "from_node": null, "to_node": null, "Shape_Leng": null, "Type": "Thalweg", "Nme": ""}, "geometry": {"type": "LineString", "coordinates": [[30.33122523860075, 1.5347321913339604], [30.331406097557945, 1.534760545147338], [30.3316674227589, 1.5347043306021997], [30.331968133369568, 1.5345045570023614], [30.33211861831493, 1.5344883767453221], [30.332205891334866, 1.5345759325475294], [30.332443587497373, 1.5346074478003442], [30.33276840836452, 1.5346308542038853], [30.333148729421396, 1.5346860616611264], [30.33335472682541, 1.534709654456675], [30.33344984721557, 1.5347493654125595]]}}, {"type": "Feature", "properties": {"OBJECTID": null, "arcid": null, "grid_code": 3, "from_node": null, "to_node": null, "Shape_Leng": null, "Type": "Thalweg", "Nme": ""}, "geometry": {"type": "LineString", "coordinates": [[30.333232002023415, 1.5321906764075828], [30.33328359074206, 1.5322543720247699], [30.33343809164453, 1.5322740600060754], [30.3335173378958, 1.532293865932943], [30.33368376426311, 1.5323414373864532], [30.334040295163174, 1.5323807387121469], [30.334182888978475, 1.5323845011693709], [30.334392846667125, 1.5324080881142297], [30.33461461255374, 1.5323838242230383], [30.33483231887266, 1.5322957903159569], [30.334970976491295, 1.5323155029920166], [30.335244145743626, 1.5322353541595135], [30.335473567536795, 1.5320396793505962], [30.33561183006644, 1.5318042873511417], [30.33563939494732, 1.5317006076138096], [30.33585695289384, 1.531516909622926]]}}, {"type": "Feature", "properties": {"OBJECTID": null, "arcid": null, "grid_code": 3, "from_node": null, "to_node": null, "Shape_Leng": null, "Type": "Thalweg", "Nme": ""}, "geometry": {"type": "LineString", "coordinates": [[30.333950938251345, 1.5283828939752242], [30.33416131405908, 1.5286775309181293], [30.33423700562595, 1.5289604203463598], [30.334296792659668, 1.5292034743605842], [30.334293072079078, 1.529358935172217], [30.33425376009918, 1.5295503259158099], [30.334123319802757, 1.529721929177486], [30.33404825626498, 1.5298456134799046], [30.334120203101797, 1.5302680196274334], [30.334057126671407, 1.530459447649514], [30.333982161803636, 1.530646908285366], [30.333863684002907, 1.5308703113401414], [30.33374521854318, 1.531101686477898], [30.333721571073983, 1.53117745804461]]}}, {"type": "Feature", "properties": {"OBJECTID": 474881, "arcid": 474881, "grid_code": 5, "from_node": 475219, "to_node": 475703, "Shape_Leng": 14.1408160843, "Type": "Thalweg", "Nme": ""}, "geometry": {"type": "LineString", "coordinates": [[30.335287327953544, 1.5281436355629952], [30.335504873998442, 1.5279519663071293], [30.33551390160662, 1.5279511382775643], [30.335504732429435, 1.5278602880574883], [30.335548189933405, 1.5277884717281887], [30.33562334077273, 1.5277213392409128], [30.33564708567372, 1.5277085966696256], [30.335738176836124, 1.527704468198363], [30.335866007463544, 1.527726862102827], [30.336031352514777, 1.527755827932609], [30.33637974469692, 1.5276556325803463], [30.336597222738206, 1.5274201174645086], [30.336624517148724, 1.5271410536616228], [30.336598762980266, 1.52699126050333], [30.336607137511226, 1.5269828534355465], [30.33656069597515, 1.526850174275028], [30.336477065010637, 1.5265553397948526], [30.336579786085927, 1.5263877665590897], [30.336686517113964, 1.5262520752123512], [30.336757693680816, 1.5261762296825607], [30.336828808740762, 1.5260605241062415], [30.33684193950533, 1.526013999976559], [30.336822396708982, 1.5257492555142431], [30.33682036454473, 1.5257217260127132], [30.336788475687076, 1.5255902373285666], [30.33671693637166, 1.5254309084611162], [30.336605808080257, 1.5252835994453173], [30.336475005153563, 1.5252200274619883], [30.336185729366893, 1.5251288007838484], [30.335975668468368, 1.5250374503404467], [30.33584888769458, 1.5250137321567767], [30.3357677397595, 1.5250471510951662], [30.33575804673919, 1.5250373720598571]]}}, {"type": "Feature", "properties": {"OBJECTID": null, "arcid": null, "grid_code": 3, "from_node": null, "to_node": null, "Shape_Leng": null, "Type": "Thalweg", "Nme": ""}, "geometry": {"type": "LineString", "coordinates": [[30.33521260203244, 1.5259195523352769], [30.335209243727025, 1.5263101877096572], [30.335161979081608, 1.5264816604873517], [30.335213720985276, 1.5266450065383241], [30.335471329797123, 1.5267482405395336], [30.335661575047798, 1.526831649642351], [30.335752955303526, 1.5270148637165262], [30.33581653650657, 1.5271502889820596], [30.335785145840315, 1.5273416669845985], [30.33570232080951, 1.5275689996024815], [30.33564708567372, 1.5277085966696253]]}}, {"type": "Feature", "properties": {"OBJECTID": null, "arcid": null, "grid_code": 3, "from_node": null, "to_node": null, "Shape_Leng": null, "Type": "Thalweg", "Nme": ""}, "geometry": {"type": "LineString", "coordinates": [[30.333512224401094, 1.5258478620451348], [30.33335883952172, 1.5258387400899929], [30.332946515156678, 1.5255763055750085], [30.332668746155537, 1.5252419122826277], [30.332652461132778, 1.5249549433691942], [30.332794545203853, 1.5246278671796878], [30.332873490363564, 1.5244523587003653], [30.33290509052117, 1.5243965049934165]]}}, {"type": "Feature", "properties": {"OBJECTID": 463007, "arcid": 463007, "grid_code": 3, "from_node": 463483, "to_node": 463893, "Shape_Leng": 14.1408160856, "Type": "Thalweg", "Nme": ""}, "geometry": {"type": "LineString", "coordinates": [[30.32218606130424, 1.5352348849642805], [30.32236630697204, 1.5352318565772618], [30.32245609931199, 1.5352319698021153], [30.322545891658553, 1.5352320830231825], [30.322635684011722, 1.5352321962404634], [30.322861738248317, 1.5351450251879681], [30.323009830943224, 1.5351812782929535], [30.323201918273476, 1.5351730054326949], [30.323326610065525, 1.5351249773767643], [30.323425658204357, 1.5351427596189382], [30.323538615407923, 1.535190415592658], [30.323709007510296, 1.5352399746482108], [30.323821779805947, 1.535168048836202], [30.323857266908224, 1.5350643555079428], [30.323901690521964, 1.5347735743437618], [30.32406327003831, 1.5346113715944485], [30.324125610219443, 1.534422178601538], [30.32426396758044, 1.534246575127237], [30.324497575330152, 1.5341943906413862], [30.324582062001546, 1.5341808300475879], [30.324612465969626, 1.534150308756065], [30.324702258430094, 1.5341504218063269], [30.324792050897216, 1.5341505348528046], [30.324881955692508, 1.5340602830994283], [30.324971748169105, 1.534060396131678], [30.32506154065236, 1.5340605091601458], [30.325151445445858, 1.533970257368657], [30.325241237938577, 1.5339703703828973], [30.325331030437916, 1.5339704833933552], [30.32542082294388, 1.5339705964000296]]}}, {"type": "Feature", "properties": {"OBJECTID": null, "arcid": null, "grid_code": 3, "from_node": null, "to_node": null, "Shape_Leng": null, "Type": "Thalweg", "Nme": ""}, "geometry": {"type": "LineString", "coordinates": [[30.324125610219443, 1.5344221786015377], [30.323974600433672, 1.5340995435167193], [30.32400598516531, 1.5339041771153936], [30.32400173494246, 1.5337168386098476], [30.324029072739158, 1.533465673617292], [30.324064467635317, 1.533302189508655], [30.32416728864766, 1.5331983909579832], [30.32438890929269, 1.5330784623605986], [30.324440159747947, 1.5329229256544787], [30.324475696232447, 1.5328511209056364], [30.32464991020973, 1.532810987816031], [30.32479238230677, 1.532735029791275], [30.32483595117494, 1.5327349616561534]]}}, {"type": "Feature", "properties": {"OBJECTID": 463007, "arcid": 463007, "grid_code": 3, "from_node": 463483, "to_node": 463893, "Shape_Leng": 14.1408160856, "Type": "Thalweg", "Nme": ""}, "geometry": {"type": "LineString", "coordinates": [[30.31759375818074, 1.5328551452734556], [30.318124019253485, 1.532876073052493], [30.3183299966598, 1.5327856179763983], [30.318361043453603, 1.5327719837581308], [30.318509482506204, 1.5327119607208095], [30.318656002548522, 1.5326918015751623], [30.31880449683833, 1.532667653255398], [30.318923294095114, 1.532649530420817], [30.319026146648735, 1.532565662032333], [30.319109167402235, 1.5324638872202827], [30.319253537985563, 1.5323341140600735], [30.31937223995537, 1.53225420706498], [30.319449368584273, 1.5321843301826066], [30.31953776588604, 1.5320986910815877], [30.319567672894937, 1.5320697172355942], [30.31957197146308, 1.5320655527918008], [30.319581822853255, 1.5320326522144443], [30.319580734370817, 1.5319688765510622], [30.31956255981544, 1.5319093063157065], [30.319540924967306, 1.5318383943838223], [30.319540704178664, 1.5318285322338066], [30.319465512673094, 1.5317368668766507], [30.319466316169358, 1.5317349081017928], [30.319455602932, 1.531731899731862], [30.319457374562305, 1.531596370055737], [30.31952647717191, 1.5314587422980497], [30.31962727252341, 1.5313250512029917], [30.319674688835143, 1.5312512346662563], [30.319742402057003, 1.5312079864528738], [30.319761708780586, 1.5311743667956115], [30.32012557652198, 1.5308309960415203], [30.320212542716398, 1.5307192500857139]]}}, {"type": "Feature", "properties": {"OBJECTID": 463007, "arcid": 463007, "grid_code": 3, "from_node": 463483, "to_node": 463893, "Shape_Leng": 14.1408160856, "Type": "Thalweg", "Nme": ""}, "geometry": {"type": "LineString", "coordinates": [[30.319285944833645, 1.5340854501465133], [30.319356396421977, 1.5341805078595347], [30.31946530696425, 1.5341723654860429], [30.319494419226196, 1.5340534942414765], [30.320030352774168, 1.533515494626819], [30.320147033996072, 1.533188730571711], [30.320297330186314, 1.5330489829102014], [30.320435762323562, 1.5329212120568028], [30.32053057620553, 1.5327616207074823], [30.32066111740299, 1.5326537926370762], [30.320851021737703, 1.5325139832356667], [30.321084488911737, 1.5323701197594721], [30.32135765641122, 1.5322859854948492], [30.32165075699858, 1.5322855277212897], [30.321694434204158, 1.5322962515319876], [30.321876609675844, 1.5323409800113972], [30.322087875745915, 1.532249469350424], [30.322153682407038, 1.5322209649478418], [30.322244633622276, 1.5321251570899972], [30.32246220180155, 1.531945443929101], [30.32276713834268, 1.5319150720744528], [30.322999123072456, 1.5317987921168161], [30.3230890275404, 1.5317085403968256], [30.323178932000843, 1.5316182886596739], [30.323268836453774, 1.5315280369052795], [30.323358740899206, 1.531437785133743], [30.323358853085832, 1.5313474204484052], [30.323358965265832, 1.5312570557629328], [30.323448869682988, 1.5311668039606714], [30.32344898184598, 1.5310764392683978], [30.323449094002346, 1.5309860745760229], [30.32497757956694, 1.5293614262715867]]}}, {"type": "Feature", "properties": {"OBJECTID": null, "arcid": null, "grid_code": 3, "from_node": null, "to_node": null, "Shape_Leng": null, "Type": "Thalweg", "Nme": ""}, "geometry": {"type": "LineString", "coordinates": [[30.321607401443952, 1.527279082770481], [30.321924364168687, 1.5273423665172132], [30.32216225776437, 1.5275014390957744], [30.32240796263795, 1.5275887500761876], [30.322511090724433, 1.5276842552149004], [30.32259046624388, 1.527787769475285], [30.322757053083496, 1.5279389807153823], [30.323073892959897, 1.5279225427732226], [30.323525093390728, 1.52770659196041], [30.323865660990965, 1.5276662006104405], [30.324222022593318, 1.5275938960898834], [30.324475207047424, 1.5273941982611605], [30.324728256519364, 1.527106807299548], [30.324870832908303, 1.5270986130230257], [30.325187819168903, 1.5271778403434249], [30.32540903488007, 1.5267948336853745], [30.32566191241646, 1.5263958336111991], [30.325803826549745, 1.5259571459338281], [30.32606503023093, 1.5258212131136526], [30.3263898761318, 1.5258605677540582], [30.326857089511616, 1.5257562025311568]]}}, {"type": "Feature", "properties": {"OBJECTID": null, "arcid": null, "grid_code": 4, "from_node": null, "to_node": null, "Shape_Leng": null, "Type": "Thalweg", "Nme": ""}, "geometry": {"type": "LineString", "coordinates": [[30.31348680604306, 1.5272686008914684], [30.313883337823604, 1.5269941284088735], [30.314124967357525, 1.5270057114997198], [30.314247826703593, 1.527053353979527], [30.31436676188219, 1.527124919173665], [30.31460834240804, 1.527104613404492], [30.314762863952005, 1.5271362622164044], [30.31488182355351, 1.5272237717134225], [30.31503245761432, 1.5273032597620195], [30.31523842105042, 1.5273029397431879], [30.315376891260307, 1.5271990859221687], [30.315503503408273, 1.5271111949526432], [30.31556271411471, 1.5269795616025617], [30.315677235854753, 1.526756162013405], [30.315839385398537, 1.5265964660964253], [30.31606909523776, 1.5265841509594402], [30.316203726770812, 1.5265600252149916], [30.316326371854434, 1.5264681544162133], [30.31639341859581, 1.5262807036444244], [30.316614858157664, 1.5260411938289145], [30.316943478366863, 1.52595697538276], [30.317082027778632, 1.5259049409365764], [30.31722461135127, 1.52590073336793], [30.317477981800007, 1.5258206179111498], [30.317573017096084, 1.5258045259114938], [30.317707715629812, 1.5258242471328316], [30.31786599565337, 1.5257243489377466], [30.317960853606376, 1.525592660547917], [30.31812315553904, 1.525532617061557], [30.318380584350326, 1.525516272803814], [30.31844791827018, 1.525516168201403], [30.318883265816098, 1.5252922709081675], [30.31906513931873, 1.525080725731762], [30.31917584039865, 1.5249490129020806], [30.319341950074143, 1.5247893114316866], [30.31953996017524, 1.5247690734491806], [30.319777621148027, 1.5247766764568116], [30.319923798261534, 1.5245332982646747], [30.320010801614075, 1.5244454692910567]]}}, {"type": "Feature", "properties": {"OBJECTID": null, "arcid": null, "grid_code": 3, "from_node": null, "to_node": null, "Shape_Leng": null, "Type": "Thalweg", "Nme": ""}, "geometry": {"type": "LineString", "coordinates": [[30.313883337823604, 1.5269941284088735], [30.314080933657518, 1.526702835709003], [30.314183793234236, 1.5266229538577352], [30.314421223487734, 1.5264790853812982], [30.314690279251852, 1.5262953067959395], [30.314951425482946, 1.526119512764176], [30.31511754830698, 1.5259677829277898], [30.315473595512007, 1.5256882030349264], [30.31566362984675, 1.525632102623078], [30.315917184042195, 1.5256715700135628], [30.316075604975524, 1.5256633518643277], [30.316210114265186, 1.5255595044561419], [30.31622561542817, 1.5253362588521875], [30.31635192204638, 1.5250490637011376], [30.316351482281554, 1.5247620652986607], [30.31666012127024, 1.5245622814870312], [30.316763017193097, 1.5245063164670942], [30.31698481107657, 1.5244980001094663], [30.317135334543753, 1.5245057387151182], [30.317428337607954, 1.5244415064905765], [30.317618310394376, 1.5243455454185775], [30.317815972685295, 1.5240981009187535], [30.317871094368197, 1.5238827663998495], [30.317989564736614, 1.523651389257511], [30.3183619547546, 1.5236986445858567], [30.3186074642268, 1.5236584027429851], [30.31888464792356, 1.523610139564439]]}}, {"type": "Feature", "properties": {"OBJECTID": null, "arcid": null, "grid_code": 3, "from_node": null, "to_node": null, "Shape_Leng": null, "Type": "Thalweg", "Nme": ""}, "geometry": {"type": "LineString", "coordinates": [[30.31274347170475, 1.5197850196444636], [30.313068490911977, 1.519935989712597], [30.313211263260538, 1.5200553524174578], [30.313314439489595, 1.5201827485025474], [30.313409645405553, 1.520278267993296], [30.313497002685903, 1.520421632915856], [30.313639969826415, 1.5206685506718778], [30.313949170101917, 1.5208354890721736], [30.314147381951624, 1.520946793509334], [30.314266401603884, 1.5210741648236397], [30.314302323330327, 1.5213055926878671]]}}, {"type": "Feature", "properties": {"OBJECTID": null, "arcid": null, "grid_code": 3, "from_node": null, "to_node": null, "Shape_Leng": null, "Type": "Thalweg", "Nme": ""}, "geometry": {"type": "LineString", "coordinates": [[30.319785724379, 1.5163424068335078], [30.319796926784072, 1.5166829018204153], [30.319829148373092, 1.5170336274690188], [30.319972150753447, 1.5173044601574812], [30.320043773673795, 1.5175195979524452], [30.320123318245148, 1.5177347234635739], [30.320416538967013, 1.5178139916580653], [30.320677695858752, 1.5176461723370716], [30.32098634567623, 1.5174543631466826], [30.321176281159396, 1.5173344870351162], [30.321493290618157, 1.517429662637168], [30.321849822680804, 1.5174689719231356], [30.32204789870524, 1.5174925819622687]]}}, {"type": "Feature", "properties": {"OBJECTID": null, "arcid": null, "grid_code": 3, "from_node": null, "to_node": null, "Shape_Leng": null, "Type": "Thalweg", "Nme": ""}, "geometry": {"type": "LineString", "coordinates": [[30.32151171685107, 1.5139298579170661], [30.32176501271945, 1.5138019125757125], [30.32210555504723, 1.5137455819930474], [30.32235885072964, 1.5136176367064844], [30.322572927267057, 1.5137448606790134], [30.322684169324436, 1.5139679090669202], [30.32285900270289, 1.5143343578133766], [30.32293841279827, 1.5144617894903225], [30.3229863068777, 1.5147008798290045], [30.32298661085153, 1.5149001829461237], [30.32305029952682, 1.5151073602741956], [30.323193264694954, 1.5153542757746676], [30.323399590261054, 1.5155931211164329]]}}, {"type": "Feature", "properties": {"OBJECTID": null, "arcid": null, "grid_code": 3, "from_node": null, "to_node": null, "Shape_Leng": null, "Type": "Thalweg", "Nme": ""}, "geometry": {"type": "LineString", "coordinates": [[30.322035172507462, 1.5125498909581137], [30.322396564340632, 1.512373923363856], [30.322681655406196, 1.512317678720871], [30.32290359245363, 1.5124050300594447], [30.32311771719482, 1.512564142668003], [30.32319728485435, 1.5127952120474109], [30.32330857522694, 1.5130501488591173], [30.323506942010997, 1.5132650905152714], [30.323673634786836, 1.5134880530989265], [30.323721431433277, 1.5136633663410175], [30.323737517600392, 1.5138227842538847], [30.323761464572364, 1.5139423293362064]]}}, {"type": "Feature", "properties": {"OBJECTID": null, "arcid": null, "grid_code": 3, "from_node": null, "to_node": null, "Shape_Leng": null, "Type": "Thalweg", "Nme": ""}, "geometry": {"type": "LineString", "coordinates": [[30.32290359245363, 1.512405030059444], [30.32295877020231, 1.5122255717257787], [30.32304578589455, 1.5121457161077527], [30.3231249892686, 1.5121376218291405], [30.323279435221178, 1.5121214393750897], [30.323346580247154, 1.5119977676476901], [30.32338997277024, 1.5118821046999924], [30.323568068000903, 1.5117901504849838], [30.32363144036706, 1.5117900527689647], [30.323825439318327, 1.5117379347345714], [30.32394807152054, 1.5116380939363534]]}}, {"type": "Feature", "properties": {"OBJECTID": null, "arcid": null, "grid_code": 3, "from_node": null, "to_node": null, "Shape_Leng": null, "Type": "Thalweg", "Nme": ""}, "geometry": {"type": "LineString", "coordinates": [[30.3227566043638, 1.5100205729758835], [30.32297892656215, 1.5098538278887301], [30.323105295575598, 1.5096064968928682], [30.323176334987224, 1.5094389725421513], [30.323302764608233, 1.509231502249767], [30.32342139383976, 1.5091037654103387], [30.323500403264337, 1.5089681174316265], [30.323397084130253, 1.508745056506795], [30.323182742451177, 1.5084424449090441], [30.323214053259075, 1.508195260342509], [30.32330098433914, 1.5080596002317035], [30.323245085725404, 1.5077647169597497], [30.323197205553388, 1.50753359846201], [30.32333941802062, 1.5072862434486598], [30.323441889770958, 1.506951256038212], [30.323639540876716, 1.5066958438195803], [30.323853095486623, 1.5064802679321674], [30.323884769488775, 1.506472247123791], [30.324003943149183, 1.5067032559250662], [30.32422545545485, 1.5065115842518018], [30.324415015534132, 1.5061445748343378], [30.324470296842442, 1.5060328800449123]]}}, {"type": "Feature", "properties": {"OBJECTID": null, "arcid": null, "grid_code": 3, "from_node": null, "to_node": null, "Shape_Leng": null, "Type": "Thalweg", "Nme": ""}, "geometry": {"type": "LineString", "coordinates": [[30.320195596104124, 1.5105795925689163], [30.320445313294734, 1.5107027767566596], [30.320659104709026, 1.510642656424781], [30.320825306101653, 1.5105427485529423], [30.320995571236207, 1.5105105978051212], [30.32113045591357, 1.5106538890140486], [30.321269386236672, 1.5108529790485907], [30.321348862467847, 1.511024258036455], [30.321376969830247, 1.5112753376844104], [30.32137331825153, 1.5114786333059025], [30.321361733022314, 1.5116739689958878], [30.321449094599533, 1.5118213192774046], [30.321591816161064, 1.5119087930479038], [30.321702760487803, 1.5119365246054868], [30.32185345819809, 1.5120598607131954], [30.321924988850267, 1.5122152074231119], [30.322035172507462, 1.5125498909581134]]}}, {"type": "Feature", "properties": {"OBJECTID": null, "arcid": null, "grid_code": 3, "from_node": null, "to_node": null, "Shape_Leng": null, "Type": "Thalweg", "Nme": ""}, "geometry": {"type": "LineString", "coordinates": [[30.31987206366916, 1.5087963176858834], [30.32006227801453, 1.5088598026288258], [30.32026440493656, 1.5089431996298055], [30.320327856099656, 1.5089949211483313], [30.320506133592236, 1.5090225496009335], [30.32071205783737, 1.5089983164592478], [30.320897966322008, 1.5088346012760536], [30.320965063543643, 1.5086790409783049], [30.321063822790745, 1.508507487702914], [30.32120617478354, 1.508351811758924], [30.321320849730984, 1.508228067025478], [30.32159791037718, 1.5081000866159242], [30.321736622173393, 1.508155678454976], [30.321843762743413, 1.5082870542636084], [30.321931196297523, 1.5084822375609401], [30.321978955577965, 1.5086336350038116], [30.32213762865349, 1.5087928339773828], [30.322312084297074, 1.50891214786092], [30.32234386130133, 1.5089718900921025], [30.322522483630998, 1.5092267239983377], [30.32260598692108, 1.509441843464257], [30.322649888597514, 1.5096610099231749], [30.32257497318833, 1.509884345358457], [30.32254361420479, 1.5100996416129495], [30.32257948539672, 1.5102470711004832], [30.32256789399311, 1.5104384204799288], [30.322568057651317, 1.5105460442133998], [30.322665816937207, 1.5108337434863046]]}}, {"type": "Feature", "properties": {"OBJECTID": null, "arcid": null, "grid_code": 3, "from_node": null, "to_node": null, "Shape_Leng": null, "Type": "Thalweg", "Nme": ""}, "geometry": {"type": "LineString", "coordinates": [[30.32006456461716, 1.5051427759846807], [30.320207472423963, 1.505353819239512], [30.320417369326364, 1.5053375529588504], [30.320781669912904, 1.5052772029190513], [30.320968001298635, 1.5053925134046229], [30.321087059953793, 1.5055477878491892], [30.321095229105165, 1.5057112045793901], [30.3211431751408, 1.505986170482865], [30.321278101167064, 1.5061573647750468], [30.321361470723513, 1.5062847913045387], [30.32153996529482, 1.5064559186026374], [30.321603524992547, 1.506579389407032], [30.321639419753794, 1.5067427634566157], [30.3216872452252, 1.506938007784713], [30.321719070452435, 1.5070296386702449], [30.321814249898758, 1.5071092139860123], [30.321909296320005, 1.507101095808024], [30.32195273782578, 1.5070173214667393], [30.32203988687483, 1.507025159728792], [30.322131713803785, 1.5070377611847414]]}}, {"type": "Feature", "properties": {"OBJECTID": null, "arcid": null, "grid_code": 3, "from_node": null, "to_node": null, "Shape_Leng": null, "Type": "Thalweg", "Nme": ""}, "geometry": {"type": "LineString", "coordinates": [[30.32186322386626, 1.506314510935205], [30.322077844452494, 1.5059369027663017], [30.322287420754574, 1.5057093747379422], [30.32247728985073, 1.5055456542208199], [30.32267922244403, 1.5055014974292191], [30.322912835061924, 1.5054533059307942], [30.323098870121896, 1.5053732988992947], [30.323352135386926, 1.5052254254731119], [30.323435118054853, 1.5050977438376434], [30.323716090416486, 1.504937869755685], [30.32402101451575, 1.5049015270640518], [30.32424278072754, 1.5048772702159843]]}}, {"type": "Feature", "properties": {"OBJECTID": null, "arcid": null, "grid_code": 3, "from_node": null, "to_node": null, "Shape_Leng": null, "Type": "Thalweg", "Nme": ""}, "geometry": {"type": "LineString", "coordinates": [[30.32177641152388, 1.503874555893731], [30.321686254026822, 1.5036694259671735], [30.321725590239307, 1.5034899922025997], [30.321741186010502, 1.5033265391405601], [30.321752857224617, 1.5031870085591525], [30.321665334479047, 1.5029320337171592], [30.321546167891942, 1.502705009839965], [30.321522246573803, 1.502601408453443], [30.32171617332397, 1.5025014594947312], [30.322104147243437, 1.5023812829712124], [30.322357539520674, 1.502317117653283], [30.32256353523192, 1.502340718560901], [30.322745718117016, 1.5023324673346488]]}}, {"type": "Feature", "properties": {"OBJECTID": 468573, "arcid": 468573, "grid_code": 4, "from_node": 469463, "to_node": 469462, "Shape_Leng": 9.9990669433, "Type": "Thalweg", "Nme": ""}, "geometry": {"type": "LineString", "coordinates": [[30.31836600511026, 1.49504861199765], [30.31837525296096, 1.4949242677297647], [30.318375362675212, 1.494833903384161], [30.31837547238283, 1.4947435390384904], [30.3183755820838, 1.4946531746927552], [30.318465482149076, 1.4945629207372828], [30.318465591833107, 1.4944725563847212], [30.318879502407373, 1.4941150853530911]]}}, {"type": "Feature", "properties": {"OBJECTID": null, "arcid": null, "grid_code": 3, "from_node": null, "to_node": null, "Shape_Leng": null, "Type": "Thalweg", "Nme": ""}, "geometry": {"type": "LineString", "coordinates": [[30.318103466208647, 1.4969119515974478], [30.318328927419323, 1.496730798888797], [30.318483355329576, 1.4967026608769889], [30.318657527052533, 1.4966346318710257], [30.31879999462439, 1.4965546929317157], [30.31893848941043, 1.496466787884208], [30.319013491994202, 1.4962992578570549], [30.31903704665244, 1.496159708871228], [30.319080375155544, 1.4960001993204985], [30.319123847593723, 1.4959363556724001], [30.31915550970511, 1.4959203630770206]]}}, {"type": "Feature", "properties": {"OBJECTID": null, "arcid": null, "grid_code": 3, "from_node": null, "to_node": null, "Shape_Leng": null, "Type": "Thalweg", "Nme": ""}, "geometry": {"type": "LineString", "coordinates": [[30.31926535303919, 1.5013412447991752], [30.31943238364272, 1.5009244728544853], [30.319487497471737, 1.500701167756689], [30.3194950580468, 1.5004619910234929], [30.319455101483058, 1.5002308590843116], [30.3195341243919, 1.5001031835613994], [30.31970045258459, 1.5000869850389877], [30.3198193116909, 1.5001107199037866], [30.320136173005324, 1.5001102356251426], [30.320215135682037, 1.4999426994340423], [30.320349549070702, 1.4997750785282091], [30.32049993781381, 1.4996951270563061], [30.320555244160673, 1.499599376570247], [30.32061059861939, 1.4995355146739842], [30.320808492404225, 1.499439546327038], [30.321069577902264, 1.4992238990424391], [30.321290971555243, 1.4989525073780048]]}}, {"type": "Feature", "properties": {"OBJECTID": null, "arcid": null, "grid_code": 3, "from_node": null, "to_node": null, "Shape_Leng": null, "Type": "Thalweg", "Nme": ""}, "geometry": {"type": "LineString", "coordinates": [[30.315500670802578, 1.5109794445810198], [30.315897162652703, 1.5112498898397995], [30.316008404095292, 1.5114729403765135], [30.316103959807617, 1.5117996535799016], [30.316310187996898, 1.511974724647707], [30.31659576550805, 1.512237367651448], [30.316770343691502, 1.5124364037961728], [30.316850032354825, 1.5127471966621107], [30.31689005249683, 1.5130181896030057], [30.316977517477643, 1.5132333040919979], [30.31710047209389, 1.513344725376985], [30.317120548951042, 1.513524068749164], [30.31720786851652, 1.513643517071756], [30.31739800519066, 1.5136551823751605], [30.317441191956462, 1.5134039918874895], [30.317484342397186, 1.5131288849119886], [30.317575155855092, 1.5129413986107767], [30.31780881267331, 1.5129211082316782]]}}, {"type": "Feature", "properties": {"OBJECTID": null, "arcid": null, "grid_code": 3, "from_node": null, "to_node": null, "Shape_Leng": null, "Type": "Thalweg", "Nme": ""}, "geometry": {"type": "LineString", "coordinates": [[30.303340562947877, 1.4982633470095663], [30.30341642852538, 1.4986698192225694], [30.30343258877548, 1.49888106068979], [30.303484193203566, 1.4989567191478355], [30.30368611780148, 1.498904592343757], [30.30390781659133, 1.4988325047450155], [30.30418108383774, 1.4988121587152594], [30.304375260084893, 1.498875641965623], [30.304529971626923, 1.4990348526868575], [30.304704642906998, 1.4992976728004976], [30.304788107525, 1.4994888808906555]]}}, {"type": "Feature", "properties": {"OBJECTID": null, "arcid": null, "grid_code": 3, "from_node": null, "to_node": null, "Shape_Leng": null, "Type": "Thalweg", "Nme": ""}, "geometry": {"type": "LineString", "coordinates": [[30.305926553076077, 1.5006112411496846], [30.30608486019439, 1.5005272911879637], [30.3061244684251, 1.5005272308890676], [30.306259220285543, 1.5005828316974925], [30.306322635390238, 1.5006106381234787], [30.306457261393113, 1.5005825301687823], [30.306587788728446, 1.5004627472683127], [30.306730288389183, 1.500402738233036], [30.306861019421483, 1.5004184837348147], [30.30707496959245, 1.5004620054611137], [30.307193848097334, 1.5004976996584711], [30.30733647352057, 1.500521399268785], [30.30736419924693, 1.5005213570438358]]}}, {"type": "Feature", "properties": {"OBJECTID": 463007, "arcid": 463007, "grid_code": 3, "from_node": 463483, "to_node": 463893, "Shape_Leng": 14.1408160856, "Type": "Thalweg", "Nme": ""}, "geometry": {"type": "LineString", "coordinates": [[30.30525631082157, 1.5027697200030352], [30.305346211380755, 1.5026794681742623], [30.305436001117123, 1.5026795797028853], [30.305525790860187, 1.5026796912278022], [30.305615580609896, 1.5026798027490138], [30.30570537036628, 1.5026799142665206], [30.30579516012934, 1.5026800257803217], [30.305884949899067, 1.5026801372904173], [30.305974628875436, 1.5027706122115814], [30.306064418662174, 1.5027707237209744], [30.30615409765626, 1.5028611986547187], [30.306243887460035, 1.502861310163408], [30.306333566471835, 1.5029517851098302], [30.30642335629262, 1.502951896617815], [30.306470620361004, 1.5029995801693437], [30.306613381542927, 1.502993906173798], [30.306728131428443, 1.5029179945437503], [30.30691424215918, 1.5028858216022347], [30.307100538941835, 1.5029772186008947], [30.30718777311021, 1.5030408637149884], [30.30723541706108, 1.5031165276177219], [30.307259246760356, 1.5032523541631093], [30.307322825439492, 1.503316497096207], [30.30751298690063, 1.5033233831636181], [30.307738759759705, 1.5033270247860022], [30.30794864123644, 1.5032988015710458], [30.308309069842537, 1.503294265379397], [30.308645781467142, 1.5033216543725454], [30.308907177389166, 1.5033092969773685], [30.309010858797723, 1.5033326080897447], [30.30902682117653, 1.5033165833065174], [30.309116611212033, 1.5033166947301215], [30.309206511961655, 1.503226442494408], [30.30983581700279, 1.5025946763632014]]}}, {"type": "Feature", "properties": {"OBJECTID": null, "arcid": null, "grid_code": 3, "from_node": null, "to_node": null, "Shape_Leng": null, "Type": "Thalweg", "Nme": ""}, "geometry": {"type": "LineString", "coordinates": [[30.308019870232886, 1.5189482534922847], [30.30830485006331, 1.5186505935877388], [30.30837586618831, 1.5184671220764328], [30.30851011632484, 1.518191872117302], [30.308739523800384, 1.5179802536363525], [30.30883062320935, 1.5179801132225665], [30.30890978548233, 1.5179441160463463], [30.308980959333347, 1.5178642837733227], [30.30909175980206, 1.517796348818392], [30.309226294976106, 1.5177084466542357], [30.30931326970808, 1.5176006871711634], [30.309237837831024, 1.5174852057302959], [30.309221800392663, 1.5173576743660186], [30.309292889337907, 1.5172220365003906], [30.309371924222432, 1.5171023309170293], [30.309676830012908, 1.517050041491497], [30.30995784332311, 1.516914080256039], [30.309937778396023, 1.5167427078152678], [30.309992987584973, 1.5165831777848295], [30.310028483544365, 1.5164834699987637], [30.31016306708672, 1.516427456952518], [30.310265982115148, 1.5163834510647354], [30.310309369427188, 1.5162638005382723], [30.31031303323466, 1.5160684748645608], [30.31045147452019, 1.5159446918490551], [30.310641570262042, 1.515928454599198], [30.310756488958, 1.5159641527003098], [30.3110258618892, 1.5159876545166675], [30.3111842587498, 1.5159634938071884], [30.311429775646406, 1.5159272405324977], [30.311631729424246, 1.5158950404762714], [30.31166344636869, 1.5159149222029669], [30.31172699546717, 1.5160304217032818], [30.311841956512904, 1.5160940224477208], [30.31189347153493, 1.5161098875375536], [30.311992358810915, 1.5160220406040745], [30.31216638656608, 1.5158583417106006], [30.31228895994091, 1.515718638824445], [30.312383892416168, 1.5156347841545736], [30.31255415330826, 1.5155986468138247], [30.312653179976156, 1.5156024803581387]]}}, {"type": "Feature", "properties": {"OBJECTID": null, "arcid": null, "grid_code": 3, "from_node": null, "to_node": null, "Shape_Leng": null, "Type": "Thalweg", "Nme": ""}, "geometry": {"type": "LineString", "coordinates": [[30.315009003117382, 1.520227712701494], [30.314869905702118, 1.5199209977647892], [30.31466771509298, 1.519797741104068], [30.314473506963846, 1.5197143330963063], [30.3143149705724, 1.519646814331654], [30.314140645611808, 1.5196151949013557], [30.313799880779303, 1.519528027126627], [30.313562139945002, 1.5194686028322808], [30.313482522096994, 1.519205642575018], [30.313505928380096, 1.5189704259233745], [30.31372325714432, 1.5186312709584369], [30.31383781110537, 1.5184278025047029], [30.313897059384917, 1.5183200860866224], [30.313849213521195, 1.518112882310166], [30.313817223151727, 1.517913626255451], [30.313606910730023, 1.5176588398642301], [30.313539418812276, 1.5175553051607131], [30.31346775354847, 1.5173122630207079], [30.31338376881235, 1.5167822398811888], [30.313395147536504, 1.516451375153865]]}}, {"type": "Feature", "properties": {"OBJECTID": 476960, "arcid": 476960, "grid_code": 6, "from_node": 477847, "to_node": 477846, "Shape_Leng": 9.99906694423, "Type": "River", "Nme": ""}, "geometry": {"type": "LineString", "coordinates": [[30.316821833376302, 1.516971260206417], [30.317361248666206, 1.516429747298094], [30.3174511511885, 1.5163394950865274], [30.317531648868446, 1.5162586842779502], [30.317722766725467, 1.5162396632783643], [30.31784360164058, 1.516259407201635], [30.31795059195873, 1.5162911307639684], [30.318120939931532, 1.5163127912622976], [30.318261439054027, 1.5162408246931234], [30.318405385002613, 1.5162550867142464], [30.318483168008612, 1.5161906562119896], [30.31857820900993, 1.5161785511947563], [30.31874845659486, 1.516134441336923], [30.318986110665314, 1.516138060450395], [30.31907911730929, 1.5162511612812641], [30.31915729625606, 1.516251258764335], [30.31924708757205, 1.5162513707236225], [30.31933687889469, 1.5162514826791718], [30.31942667022397, 1.5162515946309816], [30.31951646155988, 1.5162517065790522], [30.31960625290242, 1.5162518185233838], [30.319695933019457, 1.5163422948899803], [30.319785724379, 1.5163424068335078], [30.31987562696989, 1.5162521543339444], [30.31996552955334, 1.5161619018172605], [30.320055432129376, 1.5160716492833732], [30.32005554332675, 1.515981284830456], [30.320145445885, 1.5158910322726427], [30.32014545295522, 1.5158852859503753], [30.320187826519263, 1.5158830881347305], [30.320270975837047, 1.5158650223355472], [30.32034414413963, 1.5157951528807374], [30.3203499728773, 1.5157214013536269], [30.320329944024596, 1.5155739472342236], [30.32030200880325, 1.5154364705232817], [30.320359112150587, 1.515221133899679], [30.32037582328568, 1.515181612595729], [30.320370924649758, 1.51517527571517], [30.320473753333477, 1.5150754649095344], [30.320600380169218, 1.5149975408285365], [30.320655791745423, 1.5149715457554238], [30.320762672324257, 1.514931519942505], [30.320828886560108, 1.5149341711403566], [30.32086108765634, 1.5149018445906544], [30.32085262687717, 1.5148307325376382], [30.320865399195725, 1.514764942494617], [30.320942535858226, 1.5147000496174856], [30.321021665059003, 1.514643125831423], [30.321058253749666, 1.5146111807148064], [30.321235211958474, 1.5144225653247703], [30.32126216618566, 1.5144089501405464], [30.321314622610114, 1.5143562892683171], [30.32140452502303, 1.5142660364431773], [30.321404636032035, 1.5141756718885262], [30.321494538427185, 1.5140854190394746], [30.32151171685107, 1.5139298579170661], [30.321495315232152, 1.5134528671071112], [30.321495426177762, 1.5133625025450363], [30.321495537116743, 1.5132721379828278], [30.321495648049083, 1.5131817734205855], [30.321585550333403, 1.5130915204868607], [30.32158566124878, 1.5130011559177818], [30.321675563515335, 1.5129109029601326], [30.32176546577449, 1.5128206499853811], [30.321855368026224, 1.5127303969934267], [30.32194527027055, 1.5126401439843373], [30.322035172507462, 1.5125498909581139], [30.322035837550306, 1.5120077033391697], [30.322125628904214, 1.5120078148653968], [30.32275483319362, 1.51146640750259], [30.322754943941472, 1.51137604284527], [30.3227550546827, 1.5112856781879176], [30.3227551654173, 1.5111953135304304], [30.322755276145262, 1.5111049488729102], [30.322755386866596, 1.5110145842152731], [30.322755497581305, 1.5109242195575692], [30.322665816937207, 1.5108337434863055], [30.32266592764236, 1.5107433788351174], [30.322666038340884, 1.5106530141837962], [30.322666149032774, 1.510562649532408], [30.322666259718044, 1.5104722848809533], [30.32266637039668, 1.5103819202293978], [30.322666481068683, 1.510291555577792], [30.32266659173406, 1.5102011909260868], [30.32266670239281, 1.5101108262742808], [30.3227566043638, 1.510020572975884], [30.322756715005593, 1.5099302083172272], [30.322756825640752, 1.5098398436584877], [30.322756936269286, 1.5097494789997143], [30.322757046891194, 1.5096591143408244], [30.322846948813456, 1.5095688609982703], [30.322847059418404, 1.5094784963325467], [30.322936961322988, 1.5093882429661203], [30.32248866839756, 1.508845498595622], [30.32239898771704, 1.5087550226846111], [30.322309307043934, 1.5086645467831654], [30.322309417604774, 1.508574182156593], [30.322219736936127, 1.5084837062712126], [30.322219847487407, 1.508393341651191], [30.32221995803205, 1.5083029770310532], [30.322220068570065, 1.5082126124108481], [30.322220179101446, 1.5081222477905767], [30.32230140178486, 1.50804070739192]]}}, {"type": "Feature", "properties": {"OBJECTID": 474881, "arcid": 474881, "grid_code": 6, "from_node": 475219, "to_node": 475703, "Shape_Leng": 14.1408160843, "Type": "River", "Nme": ""}, "geometry": {"type": "LineString", "coordinates": [[30.3145943514083, 1.5328212085399424], [30.314705617217648, 1.533056215247962], [30.314842496625715, 1.5332054807042403], [30.31480503739444, 1.533303394667611], [30.31468075259146, 1.5336282600842501], [30.31473641937549, 1.5337676869100163], [30.314915039687882, 1.534041562635096], [30.31492678328238, 1.534059568906153], [30.31508183005375, 1.5342972997322422], [30.31513391090428, 1.5346798843388436], [30.315225360710492, 1.5349069494149021], [30.315415739593487, 1.5350740684046247], [30.315503271697416, 1.535329042197032], [30.315372778869076, 1.5354687596091827], [30.31553935588983, 1.5356119990314563], [30.315586972168113, 1.5356677300525101], [30.315595195213874, 1.5358630361628964], [30.315595367430014, 1.5359746467272213], [30.31555595576689, 1.5361022635624721], [30.31540991489977, 1.5364333382665156], [30.3155094899567, 1.536791931748258], [30.315716291331064, 1.5373337180783944], [30.315819704467245, 1.5376125833307563], [30.315788522641583, 1.5379394923465564], [30.315865974837678, 1.5380788846430191], [30.315955278811437, 1.538198327865243]]}}, {"type": "Feature", "properties": {"OBJECTID": 474881, "arcid": 474881, "grid_code": 7, "from_node": 475219, "to_node": 475703, "Shape_Leng": 14.1408160843, "Type": "River", "Nme": "Nyamukao"}, "geometry": {"type": "LineString", "coordinates": [[30.310930482486555, 1.5297965518266021], [30.3110414286978, 1.5298681885340788], [30.31112603393067, 1.5298649265140316], [30.311286552606536, 1.529932441003984], [30.3114372089081, 1.530025880561607], [30.31162547496802, 1.5301073032457075], [30.31167904136645, 1.5301690047677927], [30.31184794389349, 1.5305374578859823], [30.31194320950159, 1.53067084458762], [30.312004841548035, 1.5308262072253267], [30.31205460330896, 1.5309895605437818], [30.312189370346733, 1.5310531286755036], [30.312347902499557, 1.5311166597950288], [30.312522259674505, 1.531168207909729], [30.312630136817127, 1.5311996083712498], [30.312883254805048, 1.5315303822222226], [30.313113284513207, 1.5317253435097253], [30.31325216562895, 1.5318885577669252], [30.31340289254008, 1.5320278368547138], [30.313541675598533, 1.5321272734009725], [30.313731925182243, 1.5322106852849124], [30.31401351961975, 1.5324533990855165], [30.31412852226067, 1.532542907266616], [30.31437826430702, 1.5326780456110332], [30.31449916220558, 1.532737648729083], [30.314557434699978, 1.5327888019950326], [30.3145943514083, 1.5328212085399424], [30.314772436123597, 1.5327212782621635], [30.314760579523565, 1.532708495431432], [30.314887236239596, 1.5326792451806015], [30.3149425530877, 1.532591464648449], [30.315005779355108, 1.5324956995866466], [30.315068895185515, 1.5323281848458854], [30.315108276637833, 1.5321806376355187], [30.315008997888114, 1.5320133760260322], [30.31504443081045, 1.5318738071803966], [30.314921429987344, 1.5317344852164274], [30.31476682214123, 1.5316470318134228], [30.314727109453546, 1.5315793299037612], [30.314718985430744, 1.531447801100128], [30.31472268265486, 1.5312763928324113], [30.31471065299838, 1.5311807450524], [30.314742186505455, 1.5310810433192898], [30.31482120723439, 1.530953364906903], [30.31488842511236, 1.5308775242461399], [30.31489187022179, 1.5308451611245617], [30.314967402938912, 1.5307219432031853], [30.315042585395183, 1.5306739928879176], [30.31516542664482, 1.5307096765300199], [30.315383450656284, 1.5308249339660376], [30.315534244593238, 1.5310080597770015], [30.315542525920076, 1.5310341130651204], [30.31561759391273, 1.5311195407748799], [30.315701065889296, 1.5313107435770337], [30.31581608970446, 1.5314142029655053], [30.315982592177125, 1.5315096098978211], [30.316057995341747, 1.5316051587714798], [30.316224479412814, 1.5316886073612923], [30.316355383418994, 1.5318159584555202], [30.316367578869542, 1.5320192304500575], [30.316383814988335, 1.5322743154135754], [30.316518593999305, 1.5323458549898672], [30.316899024774223, 1.532468830633919], [30.31704892803116, 1.5324910166471089], [30.317071949618803, 1.5325142431322483], [30.317161628922506, 1.5326047206038889], [30.317225860291128, 1.5326695236486971], [30.317310799794395, 1.532690911308593], [30.317323072202626, 1.5326952886004979], [30.317350924040905, 1.5327052227244395], [30.317383124972892, 1.5327167080719852], [30.317472329761397, 1.5327723741927992], [30.317487265677606, 1.5327858600775424], [30.317541741119207, 1.532835046851187], [30.31759375818074, 1.5328551452734556], [30.317738984629177, 1.5329593044323442], [30.317811326690386, 1.532996062877502], [30.31788364724884, 1.5330188700263576], [30.317979751240955, 1.5330535983198337], [30.318091680132625, 1.5330763436254755], [30.318226839517564, 1.5331365448607053], [30.318403810821856, 1.533215369503965], [30.31850891423234, 1.533306885459138], [30.3185290482056, 1.5333293605987077], [30.318668629690386, 1.5334851725392131], [30.318675082166997, 1.5335064286880922], [30.318706977821744, 1.5336419058888735], [30.318754784455663, 1.5338212051993696], [30.31880248659982, 1.5339327411542747], [30.31886203436276, 1.53402034206194], [30.318893887053925, 1.5341279166690818], [30.31902064906568, 1.5341376838211993], [30.31912352922461, 1.5340717526294003], [30.319166022068433, 1.5340158810180746], [30.319285944833645, 1.5340854501465133], [30.319224480171414, 1.5345049763201724], [30.319403839158625, 1.5346859317020403], [30.31955336419999, 1.5347676493435818], [30.319583198175913, 1.53486688712183], [30.319672877695844, 1.5349573648459187], [30.3197625572233, 1.5350478425795369], [30.319852349363345, 1.5350479559008328], [30.320031708461606, 1.5352289114022275], [30.320268778442337, 1.5352292105910363], [30.32026261552929, 1.5352573267375496], [30.32022722049578, 1.5354208114842225], [30.32026301574022, 1.5355164214598291], [30.32034225080439, 1.5355282557382315], [30.320457176431326, 1.5355679367392296], [30.32063145905087, 1.535571650116572], [30.320829432699895, 1.5355274934453913], [30.321066996090703, 1.5354713165835292], [30.321308403219238, 1.5353393982241677], [30.321541657183715, 1.535230816546633], [30.321737760778152, 1.535231063897284], [30.321827553071675, 1.5352311771486387], [30.32218606130424, 1.5352348849642805], [30.322281416722582, 1.5354260672724085], [30.32227871898591, 1.535595879830778], [30.322277807103088, 1.5356532791466169], [30.322144057414885, 1.5362474136646895], [30.322140484956662, 1.5364985419619084], [30.32223183668941, 1.536661827909342], [30.322394403112835, 1.5367731832822675], [30.32252117412115, 1.5367889289433032], [30.322953230635378, 1.5369995136913965], [30.323125720685656, 1.5371248045625072], [30.323293279066068, 1.5371623381430266], [30.323575542196355, 1.537297493400653], [30.32386104827423, 1.5375083073166604], [30.324023750481885, 1.5377073554984235], [30.32415889164492, 1.5378546978296226], [30.32434895124118, 1.5379739117793574], [30.324479119037143, 1.5379968183958699], [30.324618360916922, 1.5380213218412702], [30.324844028627382, 1.5379571907061267], [30.325208485369487, 1.5379964793957723], [30.32534725593484, 1.5380879410210557], [30.325347406474037, 1.538088483134914], [30.325408182017622, 1.5381062809268173], [30.32551426660312, 1.5381918147224096], [30.325644134607636, 1.5382892693379502], [30.32570958842936, 1.5383539400572719], [30.325749366491202, 1.538463494253353], [30.32577026272555, 1.5385292314308043], [30.325759396743887, 1.5385646623241154], [30.325774258446707, 1.5385796562826022], [30.325841394604137, 1.5386473898915192], [30.326178183282572, 1.5388200713759725], [30.32651896142945, 1.5389152014522893], [30.32681215412887, 1.5389745316733043], [30.32710140450516, 1.5390458261760145], [30.327311024604867, 1.5391421158641194], [30.32738958034551, 1.539062812310161], [30.327417126635304, 1.5389471734796347], [30.327488297468037, 1.5388673405827447], [30.327704908263573, 1.5388402241829284], [30.32766236267241, 1.5387315412827869], [30.327574971408733, 1.538568250447178], [30.32764997938561, 1.538408690512771], [30.327745044888218, 1.5384125272170293], [30.3279788374658, 1.5384799227753339], [30.328190292018203, 1.5385008674422704], [30.32821652278111, 1.538503465609691], [30.328347210719418, 1.5384913021025575], [30.328465818330088, 1.5383516040097591], [30.32855839857942, 1.538131342341677], [30.32855839857942, 1.5381313423416758], [30.328648303951528, 1.5380410904462494], [30.32873820931609, 1.5379508385335905], [30.328828114673104, 1.5378605866038009], [30.328918020022595, 1.5377703346567801], [30.32900792536455, 1.5376800826926298], [30.329456890088764, 1.5376806482760599], [30.32955810955949, 1.537649300446963], [30.32963647602474, 1.5376808744828876], [30.330085440980373, 1.5376814399335965], [30.33017523399133, 1.5376815530123624], [30.330265027008902, 1.5376816660873356], [30.330713992195925, 1.5376822314053222], [30.330893578317003, 1.5376824575059727], [30.331432336838866, 1.5376831357169145], [30.331522017641287, 1.5377736140238085], [30.33161181076177, 1.537773727048546], [30.331701491582095, 1.5378642053677547], [30.331791172409993, 1.5379546836963252], [30.331880965557822, 1.5379547967229739], [30.331970758712266, 1.53795490974583], [30.332060551873322, 1.5379550227648933], [30.332060439568433, 1.538045388089564], [30.332150120432136, 1.5381358664426559], [30.332329482182153, 1.5383168231771163], [30.33241927538471, 1.53831693620758], [30.332508956281405, 1.5384074145917783], [30.33259863718564, 1.5384978929853492], [30.33268843041554, 1.5384980060177162], [30.332778111337692, 1.5385884844235906], [30.33286790458458, 1.5385885974550115], [30.33295769783807, 1.538588710482637], [30.333047378788514, 1.5386791889036102], [30.333137059746488, 1.5387696673339353], [30.33313694742739, 1.5388600327375306], [30.33322662839008, 1.5389505111838304], [30.33331630936032, 1.5390409896395485], [30.33340599033809, 1.5391314681046326], [30.33349567132343, 1.5392219465791341], [30.33358546464954, 1.5392220596266795], [30.33367514565277, 1.5393125381134405], [30.333854507681856, 1.5394934951151389]]}}, {"type": "Feature", "properties": {"OBJECTID": 476960, "arcid": 476960, "grid_code": 6, "from_node": 477847, "to_node": 477846, "Shape_Leng": 9.99906694423, "Type": "River", "Nme": ""}, "geometry": {"type": "LineString", "coordinates": [[30.333854507681856, 1.5394934951151389], [30.333944188707747, 1.5395839736300918], [30.33403386974116, 1.5396744521544241], [30.33412355078212, 1.5397649306881682], [30.33421323183063, 1.5398554092312737], [30.334302912886688, 1.5399458877838232], [30.335021260397173, 1.5399467922093704], [30.335111166181, 1.5398565396968362], [30.33520107195728, 1.5397662871671978], [30.335290977726018, 1.5396760346203717], [30.335380771203003, 1.5396761476251761], [30.335560358176775, 1.5396763736233936], [30.33565015167357, 1.5396764866168071], [30.33573994517694, 1.539676599606423], [30.3358297386869, 1.539676712592242], [30.335919532203473, 1.539676825574264], [30.33600921346227, 1.5397673041676292], [30.336099006995806, 1.5397674171486908], [30.33618868827249, 1.5398578957542441], [30.336278481822998, 1.5398580087343445], [30.33636816311761, 1.5399484873521676], [30.33645795668508, 1.5399486003313052], [30.336547637997597, 1.5400390789612959], [30.336906363323184, 1.540400993575171], [30.33690625104377, 1.5404913592559573], [30.336905914165957, 1.5407624562978064], [30.336905801860166, 1.5408528219782187], [30.336995483196333, 1.5409433006878774], [30.336995370881127, 1.5410336663747677], [30.336995258559327, 1.5411240320615898], [30.336995146230933, 1.5412143977482933]]}}, {"type": "Feature", "properties": {"OBJECTID": 468573, "arcid": 468573, "grid_code": 4, "from_node": 469463, "to_node": 469462, "Shape_Leng": 9.9990669433, "Type": "Thalweg", "Nme": ""}, "geometry": {"type": "LineString", "coordinates": [[30.303348861324608, 1.520478566356792], [30.303438763855514, 1.5203883160792893], [30.303528554177625, 1.5203884290017553], [30.303708359223005, 1.520207928374054], [30.303798261734528, 1.520117678034337], [30.303888164238586, 1.5200274276773096], [30.303888276398336, 1.5199370644329198], [30.30397817888455, 1.5198468140518355], [30.3039781983781, 1.5198311067617936], [30.304003419399905, 1.5198351280237181], [30.30407266178173, 1.5197871875436644], [30.304078448432872, 1.5196855318481168], [30.304090179424307, 1.5195858600689722], [30.304111712539303, 1.5194204017474124], [30.30410087280531, 1.519272391745649], [30.30409755545447, 1.519227095374356], [30.304103348222025, 1.5191294258229087], [30.3041587240758, 1.5190696253328497], [30.304158768547587, 1.519033770381946], [30.304248670938673, 1.5189435199015442], [30.304248783003423, 1.518853156629259], [30.3042488950615, 1.5187627933569234], [30.3042490071129, 1.5186724300844867], [30.304249119157628, 1.5185820668119492], [30.304249231195683, 1.518491703539361], [30.304249343227063, 1.518401340266638], [30.30433924554834, 1.518311089728186], [30.30433935756265, 1.5182207264486158], [30.304339469570287, 1.5181303631689453], [30.30433958157124, 1.5180399998892244], [30.304429483853895, 1.5179497493131138], [30.304429512480276, 1.517926650310558], [30.304471363245813, 1.5179247935225115], [30.304486703919093, 1.517593919743169], [30.304573546072188, 1.517398464932184], [30.304644550859518, 1.5172070206652806], [30.30467993215854, 1.5170315758111763], [30.3046756080332, 1.516792413713374], [30.304726802559014, 1.5165970138290414], [30.304663114091213, 1.5163898321960951], [30.30457954272078, 1.5161308612039335], [30.30455525723977, 1.515788089956605], [30.304432677495225, 1.515370583830184], [30.304328315101838, 1.5150151262122977], [30.304272512461715, 1.5147840153819914], [30.304391096336293, 1.514624387354617], [30.304433658898773, 1.5145771249889306], [30.304549264572966, 1.514448753980504], [30.30457269123698, 1.5142254938087112]]}}, {"type": "Feature", "properties": {"OBJECTID": 476960, "arcid": 476960, "grid_code": 6, "from_node": 477847, "to_node": 477846, "Shape_Leng": 9.99906694423, "Type": "River", "Nme": ""}, "geometry": {"type": "LineString", "coordinates": [[30.296645105582044, 1.5297256068307326], [30.296603096793014, 1.5296870806041774], [30.296603209970648, 1.5295967179133168], [30.296513759286142, 1.5293255159627004], [30.296514211864412, 1.528964065224354], [30.296514324992245, 1.5288737025395476], [30.296514438113384, 1.5287833398546722], [30.296514551227826, 1.5286929771696962], [30.296604454482868, 1.5286027283083916], [30.29669435773038, 1.528512479429719], [30.2967842609704, 1.5284222305337807], [30.29687416420294, 1.5283319816204766], [30.296964067428004, 1.5282417326899072], [30.297053970645564, 1.5281514837419898], [30.297143873855635, 1.5280612347767757], [30.297144099918317, 1.5278805093111834], [30.297144325954225, 1.5276997838451845], [30.297144438962146, 1.5276094211121087], [30.297144551963367, 1.5275190583789149], [30.297144664957894, 1.5274286956456693], [30.297234568087436, 1.5273384466154052], [30.29732447120949, 1.5272481975678807], [30.297504277431134, 1.5270676994208512], [30.297594067588378, 1.527067813088715], [30.297683857752315, 1.527067926752813], [30.297683970690933, 1.526977563978767], [30.297773873786003, 1.526887314851462], [30.29777432543185, 1.5265258637270958], [30.297864228477703, 1.5264356145552307], [30.297864341362, 1.5263452517671359], [30.297864454239612, 1.526254888978906], [30.29786456711054, 1.5261645261906418], [30.29786467997477, 1.5260741634022597], [30.29786479283231, 1.5259838006138093], [30.297864905683156, 1.525893437825258], [30.297865018527315, 1.5258030750366562], [30.297865131364787, 1.5257127122479188], [30.297865469837046, 1.5254416238812674], [30.29786558264775, 1.5253512610922257], [30.29786569545177, 1.5252608983030829], [30.297865808249092, 1.5251705355138896], [30.29786592103973, 1.5250801727245602], [30.297866033823666, 1.5249898099351975], [30.29786614660092, 1.5248994471457507], [30.29786625937149, 1.5248090843561681], [30.297866372135356, 1.5247187215665186], [30.29786648489254, 1.5246283587768013], [30.297866597643026, 1.5245379959869823], [30.297866710386824, 1.5244476331971126], [30.297956613195797, 1.5243573838580595], [30.29804651599729, 1.524267134501757], [30.298046628713553, 1.5241767716981272], [30.298046741423118, 1.5240864088944637], [30.298136644196294, 1.5239961595071871], [30.298136756888756, 1.5239057966966263], [30.298136869574517, 1.5238154338859478], [30.29813698225359, 1.5237250710752017], [30.298137094925973, 1.5236347082643542], [30.298137207591672, 1.5235443454534559], [30.298146577260816, 1.5235349396497506], [30.29812707953541, 1.5235034812763604], [30.298227439438428, 1.5231900616420395], [30.29827335276355, 1.5230466761899935], [30.298317463523883, 1.5230023952598746], [30.29837154120818, 1.522948108947455], [30.2983637624492, 1.522865328930048], [30.298411014131986, 1.5226818922312488], [30.29844639528794, 1.5225064461836944], [30.298481794661832, 1.5223429586319286], [30.29855293911988, 1.5222431947421604], [30.298587810237077, 1.5222188688132121], [30.298587846852953, 1.5221894696330096], [30.298589024762844, 1.5221882871765835], [30.298665773007276, 1.5222091384334857], [30.298855792714807, 1.5221410807517952], [30.298968547721135, 1.5220552043770792], [30.299142681346876, 1.5219592680209912], [30.29924555531712, 1.5218873584881436], [30.29931278733958, 1.5218194900493802], [30.299352205211495, 1.5216938650477263], [30.299342057421356, 1.5215324409087865], [30.299314043225916, 1.5213431411150666], [30.299242504764507, 1.5211838045987363], [30.299247985465286, 1.520880847417376], [30.299229916042364, 1.5207194354481963], [30.29925161103534, 1.5206420937974716], [30.299477319966552, 1.5206194003542717], [30.299520558785918, 1.520621405762452], [30.299577561573255, 1.5205641827095902], [30.299667351615515, 1.5205642958067127], [30.299757254035647, 1.5204740459652066], [30.299818089010408, 1.5204741225820708], [30.299831549536147, 1.5204414705801101], [30.300021665905557, 1.5204371916974038], [30.300251018214645, 1.5204746677725254], [30.300295994447374, 1.5204747244063677], [30.300385784539383, 1.5204748374667723], [30.300475574638085, 1.5204749505234274], [30.300565364743477, 1.5204750635763336], [30.30065515485555, 1.5204751766254903], [30.300744944974305, 1.5204752896708977], [30.30083473509976, 1.5204754027125562], [30.300841135059795, 1.5204754107696694], [30.30088511995836, 1.5204239035637055], [30.300920731509127, 1.5203999317522792], [30.301023793183735, 1.5204515931106974], [30.301062835904965, 1.5204756898641316], [30.301126873042072, 1.5205152129055488], [30.301487325115136, 1.520522629982763], [30.301651611636732, 1.5204764309501313], [30.301732636721667, 1.5204765329229306], [30.30182242692061, 1.5204766459233476], [30.301912217126233, 1.5204767589200148], [30.30200200733854, 1.520476871912933], [30.302091797557523, 1.5204769849021016], [30.30218158778318, 1.5204770978875213], [30.302271378015522, 1.5204772108691913], [30.30236116825455, 1.5204773238471123], [30.302450958500252, 1.5204774368212843], [30.302540748752623, 1.520477549791707], [30.302630539011684, 1.5204776627583798], [30.302720329277427, 1.5204777757213035], [30.302810119549846, 1.5204778886804788], [30.302899909828938, 1.5204780016359039], [30.302989700114736, 1.5204781145875799], [30.303079490407168, 1.520478227535507], [30.303169280706296, 1.5204783404796847], [30.3032590710121, 1.5204784534201128], [30.303348861324608, 1.520478566356792]]}}, {"type": "Feature", "properties": {"OBJECTID": 468573, "arcid": 468573, "grid_code": 4, "from_node": 469463, "to_node": 469462, "Shape_Leng": 9.9990669433, "Type": "Thalweg", "Nme": ""}, "geometry": {"type": "LineString", "coordinates": [[30.31992256274879, 1.5506811140721952], [30.319832656194873, 1.5507713640070977], [30.31956282269635, 1.5511324780949756], [30.31956270889857, 1.5512228424815429], [30.319562595094148, 1.551313206867991], [30.319562025972488, 1.551765028799095], [30.31956191212824, 1.5518553931850279], [30.319651591111402, 1.551945872147908], [30.319651477257686, 1.5520362365403604], [30.319651135656716, 1.5523073297172376], [30.319651021776448, 1.5523976941093638], [30.31965090788955, 1.552488058501387], [30.319561001135348, 1.5525783082696214], [30.319560887231365, 1.5526686726547814], [30.319470980459123, 1.5527589223990073], [30.31938107367926, 1.5528491721259183], [30.31878880034786, 1.553443704046069], [30.318691229203726, 1.553638392338071], [30.318647939881398, 1.5538178348081824], [30.318576818603635, 1.5539295578311787], [30.31842647367207, 1.5540374201525442], [30.318252201542546, 1.554041682022512], [30.318180930753968, 1.554057739163391], [30.318050346514916, 1.5541376676132432], [30.317907873405396, 1.5542136287982564], [30.317697959525372, 1.5542219331484042], [30.317567281789895, 1.5542420703857847], [30.317424752545097, 1.5542821568391243], [30.317333739580192, 1.5543381061567259], [30.317163390744582, 1.554318445219613], [30.317063080685724, 1.5542964520997538], [30.316966228089292, 1.5544074477770706]]}}, {"type": "Feature", "properties": {"OBJECTID": 468573, "arcid": 468573, "grid_code": 4, "from_node": 469463, "to_node": 469462, "Shape_Leng": 9.9990669433, "Type": "Thalweg", "Nme": ""}, "geometry": {"type": "LineString", "coordinates": [[30.33645795668508, 1.5399486003313052], [30.336907308607948, 1.5396547043652782], [30.33720408086525, 1.5394708798345498], [30.337466412468263, 1.539577308172278], [30.337687306903785, 1.539478089956799], [30.337805875454475, 1.5393144765490963], [30.338079093778276, 1.539266213629964], [30.33835243613994, 1.5392976706785166], [30.33852299102587, 1.539452856023159], [30.33847566671573, 1.5395844689285585], [30.338376840066772, 1.5397081910683714], [30.33834971289555, 1.5398666369522713], [30.338345439539367, 1.539891596994454], [30.33848047188448, 1.5401265584443256], [30.338658849109006, 1.5402179551513195], [30.33878554385858, 1.5401858671643898], [30.338860174850147, 1.5401323533453668], [30.338882161165692, 1.540132380986492], [30.338971954925302, 1.540132493872546]]}}, {"type": "Feature", "properties": {"OBJECTID": 474881, "arcid": 474881, "grid_code": 5, "from_node": 475219, "to_node": 475703, "Shape_Leng": 14.1408160843, "Type": "Thalweg", "Nme": ""}, "geometry": {"type": "MultiLineString", "coordinates": [[[30.337224763753667, 1.5362952403174326], [30.33736736202916, 1.5363019914789406], [30.337566130210014, 1.5361342662259159], [30.33777204330597, 1.5361040471621072], [30.33789936131602, 1.5361550457305415], [30.337989154837278, 1.5361551583667006], [30.33834788131172, 1.5365170720363375], [30.338437562949157, 1.5366075504772108], [30.338527244594125, 1.536698028927449], [30.33861692624662, 1.5367885073870844], [30.338706719846957, 1.5367886200393268], [30.338796401517346, 1.5368790985111453], [30.338886195134638, 1.5368792111624343], [30.33897598875852, 1.5368793238099336], [30.339065782388978, 1.5368794364536424], [30.339155464097963, 1.5369699149433984], [30.339245257745382, 1.5369700275861524], [30.339334939472252, 1.5370605060880695], [30.339424621206657, 1.5371509845993627], [30.339514302948587, 1.537241463120081], [30.33960398469806, 1.537331941650173], [30.339693778393485, 1.5373320543004745], [30.33978346016085, 1.5374225328427231], [30.33984248910189, 1.5374226068970156], [30.340041531543164, 1.5373580586795361], [30.340306653883808, 1.5371982008668632], [30.340480802905965, 1.5371182064499576], [30.34086120857469, 1.5372292149568711], [30.341071277150277, 1.5373245478157582], [30.341103180272746, 1.5374640074386374], [30.34110743748665, 1.5374915683213684], [30.341119184580442, 1.5375676181406603], [30.341309381179002, 1.5376191362451794], [30.34152396057888, 1.5375364470801545], [30.341607941448054, 1.5374747166181282], [30.34168130672349, 1.53737141813136], [30.3418514884987, 1.5372874439429058], [30.342089182842653, 1.5373189571407986], [30.34222797024454, 1.5374223741247708], [30.342234860883956, 1.5374256068462546], [30.34241426174915, 1.5375097721858473], [30.342556798854467, 1.5374776594627229], [30.342592874244545, 1.5374260555502688], [30.34265164565285, 1.537341986183376], [30.342758343643386, 1.5371863642847527], [30.342912657402355, 1.5370864711957424], [30.343094770783672, 1.537034366163424], [30.343193522425857, 1.5368628129203628], [30.343296061076153, 1.5365796460593966], [30.34337644322154, 1.5364328716198328], [30.343376554764426, 1.536342641926699], [30.34337666646944, 1.5362522757651105], [30.343376778167872, 1.5361619096034536], [30.34337688985973, 1.536071543441695], [30.343377001545, 1.5359811772798855], [30.343287319318627, 1.5358906987289334], [30.34328743099451, 1.5358003325735698], [30.343197748772848, 1.5357098540385081], [30.343197860439336, 1.535619487889591], [30.343198083752576, 1.5354387555914513], [30.34319819539933, 1.535348389442246], [30.343288100911668, 1.5352581356394728], [30.343288212541495, 1.5351677694834656], [30.343288324164753, 1.5350774033274233], [30.343288435781428, 1.5349870371712462], [30.34337834125521, 1.53489678333127], [30.34346824672148, 1.5348065294741424], [30.343558152180222, 1.5347162755999642], [30.343647946056127, 1.534716387891614], [30.343737851510163, 1.534626133989903], [30.343827756956678, 1.5345358800711106], [30.343917662395675, 1.534445626135204], [30.34400756782715, 1.5343553721822332], [30.344097473251097, 1.5342651182121154], [30.34418726714769, 1.5342652304479876], [30.344277172566915, 1.5341749764503763], [30.34427728407646, 1.5340846102206434], [30.344457094871732, 1.53390410216081], [30.344547000258114, 1.5338138481052195], [30.344547111730073, 1.5337234818553087], [30.34454722319545, 1.5336331156052625], [30.34463712855362, 1.5335428615192355], [30.34463724000209, 1.5334524952624586], [30.34463735144399, 1.533362129005546]], [[30.34463735144399, 1.533362129005546], [30.34516626481721, 1.5325147332153193], [30.34533240466383, 1.5323789485061359], [30.34564098185118, 1.5321472762618031], [30.346068504310807, 1.531995136562875], [30.34636945696361, 1.5319548033497261], [30.346599042321728, 1.5318667506993768], [30.346757248059145, 1.531723006719879], [30.34683622709724, 1.5315714154555007], [30.346891404714068, 1.531395945806763], [30.34689103332651, 1.5311567879565373], [30.346851005357536, 1.5308858046684608], [30.34663628542574, 1.5303440496753475]]]}}, {"type": "Feature", "properties": {"OBJECTID": null, "arcid": null, "grid_code": 3, "from_node": null, "to_node": null, "Shape_Leng": null, "Type": "Thalweg", "Nme": ""}, "geometry": {"type": "LineString", "coordinates": [[30.31262326612411, 1.5508572072412585], [30.3127974261608, 1.5507804491428023], [30.3129003906295, 1.550768328480466], [30.313046955870806, 1.5507760696305672], [30.31317771477939, 1.5508077523536083], [30.313351913095836, 1.5507556582556028], [30.313498304505256, 1.550651788585533], [30.313628889585793, 1.5505718605102392], [30.31377540505937, 1.5505477128456424], [30.313925875185454, 1.550519572834721], [30.314028802283854, 1.5504835355738111], [30.314108007519085, 1.5504754384680708], [30.314187200334985, 1.5504593691671418], [30.314290065339193, 1.5503834709459212], [30.314448351629686, 1.5502875548195227], [30.314555189893756, 1.5502196225686509], [30.314836151671173, 1.550051763170715]]}}, {"type": "Feature", "properties": {"OBJECTID": 463007, "arcid": 463007, "grid_code": 3, "from_node": 463483, "to_node": 463893, "Shape_Leng": 14.1408160856, "Type": "Thalweg", "Nme": ""}, "geometry": {"type": "LineString", "coordinates": [[30.327191372501236, 1.5542146067352773], [30.327101465311774, 1.5543048572569165], [30.327035321305363, 1.5543712538341885], [30.32702374220045, 1.5544896673946158], [30.326944812792007, 1.5546731511749878], [30.32681832209291, 1.5548367802030685], [30.326355865980403, 1.555451367010058], [30.326261061983715, 1.555614945886365], [30.32621783020527, 1.5558302616419935], [30.326190516852517, 1.5560933848250837], [30.326147397697838, 1.5563804494778006], [30.326044734614918, 1.556583901536787], [30.32578761103673, 1.5567955711690757], [30.325640897957232, 1.556854004450236], [30.325571674838205, 1.556923491427287], [30.325481767386318, 1.5570137415576657], [30.325391859926814, 1.5571039916708491], [30.32539174593898, 1.5571943564850934], [30.325301838461396, 1.5572846065742842], [30.325211930976177, 1.557374856646177], [30.325032115982854, 1.557555356738269]]}}, {"type": "Feature", "properties": {"OBJECTID": 463007, "arcid": 463007, "grid_code": 3, "from_node": 463483, "to_node": 463893, "Shape_Leng": 14.1408160856, "Type": "Thalweg", "Nme": ""}, "geometry": {"type": "LineString", "coordinates": [[30.318476295530083, 1.5582698835379452], [30.31856608855122, 1.558269998628277], [30.318655995932662, 1.558179749401697], [30.318745903306464, 1.5580895001577844], [30.318835810672635, 1.55799925089664], [30.31937536897272, 1.5573673905994572], [30.31937548322948, 1.5572770262321192], [30.319375597479603, 1.5571866618646444], [30.319375711723083, 1.557096297497134], [30.31937582595993, 1.5570059331294868], [30.319286147166515, 1.556915453806186], [30.3192862613939, 1.5568250894450593], [30.319286375614645, 1.5567347250838623], [30.31928648982875, 1.5566443607225628], [30.3191968110345, 1.5565538814284559], [30.31919692523915, 1.5564635170736423], [30.319197039437157, 1.5563731527187437], [30.319107360644878, 1.5562826734472417], [30.319107474833427, 1.556192309098863], [30.31901779604596, 1.5561018298433626], [30.319017910225043, 1.5560114655014872], [30.31892811726612, 1.5560113505972735], [30.318838324313827, 1.556011235689222], [30.31874864555206, 1.5559207564554354], [30.318658966797923, 1.5558302772310793], [30.318569288051407, 1.5557397980161032], [30.318479609312497, 1.55564931881061], [30.318389930581226, 1.5555588396144984], [30.318300251857597, 1.5554683604278365], [30.31803267564295, 1.5550275903581863]]}}, {"type": "Feature", "properties": {"OBJECTID": 468573, "arcid": 468573, "grid_code": 4, "from_node": 469463, "to_node": 469462, "Shape_Leng": 9.9990669433, "Type": "Thalweg", "Nme": ""}, "geometry": {"type": "LineString", "coordinates": [[30.32296286960887, 1.5607154784144806], [30.322962983958256, 1.5606251137834546], [30.322963098301017, 1.5605347491523585], [30.32296321263715, 1.5604443845211935], [30.322963326966654, 1.560354019889925], [30.322963441289527, 1.560263655258604], [30.322963555605767, 1.5601732906271462], [30.322964241364026, 1.559631102836757], [30.32296435563386, 1.559540738204746], [30.322964469897077, 1.5594503735725982], [30.322964584153656, 1.5593600089404145], [30.32277110744755, 1.5588098400546182], [30.322715154964072, 1.5584910432475585], [30.322651193332074, 1.5581164541182018], [30.322532154888485, 1.557981116764007], [30.322488297831818, 1.5577978270863273]]}}, {"type": "Feature", "properties": {"OBJECTID": 463007, "arcid": 463007, "grid_code": 3, "from_node": 463483, "to_node": 463893, "Shape_Leng": 14.1408160856, "Type": "Thalweg", "Nme": ""}, "geometry": {"type": "LineString", "coordinates": [[30.32942527561192, 1.5628925168292986], [30.32933559583052, 1.5628020367630833], [30.329245916056795, 1.5627115567062795], [30.329156122059686, 1.562711441747353], [30.32906644230405, 1.5626209617026734], [30.32897676255607, 1.56253048166739], [30.328886968586485, 1.5625303667102053], [30.328797288856606, 1.5624398866870324], [30.328707494904084, 1.5624397717287934], [30.32861781519231, 1.5623492917178337], [30.32852813548819, 1.5622588117162393], [30.327721018495637, 1.5614444921231998], [30.327721361074694, 1.5611733971730066], [30.327721475254478, 1.5610830321894478], [30.32763179561574, 1.5609925523077814], [30.327631909786113, 1.5609021873307214], [30.327542230152243, 1.5608117074649805], [30.3275423443132, 1.5607213424944022], [30.327452664684152, 1.5606308626446044], [30.327452778835703, 1.5605404976804753], [30.327363441618125, 1.5601789229734733], [30.327365038727862, 1.5589138135551044]]}}, {"type": "Feature", "properties": {"OBJECTID": null, "arcid": null, "grid_code": 3, "from_node": null, "to_node": null, "Shape_Leng": null, "Type": "Thalweg", "Nme": ""}, "geometry": {"type": "LineString", "coordinates": [[30.327911658677206, 1.5599720672182646], [30.328041222184286, 1.5601886022794642], [30.328318794835816, 1.5603874624289165], [30.328540765137674, 1.5604907459080992], [30.328644085836547, 1.560705827790345], [30.328787077773637, 1.5609607068370954], [30.32912024042461, 1.5612471708610143], [30.32934237400686, 1.5614540908775831], [30.329611824197105, 1.5615254097928475], [30.32979426147697, 1.5616765883366086], [30.32997658570806, 1.5617560182295471], [30.330182574448, 1.5617716336452898], [30.33048381171926, 1.5619066782045485], [30.330658214212626, 1.5619861205848726], [30.330761283936102, 1.5620417605797805], [30.330824770431438, 1.5621134079141579]]}}, {"type": "Feature", "properties": {"OBJECTID": 468573, "arcid": 468573, "grid_code": 4, "from_node": 469463, "to_node": 469462, "Shape_Leng": 9.9990669433, "Type": "Thalweg", "Nme": ""}, "geometry": {"type": "LineString", "coordinates": [[30.329951513250766, 1.5599827676843], [30.32996757728699, 1.5600918869006104], [30.33005737123263, 1.560092001632038], [30.330080230547367, 1.5600920308392028], [30.330114886641187, 1.5601327311905575], [30.33029315873841, 1.5601543701854175], [30.33043776371619, 1.5601760628401882], [30.33052100085461, 1.5602137974952195], [30.330641931813503, 1.5602933254453437], [30.33074503588411, 1.5603708887807928], [30.33087576848806, 1.5603866244300737], [30.331034605434194, 1.5603541107948224], [30.33104476315455, 1.560364359115273], [30.331134443209443, 1.560454839057444], [30.33122412327199, 1.5605453190089564], [30.33131380334217, 1.5606357989698416], [30.33140359740993, 1.560635913683432], [30.33149339148427, 1.560636028393174], [30.331583185565215, 1.560636143099067], [30.332032156069076, 1.560636716570801], [30.332121950189673, 1.5606368312536019], [30.33221174431688, 1.5606369459325535], [30.332301538450672, 1.5606370606076567], [30.33239133259109, 1.5606371752789114], [30.33248101279411, 1.5607276552827127], [30.332750053449054, 1.5609990953501132], [30.332839733682672, 1.5610895753912941], [30.33292941392394, 1.5611800554418052], [30.33301920813354, 1.5611801701259667], [30.333108888392886, 1.5612706501886326], [30.333198568659885, 1.5613611302606103], [30.333288248934544, 1.5614516103419835], [30.333378043182037, 1.5614517250306663], [30.33346772347479, 1.5615422051241226], [30.333557403775178, 1.5616326852269728], [30.333647198050127, 1.5616327999173831]]}}, {"type": "Feature", "properties": {"OBJECTID": 474881, "arcid": 474881, "grid_code": 5, "from_node": 475219, "to_node": 475703, "Shape_Leng": 14.1408160843, "Type": "Thalweg", "Nme": ""}, "geometry": {"type": "LineString", "coordinates": [[30.325121909457554, 1.5575554714947912], [30.32521181696084, 1.5574652214468763], [30.325301610444985, 1.5574653361890556], [30.325391403935747, 1.5574654509273946], [30.32548131143701, 1.5573752008412123], [30.325571104937207, 1.5573753155652095], [30.32566089844402, 1.5573754302853666], [30.325930620918868, 1.5571046798603962], [30.326020528395226, 1.557014429684217], [30.32611043586395, 1.5569241794908457], [30.32620034332505, 1.5568339292801983], [30.326469723935716, 1.5568342732286529], [30.326559517485855, 1.5568343878704594], [30.3266493110426, 1.5568345025084267], [30.326739104605977, 1.5568346171425542], [30.326828784269054, 1.5569250966939139], [30.326918577849483, 1.5569252113270198], [30.327008257530622, 1.55701569089055], [30.32709793721941, 1.5571061704635178], [30.32718761691581, 1.5571966500458205], [30.32727741053416, 1.5571967646835356], [30.327367090248625, 1.5572872442780892], [30.3274567699707, 1.5573777238819766], [30.327546563616565, 1.5573778385214807], [30.327636243356725, 1.5574683181376], [30.327725923104524, 1.5575587977630843], [30.327815716777845, 1.5575589124043752], [30.327861098835168, 1.5576046992331611], [30.327905396543716, 1.5576493920420706], [30.327995190234084, 1.557649506682333], [30.328084983931074, 1.5576496213187547], [30.328174777634683, 1.5576497359513344], [30.328354365061752, 1.557649965204971], [30.3284441587852, 1.5576500798260269], [30.32853395251527, 1.5576501944432415], [30.328623746251957, 1.5576503090566154], [30.328713539995256, 1.5576504236661475], [30.32880333374517, 1.5576505382718384], [30.329085666115873, 1.5576508985936228], [30.329279318379626, 1.5577225059232445], [30.32937058043175, 1.5578259978442686], [30.329438115079384, 1.5579534437766953], [30.32962031343599, 1.5579531537509834], [30.32976678907865, 1.557905088060412], [30.32988565791409, 1.5579328011307392], [30.329972965404444, 1.5580402852797415], [30.330119748056706, 1.5581875351213341], [30.33042861768397, 1.5581392107897452], [30.330927020716807, 1.5578339783949635], [30.331172538994615, 1.5576836177504925], [30.331413056480912, 1.5575578862395305], [30.332756083821614, 1.5562097313613776], [30.33284599140639, 1.5561194803207028], [30.3329357853955, 1.5561195946367854], [30.333025579391204, 1.5561197089490302], [30.333115373393504, 1.5561198232574378]]}}, {"type": "Feature", "properties": {"OBJECTID": 463007, "arcid": 463007, "grid_code": 6, "from_node": 463483, "to_node": 463893, "Shape_Leng": 14.1408160856, "Type": "River", "Nme": ""}, "geometry": {"type": "LineString", "coordinates": [[30.32432204578436, 1.5516254459737764], [30.32506028541862, 1.5509364676165536], [30.32530276041093, 1.5506953175800702], [30.325491683515143, 1.5507225306310504], [30.32560651662992, 1.5507024186027414], [30.325685571410403, 1.5505986559368998], [30.32572881052211, 1.5503873263470918], [30.325744411001097, 1.550231845336335], [30.325748153903845, 1.5500923273271883], [30.32578760036642, 1.5499886273765018], [30.32586265698378, 1.5498609547493631], [30.325874371397674, 1.5497533126227427], [30.325850171682696, 1.5496776170826412], [30.325810686826795, 1.5495541103818027], [30.325798673620646, 1.5494704221317956], [30.3258506047011, 1.5493325845241603], [30.3258617855523, 1.5493029078408358], [30.32595670861477, 1.549215064449033], [30.32603882138362, 1.5491344713996613], [30.326067478105273, 1.5491291890434715], [30.326142596992394, 1.5490413769900089], [30.326011634448523, 1.5488781556486235], [30.325947502202098, 1.5483919578507703], [30.325911388285174, 1.5480930604961742], [30.325958787656162, 1.5480092783678465], [30.326322568320297, 1.5476140838974697], [30.326674795894064, 1.5474301688692764], [30.326928201664316, 1.547373963776838], [30.327256875439343, 1.5473256118771943], [30.327601355068047, 1.547253318672139], [30.32773886680328, 1.5472571886901385], [30.32782866004294, 1.547257302572843], [30.327918453289207, 1.547257416451732], [30.328008246542083, 1.5472575303268052], [30.32809803980159, 1.5472576441980628], [30.32818783306771, 1.5472577580655045], [30.32827762634044, 1.5472578719291306], [30.32836741961979, 1.5472579857889417], [30.328547006198338, 1.5472582134971156], [30.32863691262035, 1.5471679622821743], [30.32872670592237, 1.5471680761200703], [30.328816499230996, 1.5471681899541507], [30.328906292546247, 1.5471683037844155], [30.328996198969147, 1.5470780525208174], [30.329086105384462, 1.5469878012400329], [30.3291760117922, 1.5468975499420627], [30.329265918192377, 1.5468072986268742]]}}, {"type": "Feature", "properties": {"OBJECTID": 468573, "arcid": 468573, "grid_code": 6, "from_node": 469463, "to_node": 469462, "Shape_Leng": 9.9990669433, "Type": "River", "Nme": ""}, "geometry": {"type": "LineString", "coordinates": [[30.319737395256137, 1.5551087406396713], [30.320007116390197, 1.554837991788042], [30.32009702341964, 1.55474774213628], [30.32016427212597, 1.5546802371388586], [30.320082842611704, 1.5544991768962948], [30.32009039659725, 1.5542639860645102], [30.320181297053388, 1.5541362874898759], [30.320323701199875, 1.5540164795483342], [30.320395071530314, 1.554064199515094], [30.320422847433655, 1.554096044181734], [30.320457019621884, 1.5541156237010505], [30.320506100355335, 1.554143745317106], [30.320565444740726, 1.5540998044513659], [30.320604878856468, 1.5539881317513071], [30.320621798429364, 1.5539502166039425], [30.320726714274567, 1.5538449006786434], [30.32081662121174, 1.5537546508685107], [30.3209052280102, 1.5536657061309718], [30.320829869021658, 1.553489515526799], [30.32087328272168, 1.5533897948142374], [30.32093258970737, 1.553321937584315], [30.321087032081028, 1.553301762707218], [30.321197886289994, 1.5532696985942225], [30.321249271533613, 1.5532018539248904], [30.321272706492262, 1.5529905547066705], [30.321385248322052, 1.552771142321009], [30.321587065141525, 1.5526512406148634], [30.321716031622653, 1.552581058182198], [30.321973300340066, 1.5523228073357953], [30.32210687197295, 1.5522981485773004], [30.32232876070933, 1.5523496163825328], [30.32241571882133, 1.55223388263545], [30.322490775690294, 1.552106209520406], [30.32259806268205, 1.5520399945180559], [30.32270445610317, 1.5519743309889786], [30.323120139748266, 1.551842132829323], [30.32326247491498, 1.5516784787191864], [30.323333795080195, 1.5516943101373548], [30.32334536101331, 1.5517577605971533], [30.32335776570629, 1.5518258124917523], [30.32351629925696, 1.551889338687173], [30.32384090175284, 1.551769242876027], [30.323987440559307, 1.5517610387978638], [30.324173550402943, 1.5517288556781548], [30.32432204578436, 1.5516254459737764], [30.324459396289736, 1.5516788265108599], [30.32515636725731, 1.5515900297338574], [30.325847880533733, 1.5515019444546818], [30.32593767381281, 1.551502058730484], [30.32611726039086, 1.5515022872706108], [30.326207053689817, 1.551502401534935], [30.326296846995383, 1.5515025157954332], [30.326386640307575, 1.5515026300521055], [30.3264764336264, 1.5515027443049512], [30.32657988370819, 1.5514681876276628], [30.326930650377214, 1.5514776033781912], [30.327389919772234, 1.5513572942742275], [30.327583894442604, 1.5512892241113372], [30.327892689439228, 1.551193069710403], [30.328074918679874, 1.5512127112781313], [30.328336220997883, 1.5511405484129495], [30.32856570569202, 1.550984728951838], [30.32870177274778, 1.5508730181348198], [30.32872206261833, 1.5508730439191012], [30.328811856082584, 1.5508731580259052], [30.328901762929476, 1.550782907048999], [30.32893103165937, 1.5507829442385668], [30.329375426587916, 1.5509707404854236], [30.32954980251007, 1.5510342408665074], [30.32972410356288, 1.5510499088076812], [30.32984285954574, 1.5510058741201425], [30.329953594071732, 1.5508980754692756], [30.330084070305254, 1.5507503851310245], [30.33027398996847, 1.5506225308328547], [30.33041251252922, 1.5505545486223848], [30.330435227649282, 1.550513758946426], [30.330518386350878, 1.550513864529791], [30.33076457925124, 1.55051417709206], [30.33095945357988, 1.5506182058206845], [30.33142319944592, 1.5508287306653896], [30.33175226514903, 1.5510314967194017], [30.331993987002413, 1.551102861996768], [30.33214067433778, 1.5511903220854815], [30.332275522943895, 1.5513057031489628], [30.332473719540396, 1.551405039539049], [30.332672072254837, 1.5516040264082307], [30.333326367771562, 1.5520892835585554], [30.333456836140247, 1.552173699394283], [30.333508889865424, 1.5522962672278455], [30.33349328413719, 1.5524477610754337], [30.333572900347157, 1.5527027404119906], [30.33366840988872, 1.5529895826728213], [30.33382743005333, 1.5533640165365599], [30.333851745374453, 1.5537147482341342], [30.3339263798148, 1.553843041220572], [30.333952713557174, 1.5538883076506353], [30.33396294832499, 1.5539059007221336], [30.334004963857517, 1.5539410234525752], [30.334016036972752, 1.5539521952190458], [30.3340159235823, 1.5540425606746846], [30.334105604176347, 1.5541330402503635]]}}, {"type": "Feature", "properties": {"OBJECTID": 463007, "arcid": 463007, "grid_code": 3, "from_node": 463483, "to_node": 463893, "Shape_Leng": 14.1408160856, "Type": "Thalweg", "Nme": ""}, "geometry": {"type": "LineString", "coordinates": [[30.29589493731296, 1.5215535315945037], [30.295984614513905, 1.5216440075706745], [30.295984501899216, 1.5217343702218304], [30.29598438927783, 1.5218247328729189], [30.29598427664975, 1.521915095523889], [30.29598416401498, 1.5220054581748255], [30.296073841211516, 1.5220959341871874], [30.296073728567077, 1.5221862968446882], [30.29607361591595, 1.5222766595020545], [30.29607350325812, 1.5223670221593695], [30.29607339059361, 1.5224573848165839], [30.29607327792239, 1.5225477474737306], [30.29616295511155, 1.5226382235289624], [30.296162842430675, 1.5227285861926905], [30.296252519624343, 1.5228190622642475], [30.29625240693381, 1.5229094249344886], [30.296342084131982, 1.5229999010222692], [30.296431761337608, 1.5230903771197246], [30.296521438550695, 1.5231808532267535], [30.296611115771274, 1.52327132934344], [30.296700792999292, 1.5233618054697318], [30.296700680287252, 1.5234521681731594], [30.29679035751976, 1.5235426443157536], [30.296880034759756, 1.5236331204679183], [30.296969712007233, 1.523723596629738], [30.29705938926215, 1.5238140728011595], [30.297149066524543, 1.5239045489822174], [30.29714895379101, 1.523994911718759], [30.297238631057912, 1.5240853879160978], [30.297328308332283, 1.5241758641230037], [30.29741798561413, 1.5242663403395766], [30.297687017504455, 1.5245377690468884], [30.29777669481617, 1.524628245301905], [30.297776582055256, 1.524718608084894], [30.29777646928765, 1.5248089708678154], [30.29786614660092, 1.5248994471457507]]}}, {"type": "Feature", "properties": {"OBJECTID": 476960, "arcid": 476960, "grid_code": 4, "from_node": 477847, "to_node": 477846, "Shape_Leng": 9.99906694423, "Type": "Thalweg", "Nme": ""}, "geometry": {"type": "LineString", "coordinates": [[30.32230140178486, 1.50804070739192], [30.322310080830576, 1.5080319943955736], [30.322412842796673, 1.5079522390338655], [30.322467561742336, 1.5078570644938638], [30.32258927528263, 1.5077219103503825], [30.32258903318574, 1.5075624042471647], [30.322476081775925, 1.5074460154304932], [30.32240285160511, 1.5073939816253628], [30.32236318157806, 1.5073633682645535], [30.322310964760362, 1.5073090773762057], [30.322221284050624, 1.5072186015830076], [30.322221394509075, 1.5071282369618193], [30.322131713803785, 1.5070377611847414], [30.32213182425267, 1.5069473965700548], [30.322131934694923, 1.5068570319552332], [30.322042253991143, 1.506766556200913], [30.322042364423826, 1.50667619159261], [30.321952683724493, 1.5065857158544125], [30.321952794147602, 1.5064953512525947], [30.32195290456409, 1.5064049866507445], [30.32186322386626, 1.5063145109352056], [30.321863334273164, 1.5062241463398238], [30.32186344467345, 1.5061337817443758], [30.321863996575384, 1.505681958765884], [30.32186410693588, 1.505591594169902], [30.321684745515295, 1.5054106428728673], [30.321774646917106, 1.505320389337614], [30.321774757254765, 1.5052300247480184], [30.321864658638884, 1.5051397711888623], [30.32186476895959, 1.5050494065924314], [30.32186487927367, 1.5049590419958674], [30.321864989581112, 1.50486867739927], [30.32186509988193, 1.504778312802539], [30.32186521017611, 1.5046879482057753], [30.32186532046366, 1.5045975836088947], [30.321865430744587, 1.5045072190119477], [30.321865651286533, 1.5043264898178044], [30.321865871801958, 1.5041457606232775], [30.321776191040872, 1.5040552850753688], [30.32177630128569, 1.5039649204846084], [30.32177641152388, 1.5038745558937312], [30.321686620529032, 1.5038744449528143], [30.321596829540827, 1.5038743340081893], [30.321507148801853, 1.50378385848892], [30.321417357830583, 1.5037837475435472], [30.3213276771093, 1.5036932720367713], [30.32123788615499, 1.503693161090652], [30.32114820545139, 1.503602685596421], [30.32105841451402, 1.5036025746495563], [30.320968623583287, 1.503602463698984], [30.320878832659186, 1.5036023527447042], [30.320789041741726, 1.5036022417867163], [30.32069936108675, 1.503511766313838], [30.320609680439155, 1.5034212908505122], [30.32051999979893, 1.5033308153967906], [30.32052055094928, 1.5028789929056372], [30.32043087030169, 1.5027885174944158], [30.320341189661416, 1.5026980420926983], [30.320251509028537, 1.5026075667005887], [30.320161828403013, 1.5025170913180022], [30.320072147784856, 1.5024266159449906], [30.319982467174057, 1.5023361405815203], [30.319982577366506, 1.5022457761226056], [30.319892896760123, 1.502155300775268], [30.31989300694298, 1.5020649363228102], [30.3198931171192, 1.5019745718703197], [30.319893227288787, 1.501884207417746], [30.31980343651426, 1.5018840965457745], [30.319713645746376, 1.5018839856700992], [30.319444604006677, 1.5016125597626613], [30.319354923441495, 1.5015220844793198], [30.319265242883667, 1.5014316092055258], [30.31926535303919, 1.5013412447991752]]}}, {"type": "Feature", "properties": {"OBJECTID": 463007, "arcid": 463007, "grid_code": 3, "from_node": 463483, "to_node": 463893, "Shape_Leng": 14.1408160856, "Type": "Thalweg", "Nme": ""}, "geometry": {"type": "LineString", "coordinates": [[30.311087119362746, 1.507295152064426], [30.310997329018434, 1.5072950404277667], [30.310907538680773, 1.5072949287873907], [30.31081785928389, 1.5072044533707667], [30.310728068963236, 1.5072043417296532], [30.31063838958409, 1.507113866325653], [30.31054859928046, 1.5071137546838027], [30.310458919919046, 1.507023279292326], [30.310369240565027, 1.5069328039104946], [30.310279561218383, 1.5068423285382078], [30.31018988187914, 1.5067518531755677], [30.31015615302787, 1.506751811241894], [30.310134246559244, 1.506724528365484], [30.31006482381971, 1.5066528843806133], [30.30997555182239, 1.5065513748240282], [30.309850707745305, 1.5064997462398992], [30.30962701178931, 1.506559880412957], [30.30955976818237, 1.5066197751986214], [30.309438966171232, 1.5066219531050218], [30.309345859783537, 1.506604157993176], [30.30929044441847, 1.506628159545079], [30.30915380510801, 1.5066343477968087], [30.309104120802292, 1.5066601392472063], [30.309022720044226, 1.5066600380093893], [30.30893281890724, 1.5067502899664922], [30.30884291776288, 1.50684054190636], [30.30875301661113, 1.5069307938290772], [30.308663115451996, 1.5070210457345417], [30.30859306748316, 1.5071045724823033], [30.308495125891074, 1.5071635177776157], [30.30839305935397, 1.5071138473210488], [30.308303843854194, 1.5071109624297243], [30.308214053723756, 1.507110850691248], [30.308124263599986, 1.5071107389490557], [30.308034473482895, 1.5071106272031471], [30.307944683372455, 1.5071105154535216], [30.30785489326868, 1.5071104037001806], [30.307765103171572, 1.5071102919431227], [30.30767531308114, 1.5071101801823485], [30.307585522997336, 1.5071100684178578], [30.306867202567155, 1.507109174168145], [30.306147993421032, 1.5078311870708896], [30.30601223056237, 1.507871324522248], [30.305968302247535, 1.5079213267145308]]}}, {"type": "Feature", "properties": {"OBJECTID": 468573, "arcid": 468573, "grid_code": 4, "from_node": 469463, "to_node": 469462, "Shape_Leng": 9.9990669433, "Type": "Thalweg", "Nme": ""}, "geometry": {"type": "LineString", "coordinates": [[30.318976634370784, 1.5421717118140243], [30.31921488619001, 1.5421859479392512], [30.319214801712935, 1.54225341045087], [30.319384923065368, 1.5423783469310615], [30.31953173408578, 1.542545531843831], [30.319603239589483, 1.5426809463654703], [30.319658932662254, 1.5428363161397072], [30.31977422405604, 1.5431111747344883], [30.319774691015244, 1.5431126548004648], [30.31986975463266, 1.5434139669148899], [30.319957332677678, 1.543696841122164], [30.3200645540837, 1.5438760462201184], [30.320381663182676, 1.5440310045816181], [30.32046955831289, 1.5441215037767506], [30.320532416789614, 1.5441862245598426], [30.320558900332834, 1.5442657663940906], [30.320559169228204, 1.5442665740062886], [30.320559056647777, 1.5443564028292203], [30.320558716852805, 1.5446274962281334], [30.320019281488435, 1.5451689987366517], [30.32001882808547, 1.5455304564384464]]}}, {"type": "Feature", "properties": {"OBJECTID": 561642, "arcid": 561642, "grid_code": 8, "from_node": 562909, "to_node": 562908, "Shape_Leng": 9.9990669433, "Type": "River", "Nme": ""}, "geometry": {"type": "LineString", "coordinates": [[30.304863220024217, 1.5267198941231346], [30.304867543044196, 1.5267155544332416], [30.304957446343288, 1.5266253044467608], [30.30504723703646, 1.5266254177685323], [30.305212538608586, 1.5265299855685819], [30.305354022529624, 1.5264530332513697], [30.305490876802455, 1.5265863571215734], [30.30563099594204, 1.52663123506449], [30.305711896410976, 1.5266744963520853], [30.30577555160951, 1.5267167003320081], [30.30585524100368, 1.5267168008809002], [30.30593834229479, 1.5267169057316219], [30.305981373865613, 1.5266939645022373], [30.306122540587634, 1.5266649637525866], [30.306154398975266, 1.5266351562942317], [30.306255446883096, 1.5266648958259448], [30.30630301085102, 1.5266867459159743], [30.30637124444417, 1.5267595728022691], [30.306489476571937, 1.5268857639873343], [30.30658873307773, 1.527039076516468], [30.306693744896226, 1.5270708028993558], [30.30682246092827, 1.5270626311678894], [30.306941168040886, 1.526984717553619], [30.3069465853137, 1.5269793856306801], [30.30697253835628, 1.5269893011623243], [30.307022183842477, 1.5269893637866598], [30.307201653030234, 1.5270799537929742], [30.30729133136389, 1.5271704305468377], [30.307381009705054, 1.5272609073103114], [30.30747068805371, 1.5273513840832937], [30.307560478963545, 1.5273514973532958], [30.30765026988009, 1.5273516106195317], [30.307740060803262, 1.527351723882001], [30.307817581703215, 1.5273518216639994], [30.307968174396393, 1.5273299329313441], [30.30805865000859, 1.527321367369914], [30.308121938943817, 1.5273488765346386], [30.308250327923925, 1.5274162683773025], [30.308525498248642, 1.527634581682485], [30.30862786469078, 1.527804662226659], [30.30864615830599, 1.5278350568383778], [30.3086936525991, 1.5278614197999871], [30.308847516635232, 1.5279468260939761], [30.308951744104473, 1.5279737809051512], [30.309009270303605, 1.5280026159353035], [30.3090543220464, 1.5280965499551562], [30.309129899971985, 1.528183205523346], [30.309192909283762, 1.5282734961164273], [30.309194618614747, 1.5282763685889196], [30.30921278126182, 1.5282946929322723], [30.30928640598811, 1.5283311995653697], [30.30932764834233, 1.5283477274907988], [30.309475134749494, 1.528406832851046], [30.309559680385277, 1.5284844355881966], [30.309570497027323, 1.5285097275320496], [30.309662111520403, 1.5285113930766183], [30.30976088352695, 1.5284949698407275], [30.309882442485627, 1.5284897533648538], [30.309890195525675, 1.5284803069567916], [30.309985477426004, 1.5285307764786649], [30.310079129308427, 1.5286897144686122], [30.310104402341793, 1.52877102468585], [30.310127804233584, 1.528803528128851], [30.310275375888647, 1.528982267738066], [30.310413941086612, 1.5291447513871113], [30.310435094442482, 1.5292564562417619], [30.31048627589374, 1.5294591901470795], [30.310520738566062, 1.529676068403714], [30.310731033456857, 1.5297661366052733], [30.310930482486555, 1.5297965518266021]]}}]}